ITEM|LOC|SEQNUM|SCHEDDATE|STARTDATE|QTY|PRODUCTIONMETHOD|CAPTURE_WK|CAPTURE_TYPE|SIMULATION_NAME|SOLVE_VERSION|U_PLANMODULE
100000000004|1004|3569|05-OCT-2025|04-OCT-2025|573.299988|100000000004_1004_303|202547|CONSTRAINED|CONSTRAINED|CONSTRAINED_202547_2025-11-20_0656|BY_IF
100000000004|1004|3568|28-SEP-2025|27-SEP-2025|411.195099|100000000004_1004_303|202547|CONSTRAINED|CONSTRAINED|CONSTRAINED_202547_2025-11-20_0656|BY_IF
100000000004|1004|3567|14-SEP-2025|13-SEP-2025|573.299988|100000000004_1004_303|202547|CONSTRAINED|CONSTRAINED|CONSTRAINED_202547_2025-11-20_0656|BY_IF
100000000004|1004|3566|07-SEP-2025|06-SEP-2025|573.299988|100000000004_1004_303|202547|CONSTRAINED|CONSTRAINED|CONSTRAINED_202547_2025-11-20_0656|BY_IF
100000000004|1004|3565|31-AUG-2025|30-AUG-2025|573.299988|100000000004_1004_303|202547|CONSTRAINED|CONSTRAINED|CONSTRAINED_202547_2025-11-20_0656|BY_IF
100000000004|1004|3564|17-AUG-2025|16-AUG-2025|275|100000000004_1004_303|202547|CONSTRAINED|CONSTRAINED|CONSTRAINED_202547_2025-11-20_0656|BY_IF
100000000004|1004|3563|10-AUG-2025|09-AUG-2025|750|100000000004_1004_303|202547|CONSTRAINED|CONSTRAINED|CONSTRAINED_202547_2025-11-20_0656|BY_IF
100000000004|1011|3659|12-OCT-2025|11-OCT-2025|475.628906|100000000004_1011_304|202547|CONSTRAINED|CONSTRAINED|CONSTRAINED_202547_2025-11-20_0656|BY_IF
100000000004|1011|3658|05-OCT-2025|04-OCT-2025|11.70002|100000000004_1011_304|202547|CONSTRAINED|CONSTRAINED|CONSTRAINED_202547_2025-11-20_0656|BY_IF
100000000004|1011|3657|28-SEP-2025|27-SEP-2025|148.476105|100000000004_1011_304|202547|CONSTRAINED|CONSTRAINED|CONSTRAINED_202547_2025-11-20_0656|BY_IF
100000000004|1011|3656|21-SEP-2025|20-SEP-2025|11.70002|100000000004_1011_304|202547|CONSTRAINED|CONSTRAINED|CONSTRAINED_202547_2025-11-20_0656|BY_IF
100000000004|1011|3655|14-SEP-2025|13-SEP-2025|11.70002|100000000004_1011_304|202547|CONSTRAINED|CONSTRAINED|CONSTRAINED_202547_2025-11-20_0656|BY_IF
100000000004|1011|3654|07-SEP-2025|06-SEP-2025|11.70002|100000000004_1011_304|202547|CONSTRAINED|CONSTRAINED|CONSTRAINED_202547_2025-11-20_0656|BY_IF
100000000004|1011|3653|31-AUG-2025|30-AUG-2025|11.70002|100000000004_1011_304|202547|CONSTRAINED|CONSTRAINED|CONSTRAINED_202547_2025-11-20_0656|BY_IF
100000000005|1004|4134|18-JUL-2027|17-JUL-2027|150|100000000005_1004_305|202547|CONSTRAINED|CONSTRAINED|CONSTRAINED_202547_2025-11-20_0656|BY_IF
100000000005|1004|4133|11-JUL-2027|10-JUL-2027|75|100000000005_1004_305|202547|CONSTRAINED|CONSTRAINED|CONSTRAINED_202547_2025-11-20_0656|BY_IF
100000000005|1004|4132|04-JUL-2027|03-JUL-2027|75|100000000005_1004_305|202547|CONSTRAINED|CONSTRAINED|CONSTRAINED_202547_2025-11-20_0656|BY_IF
100000000005|1004|4131|27-JUN-2027|26-JUN-2027|75|100000000005_1004_305|202547|CONSTRAINED|CONSTRAINED|CONSTRAINED_202547_2025-11-20_0656|BY_IF
100000000005|1004|4130|20-JUN-2027|19-JUN-2027|75|100000000005_1004_305|202547|CONSTRAINED|CONSTRAINED|CONSTRAINED_202547_2025-11-20_0656|BY_IF
100000000005|1004|4129|13-JUN-2027|12-JUN-2027|75|100000000005_1004_305|202547|CONSTRAINED|CONSTRAINED|CONSTRAINED_202547_2025-11-20_0656|BY_IF
100000000005|1004|4128|06-JUN-2027|05-JUN-2027|75|100000000005_1004_305|202547|CONSTRAINED|CONSTRAINED|CONSTRAINED_202547_2025-11-20_0656|BY_IF
100000000005|1004|4127|30-MAY-2027|29-MAY-2027|75|100000000005_1004_305|202547|CONSTRAINED|CONSTRAINED|CONSTRAINED_202547_2025-11-20_0656|BY_IF
100000000005|1004|4126|23-MAY-2027|22-MAY-2027|75|100000000005_1004_305|202547|CONSTRAINED|CONSTRAINED|CONSTRAINED_202547_2025-11-20_0656|BY_IF
100000000005|1004|4125|16-MAY-2027|15-MAY-2027|75|100000000005_1004_305|202547|CONSTRAINED|CONSTRAINED|CONSTRAINED_202547_2025-11-20_0656|BY_IF
100000000005|1004|4124|09-MAY-2027|08-MAY-2027|75|100000000005_1004_305|202547|CONSTRAINED|CONSTRAINED|CONSTRAINED_202547_2025-11-20_0656|BY_IF
100000000005|1004|4123|02-MAY-2027|01-MAY-2027|75|100000000005_1004_305|202547|CONSTRAINED|CONSTRAINED|CONSTRAINED_202547_2025-11-20_0656|BY_IF
100000000005|1004|4122|25-APR-2027|24-APR-2027|75|100000000005_1004_305|202547|CONSTRAINED|CONSTRAINED|CONSTRAINED_202547_2025-11-20_0656|BY_IF
100000000005|1004|4121|18-APR-2027|17-APR-2027|75|100000000005_1004_305|202547|CONSTRAINED|CONSTRAINED|CONSTRAINED_202547_2025-11-20_0656|BY_IF
100000000005|1004|4120|11-APR-2027|10-APR-2027|75|100000000005_1004_305|202547|CONSTRAINED|CONSTRAINED|CONSTRAINED_202547_2025-11-20_0656|BY_IF
100000000005|1004|4119|04-APR-2027|03-APR-2027|75|100000000005_1004_305|202547|CONSTRAINED|CONSTRAINED|CONSTRAINED_202547_2025-11-20_0656|BY_IF
100000000005|1004|4118|28-MAR-2027|27-MAR-2027|75|100000000005_1004_305|202547|CONSTRAINED|CONSTRAINED|CONSTRAINED_202547_2025-11-20_0656|BY_IF
100000000005|1004|4117|21-MAR-2027|20-MAR-2027|75|100000000005_1004_305|202547|CONSTRAINED|CONSTRAINED|CONSTRAINED_202547_2025-11-20_0656|BY_IF
100000000005|1004|4116|14-MAR-2027|13-MAR-2027|75|100000000005_1004_305|202547|CONSTRAINED|CONSTRAINED|CONSTRAINED_202547_2025-11-20_0656|BY_IF
100000000005|1004|4115|07-MAR-2027|06-MAR-2027|75|100000000005_1004_305|202547|CONSTRAINED|CONSTRAINED|CONSTRAINED_202547_2025-11-20_0656|BY_IF
100000000005|1004|4114|28-FEB-2027|27-FEB-2027|75|100000000005_1004_305|202547|CONSTRAINED|CONSTRAINED|CONSTRAINED_202547_2025-11-20_0656|BY_IF
100000000005|1004|4113|21-FEB-2027|20-FEB-2027|75|100000000005_1004_305|202547|CONSTRAINED|CONSTRAINED|CONSTRAINED_202547_2025-11-20_0656|BY_IF
100000000005|1004|4112|14-FEB-2027|13-FEB-2027|75|100000000005_1004_305|202547|CONSTRAINED|CONSTRAINED|CONSTRAINED_202547_2025-11-20_0656|BY_IF
100000000005|1004|4111|07-FEB-2027|06-FEB-2027|75|100000000005_1004_305|202547|CONSTRAINED|CONSTRAINED|CONSTRAINED_202547_2025-11-20_0656|BY_IF
100000000005|1004|4110|31-JAN-2027|30-JAN-2027|75|100000000005_1004_305|202547|CONSTRAINED|CONSTRAINED|CONSTRAINED_202547_2025-11-20_0656|BY_IF
100000000005|1004|4109|24-JAN-2027|23-JAN-2027|75|100000000005_1004_305|202547|CONSTRAINED|CONSTRAINED|CONSTRAINED_202547_2025-11-20_0656|BY_IF
100000000005|1004|4108|17-JAN-2027|16-JAN-2027|75|100000000005_1004_305|202547|CONSTRAINED|CONSTRAINED|CONSTRAINED_202547_2025-11-20_0656|BY_IF
100000000005|1004|4107|10-JAN-2027|09-JAN-2027|75|100000000005_1004_305|202547|CONSTRAINED|CONSTRAINED|CONSTRAINED_202547_2025-11-20_0656|BY_IF
100000000005|1004|4106|03-JAN-2027|02-JAN-2027|75|100000000005_1004_305|202547|CONSTRAINED|CONSTRAINED|CONSTRAINED_202547_2025-11-20_0656|BY_IF
100000000005|1004|4105|27-DEC-2026|26-DEC-2026|75|100000000005_1004_305|202547|CONSTRAINED|CONSTRAINED|CONSTRAINED_202547_2025-11-20_0656|BY_IF
100000000005|1004|4104|20-DEC-2026|19-DEC-2026|75|100000000005_1004_305|202547|CONSTRAINED|CONSTRAINED|CONSTRAINED_202547_2025-11-20_0656|BY_IF
100000000005|1004|4103|13-DEC-2026|12-DEC-2026|75|100000000005_1004_305|202547|CONSTRAINED|CONSTRAINED|CONSTRAINED_202547_2025-11-20_0656|BY_IF
100000000005|1004|4102|06-DEC-2026|05-DEC-2026|75|100000000005_1004_305|202547|CONSTRAINED|CONSTRAINED|CONSTRAINED_202547_2025-11-20_0656|BY_IF
100000000005|1004|4101|29-NOV-2026|28-NOV-2026|75|100000000005_1004_305|202547|CONSTRAINED|CONSTRAINED|CONSTRAINED_202547_2025-11-20_0656|BY_IF
100000000005|1004|4100|22-NOV-2026|21-NOV-2026|75|100000000005_1004_305|202547|CONSTRAINED|CONSTRAINED|CONSTRAINED_202547_2025-11-20_0656|BY_IF
100000000005|1004|4099|15-NOV-2026|14-NOV-2026|75|100000000005_1004_305|202547|CONSTRAINED|CONSTRAINED|CONSTRAINED_202547_2025-11-20_0656|BY_IF
100000000005|1004|4098|08-NOV-2026|07-NOV-2026|75|100000000005_1004_305|202547|CONSTRAINED|CONSTRAINED|CONSTRAINED_202547_2025-11-20_0656|BY_IF
100000000005|1004|4097|01-NOV-2026|31-OCT-2026|75|100000000005_1004_305|202547|CONSTRAINED|CONSTRAINED|CONSTRAINED_202547_2025-11-20_0656|BY_IF
100000000005|1004|4096|25-OCT-2026|24-OCT-2026|75|100000000005_1004_305|202547|CONSTRAINED|CONSTRAINED|CONSTRAINED_202547_2025-11-20_0656|BY_IF
100000000005|1004|4095|18-OCT-2026|17-OCT-2026|75|100000000005_1004_305|202547|CONSTRAINED|CONSTRAINED|CONSTRAINED_202547_2025-11-20_0656|BY_IF
100000000005|1004|4094|11-OCT-2026|10-OCT-2026|75|100000000005_1004_305|202547|CONSTRAINED|CONSTRAINED|CONSTRAINED_202547_2025-11-20_0656|BY_IF
100000000005|1004|4093|04-OCT-2026|03-OCT-2026|75|100000000005_1004_305|202547|CONSTRAINED|CONSTRAINED|CONSTRAINED_202547_2025-11-20_0656|BY_IF
100000000005|1004|4092|27-SEP-2026|26-SEP-2026|75|100000000005_1004_305|202547|CONSTRAINED|CONSTRAINED|CONSTRAINED_202547_2025-11-20_0656|BY_IF
100000000005|1004|4091|20-SEP-2026|19-SEP-2026|75|100000000005_1004_305|202547|CONSTRAINED|CONSTRAINED|CONSTRAINED_202547_2025-11-20_0656|BY_IF
100000000005|1004|4090|13-SEP-2026|12-SEP-2026|75|100000000005_1004_305|202547|CONSTRAINED|CONSTRAINED|CONSTRAINED_202547_2025-11-20_0656|BY_IF
100000000005|1004|4089|06-SEP-2026|05-SEP-2026|75|100000000005_1004_305|202547|CONSTRAINED|CONSTRAINED|CONSTRAINED_202547_2025-11-20_0656|BY_IF
100000000005|1004|4088|30-AUG-2026|29-AUG-2026|75|100000000005_1004_305|202547|CONSTRAINED|CONSTRAINED|CONSTRAINED_202547_2025-11-20_0656|BY_IF
100000000005|1004|4087|23-AUG-2026|22-AUG-2026|75|100000000005_1004_305|202547|CONSTRAINED|CONSTRAINED|CONSTRAINED_202547_2025-11-20_0656|BY_IF
100000000005|1004|4086|16-AUG-2026|15-AUG-2026|75|100000000005_1004_305|202547|CONSTRAINED|CONSTRAINED|CONSTRAINED_202547_2025-11-20_0656|BY_IF
100000000005|1004|4085|09-AUG-2026|08-AUG-2026|75|100000000005_1004_305|202547|CONSTRAINED|CONSTRAINED|CONSTRAINED_202547_2025-11-20_0656|BY_IF
100000000005|1004|4084|02-AUG-2026|01-AUG-2026|75|100000000005_1004_305|202547|CONSTRAINED|CONSTRAINED|CONSTRAINED_202547_2025-11-20_0656|BY_IF
100000000005|1004|4083|26-JUL-2026|25-JUL-2026|75|100000000005_1004_305|202547|CONSTRAINED|CONSTRAINED|CONSTRAINED_202547_2025-11-20_0656|BY_IF
100000000005|1004|4082|19-JUL-2026|18-JUL-2026|75|100000000005_1004_305|202547|CONSTRAINED|CONSTRAINED|CONSTRAINED_202547_2025-11-20_0656|BY_IF
100000000005|1004|4081|12-JUL-2026|11-JUL-2026|75|100000000005_1004_305|202547|CONSTRAINED|CONSTRAINED|CONSTRAINED_202547_2025-11-20_0656|BY_IF
100000000005|1004|4080|05-JUL-2026|04-JUL-2026|75|100000000005_1004_305|202547|CONSTRAINED|CONSTRAINED|CONSTRAINED_202547_2025-11-20_0656|BY_IF
100000000005|1004|4079|28-JUN-2026|27-JUN-2026|75|100000000005_1004_305|202547|CONSTRAINED|CONSTRAINED|CONSTRAINED_202547_2025-11-20_0656|BY_IF
100000000005|1004|4078|21-JUN-2026|20-JUN-2026|75|100000000005_1004_305|202547|CONSTRAINED|CONSTRAINED|CONSTRAINED_202547_2025-11-20_0656|BY_IF
100000000005|1004|4077|14-JUN-2026|13-JUN-2026|75|100000000005_1004_305|202547|CONSTRAINED|CONSTRAINED|CONSTRAINED_202547_2025-11-20_0656|BY_IF
100000000005|1004|4076|07-JUN-2026|06-JUN-2026|75|100000000005_1004_305|202547|CONSTRAINED|CONSTRAINED|CONSTRAINED_202547_2025-11-20_0656|BY_IF
100000000005|1004|4075|31-MAY-2026|30-MAY-2026|75|100000000005_1004_305|202547|CONSTRAINED|CONSTRAINED|CONSTRAINED_202547_2025-11-20_0656|BY_IF
100000000005|1004|4074|24-MAY-2026|23-MAY-2026|75|100000000005_1004_305|202547|CONSTRAINED|CONSTRAINED|CONSTRAINED_202547_2025-11-20_0656|BY_IF
100000000005|1004|4073|17-MAY-2026|16-MAY-2026|75|100000000005_1004_305|202547|CONSTRAINED|CONSTRAINED|CONSTRAINED_202547_2025-11-20_0656|BY_IF
100000000005|1004|4072|10-MAY-2026|09-MAY-2026|75|100000000005_1004_305|202547|CONSTRAINED|CONSTRAINED|CONSTRAINED_202547_2025-11-20_0656|BY_IF
100000000005|1004|4071|03-MAY-2026|02-MAY-2026|75|100000000005_1004_305|202547|CONSTRAINED|CONSTRAINED|CONSTRAINED_202547_2025-11-20_0656|BY_IF
100000000005|1004|4070|26-APR-2026|25-APR-2026|75|100000000005_1004_305|202547|CONSTRAINED|CONSTRAINED|CONSTRAINED_202547_2025-11-20_0656|BY_IF
100000000005|1004|4069|19-APR-2026|18-APR-2026|75|100000000005_1004_305|202547|CONSTRAINED|CONSTRAINED|CONSTRAINED_202547_2025-11-20_0656|BY_IF
100000000005|1004|4068|12-APR-2026|11-APR-2026|75|100000000005_1004_305|202547|CONSTRAINED|CONSTRAINED|CONSTRAINED_202547_2025-11-20_0656|BY_IF
100000000005|1004|4067|05-APR-2026|04-APR-2026|75|100000000005_1004_305|202547|CONSTRAINED|CONSTRAINED|CONSTRAINED_202547_2025-11-20_0656|BY_IF
100000000005|1004|4066|29-MAR-2026|28-MAR-2026|75|100000000005_1004_305|202547|CONSTRAINED|CONSTRAINED|CONSTRAINED_202547_2025-11-20_0656|BY_IF
100000000005|1004|4065|22-MAR-2026|21-MAR-2026|75|100000000005_1004_305|202547|CONSTRAINED|CONSTRAINED|CONSTRAINED_202547_2025-11-20_0656|BY_IF
100000000005|1004|4064|15-MAR-2026|14-MAR-2026|75|100000000005_1004_305|202547|CONSTRAINED|CONSTRAINED|CONSTRAINED_202547_2025-11-20_0656|BY_IF
100000000005|1004|4063|08-MAR-2026|07-MAR-2026|75|100000000005_1004_305|202547|CONSTRAINED|CONSTRAINED|CONSTRAINED_202547_2025-11-20_0656|BY_IF
100000000005|1004|4062|01-MAR-2026|28-FEB-2026|75|100000000005_1004_305|202547|CONSTRAINED|CONSTRAINED|CONSTRAINED_202547_2025-11-20_0656|BY_IF
100000000005|1004|4061|22-FEB-2026|21-FEB-2026|75|100000000005_1004_305|202547|CONSTRAINED|CONSTRAINED|CONSTRAINED_202547_2025-11-20_0656|BY_IF
100000000005|1004|4060|15-FEB-2026|14-FEB-2026|75|100000000005_1004_305|202547|CONSTRAINED|CONSTRAINED|CONSTRAINED_202547_2025-11-20_0656|BY_IF
100000000005|1004|4059|08-FEB-2026|07-FEB-2026|75|100000000005_1004_305|202547|CONSTRAINED|CONSTRAINED|CONSTRAINED_202547_2025-11-20_0656|BY_IF
100000000005|1004|4058|01-FEB-2026|31-JAN-2026|75|100000000005_1004_305|202547|CONSTRAINED|CONSTRAINED|CONSTRAINED_202547_2025-11-20_0656|BY_IF
100000000005|1004|4057|25-JAN-2026|24-JAN-2026|63.37114|100000000005_1004_305|202547|CONSTRAINED|CONSTRAINED|CONSTRAINED_202547_2025-11-20_0656|BY_IF
100000000005|1004|4056|28-SEP-2025|27-SEP-2025|25.32888|100000000005_1004_305|202547|CONSTRAINED|CONSTRAINED|CONSTRAINED_202547_2025-11-20_0656|BY_IF
100000000005|1004|4055|21-SEP-2025|20-SEP-2025|573.299988|100000000005_1004_305|202547|CONSTRAINED|CONSTRAINED|CONSTRAINED_202547_2025-11-20_0656|BY_IF
100000000005|1004|4054|24-AUG-2025|23-AUG-2025|10|100000000005_1004_305|202547|CONSTRAINED|CONSTRAINED|CONSTRAINED_202547_2025-11-20_0656|BY_IF
100000000005|1004|4053|17-AUG-2025|16-AUG-2025|275|100000000005_1004_305|202547|CONSTRAINED|CONSTRAINED|CONSTRAINED_202547_2025-11-20_0656|BY_IF
100000000005|1004|4052|10-AUG-2025|09-AUG-2025|695|100000000005_1004_305|202547|CONSTRAINED|CONSTRAINED|CONSTRAINED_202547_2025-11-20_0656|BY_IF
100000000006|1004|3571|16-AUG-2025|09-AUG-2025|279.187805|100000000006_1004_308|202547|CONSTRAINED|CONSTRAINED|CONSTRAINED_202547_2025-11-20_0656|BY_IF
100000000006|1004|3570|09-AUG-2025|02-AUG-2025|761.421326|100000000006_1004_308|202547|CONSTRAINED|CONSTRAINED|CONSTRAINED_202547_2025-11-20_0656|BY_IF
100000000008|1003|775|21-JUL-2027|10-JUL-2027|12.5|100000000008_1003_285_PV1|202547|CONSTRAINED|CONSTRAINED|CONSTRAINED_202547_2025-11-20_0656|BY_IF
100000000008|1003|774|21-JUL-2027|10-JUL-2027|12.5|100000000008_1003_285_PV1|202547|CONSTRAINED|CONSTRAINED|CONSTRAINED_202547_2025-11-20_0656|BY_IF
100000000008|1003|773|21-JUL-2027|10-JUL-2027|12.5|100000000008_1003_285_PV1|202547|CONSTRAINED|CONSTRAINED|CONSTRAINED_202547_2025-11-20_0656|BY_IF
100000000008|1003|772|14-JUL-2027|03-JUL-2027|12.5|100000000008_1003_285_PV1|202547|CONSTRAINED|CONSTRAINED|CONSTRAINED_202547_2025-11-20_0656|BY_IF
100000000008|1003|771|14-JUL-2027|03-JUL-2027|12.5|100000000008_1003_285_PV1|202547|CONSTRAINED|CONSTRAINED|CONSTRAINED_202547_2025-11-20_0656|BY_IF
100000000008|1003|770|14-JUL-2027|03-JUL-2027|12.5|100000000008_1003_285_PV1|202547|CONSTRAINED|CONSTRAINED|CONSTRAINED_202547_2025-11-20_0656|BY_IF
100000000008|1003|769|07-JUL-2027|26-JUN-2027|12.5|100000000008_1003_285_PV1|202547|CONSTRAINED|CONSTRAINED|CONSTRAINED_202547_2025-11-20_0656|BY_IF
100000000008|1003|768|07-JUL-2027|26-JUN-2027|12.5|100000000008_1003_285_PV1|202547|CONSTRAINED|CONSTRAINED|CONSTRAINED_202547_2025-11-20_0656|BY_IF
100000000008|1003|767|07-JUL-2027|26-JUN-2027|12.5|100000000008_1003_285_PV1|202547|CONSTRAINED|CONSTRAINED|CONSTRAINED_202547_2025-11-20_0656|BY_IF
100000000008|1003|766|30-JUN-2027|19-JUN-2027|12.5|100000000008_1003_285_PV1|202547|CONSTRAINED|CONSTRAINED|CONSTRAINED_202547_2025-11-20_0656|BY_IF
100000000008|1003|765|30-JUN-2027|19-JUN-2027|12.5|100000000008_1003_285_PV1|202547|CONSTRAINED|CONSTRAINED|CONSTRAINED_202547_2025-11-20_0656|BY_IF
100000000008|1003|764|30-JUN-2027|19-JUN-2027|12.5|100000000008_1003_285_PV1|202547|CONSTRAINED|CONSTRAINED|CONSTRAINED_202547_2025-11-20_0656|BY_IF
100000000008|1003|763|23-JUN-2027|12-JUN-2027|12.5|100000000008_1003_285_PV1|202547|CONSTRAINED|CONSTRAINED|CONSTRAINED_202547_2025-11-20_0656|BY_IF
100000000008|1003|762|23-JUN-2027|12-JUN-2027|12.5|100000000008_1003_285_PV1|202547|CONSTRAINED|CONSTRAINED|CONSTRAINED_202547_2025-11-20_0656|BY_IF
100000000008|1003|761|23-JUN-2027|12-JUN-2027|12.5|100000000008_1003_285_PV1|202547|CONSTRAINED|CONSTRAINED|CONSTRAINED_202547_2025-11-20_0656|BY_IF
100000000008|1003|760|16-JUN-2027|05-JUN-2027|12.5|100000000008_1003_285_PV1|202547|CONSTRAINED|CONSTRAINED|CONSTRAINED_202547_2025-11-20_0656|BY_IF
100000000008|1003|759|16-JUN-2027|05-JUN-2027|12.5|100000000008_1003_285_PV1|202547|CONSTRAINED|CONSTRAINED|CONSTRAINED_202547_2025-11-20_0656|BY_IF
100000000008|1003|758|16-JUN-2027|05-JUN-2027|12.5|100000000008_1003_285_PV1|202547|CONSTRAINED|CONSTRAINED|CONSTRAINED_202547_2025-11-20_0656|BY_IF
100000000008|1003|757|09-JUN-2027|29-MAY-2027|12.5|100000000008_1003_285_PV1|202547|CONSTRAINED|CONSTRAINED|CONSTRAINED_202547_2025-11-20_0656|BY_IF
100000000008|1003|756|09-JUN-2027|29-MAY-2027|12.5|100000000008_1003_285_PV1|202547|CONSTRAINED|CONSTRAINED|CONSTRAINED_202547_2025-11-20_0656|BY_IF
100000000008|1003|755|09-JUN-2027|29-MAY-2027|12.5|100000000008_1003_285_PV1|202547|CONSTRAINED|CONSTRAINED|CONSTRAINED_202547_2025-11-20_0656|BY_IF
100000000008|1003|754|02-JUN-2027|22-MAY-2027|12.5|100000000008_1003_285_PV1|202547|CONSTRAINED|CONSTRAINED|CONSTRAINED_202547_2025-11-20_0656|BY_IF
100000000008|1003|753|02-JUN-2027|22-MAY-2027|12.5|100000000008_1003_285_PV1|202547|CONSTRAINED|CONSTRAINED|CONSTRAINED_202547_2025-11-20_0656|BY_IF
100000000008|1003|752|02-JUN-2027|22-MAY-2027|12.5|100000000008_1003_285_PV1|202547|CONSTRAINED|CONSTRAINED|CONSTRAINED_202547_2025-11-20_0656|BY_IF
100000000008|1003|751|26-MAY-2027|15-MAY-2027|12.5|100000000008_1003_285_PV1|202547|CONSTRAINED|CONSTRAINED|CONSTRAINED_202547_2025-11-20_0656|BY_IF
100000000008|1003|750|26-MAY-2027|15-MAY-2027|12.5|100000000008_1003_285_PV1|202547|CONSTRAINED|CONSTRAINED|CONSTRAINED_202547_2025-11-20_0656|BY_IF
100000000008|1003|749|26-MAY-2027|15-MAY-2027|12.5|100000000008_1003_285_PV1|202547|CONSTRAINED|CONSTRAINED|CONSTRAINED_202547_2025-11-20_0656|BY_IF
100000000008|1003|748|19-MAY-2027|08-MAY-2027|12.5|100000000008_1003_285_PV1|202547|CONSTRAINED|CONSTRAINED|CONSTRAINED_202547_2025-11-20_0656|BY_IF
100000000008|1003|747|19-MAY-2027|08-MAY-2027|12.5|100000000008_1003_285_PV1|202547|CONSTRAINED|CONSTRAINED|CONSTRAINED_202547_2025-11-20_0656|BY_IF
100000000008|1003|746|19-MAY-2027|08-MAY-2027|12.5|100000000008_1003_285_PV1|202547|CONSTRAINED|CONSTRAINED|CONSTRAINED_202547_2025-11-20_0656|BY_IF
100000000008|1003|745|12-MAY-2027|01-MAY-2027|12.5|100000000008_1003_285_PV1|202547|CONSTRAINED|CONSTRAINED|CONSTRAINED_202547_2025-11-20_0656|BY_IF
100000000008|1003|744|12-MAY-2027|01-MAY-2027|12.5|100000000008_1003_285_PV1|202547|CONSTRAINED|CONSTRAINED|CONSTRAINED_202547_2025-11-20_0656|BY_IF
100000000008|1003|743|12-MAY-2027|01-MAY-2027|12.5|100000000008_1003_285_PV1|202547|CONSTRAINED|CONSTRAINED|CONSTRAINED_202547_2025-11-20_0656|BY_IF
100000000008|1003|742|05-MAY-2027|24-APR-2027|12.5|100000000008_1003_285_PV1|202547|CONSTRAINED|CONSTRAINED|CONSTRAINED_202547_2025-11-20_0656|BY_IF
100000000008|1003|741|05-MAY-2027|24-APR-2027|12.5|100000000008_1003_285_PV1|202547|CONSTRAINED|CONSTRAINED|CONSTRAINED_202547_2025-11-20_0656|BY_IF
100000000008|1003|740|05-MAY-2027|24-APR-2027|12.5|100000000008_1003_285_PV1|202547|CONSTRAINED|CONSTRAINED|CONSTRAINED_202547_2025-11-20_0656|BY_IF
100000000008|1003|739|28-APR-2027|17-APR-2027|12.5|100000000008_1003_285_PV1|202547|CONSTRAINED|CONSTRAINED|CONSTRAINED_202547_2025-11-20_0656|BY_IF
100000000008|1003|738|28-APR-2027|17-APR-2027|12.5|100000000008_1003_285_PV1|202547|CONSTRAINED|CONSTRAINED|CONSTRAINED_202547_2025-11-20_0656|BY_IF
100000000008|1003|737|28-APR-2027|17-APR-2027|12.5|100000000008_1003_285_PV1|202547|CONSTRAINED|CONSTRAINED|CONSTRAINED_202547_2025-11-20_0656|BY_IF
100000000008|1003|736|21-APR-2027|10-APR-2027|12.5|100000000008_1003_285_PV1|202547|CONSTRAINED|CONSTRAINED|CONSTRAINED_202547_2025-11-20_0656|BY_IF
100000000008|1003|735|21-APR-2027|10-APR-2027|12.5|100000000008_1003_285_PV1|202547|CONSTRAINED|CONSTRAINED|CONSTRAINED_202547_2025-11-20_0656|BY_IF
100000000008|1003|734|21-APR-2027|10-APR-2027|12.5|100000000008_1003_285_PV1|202547|CONSTRAINED|CONSTRAINED|CONSTRAINED_202547_2025-11-20_0656|BY_IF
100000000008|1003|733|14-APR-2027|03-APR-2027|12.5|100000000008_1003_285_PV1|202547|CONSTRAINED|CONSTRAINED|CONSTRAINED_202547_2025-11-20_0656|BY_IF
100000000008|1003|732|14-APR-2027|03-APR-2027|12.5|100000000008_1003_285_PV1|202547|CONSTRAINED|CONSTRAINED|CONSTRAINED_202547_2025-11-20_0656|BY_IF
100000000008|1003|731|14-APR-2027|03-APR-2027|12.5|100000000008_1003_285_PV1|202547|CONSTRAINED|CONSTRAINED|CONSTRAINED_202547_2025-11-20_0656|BY_IF
100000000008|1003|730|07-APR-2027|27-MAR-2027|12.5|100000000008_1003_285_PV1|202547|CONSTRAINED|CONSTRAINED|CONSTRAINED_202547_2025-11-20_0656|BY_IF
100000000008|1003|729|07-APR-2027|27-MAR-2027|12.5|100000000008_1003_285_PV1|202547|CONSTRAINED|CONSTRAINED|CONSTRAINED_202547_2025-11-20_0656|BY_IF
100000000008|1003|728|07-APR-2027|27-MAR-2027|12.5|100000000008_1003_285_PV1|202547|CONSTRAINED|CONSTRAINED|CONSTRAINED_202547_2025-11-20_0656|BY_IF
100000000008|1003|727|31-MAR-2027|20-MAR-2027|12.5|100000000008_1003_285_PV1|202547|CONSTRAINED|CONSTRAINED|CONSTRAINED_202547_2025-11-20_0656|BY_IF
100000000008|1003|726|31-MAR-2027|20-MAR-2027|12.5|100000000008_1003_285_PV1|202547|CONSTRAINED|CONSTRAINED|CONSTRAINED_202547_2025-11-20_0656|BY_IF
100000000008|1003|725|31-MAR-2027|20-MAR-2027|12.5|100000000008_1003_285_PV1|202547|CONSTRAINED|CONSTRAINED|CONSTRAINED_202547_2025-11-20_0656|BY_IF
100000000008|1003|724|24-MAR-2027|13-MAR-2027|12.5|100000000008_1003_285_PV1|202547|CONSTRAINED|CONSTRAINED|CONSTRAINED_202547_2025-11-20_0656|BY_IF
100000000008|1003|723|24-MAR-2027|13-MAR-2027|12.5|100000000008_1003_285_PV1|202547|CONSTRAINED|CONSTRAINED|CONSTRAINED_202547_2025-11-20_0656|BY_IF
100000000008|1003|722|24-MAR-2027|13-MAR-2027|12.5|100000000008_1003_285_PV1|202547|CONSTRAINED|CONSTRAINED|CONSTRAINED_202547_2025-11-20_0656|BY_IF
100000000008|1003|721|17-MAR-2027|06-MAR-2027|12.5|100000000008_1003_285_PV1|202547|CONSTRAINED|CONSTRAINED|CONSTRAINED_202547_2025-11-20_0656|BY_IF
100000000008|1003|720|17-MAR-2027|06-MAR-2027|12.5|100000000008_1003_285_PV1|202547|CONSTRAINED|CONSTRAINED|CONSTRAINED_202547_2025-11-20_0656|BY_IF
100000000008|1003|719|17-MAR-2027|06-MAR-2027|12.5|100000000008_1003_285_PV1|202547|CONSTRAINED|CONSTRAINED|CONSTRAINED_202547_2025-11-20_0656|BY_IF
100000000008|1003|718|10-MAR-2027|27-FEB-2027|12.5|100000000008_1003_285_PV1|202547|CONSTRAINED|CONSTRAINED|CONSTRAINED_202547_2025-11-20_0656|BY_IF
100000000008|1003|717|10-MAR-2027|27-FEB-2027|12.5|100000000008_1003_285_PV1|202547|CONSTRAINED|CONSTRAINED|CONSTRAINED_202547_2025-11-20_0656|BY_IF
100000000008|1003|716|10-MAR-2027|27-FEB-2027|12.5|100000000008_1003_285_PV1|202547|CONSTRAINED|CONSTRAINED|CONSTRAINED_202547_2025-11-20_0656|BY_IF
100000000008|1003|715|03-MAR-2027|20-FEB-2027|12.5|100000000008_1003_285_PV1|202547|CONSTRAINED|CONSTRAINED|CONSTRAINED_202547_2025-11-20_0656|BY_IF
100000000008|1003|714|03-MAR-2027|20-FEB-2027|12.5|100000000008_1003_285_PV1|202547|CONSTRAINED|CONSTRAINED|CONSTRAINED_202547_2025-11-20_0656|BY_IF
100000000008|1003|713|03-MAR-2027|20-FEB-2027|12.5|100000000008_1003_285_PV1|202547|CONSTRAINED|CONSTRAINED|CONSTRAINED_202547_2025-11-20_0656|BY_IF
100000000008|1003|712|24-FEB-2027|13-FEB-2027|12.5|100000000008_1003_285_PV1|202547|CONSTRAINED|CONSTRAINED|CONSTRAINED_202547_2025-11-20_0656|BY_IF
100000000008|1003|711|24-FEB-2027|13-FEB-2027|12.5|100000000008_1003_285_PV1|202547|CONSTRAINED|CONSTRAINED|CONSTRAINED_202547_2025-11-20_0656|BY_IF
100000000008|1003|710|24-FEB-2027|13-FEB-2027|12.5|100000000008_1003_285_PV1|202547|CONSTRAINED|CONSTRAINED|CONSTRAINED_202547_2025-11-20_0656|BY_IF
100000000008|1003|709|17-FEB-2027|06-FEB-2027|12.5|100000000008_1003_285_PV1|202547|CONSTRAINED|CONSTRAINED|CONSTRAINED_202547_2025-11-20_0656|BY_IF
100000000008|1003|708|17-FEB-2027|06-FEB-2027|12.5|100000000008_1003_285_PV1|202547|CONSTRAINED|CONSTRAINED|CONSTRAINED_202547_2025-11-20_0656|BY_IF
100000000008|1003|707|17-FEB-2027|06-FEB-2027|12.5|100000000008_1003_285_PV1|202547|CONSTRAINED|CONSTRAINED|CONSTRAINED_202547_2025-11-20_0656|BY_IF
100000000008|1003|706|10-FEB-2027|30-JAN-2027|12.5|100000000008_1003_285_PV1|202547|CONSTRAINED|CONSTRAINED|CONSTRAINED_202547_2025-11-20_0656|BY_IF
100000000008|1003|705|10-FEB-2027|30-JAN-2027|12.5|100000000008_1003_285_PV1|202547|CONSTRAINED|CONSTRAINED|CONSTRAINED_202547_2025-11-20_0656|BY_IF
100000000008|1003|704|10-FEB-2027|30-JAN-2027|12.5|100000000008_1003_285_PV1|202547|CONSTRAINED|CONSTRAINED|CONSTRAINED_202547_2025-11-20_0656|BY_IF
100000000008|1003|703|03-FEB-2027|23-JAN-2027|12.5|100000000008_1003_285_PV1|202547|CONSTRAINED|CONSTRAINED|CONSTRAINED_202547_2025-11-20_0656|BY_IF
100000000008|1003|702|03-FEB-2027|23-JAN-2027|12.5|100000000008_1003_285_PV1|202547|CONSTRAINED|CONSTRAINED|CONSTRAINED_202547_2025-11-20_0656|BY_IF
100000000008|1003|701|03-FEB-2027|23-JAN-2027|12.5|100000000008_1003_285_PV1|202547|CONSTRAINED|CONSTRAINED|CONSTRAINED_202547_2025-11-20_0656|BY_IF
100000000008|1003|700|27-JAN-2027|16-JAN-2027|12.5|100000000008_1003_285_PV1|202547|CONSTRAINED|CONSTRAINED|CONSTRAINED_202547_2025-11-20_0656|BY_IF
100000000008|1003|699|27-JAN-2027|16-JAN-2027|12.5|100000000008_1003_285_PV1|202547|CONSTRAINED|CONSTRAINED|CONSTRAINED_202547_2025-11-20_0656|BY_IF
100000000008|1003|698|27-JAN-2027|16-JAN-2027|12.5|100000000008_1003_285_PV1|202547|CONSTRAINED|CONSTRAINED|CONSTRAINED_202547_2025-11-20_0656|BY_IF
100000000008|1003|697|20-JAN-2027|09-JAN-2027|12.5|100000000008_1003_285_PV1|202547|CONSTRAINED|CONSTRAINED|CONSTRAINED_202547_2025-11-20_0656|BY_IF
100000000008|1003|696|20-JAN-2027|09-JAN-2027|12.5|100000000008_1003_285_PV1|202547|CONSTRAINED|CONSTRAINED|CONSTRAINED_202547_2025-11-20_0656|BY_IF
100000000008|1003|695|20-JAN-2027|09-JAN-2027|12.5|100000000008_1003_285_PV1|202547|CONSTRAINED|CONSTRAINED|CONSTRAINED_202547_2025-11-20_0656|BY_IF
100000000008|1003|694|13-JAN-2027|02-JAN-2027|12.5|100000000008_1003_285_PV1|202547|CONSTRAINED|CONSTRAINED|CONSTRAINED_202547_2025-11-20_0656|BY_IF
100000000008|1003|693|13-JAN-2027|02-JAN-2027|12.5|100000000008_1003_285_PV1|202547|CONSTRAINED|CONSTRAINED|CONSTRAINED_202547_2025-11-20_0656|BY_IF
100000000008|1003|692|13-JAN-2027|02-JAN-2027|12.5|100000000008_1003_285_PV1|202547|CONSTRAINED|CONSTRAINED|CONSTRAINED_202547_2025-11-20_0656|BY_IF
100000000008|1003|691|06-JAN-2027|26-DEC-2026|12.5|100000000008_1003_285_PV1|202547|CONSTRAINED|CONSTRAINED|CONSTRAINED_202547_2025-11-20_0656|BY_IF
100000000008|1003|690|06-JAN-2027|26-DEC-2026|12.5|100000000008_1003_285_PV1|202547|CONSTRAINED|CONSTRAINED|CONSTRAINED_202547_2025-11-20_0656|BY_IF
100000000008|1003|689|06-JAN-2027|26-DEC-2026|12.5|100000000008_1003_285_PV1|202547|CONSTRAINED|CONSTRAINED|CONSTRAINED_202547_2025-11-20_0656|BY_IF
100000000008|1003|688|30-DEC-2026|19-DEC-2026|12.5|100000000008_1003_285_PV1|202547|CONSTRAINED|CONSTRAINED|CONSTRAINED_202547_2025-11-20_0656|BY_IF
100000000008|1003|687|30-DEC-2026|19-DEC-2026|12.5|100000000008_1003_285_PV1|202547|CONSTRAINED|CONSTRAINED|CONSTRAINED_202547_2025-11-20_0656|BY_IF
100000000008|1003|686|30-DEC-2026|19-DEC-2026|12.5|100000000008_1003_285_PV1|202547|CONSTRAINED|CONSTRAINED|CONSTRAINED_202547_2025-11-20_0656|BY_IF
100000000008|1003|685|23-DEC-2026|12-DEC-2026|12.5|100000000008_1003_285_PV1|202547|CONSTRAINED|CONSTRAINED|CONSTRAINED_202547_2025-11-20_0656|BY_IF
100000000008|1003|684|23-DEC-2026|12-DEC-2026|12.5|100000000008_1003_285_PV1|202547|CONSTRAINED|CONSTRAINED|CONSTRAINED_202547_2025-11-20_0656|BY_IF
100000000008|1003|683|23-DEC-2026|12-DEC-2026|12.5|100000000008_1003_285_PV1|202547|CONSTRAINED|CONSTRAINED|CONSTRAINED_202547_2025-11-20_0656|BY_IF
100000000008|1003|682|16-DEC-2026|05-DEC-2026|12.5|100000000008_1003_285_PV1|202547|CONSTRAINED|CONSTRAINED|CONSTRAINED_202547_2025-11-20_0656|BY_IF
100000000008|1003|681|16-DEC-2026|05-DEC-2026|12.5|100000000008_1003_285_PV1|202547|CONSTRAINED|CONSTRAINED|CONSTRAINED_202547_2025-11-20_0656|BY_IF
100000000008|1003|680|16-DEC-2026|05-DEC-2026|12.5|100000000008_1003_285_PV1|202547|CONSTRAINED|CONSTRAINED|CONSTRAINED_202547_2025-11-20_0656|BY_IF
100000000008|1003|679|09-DEC-2026|28-NOV-2026|12.5|100000000008_1003_285_PV1|202547|CONSTRAINED|CONSTRAINED|CONSTRAINED_202547_2025-11-20_0656|BY_IF
100000000008|1003|678|09-DEC-2026|28-NOV-2026|12.5|100000000008_1003_285_PV1|202547|CONSTRAINED|CONSTRAINED|CONSTRAINED_202547_2025-11-20_0656|BY_IF
100000000008|1003|677|09-DEC-2026|28-NOV-2026|12.5|100000000008_1003_285_PV1|202547|CONSTRAINED|CONSTRAINED|CONSTRAINED_202547_2025-11-20_0656|BY_IF
100000000008|1003|676|02-DEC-2026|21-NOV-2026|12.5|100000000008_1003_285_PV1|202547|CONSTRAINED|CONSTRAINED|CONSTRAINED_202547_2025-11-20_0656|BY_IF
100000000008|1003|675|02-DEC-2026|21-NOV-2026|12.5|100000000008_1003_285_PV1|202547|CONSTRAINED|CONSTRAINED|CONSTRAINED_202547_2025-11-20_0656|BY_IF
100000000008|1003|674|02-DEC-2026|21-NOV-2026|12.5|100000000008_1003_285_PV1|202547|CONSTRAINED|CONSTRAINED|CONSTRAINED_202547_2025-11-20_0656|BY_IF
100000000008|1003|673|25-NOV-2026|14-NOV-2026|12.5|100000000008_1003_285_PV1|202547|CONSTRAINED|CONSTRAINED|CONSTRAINED_202547_2025-11-20_0656|BY_IF
100000000008|1003|672|25-NOV-2026|14-NOV-2026|12.5|100000000008_1003_285_PV1|202547|CONSTRAINED|CONSTRAINED|CONSTRAINED_202547_2025-11-20_0656|BY_IF
100000000008|1003|671|25-NOV-2026|14-NOV-2026|12.5|100000000008_1003_285_PV1|202547|CONSTRAINED|CONSTRAINED|CONSTRAINED_202547_2025-11-20_0656|BY_IF
100000000008|1003|670|18-NOV-2026|07-NOV-2026|12.5|100000000008_1003_285_PV1|202547|CONSTRAINED|CONSTRAINED|CONSTRAINED_202547_2025-11-20_0656|BY_IF
100000000008|1003|669|18-NOV-2026|07-NOV-2026|12.5|100000000008_1003_285_PV1|202547|CONSTRAINED|CONSTRAINED|CONSTRAINED_202547_2025-11-20_0656|BY_IF
100000000008|1003|668|18-NOV-2026|07-NOV-2026|12.5|100000000008_1003_285_PV1|202547|CONSTRAINED|CONSTRAINED|CONSTRAINED_202547_2025-11-20_0656|BY_IF
100000000008|1003|667|11-NOV-2026|31-OCT-2026|12.5|100000000008_1003_285_PV1|202547|CONSTRAINED|CONSTRAINED|CONSTRAINED_202547_2025-11-20_0656|BY_IF
100000000008|1003|666|11-NOV-2026|31-OCT-2026|12.5|100000000008_1003_285_PV1|202547|CONSTRAINED|CONSTRAINED|CONSTRAINED_202547_2025-11-20_0656|BY_IF
100000000008|1003|665|11-NOV-2026|31-OCT-2026|12.5|100000000008_1003_285_PV1|202547|CONSTRAINED|CONSTRAINED|CONSTRAINED_202547_2025-11-20_0656|BY_IF
100000000008|1003|664|04-NOV-2026|24-OCT-2026|12.5|100000000008_1003_285_PV1|202547|CONSTRAINED|CONSTRAINED|CONSTRAINED_202547_2025-11-20_0656|BY_IF
100000000008|1003|663|04-NOV-2026|24-OCT-2026|12.5|100000000008_1003_285_PV1|202547|CONSTRAINED|CONSTRAINED|CONSTRAINED_202547_2025-11-20_0656|BY_IF
100000000008|1003|662|04-NOV-2026|24-OCT-2026|12.5|100000000008_1003_285_PV1|202547|CONSTRAINED|CONSTRAINED|CONSTRAINED_202547_2025-11-20_0656|BY_IF
100000000008|1003|661|28-OCT-2026|17-OCT-2026|12.5|100000000008_1003_285_PV1|202547|CONSTRAINED|CONSTRAINED|CONSTRAINED_202547_2025-11-20_0656|BY_IF
100000000008|1003|660|28-OCT-2026|17-OCT-2026|12.5|100000000008_1003_285_PV1|202547|CONSTRAINED|CONSTRAINED|CONSTRAINED_202547_2025-11-20_0656|BY_IF
100000000008|1003|659|28-OCT-2026|17-OCT-2026|12.5|100000000008_1003_285_PV1|202547|CONSTRAINED|CONSTRAINED|CONSTRAINED_202547_2025-11-20_0656|BY_IF
100000000008|1003|658|21-OCT-2026|10-OCT-2026|12.5|100000000008_1003_285_PV1|202547|CONSTRAINED|CONSTRAINED|CONSTRAINED_202547_2025-11-20_0656|BY_IF
100000000008|1003|657|21-OCT-2026|10-OCT-2026|12.5|100000000008_1003_285_PV1|202547|CONSTRAINED|CONSTRAINED|CONSTRAINED_202547_2025-11-20_0656|BY_IF
100000000008|1003|656|21-OCT-2026|10-OCT-2026|12.5|100000000008_1003_285_PV1|202547|CONSTRAINED|CONSTRAINED|CONSTRAINED_202547_2025-11-20_0656|BY_IF
100000000008|1003|655|14-OCT-2026|03-OCT-2026|12.5|100000000008_1003_285_PV1|202547|CONSTRAINED|CONSTRAINED|CONSTRAINED_202547_2025-11-20_0656|BY_IF
100000000008|1003|654|14-OCT-2026|03-OCT-2026|12.5|100000000008_1003_285_PV1|202547|CONSTRAINED|CONSTRAINED|CONSTRAINED_202547_2025-11-20_0656|BY_IF
100000000008|1003|653|14-OCT-2026|03-OCT-2026|12.5|100000000008_1003_285_PV1|202547|CONSTRAINED|CONSTRAINED|CONSTRAINED_202547_2025-11-20_0656|BY_IF
100000000008|1003|652|07-OCT-2026|26-SEP-2026|12.5|100000000008_1003_285_PV1|202547|CONSTRAINED|CONSTRAINED|CONSTRAINED_202547_2025-11-20_0656|BY_IF
100000000008|1003|651|07-OCT-2026|26-SEP-2026|12.5|100000000008_1003_285_PV1|202547|CONSTRAINED|CONSTRAINED|CONSTRAINED_202547_2025-11-20_0656|BY_IF
100000000008|1003|650|07-OCT-2026|26-SEP-2026|12.5|100000000008_1003_285_PV1|202547|CONSTRAINED|CONSTRAINED|CONSTRAINED_202547_2025-11-20_0656|BY_IF
100000000008|1003|649|30-SEP-2026|19-SEP-2026|12.5|100000000008_1003_285_PV1|202547|CONSTRAINED|CONSTRAINED|CONSTRAINED_202547_2025-11-20_0656|BY_IF
100000000008|1003|648|30-SEP-2026|19-SEP-2026|12.5|100000000008_1003_285_PV1|202547|CONSTRAINED|CONSTRAINED|CONSTRAINED_202547_2025-11-20_0656|BY_IF
100000000008|1003|647|30-SEP-2026|19-SEP-2026|12.5|100000000008_1003_285_PV1|202547|CONSTRAINED|CONSTRAINED|CONSTRAINED_202547_2025-11-20_0656|BY_IF
100000000008|1003|646|23-SEP-2026|12-SEP-2026|12.5|100000000008_1003_285_PV1|202547|CONSTRAINED|CONSTRAINED|CONSTRAINED_202547_2025-11-20_0656|BY_IF
100000000008|1003|645|23-SEP-2026|12-SEP-2026|12.5|100000000008_1003_285_PV1|202547|CONSTRAINED|CONSTRAINED|CONSTRAINED_202547_2025-11-20_0656|BY_IF
100000000008|1003|644|23-SEP-2026|12-SEP-2026|12.5|100000000008_1003_285_PV1|202547|CONSTRAINED|CONSTRAINED|CONSTRAINED_202547_2025-11-20_0656|BY_IF
100000000008|1003|643|16-SEP-2026|05-SEP-2026|12.5|100000000008_1003_285_PV1|202547|CONSTRAINED|CONSTRAINED|CONSTRAINED_202547_2025-11-20_0656|BY_IF
100000000008|1003|642|16-SEP-2026|05-SEP-2026|12.5|100000000008_1003_285_PV1|202547|CONSTRAINED|CONSTRAINED|CONSTRAINED_202547_2025-11-20_0656|BY_IF
100000000008|1003|641|16-SEP-2026|05-SEP-2026|12.5|100000000008_1003_285_PV1|202547|CONSTRAINED|CONSTRAINED|CONSTRAINED_202547_2025-11-20_0656|BY_IF
100000000008|1003|640|09-SEP-2026|29-AUG-2026|12.5|100000000008_1003_285_PV1|202547|CONSTRAINED|CONSTRAINED|CONSTRAINED_202547_2025-11-20_0656|BY_IF
100000000008|1003|639|09-SEP-2026|29-AUG-2026|12.5|100000000008_1003_285_PV1|202547|CONSTRAINED|CONSTRAINED|CONSTRAINED_202547_2025-11-20_0656|BY_IF
100000000008|1003|638|09-SEP-2026|29-AUG-2026|12.5|100000000008_1003_285_PV1|202547|CONSTRAINED|CONSTRAINED|CONSTRAINED_202547_2025-11-20_0656|BY_IF
100000000008|1003|637|02-SEP-2026|22-AUG-2026|12.5|100000000008_1003_285_PV1|202547|CONSTRAINED|CONSTRAINED|CONSTRAINED_202547_2025-11-20_0656|BY_IF
100000000008|1003|636|02-SEP-2026|22-AUG-2026|12.5|100000000008_1003_285_PV1|202547|CONSTRAINED|CONSTRAINED|CONSTRAINED_202547_2025-11-20_0656|BY_IF
100000000008|1003|635|02-SEP-2026|22-AUG-2026|12.5|100000000008_1003_285_PV1|202547|CONSTRAINED|CONSTRAINED|CONSTRAINED_202547_2025-11-20_0656|BY_IF
100000000008|1003|634|26-AUG-2026|15-AUG-2026|12.5|100000000008_1003_285_PV1|202547|CONSTRAINED|CONSTRAINED|CONSTRAINED_202547_2025-11-20_0656|BY_IF
100000000008|1003|633|26-AUG-2026|15-AUG-2026|12.5|100000000008_1003_285_PV1|202547|CONSTRAINED|CONSTRAINED|CONSTRAINED_202547_2025-11-20_0656|BY_IF
100000000008|1003|632|26-AUG-2026|15-AUG-2026|12.5|100000000008_1003_285_PV1|202547|CONSTRAINED|CONSTRAINED|CONSTRAINED_202547_2025-11-20_0656|BY_IF
100000000008|1003|631|19-AUG-2026|08-AUG-2026|12.5|100000000008_1003_285_PV1|202547|CONSTRAINED|CONSTRAINED|CONSTRAINED_202547_2025-11-20_0656|BY_IF
100000000008|1003|630|19-AUG-2026|08-AUG-2026|12.5|100000000008_1003_285_PV1|202547|CONSTRAINED|CONSTRAINED|CONSTRAINED_202547_2025-11-20_0656|BY_IF
100000000008|1003|629|19-AUG-2026|08-AUG-2026|12.5|100000000008_1003_285_PV1|202547|CONSTRAINED|CONSTRAINED|CONSTRAINED_202547_2025-11-20_0656|BY_IF
100000000008|1003|628|12-AUG-2026|01-AUG-2026|12.5|100000000008_1003_285_PV1|202547|CONSTRAINED|CONSTRAINED|CONSTRAINED_202547_2025-11-20_0656|BY_IF
100000000008|1003|627|12-AUG-2026|01-AUG-2026|12.5|100000000008_1003_285_PV1|202547|CONSTRAINED|CONSTRAINED|CONSTRAINED_202547_2025-11-20_0656|BY_IF
100000000008|1003|626|12-AUG-2026|01-AUG-2026|12.5|100000000008_1003_285_PV1|202547|CONSTRAINED|CONSTRAINED|CONSTRAINED_202547_2025-11-20_0656|BY_IF
100000000008|1003|625|05-AUG-2026|25-JUL-2026|12.5|100000000008_1003_285_PV1|202547|CONSTRAINED|CONSTRAINED|CONSTRAINED_202547_2025-11-20_0656|BY_IF
100000000008|1003|624|05-AUG-2026|25-JUL-2026|12.5|100000000008_1003_285_PV1|202547|CONSTRAINED|CONSTRAINED|CONSTRAINED_202547_2025-11-20_0656|BY_IF
100000000008|1003|623|05-AUG-2026|25-JUL-2026|12.5|100000000008_1003_285_PV1|202547|CONSTRAINED|CONSTRAINED|CONSTRAINED_202547_2025-11-20_0656|BY_IF
100000000008|1003|622|29-JUL-2026|18-JUL-2026|12.5|100000000008_1003_285_PV1|202547|CONSTRAINED|CONSTRAINED|CONSTRAINED_202547_2025-11-20_0656|BY_IF
100000000008|1003|621|29-JUL-2026|18-JUL-2026|12.5|100000000008_1003_285_PV1|202547|CONSTRAINED|CONSTRAINED|CONSTRAINED_202547_2025-11-20_0656|BY_IF
100000000008|1003|620|29-JUL-2026|18-JUL-2026|12.5|100000000008_1003_285_PV1|202547|CONSTRAINED|CONSTRAINED|CONSTRAINED_202547_2025-11-20_0656|BY_IF
100000000008|1003|619|22-JUL-2026|11-JUL-2026|12.5|100000000008_1003_285_PV1|202547|CONSTRAINED|CONSTRAINED|CONSTRAINED_202547_2025-11-20_0656|BY_IF
100000000008|1003|618|22-JUL-2026|11-JUL-2026|12.5|100000000008_1003_285_PV1|202547|CONSTRAINED|CONSTRAINED|CONSTRAINED_202547_2025-11-20_0656|BY_IF
100000000008|1003|617|22-JUL-2026|11-JUL-2026|12.5|100000000008_1003_285_PV1|202547|CONSTRAINED|CONSTRAINED|CONSTRAINED_202547_2025-11-20_0656|BY_IF
100000000008|1003|616|15-JUL-2026|04-JUL-2026|12.5|100000000008_1003_285_PV1|202547|CONSTRAINED|CONSTRAINED|CONSTRAINED_202547_2025-11-20_0656|BY_IF
100000000008|1003|615|15-JUL-2026|04-JUL-2026|12.5|100000000008_1003_285_PV1|202547|CONSTRAINED|CONSTRAINED|CONSTRAINED_202547_2025-11-20_0656|BY_IF
100000000008|1003|614|15-JUL-2026|04-JUL-2026|12.5|100000000008_1003_285_PV1|202547|CONSTRAINED|CONSTRAINED|CONSTRAINED_202547_2025-11-20_0656|BY_IF
100000000008|1003|613|08-JUL-2026|27-JUN-2026|12.5|100000000008_1003_285_PV1|202547|CONSTRAINED|CONSTRAINED|CONSTRAINED_202547_2025-11-20_0656|BY_IF
100000000008|1003|612|08-JUL-2026|27-JUN-2026|12.5|100000000008_1003_285_PV1|202547|CONSTRAINED|CONSTRAINED|CONSTRAINED_202547_2025-11-20_0656|BY_IF
100000000008|1003|611|08-JUL-2026|27-JUN-2026|12.5|100000000008_1003_285_PV1|202547|CONSTRAINED|CONSTRAINED|CONSTRAINED_202547_2025-11-20_0656|BY_IF
100000000008|1003|610|01-JUL-2026|20-JUN-2026|12.5|100000000008_1003_285_PV1|202547|CONSTRAINED|CONSTRAINED|CONSTRAINED_202547_2025-11-20_0656|BY_IF
100000000008|1003|609|01-JUL-2026|20-JUN-2026|12.5|100000000008_1003_285_PV1|202547|CONSTRAINED|CONSTRAINED|CONSTRAINED_202547_2025-11-20_0656|BY_IF
100000000008|1003|608|01-JUL-2026|20-JUN-2026|12.5|100000000008_1003_285_PV1|202547|CONSTRAINED|CONSTRAINED|CONSTRAINED_202547_2025-11-20_0656|BY_IF
100000000008|1003|607|24-JUN-2026|13-JUN-2026|12.5|100000000008_1003_285_PV1|202547|CONSTRAINED|CONSTRAINED|CONSTRAINED_202547_2025-11-20_0656|BY_IF
100000000008|1003|606|24-JUN-2026|13-JUN-2026|12.5|100000000008_1003_285_PV1|202547|CONSTRAINED|CONSTRAINED|CONSTRAINED_202547_2025-11-20_0656|BY_IF
100000000008|1003|605|24-JUN-2026|13-JUN-2026|12.5|100000000008_1003_285_PV1|202547|CONSTRAINED|CONSTRAINED|CONSTRAINED_202547_2025-11-20_0656|BY_IF
100000000008|1003|604|17-JUN-2026|06-JUN-2026|12.5|100000000008_1003_285_PV1|202547|CONSTRAINED|CONSTRAINED|CONSTRAINED_202547_2025-11-20_0656|BY_IF
100000000008|1003|603|17-JUN-2026|06-JUN-2026|12.5|100000000008_1003_285_PV1|202547|CONSTRAINED|CONSTRAINED|CONSTRAINED_202547_2025-11-20_0656|BY_IF
100000000008|1003|602|17-JUN-2026|06-JUN-2026|12.5|100000000008_1003_285_PV1|202547|CONSTRAINED|CONSTRAINED|CONSTRAINED_202547_2025-11-20_0656|BY_IF
100000000008|1003|601|10-JUN-2026|30-MAY-2026|12.5|100000000008_1003_285_PV1|202547|CONSTRAINED|CONSTRAINED|CONSTRAINED_202547_2025-11-20_0656|BY_IF
100000000008|1003|600|10-JUN-2026|30-MAY-2026|12.5|100000000008_1003_285_PV1|202547|CONSTRAINED|CONSTRAINED|CONSTRAINED_202547_2025-11-20_0656|BY_IF
100000000008|1003|599|10-JUN-2026|30-MAY-2026|12.5|100000000008_1003_285_PV1|202547|CONSTRAINED|CONSTRAINED|CONSTRAINED_202547_2025-11-20_0656|BY_IF
100000000008|1003|598|03-JUN-2026|23-MAY-2026|12.5|100000000008_1003_285_PV1|202547|CONSTRAINED|CONSTRAINED|CONSTRAINED_202547_2025-11-20_0656|BY_IF
100000000008|1003|597|03-JUN-2026|23-MAY-2026|12.5|100000000008_1003_285_PV1|202547|CONSTRAINED|CONSTRAINED|CONSTRAINED_202547_2025-11-20_0656|BY_IF
100000000008|1003|596|03-JUN-2026|23-MAY-2026|12.5|100000000008_1003_285_PV1|202547|CONSTRAINED|CONSTRAINED|CONSTRAINED_202547_2025-11-20_0656|BY_IF
100000000008|1003|595|27-MAY-2026|16-MAY-2026|12.5|100000000008_1003_285_PV1|202547|CONSTRAINED|CONSTRAINED|CONSTRAINED_202547_2025-11-20_0656|BY_IF
100000000008|1003|594|27-MAY-2026|16-MAY-2026|12.5|100000000008_1003_285_PV1|202547|CONSTRAINED|CONSTRAINED|CONSTRAINED_202547_2025-11-20_0656|BY_IF
100000000008|1003|593|27-MAY-2026|16-MAY-2026|12.5|100000000008_1003_285_PV1|202547|CONSTRAINED|CONSTRAINED|CONSTRAINED_202547_2025-11-20_0656|BY_IF
100000000008|1003|592|20-MAY-2026|09-MAY-2026|12.5|100000000008_1003_285_PV1|202547|CONSTRAINED|CONSTRAINED|CONSTRAINED_202547_2025-11-20_0656|BY_IF
100000000008|1003|591|20-MAY-2026|09-MAY-2026|12.5|100000000008_1003_285_PV1|202547|CONSTRAINED|CONSTRAINED|CONSTRAINED_202547_2025-11-20_0656|BY_IF
100000000008|1003|590|20-MAY-2026|09-MAY-2026|12.5|100000000008_1003_285_PV1|202547|CONSTRAINED|CONSTRAINED|CONSTRAINED_202547_2025-11-20_0656|BY_IF
100000000008|1003|589|13-MAY-2026|02-MAY-2026|12.5|100000000008_1003_285_PV1|202547|CONSTRAINED|CONSTRAINED|CONSTRAINED_202547_2025-11-20_0656|BY_IF
100000000008|1003|588|13-MAY-2026|02-MAY-2026|12.5|100000000008_1003_285_PV1|202547|CONSTRAINED|CONSTRAINED|CONSTRAINED_202547_2025-11-20_0656|BY_IF
100000000008|1003|587|13-MAY-2026|02-MAY-2026|12.5|100000000008_1003_285_PV1|202547|CONSTRAINED|CONSTRAINED|CONSTRAINED_202547_2025-11-20_0656|BY_IF
100000000008|1003|586|06-MAY-2026|25-APR-2026|12.5|100000000008_1003_285_PV1|202547|CONSTRAINED|CONSTRAINED|CONSTRAINED_202547_2025-11-20_0656|BY_IF
100000000008|1003|585|06-MAY-2026|25-APR-2026|12.5|100000000008_1003_285_PV1|202547|CONSTRAINED|CONSTRAINED|CONSTRAINED_202547_2025-11-20_0656|BY_IF
100000000008|1003|584|06-MAY-2026|25-APR-2026|12.5|100000000008_1003_285_PV1|202547|CONSTRAINED|CONSTRAINED|CONSTRAINED_202547_2025-11-20_0656|BY_IF
100000000008|1003|583|29-APR-2026|18-APR-2026|12.5|100000000008_1003_285_PV1|202547|CONSTRAINED|CONSTRAINED|CONSTRAINED_202547_2025-11-20_0656|BY_IF
100000000008|1003|582|29-APR-2026|18-APR-2026|12.5|100000000008_1003_285_PV1|202547|CONSTRAINED|CONSTRAINED|CONSTRAINED_202547_2025-11-20_0656|BY_IF
100000000008|1003|581|29-APR-2026|18-APR-2026|12.5|100000000008_1003_285_PV1|202547|CONSTRAINED|CONSTRAINED|CONSTRAINED_202547_2025-11-20_0656|BY_IF
100000000008|1003|580|22-APR-2026|11-APR-2026|12.5|100000000008_1003_285_PV1|202547|CONSTRAINED|CONSTRAINED|CONSTRAINED_202547_2025-11-20_0656|BY_IF
100000000008|1003|579|22-APR-2026|11-APR-2026|12.5|100000000008_1003_285_PV1|202547|CONSTRAINED|CONSTRAINED|CONSTRAINED_202547_2025-11-20_0656|BY_IF
100000000008|1003|578|22-APR-2026|11-APR-2026|12.5|100000000008_1003_285_PV1|202547|CONSTRAINED|CONSTRAINED|CONSTRAINED_202547_2025-11-20_0656|BY_IF
100000000008|1003|577|15-APR-2026|04-APR-2026|12.5|100000000008_1003_285_PV1|202547|CONSTRAINED|CONSTRAINED|CONSTRAINED_202547_2025-11-20_0656|BY_IF
100000000008|1003|576|15-APR-2026|04-APR-2026|12.5|100000000008_1003_285_PV1|202547|CONSTRAINED|CONSTRAINED|CONSTRAINED_202547_2025-11-20_0656|BY_IF
100000000008|1003|575|15-APR-2026|04-APR-2026|12.5|100000000008_1003_285_PV1|202547|CONSTRAINED|CONSTRAINED|CONSTRAINED_202547_2025-11-20_0656|BY_IF
100000000008|1003|574|08-APR-2026|28-MAR-2026|12.5|100000000008_1003_285_PV1|202547|CONSTRAINED|CONSTRAINED|CONSTRAINED_202547_2025-11-20_0656|BY_IF
100000000008|1003|573|08-APR-2026|28-MAR-2026|12.5|100000000008_1003_285_PV1|202547|CONSTRAINED|CONSTRAINED|CONSTRAINED_202547_2025-11-20_0656|BY_IF
100000000008|1003|572|08-APR-2026|28-MAR-2026|12.5|100000000008_1003_285_PV1|202547|CONSTRAINED|CONSTRAINED|CONSTRAINED_202547_2025-11-20_0656|BY_IF
100000000008|1003|571|01-APR-2026|21-MAR-2026|12.5|100000000008_1003_285_PV1|202547|CONSTRAINED|CONSTRAINED|CONSTRAINED_202547_2025-11-20_0656|BY_IF
100000000008|1003|570|01-APR-2026|21-MAR-2026|12.5|100000000008_1003_285_PV1|202547|CONSTRAINED|CONSTRAINED|CONSTRAINED_202547_2025-11-20_0656|BY_IF
100000000008|1003|569|01-APR-2026|21-MAR-2026|12.5|100000000008_1003_285_PV1|202547|CONSTRAINED|CONSTRAINED|CONSTRAINED_202547_2025-11-20_0656|BY_IF
100000000008|1003|568|25-MAR-2026|14-MAR-2026|12.5|100000000008_1003_285_PV1|202547|CONSTRAINED|CONSTRAINED|CONSTRAINED_202547_2025-11-20_0656|BY_IF
100000000008|1003|567|25-MAR-2026|14-MAR-2026|12.5|100000000008_1003_285_PV1|202547|CONSTRAINED|CONSTRAINED|CONSTRAINED_202547_2025-11-20_0656|BY_IF
100000000008|1003|566|25-MAR-2026|14-MAR-2026|12.5|100000000008_1003_285_PV1|202547|CONSTRAINED|CONSTRAINED|CONSTRAINED_202547_2025-11-20_0656|BY_IF
100000000008|1003|565|18-MAR-2026|07-MAR-2026|12.5|100000000008_1003_285_PV1|202547|CONSTRAINED|CONSTRAINED|CONSTRAINED_202547_2025-11-20_0656|BY_IF
100000000008|1003|564|18-MAR-2026|07-MAR-2026|12.5|100000000008_1003_285_PV1|202547|CONSTRAINED|CONSTRAINED|CONSTRAINED_202547_2025-11-20_0656|BY_IF
100000000008|1003|563|18-MAR-2026|07-MAR-2026|12.5|100000000008_1003_285_PV1|202547|CONSTRAINED|CONSTRAINED|CONSTRAINED_202547_2025-11-20_0656|BY_IF
100000000008|1003|562|11-MAR-2026|28-FEB-2026|12.5|100000000008_1003_285_PV1|202547|CONSTRAINED|CONSTRAINED|CONSTRAINED_202547_2025-11-20_0656|BY_IF
100000000008|1003|561|11-MAR-2026|28-FEB-2026|12.5|100000000008_1003_285_PV1|202547|CONSTRAINED|CONSTRAINED|CONSTRAINED_202547_2025-11-20_0656|BY_IF
100000000008|1003|560|11-MAR-2026|28-FEB-2026|12.5|100000000008_1003_285_PV1|202547|CONSTRAINED|CONSTRAINED|CONSTRAINED_202547_2025-11-20_0656|BY_IF
100000000008|1003|559|04-MAR-2026|21-FEB-2026|12.5|100000000008_1003_285_PV1|202547|CONSTRAINED|CONSTRAINED|CONSTRAINED_202547_2025-11-20_0656|BY_IF
100000000008|1003|558|04-MAR-2026|21-FEB-2026|12.5|100000000008_1003_285_PV1|202547|CONSTRAINED|CONSTRAINED|CONSTRAINED_202547_2025-11-20_0656|BY_IF
100000000008|1003|557|04-MAR-2026|21-FEB-2026|12.5|100000000008_1003_285_PV1|202547|CONSTRAINED|CONSTRAINED|CONSTRAINED_202547_2025-11-20_0656|BY_IF
100000000008|1003|556|25-FEB-2026|14-FEB-2026|12.5|100000000008_1003_285_PV1|202547|CONSTRAINED|CONSTRAINED|CONSTRAINED_202547_2025-11-20_0656|BY_IF
100000000008|1003|555|25-FEB-2026|14-FEB-2026|12.5|100000000008_1003_285_PV1|202547|CONSTRAINED|CONSTRAINED|CONSTRAINED_202547_2025-11-20_0656|BY_IF
100000000008|1003|554|25-FEB-2026|14-FEB-2026|12.5|100000000008_1003_285_PV1|202547|CONSTRAINED|CONSTRAINED|CONSTRAINED_202547_2025-11-20_0656|BY_IF
100000000008|1003|553|18-FEB-2026|07-FEB-2026|12.5|100000000008_1003_285_PV1|202547|CONSTRAINED|CONSTRAINED|CONSTRAINED_202547_2025-11-20_0656|BY_IF
100000000008|1003|552|18-FEB-2026|07-FEB-2026|12.5|100000000008_1003_285_PV1|202547|CONSTRAINED|CONSTRAINED|CONSTRAINED_202547_2025-11-20_0656|BY_IF
100000000008|1003|551|18-FEB-2026|07-FEB-2026|12.5|100000000008_1003_285_PV1|202547|CONSTRAINED|CONSTRAINED|CONSTRAINED_202547_2025-11-20_0656|BY_IF
100000000008|1003|550|11-FEB-2026|31-JAN-2026|12.5|100000000008_1003_285_PV1|202547|CONSTRAINED|CONSTRAINED|CONSTRAINED_202547_2025-11-20_0656|BY_IF
100000000008|1003|549|11-FEB-2026|31-JAN-2026|12.5|100000000008_1003_285_PV1|202547|CONSTRAINED|CONSTRAINED|CONSTRAINED_202547_2025-11-20_0656|BY_IF
100000000008|1003|548|11-FEB-2026|31-JAN-2026|12.5|100000000008_1003_285_PV1|202547|CONSTRAINED|CONSTRAINED|CONSTRAINED_202547_2025-11-20_0656|BY_IF
100000000008|1003|547|04-FEB-2026|24-JAN-2026|12.5|100000000008_1003_285_PV1|202547|CONSTRAINED|CONSTRAINED|CONSTRAINED_202547_2025-11-20_0656|BY_IF
100000000008|1003|546|04-FEB-2026|24-JAN-2026|12.5|100000000008_1003_285_PV1|202547|CONSTRAINED|CONSTRAINED|CONSTRAINED_202547_2025-11-20_0656|BY_IF
100000000008|1003|545|04-FEB-2026|24-JAN-2026|12.5|100000000008_1003_285_PV1|202547|CONSTRAINED|CONSTRAINED|CONSTRAINED_202547_2025-11-20_0656|BY_IF
100000000008|1003|544|28-JAN-2026|17-JAN-2026|12.5|100000000008_1003_285_PV1|202547|CONSTRAINED|CONSTRAINED|CONSTRAINED_202547_2025-11-20_0656|BY_IF
100000000008|1003|543|28-JAN-2026|17-JAN-2026|12.5|100000000008_1003_285_PV1|202547|CONSTRAINED|CONSTRAINED|CONSTRAINED_202547_2025-11-20_0656|BY_IF
100000000008|1003|542|28-JAN-2026|17-JAN-2026|12.5|100000000008_1003_285_PV1|202547|CONSTRAINED|CONSTRAINED|CONSTRAINED_202547_2025-11-20_0656|BY_IF
100000000008|1003|541|21-JAN-2026|10-JAN-2026|23|100000000008_1003_285_PV1|202547|CONSTRAINED|CONSTRAINED|CONSTRAINED_202547_2025-11-20_0656|BY_IF
100000000008|1003|540|21-JAN-2026|10-JAN-2026|2|100000000008_1003_285_PV1|202547|CONSTRAINED|CONSTRAINED|CONSTRAINED_202547_2025-11-20_0656|BY_IF
100000000008|1003|539|21-JAN-2026|10-JAN-2026|2|100000000008_1003_285_PV1|202547|CONSTRAINED|CONSTRAINED|CONSTRAINED_202547_2025-11-20_0656|BY_IF
100000000008|1003|538|14-JAN-2026|03-JAN-2026|25|100000000008_1003_285_PV1|202547|CONSTRAINED|CONSTRAINED|CONSTRAINED_202547_2025-11-20_0656|BY_IF
100000000008|1003|537|07-JAN-2026|27-DEC-2025|25|100000000008_1003_285_PV1|202547|CONSTRAINED|CONSTRAINED|CONSTRAINED_202547_2025-11-20_0656|BY_IF
100000000008|1003|536|31-DEC-2025|20-DEC-2025|25|100000000008_1003_285_PV1|202547|CONSTRAINED|CONSTRAINED|CONSTRAINED_202547_2025-11-20_0656|BY_IF
100000000008|1003|535|24-DEC-2025|13-DEC-2025|25|100000000008_1003_285_PV1|202547|CONSTRAINED|CONSTRAINED|CONSTRAINED_202547_2025-11-20_0656|BY_IF
100000000008|1003|534|17-DEC-2025|06-DEC-2025|25|100000000008_1003_285_PV1|202547|CONSTRAINED|CONSTRAINED|CONSTRAINED_202547_2025-11-20_0656|BY_IF
100000000008|1003|533|10-DEC-2025|29-NOV-2025|25|100000000008_1003_285_PV1|202547|CONSTRAINED|CONSTRAINED|CONSTRAINED_202547_2025-11-20_0656|BY_IF
100000000008|1003|532|03-DEC-2025|22-NOV-2025|25|100000000008_1003_285_PV1|202547|CONSTRAINED|CONSTRAINED|CONSTRAINED_202547_2025-11-20_0656|BY_IF
100000000008|1003|531|26-NOV-2025|15-NOV-2025|25|100000000008_1003_285_PV1|202547|CONSTRAINED|CONSTRAINED|CONSTRAINED_202547_2025-11-20_0656|BY_IF
100000000008|1003|530|19-NOV-2025|08-NOV-2025|25|100000000008_1003_285_PV1|202547|CONSTRAINED|CONSTRAINED|CONSTRAINED_202547_2025-11-20_0656|BY_IF
100000000008|1003|529|12-NOV-2025|01-NOV-2025|25|100000000008_1003_285_PV1|202547|CONSTRAINED|CONSTRAINED|CONSTRAINED_202547_2025-11-20_0656|BY_IF
100000000008|1003|528|05-NOV-2025|25-OCT-2025|12.5|100000000008_1003_285_PV1|202547|CONSTRAINED|CONSTRAINED|CONSTRAINED_202547_2025-11-20_0656|BY_IF
100000000008|1003|527|05-NOV-2025|25-OCT-2025|12.5|100000000008_1003_285_PV1|202547|CONSTRAINED|CONSTRAINED|CONSTRAINED_202547_2025-11-20_0656|BY_IF
100000000008|1003|526|05-NOV-2025|25-OCT-2025|12.5|100000000008_1003_285_PV1|202547|CONSTRAINED|CONSTRAINED|CONSTRAINED_202547_2025-11-20_0656|BY_IF
100000000008|1003|525|29-OCT-2025|18-OCT-2025|12.5|100000000008_1003_285_PV1|202547|CONSTRAINED|CONSTRAINED|CONSTRAINED_202547_2025-11-20_0656|BY_IF
100000000008|1003|524|29-OCT-2025|18-OCT-2025|12.5|100000000008_1003_285_PV1|202547|CONSTRAINED|CONSTRAINED|CONSTRAINED_202547_2025-11-20_0656|BY_IF
100000000008|1003|523|29-OCT-2025|18-OCT-2025|12.5|100000000008_1003_285_PV1|202547|CONSTRAINED|CONSTRAINED|CONSTRAINED_202547_2025-11-20_0656|BY_IF
100000000008|1003|522|22-OCT-2025|11-OCT-2025|12.5|100000000008_1003_285_PV1|202547|CONSTRAINED|CONSTRAINED|CONSTRAINED_202547_2025-11-20_0656|BY_IF
100000000008|1003|521|22-OCT-2025|11-OCT-2025|12.5|100000000008_1003_285_PV1|202547|CONSTRAINED|CONSTRAINED|CONSTRAINED_202547_2025-11-20_0656|BY_IF
100000000008|1003|520|22-OCT-2025|11-OCT-2025|12.5|100000000008_1003_285_PV1|202547|CONSTRAINED|CONSTRAINED|CONSTRAINED_202547_2025-11-20_0656|BY_IF
100000000008|1003|519|15-OCT-2025|04-OCT-2025|12.5|100000000008_1003_285_PV1|202547|CONSTRAINED|CONSTRAINED|CONSTRAINED_202547_2025-11-20_0656|BY_IF
100000000008|1003|518|15-OCT-2025|04-OCT-2025|12.5|100000000008_1003_285_PV1|202547|CONSTRAINED|CONSTRAINED|CONSTRAINED_202547_2025-11-20_0656|BY_IF
100000000008|1003|517|15-OCT-2025|04-OCT-2025|12.5|100000000008_1003_285_PV1|202547|CONSTRAINED|CONSTRAINED|CONSTRAINED_202547_2025-11-20_0656|BY_IF
100000000008|1003|516|08-OCT-2025|27-SEP-2025|12.5|100000000008_1003_285_PV1|202547|CONSTRAINED|CONSTRAINED|CONSTRAINED_202547_2025-11-20_0656|BY_IF
100000000008|1003|515|08-OCT-2025|27-SEP-2025|12.5|100000000008_1003_285_PV1|202547|CONSTRAINED|CONSTRAINED|CONSTRAINED_202547_2025-11-20_0656|BY_IF
100000000008|1003|514|08-OCT-2025|27-SEP-2025|12.5|100000000008_1003_285_PV1|202547|CONSTRAINED|CONSTRAINED|CONSTRAINED_202547_2025-11-20_0656|BY_IF
100000000008|1003|513|01-OCT-2025|20-SEP-2025|12.5|100000000008_1003_285_PV1|202547|CONSTRAINED|CONSTRAINED|CONSTRAINED_202547_2025-11-20_0656|BY_IF
100000000008|1003|512|01-OCT-2025|20-SEP-2025|12.5|100000000008_1003_285_PV1|202547|CONSTRAINED|CONSTRAINED|CONSTRAINED_202547_2025-11-20_0656|BY_IF
100000000008|1003|511|01-OCT-2025|20-SEP-2025|12.5|100000000008_1003_285_PV1|202547|CONSTRAINED|CONSTRAINED|CONSTRAINED_202547_2025-11-20_0656|BY_IF
100000000008|1003|510|24-SEP-2025|13-SEP-2025|12.5|100000000008_1003_285_PV1|202547|CONSTRAINED|CONSTRAINED|CONSTRAINED_202547_2025-11-20_0656|BY_IF
100000000008|1003|509|24-SEP-2025|13-SEP-2025|12.5|100000000008_1003_285_PV1|202547|CONSTRAINED|CONSTRAINED|CONSTRAINED_202547_2025-11-20_0656|BY_IF
100000000008|1003|508|24-SEP-2025|13-SEP-2025|12.5|100000000008_1003_285_PV1|202547|CONSTRAINED|CONSTRAINED|CONSTRAINED_202547_2025-11-20_0656|BY_IF
100000000008|1003|507|17-SEP-2025|06-SEP-2025|12.5|100000000008_1003_285_PV1|202547|CONSTRAINED|CONSTRAINED|CONSTRAINED_202547_2025-11-20_0656|BY_IF
100000000008|1003|506|17-SEP-2025|06-SEP-2025|12.5|100000000008_1003_285_PV1|202547|CONSTRAINED|CONSTRAINED|CONSTRAINED_202547_2025-11-20_0656|BY_IF
100000000008|1003|505|17-SEP-2025|06-SEP-2025|12.5|100000000008_1003_285_PV1|202547|CONSTRAINED|CONSTRAINED|CONSTRAINED_202547_2025-11-20_0656|BY_IF
100000000008|1003|504|10-SEP-2025|30-AUG-2025|12.5|100000000008_1003_285_PV1|202547|CONSTRAINED|CONSTRAINED|CONSTRAINED_202547_2025-11-20_0656|BY_IF
100000000008|1003|503|10-SEP-2025|30-AUG-2025|12.5|100000000008_1003_285_PV1|202547|CONSTRAINED|CONSTRAINED|CONSTRAINED_202547_2025-11-20_0656|BY_IF
100000000008|1003|502|10-SEP-2025|30-AUG-2025|12.5|100000000008_1003_285_PV1|202547|CONSTRAINED|CONSTRAINED|CONSTRAINED_202547_2025-11-20_0656|BY_IF
100000000008|1003|501|03-SEP-2025|23-AUG-2025|12.5|100000000008_1003_285_PV1|202547|CONSTRAINED|CONSTRAINED|CONSTRAINED_202547_2025-11-20_0656|BY_IF
100000000008|1003|500|03-SEP-2025|23-AUG-2025|12.5|100000000008_1003_285_PV1|202547|CONSTRAINED|CONSTRAINED|CONSTRAINED_202547_2025-11-20_0656|BY_IF
100000000008|1003|499|03-SEP-2025|23-AUG-2025|12.5|100000000008_1003_285_PV1|202547|CONSTRAINED|CONSTRAINED|CONSTRAINED_202547_2025-11-20_0656|BY_IF
100000000008|1003|498|27-AUG-2025|16-AUG-2025|12.5|100000000008_1003_285_PV1|202547|CONSTRAINED|CONSTRAINED|CONSTRAINED_202547_2025-11-20_0656|BY_IF
100000000008|1003|497|27-AUG-2025|16-AUG-2025|12.5|100000000008_1003_285_PV1|202547|CONSTRAINED|CONSTRAINED|CONSTRAINED_202547_2025-11-20_0656|BY_IF
100000000008|1003|496|27-AUG-2025|16-AUG-2025|12.5|100000000008_1003_285_PV1|202547|CONSTRAINED|CONSTRAINED|CONSTRAINED_202547_2025-11-20_0656|BY_IF
100000000008|1003|495|20-AUG-2025|09-AUG-2025|12.5|100000000008_1003_285_PV1|202547|CONSTRAINED|CONSTRAINED|CONSTRAINED_202547_2025-11-20_0656|BY_IF
100000000008|1003|494|20-AUG-2025|09-AUG-2025|12.5|100000000008_1003_285_PV1|202547|CONSTRAINED|CONSTRAINED|CONSTRAINED_202547_2025-11-20_0656|BY_IF
100000000008|1003|493|20-AUG-2025|09-AUG-2025|12.5|100000000008_1003_285_PV1|202547|CONSTRAINED|CONSTRAINED|CONSTRAINED_202547_2025-11-20_0656|BY_IF
100000000008|1003|492|13-AUG-2025|02-AUG-2025|12.5|100000000008_1003_285_PV1|202547|CONSTRAINED|CONSTRAINED|CONSTRAINED_202547_2025-11-20_0656|BY_IF
100000000008|1003|491|13-AUG-2025|02-AUG-2025|12.5|100000000008_1003_285_PV1|202547|CONSTRAINED|CONSTRAINED|CONSTRAINED_202547_2025-11-20_0656|BY_IF
100000000008|1003|490|13-AUG-2025|02-AUG-2025|12.5|100000000008_1003_285_PV1|202547|CONSTRAINED|CONSTRAINED|CONSTRAINED_202547_2025-11-20_0656|BY_IF
100000000008|1006|1570|22-JUL-2027|10-JUL-2027|12.5|100000000008_1006_9001_PV2|202547|CONSTRAINED|CONSTRAINED|CONSTRAINED_202547_2025-11-20_0656|BY_IF
100000000008|1006|1569|22-JUL-2027|10-JUL-2027|12.5|100000000008_1006_9001_PV2|202547|CONSTRAINED|CONSTRAINED|CONSTRAINED_202547_2025-11-20_0656|BY_IF
100000000008|1006|1568|22-JUL-2027|10-JUL-2027|12.5|100000000008_1006_9001_PV2|202547|CONSTRAINED|CONSTRAINED|CONSTRAINED_202547_2025-11-20_0656|BY_IF
100000000008|1006|1567|15-JUL-2027|03-JUL-2027|12.5|100000000008_1006_9001_PV2|202547|CONSTRAINED|CONSTRAINED|CONSTRAINED_202547_2025-11-20_0656|BY_IF
100000000008|1006|1566|15-JUL-2027|03-JUL-2027|12.5|100000000008_1006_9001_PV2|202547|CONSTRAINED|CONSTRAINED|CONSTRAINED_202547_2025-11-20_0656|BY_IF
100000000008|1006|1565|15-JUL-2027|03-JUL-2027|12.5|100000000008_1006_9001_PV2|202547|CONSTRAINED|CONSTRAINED|CONSTRAINED_202547_2025-11-20_0656|BY_IF
100000000008|1006|1564|08-JUL-2027|26-JUN-2027|12.5|100000000008_1006_9001_PV2|202547|CONSTRAINED|CONSTRAINED|CONSTRAINED_202547_2025-11-20_0656|BY_IF
100000000008|1006|1563|08-JUL-2027|26-JUN-2027|12.5|100000000008_1006_9001_PV2|202547|CONSTRAINED|CONSTRAINED|CONSTRAINED_202547_2025-11-20_0656|BY_IF
100000000008|1006|1562|08-JUL-2027|26-JUN-2027|12.5|100000000008_1006_9001_PV2|202547|CONSTRAINED|CONSTRAINED|CONSTRAINED_202547_2025-11-20_0656|BY_IF
100000000008|1006|1561|01-JUL-2027|19-JUN-2027|12.5|100000000008_1006_9001_PV2|202547|CONSTRAINED|CONSTRAINED|CONSTRAINED_202547_2025-11-20_0656|BY_IF
100000000008|1006|1560|01-JUL-2027|19-JUN-2027|12.5|100000000008_1006_9001_PV2|202547|CONSTRAINED|CONSTRAINED|CONSTRAINED_202547_2025-11-20_0656|BY_IF
100000000008|1006|1559|01-JUL-2027|19-JUN-2027|12.5|100000000008_1006_9001_PV2|202547|CONSTRAINED|CONSTRAINED|CONSTRAINED_202547_2025-11-20_0656|BY_IF
100000000008|1006|1558|24-JUN-2027|12-JUN-2027|12.5|100000000008_1006_9001_PV2|202547|CONSTRAINED|CONSTRAINED|CONSTRAINED_202547_2025-11-20_0656|BY_IF
100000000008|1006|1557|24-JUN-2027|12-JUN-2027|12.5|100000000008_1006_9001_PV2|202547|CONSTRAINED|CONSTRAINED|CONSTRAINED_202547_2025-11-20_0656|BY_IF
100000000008|1006|1556|24-JUN-2027|12-JUN-2027|12.5|100000000008_1006_9001_PV2|202547|CONSTRAINED|CONSTRAINED|CONSTRAINED_202547_2025-11-20_0656|BY_IF
100000000008|1006|1555|17-JUN-2027|05-JUN-2027|12.5|100000000008_1006_9001_PV2|202547|CONSTRAINED|CONSTRAINED|CONSTRAINED_202547_2025-11-20_0656|BY_IF
100000000008|1006|1554|17-JUN-2027|05-JUN-2027|12.5|100000000008_1006_9001_PV2|202547|CONSTRAINED|CONSTRAINED|CONSTRAINED_202547_2025-11-20_0656|BY_IF
100000000008|1006|1553|17-JUN-2027|05-JUN-2027|12.5|100000000008_1006_9001_PV2|202547|CONSTRAINED|CONSTRAINED|CONSTRAINED_202547_2025-11-20_0656|BY_IF
100000000008|1006|1552|10-JUN-2027|29-MAY-2027|12.5|100000000008_1006_9001_PV2|202547|CONSTRAINED|CONSTRAINED|CONSTRAINED_202547_2025-11-20_0656|BY_IF
100000000008|1006|1551|10-JUN-2027|29-MAY-2027|12.5|100000000008_1006_9001_PV2|202547|CONSTRAINED|CONSTRAINED|CONSTRAINED_202547_2025-11-20_0656|BY_IF
100000000008|1006|1550|10-JUN-2027|29-MAY-2027|12.5|100000000008_1006_9001_PV2|202547|CONSTRAINED|CONSTRAINED|CONSTRAINED_202547_2025-11-20_0656|BY_IF
100000000008|1006|1549|03-JUN-2027|22-MAY-2027|12.5|100000000008_1006_9001_PV2|202547|CONSTRAINED|CONSTRAINED|CONSTRAINED_202547_2025-11-20_0656|BY_IF
100000000008|1006|1548|03-JUN-2027|22-MAY-2027|12.5|100000000008_1006_9001_PV2|202547|CONSTRAINED|CONSTRAINED|CONSTRAINED_202547_2025-11-20_0656|BY_IF
100000000008|1006|1547|03-JUN-2027|22-MAY-2027|12.5|100000000008_1006_9001_PV2|202547|CONSTRAINED|CONSTRAINED|CONSTRAINED_202547_2025-11-20_0656|BY_IF
100000000008|1006|1546|27-MAY-2027|15-MAY-2027|12.5|100000000008_1006_9001_PV2|202547|CONSTRAINED|CONSTRAINED|CONSTRAINED_202547_2025-11-20_0656|BY_IF
100000000008|1006|1545|27-MAY-2027|15-MAY-2027|12.5|100000000008_1006_9001_PV2|202547|CONSTRAINED|CONSTRAINED|CONSTRAINED_202547_2025-11-20_0656|BY_IF
100000000008|1006|1544|27-MAY-2027|15-MAY-2027|12.5|100000000008_1006_9001_PV2|202547|CONSTRAINED|CONSTRAINED|CONSTRAINED_202547_2025-11-20_0656|BY_IF
100000000008|1006|1543|20-MAY-2027|08-MAY-2027|12.5|100000000008_1006_9001_PV2|202547|CONSTRAINED|CONSTRAINED|CONSTRAINED_202547_2025-11-20_0656|BY_IF
100000000008|1006|1542|20-MAY-2027|08-MAY-2027|12.5|100000000008_1006_9001_PV2|202547|CONSTRAINED|CONSTRAINED|CONSTRAINED_202547_2025-11-20_0656|BY_IF
100000000008|1006|1541|20-MAY-2027|08-MAY-2027|12.5|100000000008_1006_9001_PV2|202547|CONSTRAINED|CONSTRAINED|CONSTRAINED_202547_2025-11-20_0656|BY_IF
100000000008|1006|1540|13-MAY-2027|01-MAY-2027|12.5|100000000008_1006_9001_PV2|202547|CONSTRAINED|CONSTRAINED|CONSTRAINED_202547_2025-11-20_0656|BY_IF
100000000008|1006|1539|13-MAY-2027|01-MAY-2027|12.5|100000000008_1006_9001_PV2|202547|CONSTRAINED|CONSTRAINED|CONSTRAINED_202547_2025-11-20_0656|BY_IF
100000000008|1006|1538|13-MAY-2027|01-MAY-2027|12.5|100000000008_1006_9001_PV2|202547|CONSTRAINED|CONSTRAINED|CONSTRAINED_202547_2025-11-20_0656|BY_IF
100000000008|1006|1537|06-MAY-2027|24-APR-2027|12.5|100000000008_1006_9001_PV2|202547|CONSTRAINED|CONSTRAINED|CONSTRAINED_202547_2025-11-20_0656|BY_IF
100000000008|1006|1536|06-MAY-2027|24-APR-2027|12.5|100000000008_1006_9001_PV2|202547|CONSTRAINED|CONSTRAINED|CONSTRAINED_202547_2025-11-20_0656|BY_IF
100000000008|1006|1535|06-MAY-2027|24-APR-2027|12.5|100000000008_1006_9001_PV2|202547|CONSTRAINED|CONSTRAINED|CONSTRAINED_202547_2025-11-20_0656|BY_IF
100000000008|1006|1534|29-APR-2027|17-APR-2027|12.5|100000000008_1006_9001_PV2|202547|CONSTRAINED|CONSTRAINED|CONSTRAINED_202547_2025-11-20_0656|BY_IF
100000000008|1006|1533|29-APR-2027|17-APR-2027|12.5|100000000008_1006_9001_PV2|202547|CONSTRAINED|CONSTRAINED|CONSTRAINED_202547_2025-11-20_0656|BY_IF
100000000008|1006|1532|29-APR-2027|17-APR-2027|12.5|100000000008_1006_9001_PV2|202547|CONSTRAINED|CONSTRAINED|CONSTRAINED_202547_2025-11-20_0656|BY_IF
100000000008|1006|1531|22-APR-2027|10-APR-2027|12.5|100000000008_1006_9001_PV2|202547|CONSTRAINED|CONSTRAINED|CONSTRAINED_202547_2025-11-20_0656|BY_IF
100000000008|1006|1530|22-APR-2027|10-APR-2027|12.5|100000000008_1006_9001_PV2|202547|CONSTRAINED|CONSTRAINED|CONSTRAINED_202547_2025-11-20_0656|BY_IF
100000000008|1006|1529|22-APR-2027|10-APR-2027|12.5|100000000008_1006_9001_PV2|202547|CONSTRAINED|CONSTRAINED|CONSTRAINED_202547_2025-11-20_0656|BY_IF
100000000008|1006|1528|15-APR-2027|03-APR-2027|12.5|100000000008_1006_9001_PV2|202547|CONSTRAINED|CONSTRAINED|CONSTRAINED_202547_2025-11-20_0656|BY_IF
100000000008|1006|1527|15-APR-2027|03-APR-2027|12.5|100000000008_1006_9001_PV2|202547|CONSTRAINED|CONSTRAINED|CONSTRAINED_202547_2025-11-20_0656|BY_IF
100000000008|1006|1526|15-APR-2027|03-APR-2027|12.5|100000000008_1006_9001_PV2|202547|CONSTRAINED|CONSTRAINED|CONSTRAINED_202547_2025-11-20_0656|BY_IF
100000000008|1006|1525|08-APR-2027|27-MAR-2027|12.5|100000000008_1006_9001_PV2|202547|CONSTRAINED|CONSTRAINED|CONSTRAINED_202547_2025-11-20_0656|BY_IF
100000000008|1006|1524|08-APR-2027|27-MAR-2027|12.5|100000000008_1006_9001_PV2|202547|CONSTRAINED|CONSTRAINED|CONSTRAINED_202547_2025-11-20_0656|BY_IF
100000000008|1006|1523|08-APR-2027|27-MAR-2027|12.5|100000000008_1006_9001_PV2|202547|CONSTRAINED|CONSTRAINED|CONSTRAINED_202547_2025-11-20_0656|BY_IF
100000000008|1006|1522|01-APR-2027|20-MAR-2027|12.5|100000000008_1006_9001_PV2|202547|CONSTRAINED|CONSTRAINED|CONSTRAINED_202547_2025-11-20_0656|BY_IF
100000000008|1006|1521|01-APR-2027|20-MAR-2027|12.5|100000000008_1006_9001_PV2|202547|CONSTRAINED|CONSTRAINED|CONSTRAINED_202547_2025-11-20_0656|BY_IF
100000000008|1006|1520|01-APR-2027|20-MAR-2027|12.5|100000000008_1006_9001_PV2|202547|CONSTRAINED|CONSTRAINED|CONSTRAINED_202547_2025-11-20_0656|BY_IF
100000000008|1006|1519|25-MAR-2027|13-MAR-2027|12.5|100000000008_1006_9001_PV2|202547|CONSTRAINED|CONSTRAINED|CONSTRAINED_202547_2025-11-20_0656|BY_IF
100000000008|1006|1518|25-MAR-2027|13-MAR-2027|12.5|100000000008_1006_9001_PV2|202547|CONSTRAINED|CONSTRAINED|CONSTRAINED_202547_2025-11-20_0656|BY_IF
100000000008|1006|1517|25-MAR-2027|13-MAR-2027|12.5|100000000008_1006_9001_PV2|202547|CONSTRAINED|CONSTRAINED|CONSTRAINED_202547_2025-11-20_0656|BY_IF
100000000008|1006|1516|18-MAR-2027|06-MAR-2027|12.5|100000000008_1006_9001_PV2|202547|CONSTRAINED|CONSTRAINED|CONSTRAINED_202547_2025-11-20_0656|BY_IF
100000000008|1006|1515|18-MAR-2027|06-MAR-2027|12.5|100000000008_1006_9001_PV2|202547|CONSTRAINED|CONSTRAINED|CONSTRAINED_202547_2025-11-20_0656|BY_IF
100000000008|1006|1514|18-MAR-2027|06-MAR-2027|12.5|100000000008_1006_9001_PV2|202547|CONSTRAINED|CONSTRAINED|CONSTRAINED_202547_2025-11-20_0656|BY_IF
100000000008|1006|1513|11-MAR-2027|27-FEB-2027|12.5|100000000008_1006_9001_PV2|202547|CONSTRAINED|CONSTRAINED|CONSTRAINED_202547_2025-11-20_0656|BY_IF
100000000008|1006|1512|11-MAR-2027|27-FEB-2027|12.5|100000000008_1006_9001_PV2|202547|CONSTRAINED|CONSTRAINED|CONSTRAINED_202547_2025-11-20_0656|BY_IF
100000000008|1006|1511|11-MAR-2027|27-FEB-2027|12.5|100000000008_1006_9001_PV2|202547|CONSTRAINED|CONSTRAINED|CONSTRAINED_202547_2025-11-20_0656|BY_IF
100000000008|1006|1510|04-MAR-2027|20-FEB-2027|12.5|100000000008_1006_9001_PV2|202547|CONSTRAINED|CONSTRAINED|CONSTRAINED_202547_2025-11-20_0656|BY_IF
100000000008|1006|1509|04-MAR-2027|20-FEB-2027|12.5|100000000008_1006_9001_PV2|202547|CONSTRAINED|CONSTRAINED|CONSTRAINED_202547_2025-11-20_0656|BY_IF
100000000008|1006|1508|04-MAR-2027|20-FEB-2027|12.5|100000000008_1006_9001_PV2|202547|CONSTRAINED|CONSTRAINED|CONSTRAINED_202547_2025-11-20_0656|BY_IF
100000000008|1006|1507|25-FEB-2027|13-FEB-2027|12.5|100000000008_1006_9001_PV2|202547|CONSTRAINED|CONSTRAINED|CONSTRAINED_202547_2025-11-20_0656|BY_IF
100000000008|1006|1506|25-FEB-2027|13-FEB-2027|12.5|100000000008_1006_9001_PV2|202547|CONSTRAINED|CONSTRAINED|CONSTRAINED_202547_2025-11-20_0656|BY_IF
100000000008|1006|1505|25-FEB-2027|13-FEB-2027|12.5|100000000008_1006_9001_PV2|202547|CONSTRAINED|CONSTRAINED|CONSTRAINED_202547_2025-11-20_0656|BY_IF
100000000008|1006|1504|18-FEB-2027|06-FEB-2027|12.5|100000000008_1006_9001_PV2|202547|CONSTRAINED|CONSTRAINED|CONSTRAINED_202547_2025-11-20_0656|BY_IF
100000000008|1006|1503|18-FEB-2027|06-FEB-2027|12.5|100000000008_1006_9001_PV2|202547|CONSTRAINED|CONSTRAINED|CONSTRAINED_202547_2025-11-20_0656|BY_IF
100000000008|1006|1502|18-FEB-2027|06-FEB-2027|12.5|100000000008_1006_9001_PV2|202547|CONSTRAINED|CONSTRAINED|CONSTRAINED_202547_2025-11-20_0656|BY_IF
100000000008|1006|1501|11-FEB-2027|30-JAN-2027|12.5|100000000008_1006_9001_PV2|202547|CONSTRAINED|CONSTRAINED|CONSTRAINED_202547_2025-11-20_0656|BY_IF
100000000008|1006|1500|11-FEB-2027|30-JAN-2027|12.5|100000000008_1006_9001_PV2|202547|CONSTRAINED|CONSTRAINED|CONSTRAINED_202547_2025-11-20_0656|BY_IF
100000000008|1006|1499|11-FEB-2027|30-JAN-2027|12.5|100000000008_1006_9001_PV2|202547|CONSTRAINED|CONSTRAINED|CONSTRAINED_202547_2025-11-20_0656|BY_IF
100000000008|1006|1498|04-FEB-2027|23-JAN-2027|12.5|100000000008_1006_9001_PV2|202547|CONSTRAINED|CONSTRAINED|CONSTRAINED_202547_2025-11-20_0656|BY_IF
100000000008|1006|1497|04-FEB-2027|23-JAN-2027|12.5|100000000008_1006_9001_PV2|202547|CONSTRAINED|CONSTRAINED|CONSTRAINED_202547_2025-11-20_0656|BY_IF
100000000008|1006|1496|04-FEB-2027|23-JAN-2027|12.5|100000000008_1006_9001_PV2|202547|CONSTRAINED|CONSTRAINED|CONSTRAINED_202547_2025-11-20_0656|BY_IF
100000000008|1006|1495|28-JAN-2027|16-JAN-2027|12.5|100000000008_1006_9001_PV2|202547|CONSTRAINED|CONSTRAINED|CONSTRAINED_202547_2025-11-20_0656|BY_IF
100000000008|1006|1494|28-JAN-2027|16-JAN-2027|12.5|100000000008_1006_9001_PV2|202547|CONSTRAINED|CONSTRAINED|CONSTRAINED_202547_2025-11-20_0656|BY_IF
100000000008|1006|1493|28-JAN-2027|16-JAN-2027|12.5|100000000008_1006_9001_PV2|202547|CONSTRAINED|CONSTRAINED|CONSTRAINED_202547_2025-11-20_0656|BY_IF
100000000008|1006|1492|21-JAN-2027|09-JAN-2027|12.5|100000000008_1006_9001_PV2|202547|CONSTRAINED|CONSTRAINED|CONSTRAINED_202547_2025-11-20_0656|BY_IF
100000000008|1006|1491|21-JAN-2027|09-JAN-2027|12.5|100000000008_1006_9001_PV2|202547|CONSTRAINED|CONSTRAINED|CONSTRAINED_202547_2025-11-20_0656|BY_IF
100000000008|1006|1490|21-JAN-2027|09-JAN-2027|12.5|100000000008_1006_9001_PV2|202547|CONSTRAINED|CONSTRAINED|CONSTRAINED_202547_2025-11-20_0656|BY_IF
100000000008|1006|1489|14-JAN-2027|02-JAN-2027|12.5|100000000008_1006_9001_PV2|202547|CONSTRAINED|CONSTRAINED|CONSTRAINED_202547_2025-11-20_0656|BY_IF
100000000008|1006|1488|14-JAN-2027|02-JAN-2027|12.5|100000000008_1006_9001_PV2|202547|CONSTRAINED|CONSTRAINED|CONSTRAINED_202547_2025-11-20_0656|BY_IF
100000000008|1006|1487|14-JAN-2027|02-JAN-2027|12.5|100000000008_1006_9001_PV2|202547|CONSTRAINED|CONSTRAINED|CONSTRAINED_202547_2025-11-20_0656|BY_IF
100000000008|1006|1486|07-JAN-2027|26-DEC-2026|12.5|100000000008_1006_9001_PV2|202547|CONSTRAINED|CONSTRAINED|CONSTRAINED_202547_2025-11-20_0656|BY_IF
100000000008|1006|1485|07-JAN-2027|26-DEC-2026|12.5|100000000008_1006_9001_PV2|202547|CONSTRAINED|CONSTRAINED|CONSTRAINED_202547_2025-11-20_0656|BY_IF
100000000008|1006|1484|07-JAN-2027|26-DEC-2026|12.5|100000000008_1006_9001_PV2|202547|CONSTRAINED|CONSTRAINED|CONSTRAINED_202547_2025-11-20_0656|BY_IF
100000000008|1006|1483|31-DEC-2026|19-DEC-2026|12.5|100000000008_1006_9001_PV2|202547|CONSTRAINED|CONSTRAINED|CONSTRAINED_202547_2025-11-20_0656|BY_IF
100000000008|1006|1482|31-DEC-2026|19-DEC-2026|12.5|100000000008_1006_9001_PV2|202547|CONSTRAINED|CONSTRAINED|CONSTRAINED_202547_2025-11-20_0656|BY_IF
100000000008|1006|1481|31-DEC-2026|19-DEC-2026|12.5|100000000008_1006_9001_PV2|202547|CONSTRAINED|CONSTRAINED|CONSTRAINED_202547_2025-11-20_0656|BY_IF
100000000008|1006|1480|24-DEC-2026|12-DEC-2026|12.5|100000000008_1006_9001_PV2|202547|CONSTRAINED|CONSTRAINED|CONSTRAINED_202547_2025-11-20_0656|BY_IF
100000000008|1006|1479|24-DEC-2026|12-DEC-2026|12.5|100000000008_1006_9001_PV2|202547|CONSTRAINED|CONSTRAINED|CONSTRAINED_202547_2025-11-20_0656|BY_IF
100000000008|1006|1478|24-DEC-2026|12-DEC-2026|12.5|100000000008_1006_9001_PV2|202547|CONSTRAINED|CONSTRAINED|CONSTRAINED_202547_2025-11-20_0656|BY_IF
100000000008|1006|1477|17-DEC-2026|05-DEC-2026|12.5|100000000008_1006_9001_PV2|202547|CONSTRAINED|CONSTRAINED|CONSTRAINED_202547_2025-11-20_0656|BY_IF
100000000008|1006|1476|17-DEC-2026|05-DEC-2026|12.5|100000000008_1006_9001_PV2|202547|CONSTRAINED|CONSTRAINED|CONSTRAINED_202547_2025-11-20_0656|BY_IF
100000000008|1006|1475|17-DEC-2026|05-DEC-2026|12.5|100000000008_1006_9001_PV2|202547|CONSTRAINED|CONSTRAINED|CONSTRAINED_202547_2025-11-20_0656|BY_IF
100000000008|1006|1474|10-DEC-2026|28-NOV-2026|12.5|100000000008_1006_9001_PV2|202547|CONSTRAINED|CONSTRAINED|CONSTRAINED_202547_2025-11-20_0656|BY_IF
100000000008|1006|1473|10-DEC-2026|28-NOV-2026|12.5|100000000008_1006_9001_PV2|202547|CONSTRAINED|CONSTRAINED|CONSTRAINED_202547_2025-11-20_0656|BY_IF
100000000008|1006|1472|10-DEC-2026|28-NOV-2026|12.5|100000000008_1006_9001_PV2|202547|CONSTRAINED|CONSTRAINED|CONSTRAINED_202547_2025-11-20_0656|BY_IF
100000000008|1006|1471|03-DEC-2026|21-NOV-2026|12.5|100000000008_1006_9001_PV2|202547|CONSTRAINED|CONSTRAINED|CONSTRAINED_202547_2025-11-20_0656|BY_IF
100000000008|1006|1470|03-DEC-2026|21-NOV-2026|12.5|100000000008_1006_9001_PV2|202547|CONSTRAINED|CONSTRAINED|CONSTRAINED_202547_2025-11-20_0656|BY_IF
100000000008|1006|1469|03-DEC-2026|21-NOV-2026|12.5|100000000008_1006_9001_PV2|202547|CONSTRAINED|CONSTRAINED|CONSTRAINED_202547_2025-11-20_0656|BY_IF
100000000008|1006|1468|26-NOV-2026|14-NOV-2026|12.5|100000000008_1006_9001_PV2|202547|CONSTRAINED|CONSTRAINED|CONSTRAINED_202547_2025-11-20_0656|BY_IF
100000000008|1006|1467|26-NOV-2026|14-NOV-2026|12.5|100000000008_1006_9001_PV2|202547|CONSTRAINED|CONSTRAINED|CONSTRAINED_202547_2025-11-20_0656|BY_IF
100000000008|1006|1466|26-NOV-2026|14-NOV-2026|12.5|100000000008_1006_9001_PV2|202547|CONSTRAINED|CONSTRAINED|CONSTRAINED_202547_2025-11-20_0656|BY_IF
100000000008|1006|1465|19-NOV-2026|07-NOV-2026|12.5|100000000008_1006_9001_PV2|202547|CONSTRAINED|CONSTRAINED|CONSTRAINED_202547_2025-11-20_0656|BY_IF
100000000008|1006|1464|19-NOV-2026|07-NOV-2026|12.5|100000000008_1006_9001_PV2|202547|CONSTRAINED|CONSTRAINED|CONSTRAINED_202547_2025-11-20_0656|BY_IF
100000000008|1006|1463|19-NOV-2026|07-NOV-2026|12.5|100000000008_1006_9001_PV2|202547|CONSTRAINED|CONSTRAINED|CONSTRAINED_202547_2025-11-20_0656|BY_IF
100000000008|1006|1462|12-NOV-2026|31-OCT-2026|12.5|100000000008_1006_9001_PV2|202547|CONSTRAINED|CONSTRAINED|CONSTRAINED_202547_2025-11-20_0656|BY_IF
100000000008|1006|1461|12-NOV-2026|31-OCT-2026|12.5|100000000008_1006_9001_PV2|202547|CONSTRAINED|CONSTRAINED|CONSTRAINED_202547_2025-11-20_0656|BY_IF
100000000008|1006|1460|12-NOV-2026|31-OCT-2026|12.5|100000000008_1006_9001_PV2|202547|CONSTRAINED|CONSTRAINED|CONSTRAINED_202547_2025-11-20_0656|BY_IF
100000000008|1006|1459|05-NOV-2026|24-OCT-2026|12.5|100000000008_1006_9001_PV2|202547|CONSTRAINED|CONSTRAINED|CONSTRAINED_202547_2025-11-20_0656|BY_IF
100000000008|1006|1458|05-NOV-2026|24-OCT-2026|12.5|100000000008_1006_9001_PV2|202547|CONSTRAINED|CONSTRAINED|CONSTRAINED_202547_2025-11-20_0656|BY_IF
100000000008|1006|1457|05-NOV-2026|24-OCT-2026|12.5|100000000008_1006_9001_PV2|202547|CONSTRAINED|CONSTRAINED|CONSTRAINED_202547_2025-11-20_0656|BY_IF
100000000008|1006|1456|29-OCT-2026|17-OCT-2026|12.5|100000000008_1006_9001_PV2|202547|CONSTRAINED|CONSTRAINED|CONSTRAINED_202547_2025-11-20_0656|BY_IF
100000000008|1006|1455|29-OCT-2026|17-OCT-2026|12.5|100000000008_1006_9001_PV2|202547|CONSTRAINED|CONSTRAINED|CONSTRAINED_202547_2025-11-20_0656|BY_IF
100000000008|1006|1454|29-OCT-2026|17-OCT-2026|12.5|100000000008_1006_9001_PV2|202547|CONSTRAINED|CONSTRAINED|CONSTRAINED_202547_2025-11-20_0656|BY_IF
100000000008|1006|1453|22-OCT-2026|10-OCT-2026|12.5|100000000008_1006_9001_PV2|202547|CONSTRAINED|CONSTRAINED|CONSTRAINED_202547_2025-11-20_0656|BY_IF
100000000008|1006|1452|22-OCT-2026|10-OCT-2026|12.5|100000000008_1006_9001_PV2|202547|CONSTRAINED|CONSTRAINED|CONSTRAINED_202547_2025-11-20_0656|BY_IF
100000000008|1006|1451|22-OCT-2026|10-OCT-2026|12.5|100000000008_1006_9001_PV2|202547|CONSTRAINED|CONSTRAINED|CONSTRAINED_202547_2025-11-20_0656|BY_IF
100000000008|1006|1450|15-OCT-2026|03-OCT-2026|12.5|100000000008_1006_9001_PV2|202547|CONSTRAINED|CONSTRAINED|CONSTRAINED_202547_2025-11-20_0656|BY_IF
100000000008|1006|1449|15-OCT-2026|03-OCT-2026|12.5|100000000008_1006_9001_PV2|202547|CONSTRAINED|CONSTRAINED|CONSTRAINED_202547_2025-11-20_0656|BY_IF
100000000008|1006|1448|15-OCT-2026|03-OCT-2026|12.5|100000000008_1006_9001_PV2|202547|CONSTRAINED|CONSTRAINED|CONSTRAINED_202547_2025-11-20_0656|BY_IF
100000000008|1006|1447|08-OCT-2026|26-SEP-2026|12.5|100000000008_1006_9001_PV2|202547|CONSTRAINED|CONSTRAINED|CONSTRAINED_202547_2025-11-20_0656|BY_IF
100000000008|1006|1446|08-OCT-2026|26-SEP-2026|12.5|100000000008_1006_9001_PV2|202547|CONSTRAINED|CONSTRAINED|CONSTRAINED_202547_2025-11-20_0656|BY_IF
100000000008|1006|1445|08-OCT-2026|26-SEP-2026|12.5|100000000008_1006_9001_PV2|202547|CONSTRAINED|CONSTRAINED|CONSTRAINED_202547_2025-11-20_0656|BY_IF
100000000008|1006|1444|01-OCT-2026|19-SEP-2026|12.5|100000000008_1006_9001_PV2|202547|CONSTRAINED|CONSTRAINED|CONSTRAINED_202547_2025-11-20_0656|BY_IF
100000000008|1006|1443|01-OCT-2026|19-SEP-2026|12.5|100000000008_1006_9001_PV2|202547|CONSTRAINED|CONSTRAINED|CONSTRAINED_202547_2025-11-20_0656|BY_IF
100000000008|1006|1442|01-OCT-2026|19-SEP-2026|12.5|100000000008_1006_9001_PV2|202547|CONSTRAINED|CONSTRAINED|CONSTRAINED_202547_2025-11-20_0656|BY_IF
100000000008|1006|1441|24-SEP-2026|12-SEP-2026|12.5|100000000008_1006_9001_PV2|202547|CONSTRAINED|CONSTRAINED|CONSTRAINED_202547_2025-11-20_0656|BY_IF
100000000008|1006|1440|24-SEP-2026|12-SEP-2026|12.5|100000000008_1006_9001_PV2|202547|CONSTRAINED|CONSTRAINED|CONSTRAINED_202547_2025-11-20_0656|BY_IF
100000000008|1006|1439|24-SEP-2026|12-SEP-2026|12.5|100000000008_1006_9001_PV2|202547|CONSTRAINED|CONSTRAINED|CONSTRAINED_202547_2025-11-20_0656|BY_IF
100000000008|1006|1438|17-SEP-2026|05-SEP-2026|12.5|100000000008_1006_9001_PV2|202547|CONSTRAINED|CONSTRAINED|CONSTRAINED_202547_2025-11-20_0656|BY_IF
100000000008|1006|1437|17-SEP-2026|05-SEP-2026|12.5|100000000008_1006_9001_PV2|202547|CONSTRAINED|CONSTRAINED|CONSTRAINED_202547_2025-11-20_0656|BY_IF
100000000008|1006|1436|17-SEP-2026|05-SEP-2026|12.5|100000000008_1006_9001_PV2|202547|CONSTRAINED|CONSTRAINED|CONSTRAINED_202547_2025-11-20_0656|BY_IF
100000000008|1006|1435|10-SEP-2026|29-AUG-2026|12.5|100000000008_1006_9001_PV2|202547|CONSTRAINED|CONSTRAINED|CONSTRAINED_202547_2025-11-20_0656|BY_IF
100000000008|1006|1434|10-SEP-2026|29-AUG-2026|12.5|100000000008_1006_9001_PV2|202547|CONSTRAINED|CONSTRAINED|CONSTRAINED_202547_2025-11-20_0656|BY_IF
100000000008|1006|1433|10-SEP-2026|29-AUG-2026|12.5|100000000008_1006_9001_PV2|202547|CONSTRAINED|CONSTRAINED|CONSTRAINED_202547_2025-11-20_0656|BY_IF
100000000008|1006|1432|03-SEP-2026|22-AUG-2026|12.5|100000000008_1006_9001_PV2|202547|CONSTRAINED|CONSTRAINED|CONSTRAINED_202547_2025-11-20_0656|BY_IF
100000000008|1006|1431|03-SEP-2026|22-AUG-2026|12.5|100000000008_1006_9001_PV2|202547|CONSTRAINED|CONSTRAINED|CONSTRAINED_202547_2025-11-20_0656|BY_IF
100000000008|1006|1430|03-SEP-2026|22-AUG-2026|12.5|100000000008_1006_9001_PV2|202547|CONSTRAINED|CONSTRAINED|CONSTRAINED_202547_2025-11-20_0656|BY_IF
100000000008|1006|1429|27-AUG-2026|15-AUG-2026|12.5|100000000008_1006_9001_PV2|202547|CONSTRAINED|CONSTRAINED|CONSTRAINED_202547_2025-11-20_0656|BY_IF
100000000008|1006|1428|27-AUG-2026|15-AUG-2026|12.5|100000000008_1006_9001_PV2|202547|CONSTRAINED|CONSTRAINED|CONSTRAINED_202547_2025-11-20_0656|BY_IF
100000000008|1006|1427|27-AUG-2026|15-AUG-2026|12.5|100000000008_1006_9001_PV2|202547|CONSTRAINED|CONSTRAINED|CONSTRAINED_202547_2025-11-20_0656|BY_IF
100000000008|1006|1426|20-AUG-2026|08-AUG-2026|12.5|100000000008_1006_9001_PV2|202547|CONSTRAINED|CONSTRAINED|CONSTRAINED_202547_2025-11-20_0656|BY_IF
100000000008|1006|1425|20-AUG-2026|08-AUG-2026|12.5|100000000008_1006_9001_PV2|202547|CONSTRAINED|CONSTRAINED|CONSTRAINED_202547_2025-11-20_0656|BY_IF
100000000008|1006|1424|20-AUG-2026|08-AUG-2026|12.5|100000000008_1006_9001_PV2|202547|CONSTRAINED|CONSTRAINED|CONSTRAINED_202547_2025-11-20_0656|BY_IF
100000000008|1006|1423|13-AUG-2026|01-AUG-2026|12.5|100000000008_1006_9001_PV2|202547|CONSTRAINED|CONSTRAINED|CONSTRAINED_202547_2025-11-20_0656|BY_IF
100000000008|1006|1422|13-AUG-2026|01-AUG-2026|12.5|100000000008_1006_9001_PV2|202547|CONSTRAINED|CONSTRAINED|CONSTRAINED_202547_2025-11-20_0656|BY_IF
100000000008|1006|1421|13-AUG-2026|01-AUG-2026|12.5|100000000008_1006_9001_PV2|202547|CONSTRAINED|CONSTRAINED|CONSTRAINED_202547_2025-11-20_0656|BY_IF
100000000008|1006|1420|06-AUG-2026|25-JUL-2026|12.5|100000000008_1006_9001_PV2|202547|CONSTRAINED|CONSTRAINED|CONSTRAINED_202547_2025-11-20_0656|BY_IF
100000000008|1006|1419|06-AUG-2026|25-JUL-2026|12.5|100000000008_1006_9001_PV2|202547|CONSTRAINED|CONSTRAINED|CONSTRAINED_202547_2025-11-20_0656|BY_IF
100000000008|1006|1418|06-AUG-2026|25-JUL-2026|12.5|100000000008_1006_9001_PV2|202547|CONSTRAINED|CONSTRAINED|CONSTRAINED_202547_2025-11-20_0656|BY_IF
100000000008|1006|1417|30-JUL-2026|18-JUL-2026|12.5|100000000008_1006_9001_PV2|202547|CONSTRAINED|CONSTRAINED|CONSTRAINED_202547_2025-11-20_0656|BY_IF
100000000008|1006|1416|30-JUL-2026|18-JUL-2026|12.5|100000000008_1006_9001_PV2|202547|CONSTRAINED|CONSTRAINED|CONSTRAINED_202547_2025-11-20_0656|BY_IF
100000000008|1006|1415|30-JUL-2026|18-JUL-2026|12.5|100000000008_1006_9001_PV2|202547|CONSTRAINED|CONSTRAINED|CONSTRAINED_202547_2025-11-20_0656|BY_IF
100000000008|1006|1414|23-JUL-2026|11-JUL-2026|12.5|100000000008_1006_9001_PV2|202547|CONSTRAINED|CONSTRAINED|CONSTRAINED_202547_2025-11-20_0656|BY_IF
100000000008|1006|1413|23-JUL-2026|11-JUL-2026|12.5|100000000008_1006_9001_PV2|202547|CONSTRAINED|CONSTRAINED|CONSTRAINED_202547_2025-11-20_0656|BY_IF
100000000008|1006|1412|23-JUL-2026|11-JUL-2026|12.5|100000000008_1006_9001_PV2|202547|CONSTRAINED|CONSTRAINED|CONSTRAINED_202547_2025-11-20_0656|BY_IF
100000000008|1006|1411|16-JUL-2026|04-JUL-2026|12.5|100000000008_1006_9001_PV2|202547|CONSTRAINED|CONSTRAINED|CONSTRAINED_202547_2025-11-20_0656|BY_IF
100000000008|1006|1410|16-JUL-2026|04-JUL-2026|12.5|100000000008_1006_9001_PV2|202547|CONSTRAINED|CONSTRAINED|CONSTRAINED_202547_2025-11-20_0656|BY_IF
100000000008|1006|1409|16-JUL-2026|04-JUL-2026|12.5|100000000008_1006_9001_PV2|202547|CONSTRAINED|CONSTRAINED|CONSTRAINED_202547_2025-11-20_0656|BY_IF
100000000008|1006|1408|09-JUL-2026|27-JUN-2026|12.5|100000000008_1006_9001_PV2|202547|CONSTRAINED|CONSTRAINED|CONSTRAINED_202547_2025-11-20_0656|BY_IF
100000000008|1006|1407|09-JUL-2026|27-JUN-2026|12.5|100000000008_1006_9001_PV2|202547|CONSTRAINED|CONSTRAINED|CONSTRAINED_202547_2025-11-20_0656|BY_IF
100000000008|1006|1406|09-JUL-2026|27-JUN-2026|12.5|100000000008_1006_9001_PV2|202547|CONSTRAINED|CONSTRAINED|CONSTRAINED_202547_2025-11-20_0656|BY_IF
100000000008|1006|1405|02-JUL-2026|20-JUN-2026|12.5|100000000008_1006_9001_PV2|202547|CONSTRAINED|CONSTRAINED|CONSTRAINED_202547_2025-11-20_0656|BY_IF
100000000008|1006|1404|02-JUL-2026|20-JUN-2026|12.5|100000000008_1006_9001_PV2|202547|CONSTRAINED|CONSTRAINED|CONSTRAINED_202547_2025-11-20_0656|BY_IF
100000000008|1006|1403|02-JUL-2026|20-JUN-2026|12.5|100000000008_1006_9001_PV2|202547|CONSTRAINED|CONSTRAINED|CONSTRAINED_202547_2025-11-20_0656|BY_IF
100000000008|1006|1402|25-JUN-2026|13-JUN-2026|12.5|100000000008_1006_9001_PV2|202547|CONSTRAINED|CONSTRAINED|CONSTRAINED_202547_2025-11-20_0656|BY_IF
100000000008|1006|1401|25-JUN-2026|13-JUN-2026|12.5|100000000008_1006_9001_PV2|202547|CONSTRAINED|CONSTRAINED|CONSTRAINED_202547_2025-11-20_0656|BY_IF
100000000008|1006|1400|25-JUN-2026|13-JUN-2026|12.5|100000000008_1006_9001_PV2|202547|CONSTRAINED|CONSTRAINED|CONSTRAINED_202547_2025-11-20_0656|BY_IF
100000000008|1006|1399|18-JUN-2026|06-JUN-2026|12.5|100000000008_1006_9001_PV2|202547|CONSTRAINED|CONSTRAINED|CONSTRAINED_202547_2025-11-20_0656|BY_IF
100000000008|1006|1398|18-JUN-2026|06-JUN-2026|12.5|100000000008_1006_9001_PV2|202547|CONSTRAINED|CONSTRAINED|CONSTRAINED_202547_2025-11-20_0656|BY_IF
100000000008|1006|1397|18-JUN-2026|06-JUN-2026|12.5|100000000008_1006_9001_PV2|202547|CONSTRAINED|CONSTRAINED|CONSTRAINED_202547_2025-11-20_0656|BY_IF
100000000008|1006|1396|11-JUN-2026|30-MAY-2026|12.5|100000000008_1006_9001_PV2|202547|CONSTRAINED|CONSTRAINED|CONSTRAINED_202547_2025-11-20_0656|BY_IF
100000000008|1006|1395|11-JUN-2026|30-MAY-2026|12.5|100000000008_1006_9001_PV2|202547|CONSTRAINED|CONSTRAINED|CONSTRAINED_202547_2025-11-20_0656|BY_IF
100000000008|1006|1394|11-JUN-2026|30-MAY-2026|12.5|100000000008_1006_9001_PV2|202547|CONSTRAINED|CONSTRAINED|CONSTRAINED_202547_2025-11-20_0656|BY_IF
100000000008|1006|1393|04-JUN-2026|23-MAY-2026|12.5|100000000008_1006_9001_PV2|202547|CONSTRAINED|CONSTRAINED|CONSTRAINED_202547_2025-11-20_0656|BY_IF
100000000008|1006|1392|04-JUN-2026|23-MAY-2026|12.5|100000000008_1006_9001_PV2|202547|CONSTRAINED|CONSTRAINED|CONSTRAINED_202547_2025-11-20_0656|BY_IF
100000000008|1006|1391|04-JUN-2026|23-MAY-2026|12.5|100000000008_1006_9001_PV2|202547|CONSTRAINED|CONSTRAINED|CONSTRAINED_202547_2025-11-20_0656|BY_IF
100000000008|1006|1390|28-MAY-2026|16-MAY-2026|12.5|100000000008_1006_9001_PV2|202547|CONSTRAINED|CONSTRAINED|CONSTRAINED_202547_2025-11-20_0656|BY_IF
100000000008|1006|1389|28-MAY-2026|16-MAY-2026|12.5|100000000008_1006_9001_PV2|202547|CONSTRAINED|CONSTRAINED|CONSTRAINED_202547_2025-11-20_0656|BY_IF
100000000008|1006|1388|28-MAY-2026|16-MAY-2026|12.5|100000000008_1006_9001_PV2|202547|CONSTRAINED|CONSTRAINED|CONSTRAINED_202547_2025-11-20_0656|BY_IF
100000000008|1006|1387|21-MAY-2026|09-MAY-2026|12.5|100000000008_1006_9001_PV2|202547|CONSTRAINED|CONSTRAINED|CONSTRAINED_202547_2025-11-20_0656|BY_IF
100000000008|1006|1386|21-MAY-2026|09-MAY-2026|12.5|100000000008_1006_9001_PV2|202547|CONSTRAINED|CONSTRAINED|CONSTRAINED_202547_2025-11-20_0656|BY_IF
100000000008|1006|1385|21-MAY-2026|09-MAY-2026|12.5|100000000008_1006_9001_PV2|202547|CONSTRAINED|CONSTRAINED|CONSTRAINED_202547_2025-11-20_0656|BY_IF
100000000008|1006|1384|14-MAY-2026|02-MAY-2026|12.5|100000000008_1006_9001_PV2|202547|CONSTRAINED|CONSTRAINED|CONSTRAINED_202547_2025-11-20_0656|BY_IF
100000000008|1006|1383|14-MAY-2026|02-MAY-2026|12.5|100000000008_1006_9001_PV2|202547|CONSTRAINED|CONSTRAINED|CONSTRAINED_202547_2025-11-20_0656|BY_IF
100000000008|1006|1382|14-MAY-2026|02-MAY-2026|12.5|100000000008_1006_9001_PV2|202547|CONSTRAINED|CONSTRAINED|CONSTRAINED_202547_2025-11-20_0656|BY_IF
100000000008|1006|1381|07-MAY-2026|25-APR-2026|12.5|100000000008_1006_9001_PV2|202547|CONSTRAINED|CONSTRAINED|CONSTRAINED_202547_2025-11-20_0656|BY_IF
100000000008|1006|1380|07-MAY-2026|25-APR-2026|12.5|100000000008_1006_9001_PV2|202547|CONSTRAINED|CONSTRAINED|CONSTRAINED_202547_2025-11-20_0656|BY_IF
100000000008|1006|1379|07-MAY-2026|25-APR-2026|12.5|100000000008_1006_9001_PV2|202547|CONSTRAINED|CONSTRAINED|CONSTRAINED_202547_2025-11-20_0656|BY_IF
100000000008|1006|1378|30-APR-2026|18-APR-2026|12.5|100000000008_1006_9001_PV2|202547|CONSTRAINED|CONSTRAINED|CONSTRAINED_202547_2025-11-20_0656|BY_IF
100000000008|1006|1377|30-APR-2026|18-APR-2026|12.5|100000000008_1006_9001_PV2|202547|CONSTRAINED|CONSTRAINED|CONSTRAINED_202547_2025-11-20_0656|BY_IF
100000000008|1006|1376|30-APR-2026|18-APR-2026|12.5|100000000008_1006_9001_PV2|202547|CONSTRAINED|CONSTRAINED|CONSTRAINED_202547_2025-11-20_0656|BY_IF
100000000008|1006|1375|23-APR-2026|11-APR-2026|12.5|100000000008_1006_9001_PV2|202547|CONSTRAINED|CONSTRAINED|CONSTRAINED_202547_2025-11-20_0656|BY_IF
100000000008|1006|1374|23-APR-2026|11-APR-2026|12.5|100000000008_1006_9001_PV2|202547|CONSTRAINED|CONSTRAINED|CONSTRAINED_202547_2025-11-20_0656|BY_IF
100000000008|1006|1373|23-APR-2026|11-APR-2026|12.5|100000000008_1006_9001_PV2|202547|CONSTRAINED|CONSTRAINED|CONSTRAINED_202547_2025-11-20_0656|BY_IF
100000000008|1006|1372|16-APR-2026|04-APR-2026|12.5|100000000008_1006_9001_PV2|202547|CONSTRAINED|CONSTRAINED|CONSTRAINED_202547_2025-11-20_0656|BY_IF
100000000008|1006|1371|16-APR-2026|04-APR-2026|12.5|100000000008_1006_9001_PV2|202547|CONSTRAINED|CONSTRAINED|CONSTRAINED_202547_2025-11-20_0656|BY_IF
100000000008|1006|1370|16-APR-2026|04-APR-2026|12.5|100000000008_1006_9001_PV2|202547|CONSTRAINED|CONSTRAINED|CONSTRAINED_202547_2025-11-20_0656|BY_IF
100000000008|1006|1369|09-APR-2026|28-MAR-2026|12.5|100000000008_1006_9001_PV2|202547|CONSTRAINED|CONSTRAINED|CONSTRAINED_202547_2025-11-20_0656|BY_IF
100000000008|1006|1368|09-APR-2026|28-MAR-2026|12.5|100000000008_1006_9001_PV2|202547|CONSTRAINED|CONSTRAINED|CONSTRAINED_202547_2025-11-20_0656|BY_IF
100000000008|1006|1367|09-APR-2026|28-MAR-2026|12.5|100000000008_1006_9001_PV2|202547|CONSTRAINED|CONSTRAINED|CONSTRAINED_202547_2025-11-20_0656|BY_IF
100000000008|1006|1366|02-APR-2026|21-MAR-2026|12.5|100000000008_1006_9001_PV2|202547|CONSTRAINED|CONSTRAINED|CONSTRAINED_202547_2025-11-20_0656|BY_IF
100000000008|1006|1365|02-APR-2026|21-MAR-2026|12.5|100000000008_1006_9001_PV2|202547|CONSTRAINED|CONSTRAINED|CONSTRAINED_202547_2025-11-20_0656|BY_IF
100000000008|1006|1364|02-APR-2026|21-MAR-2026|12.5|100000000008_1006_9001_PV2|202547|CONSTRAINED|CONSTRAINED|CONSTRAINED_202547_2025-11-20_0656|BY_IF
100000000008|1006|1363|26-MAR-2026|14-MAR-2026|12.5|100000000008_1006_9001_PV2|202547|CONSTRAINED|CONSTRAINED|CONSTRAINED_202547_2025-11-20_0656|BY_IF
100000000008|1006|1362|26-MAR-2026|14-MAR-2026|12.5|100000000008_1006_9001_PV2|202547|CONSTRAINED|CONSTRAINED|CONSTRAINED_202547_2025-11-20_0656|BY_IF
100000000008|1006|1361|26-MAR-2026|14-MAR-2026|12.5|100000000008_1006_9001_PV2|202547|CONSTRAINED|CONSTRAINED|CONSTRAINED_202547_2025-11-20_0656|BY_IF
100000000008|1006|1360|19-MAR-2026|07-MAR-2026|12.5|100000000008_1006_9001_PV2|202547|CONSTRAINED|CONSTRAINED|CONSTRAINED_202547_2025-11-20_0656|BY_IF
100000000008|1006|1359|19-MAR-2026|07-MAR-2026|12.5|100000000008_1006_9001_PV2|202547|CONSTRAINED|CONSTRAINED|CONSTRAINED_202547_2025-11-20_0656|BY_IF
100000000008|1006|1358|19-MAR-2026|07-MAR-2026|12.5|100000000008_1006_9001_PV2|202547|CONSTRAINED|CONSTRAINED|CONSTRAINED_202547_2025-11-20_0656|BY_IF
100000000008|1006|1357|12-MAR-2026|28-FEB-2026|12.5|100000000008_1006_9001_PV2|202547|CONSTRAINED|CONSTRAINED|CONSTRAINED_202547_2025-11-20_0656|BY_IF
100000000008|1006|1356|12-MAR-2026|28-FEB-2026|12.5|100000000008_1006_9001_PV2|202547|CONSTRAINED|CONSTRAINED|CONSTRAINED_202547_2025-11-20_0656|BY_IF
100000000008|1006|1355|12-MAR-2026|28-FEB-2026|12.5|100000000008_1006_9001_PV2|202547|CONSTRAINED|CONSTRAINED|CONSTRAINED_202547_2025-11-20_0656|BY_IF
100000000008|1006|1354|05-MAR-2026|21-FEB-2026|12.5|100000000008_1006_9001_PV2|202547|CONSTRAINED|CONSTRAINED|CONSTRAINED_202547_2025-11-20_0656|BY_IF
100000000008|1006|1353|05-MAR-2026|21-FEB-2026|12.5|100000000008_1006_9001_PV2|202547|CONSTRAINED|CONSTRAINED|CONSTRAINED_202547_2025-11-20_0656|BY_IF
100000000008|1006|1352|05-MAR-2026|21-FEB-2026|12.5|100000000008_1006_9001_PV2|202547|CONSTRAINED|CONSTRAINED|CONSTRAINED_202547_2025-11-20_0656|BY_IF
100000000008|1006|1351|26-FEB-2026|14-FEB-2026|12.5|100000000008_1006_9001_PV2|202547|CONSTRAINED|CONSTRAINED|CONSTRAINED_202547_2025-11-20_0656|BY_IF
100000000008|1006|1350|26-FEB-2026|14-FEB-2026|12.5|100000000008_1006_9001_PV2|202547|CONSTRAINED|CONSTRAINED|CONSTRAINED_202547_2025-11-20_0656|BY_IF
100000000008|1006|1349|26-FEB-2026|14-FEB-2026|12.5|100000000008_1006_9001_PV2|202547|CONSTRAINED|CONSTRAINED|CONSTRAINED_202547_2025-11-20_0656|BY_IF
100000000008|1006|1348|19-FEB-2026|07-FEB-2026|12.5|100000000008_1006_9001_PV2|202547|CONSTRAINED|CONSTRAINED|CONSTRAINED_202547_2025-11-20_0656|BY_IF
100000000008|1006|1347|19-FEB-2026|07-FEB-2026|12.5|100000000008_1006_9001_PV2|202547|CONSTRAINED|CONSTRAINED|CONSTRAINED_202547_2025-11-20_0656|BY_IF
100000000008|1006|1346|19-FEB-2026|07-FEB-2026|12.5|100000000008_1006_9001_PV2|202547|CONSTRAINED|CONSTRAINED|CONSTRAINED_202547_2025-11-20_0656|BY_IF
100000000008|1006|1345|12-FEB-2026|31-JAN-2026|12.5|100000000008_1006_9001_PV2|202547|CONSTRAINED|CONSTRAINED|CONSTRAINED_202547_2025-11-20_0656|BY_IF
100000000008|1006|1344|12-FEB-2026|31-JAN-2026|12.5|100000000008_1006_9001_PV2|202547|CONSTRAINED|CONSTRAINED|CONSTRAINED_202547_2025-11-20_0656|BY_IF
100000000008|1006|1343|12-FEB-2026|31-JAN-2026|12.5|100000000008_1006_9001_PV2|202547|CONSTRAINED|CONSTRAINED|CONSTRAINED_202547_2025-11-20_0656|BY_IF
100000000008|1006|1342|05-FEB-2026|24-JAN-2026|12.5|100000000008_1006_9001_PV2|202547|CONSTRAINED|CONSTRAINED|CONSTRAINED_202547_2025-11-20_0656|BY_IF
100000000008|1006|1341|05-FEB-2026|24-JAN-2026|12.5|100000000008_1006_9001_PV2|202547|CONSTRAINED|CONSTRAINED|CONSTRAINED_202547_2025-11-20_0656|BY_IF
100000000008|1006|1340|05-FEB-2026|24-JAN-2026|12.5|100000000008_1006_9001_PV2|202547|CONSTRAINED|CONSTRAINED|CONSTRAINED_202547_2025-11-20_0656|BY_IF
100000000008|1006|1339|29-JAN-2026|17-JAN-2026|20.5|100000000008_1006_9001_PV2|202547|CONSTRAINED|CONSTRAINED|CONSTRAINED_202547_2025-11-20_0656|BY_IF
100000000008|1006|1338|29-JAN-2026|17-JAN-2026|4.5|100000000008_1006_9001_PV2|202547|CONSTRAINED|CONSTRAINED|CONSTRAINED_202547_2025-11-20_0656|BY_IF
100000000008|1006|1337|29-JAN-2026|17-JAN-2026|4.5|100000000008_1006_9001_PV2|202547|CONSTRAINED|CONSTRAINED|CONSTRAINED_202547_2025-11-20_0656|BY_IF
100000000008|1006|1336|22-JAN-2026|10-JAN-2026|25|100000000008_1006_9001_PV2|202547|CONSTRAINED|CONSTRAINED|CONSTRAINED_202547_2025-11-20_0656|BY_IF
100000000008|1006|1335|15-JAN-2026|03-JAN-2026|25|100000000008_1006_9001_PV2|202547|CONSTRAINED|CONSTRAINED|CONSTRAINED_202547_2025-11-20_0656|BY_IF
100000000008|1006|1334|08-JAN-2026|27-DEC-2025|25|100000000008_1006_9001_PV2|202547|CONSTRAINED|CONSTRAINED|CONSTRAINED_202547_2025-11-20_0656|BY_IF
100000000008|1006|1333|01-JAN-2026|20-DEC-2025|25|100000000008_1006_9001_PV2|202547|CONSTRAINED|CONSTRAINED|CONSTRAINED_202547_2025-11-20_0656|BY_IF
100000000008|1006|1332|25-DEC-2025|13-DEC-2025|25|100000000008_1006_9001_PV2|202547|CONSTRAINED|CONSTRAINED|CONSTRAINED_202547_2025-11-20_0656|BY_IF
100000000008|1006|1331|18-DEC-2025|06-DEC-2025|25|100000000008_1006_9001_PV2|202547|CONSTRAINED|CONSTRAINED|CONSTRAINED_202547_2025-11-20_0656|BY_IF
100000000008|1006|1330|11-DEC-2025|29-NOV-2025|25|100000000008_1006_9001_PV2|202547|CONSTRAINED|CONSTRAINED|CONSTRAINED_202547_2025-11-20_0656|BY_IF
100000000008|1006|1329|04-DEC-2025|22-NOV-2025|25|100000000008_1006_9001_PV2|202547|CONSTRAINED|CONSTRAINED|CONSTRAINED_202547_2025-11-20_0656|BY_IF
100000000008|1006|1328|27-NOV-2025|15-NOV-2025|25|100000000008_1006_9001_PV2|202547|CONSTRAINED|CONSTRAINED|CONSTRAINED_202547_2025-11-20_0656|BY_IF
100000000008|1006|1327|20-NOV-2025|08-NOV-2025|25|100000000008_1006_9001_PV2|202547|CONSTRAINED|CONSTRAINED|CONSTRAINED_202547_2025-11-20_0656|BY_IF
100000000008|1006|1326|13-NOV-2025|01-NOV-2025|25|100000000008_1006_9001_PV2|202547|CONSTRAINED|CONSTRAINED|CONSTRAINED_202547_2025-11-20_0656|BY_IF
100000000008|1006|1325|06-NOV-2025|25-OCT-2025|25|100000000008_1006_9001_PV2|202547|CONSTRAINED|CONSTRAINED|CONSTRAINED_202547_2025-11-20_0656|BY_IF
100000000008|1006|1324|30-OCT-2025|18-OCT-2025|25|100000000008_1006_9001_PV2|202547|CONSTRAINED|CONSTRAINED|CONSTRAINED_202547_2025-11-20_0656|BY_IF
100000000008|1006|1323|23-OCT-2025|11-OCT-2025|25|100000000008_1006_9001_PV2|202547|CONSTRAINED|CONSTRAINED|CONSTRAINED_202547_2025-11-20_0656|BY_IF
100000000008|1006|1322|16-OCT-2025|04-OCT-2025|25|100000000008_1006_9001_PV2|202547|CONSTRAINED|CONSTRAINED|CONSTRAINED_202547_2025-11-20_0656|BY_IF
100000000008|1006|1321|09-OCT-2025|27-SEP-2025|18|100000000008_1006_9001_PV2|202547|CONSTRAINED|CONSTRAINED|CONSTRAINED_202547_2025-11-20_0656|BY_IF
100000000008|1006|1320|09-OCT-2025|27-SEP-2025|7|100000000008_1006_9001_PV2|202547|CONSTRAINED|CONSTRAINED|CONSTRAINED_202547_2025-11-20_0656|BY_IF
100000000008|1006|1319|09-OCT-2025|27-SEP-2025|7|100000000008_1006_9001_PV2|202547|CONSTRAINED|CONSTRAINED|CONSTRAINED_202547_2025-11-20_0656|BY_IF
100000000008|1006|1318|02-OCT-2025|20-SEP-2025|12.5|100000000008_1006_9001_PV2|202547|CONSTRAINED|CONSTRAINED|CONSTRAINED_202547_2025-11-20_0656|BY_IF
100000000008|1006|1317|02-OCT-2025|20-SEP-2025|12.5|100000000008_1006_9001_PV2|202547|CONSTRAINED|CONSTRAINED|CONSTRAINED_202547_2025-11-20_0656|BY_IF
100000000008|1006|1316|02-OCT-2025|20-SEP-2025|12.5|100000000008_1006_9001_PV2|202547|CONSTRAINED|CONSTRAINED|CONSTRAINED_202547_2025-11-20_0656|BY_IF
100000000008|1006|1315|25-SEP-2025|13-SEP-2025|12.5|100000000008_1006_9001_PV2|202547|CONSTRAINED|CONSTRAINED|CONSTRAINED_202547_2025-11-20_0656|BY_IF
100000000008|1006|1314|25-SEP-2025|13-SEP-2025|12.5|100000000008_1006_9001_PV2|202547|CONSTRAINED|CONSTRAINED|CONSTRAINED_202547_2025-11-20_0656|BY_IF
100000000008|1006|1313|25-SEP-2025|13-SEP-2025|12.5|100000000008_1006_9001_PV2|202547|CONSTRAINED|CONSTRAINED|CONSTRAINED_202547_2025-11-20_0656|BY_IF
100000000008|1006|1312|18-SEP-2025|06-SEP-2025|12.5|100000000008_1006_9001_PV2|202547|CONSTRAINED|CONSTRAINED|CONSTRAINED_202547_2025-11-20_0656|BY_IF
100000000008|1006|1311|18-SEP-2025|06-SEP-2025|12.5|100000000008_1006_9001_PV2|202547|CONSTRAINED|CONSTRAINED|CONSTRAINED_202547_2025-11-20_0656|BY_IF
100000000008|1006|1310|18-SEP-2025|06-SEP-2025|12.5|100000000008_1006_9001_PV2|202547|CONSTRAINED|CONSTRAINED|CONSTRAINED_202547_2025-11-20_0656|BY_IF
100000000008|1006|1309|11-SEP-2025|30-AUG-2025|12.5|100000000008_1006_9001_PV2|202547|CONSTRAINED|CONSTRAINED|CONSTRAINED_202547_2025-11-20_0656|BY_IF
100000000008|1006|1308|11-SEP-2025|30-AUG-2025|12.5|100000000008_1006_9001_PV2|202547|CONSTRAINED|CONSTRAINED|CONSTRAINED_202547_2025-11-20_0656|BY_IF
100000000008|1006|1307|11-SEP-2025|30-AUG-2025|12.5|100000000008_1006_9001_PV2|202547|CONSTRAINED|CONSTRAINED|CONSTRAINED_202547_2025-11-20_0656|BY_IF
100000000008|1006|1306|04-SEP-2025|23-AUG-2025|12.5|100000000008_1006_9001_PV2|202547|CONSTRAINED|CONSTRAINED|CONSTRAINED_202547_2025-11-20_0656|BY_IF
100000000008|1006|1305|04-SEP-2025|23-AUG-2025|12.5|100000000008_1006_9001_PV2|202547|CONSTRAINED|CONSTRAINED|CONSTRAINED_202547_2025-11-20_0656|BY_IF
100000000008|1006|1304|04-SEP-2025|23-AUG-2025|12.5|100000000008_1006_9001_PV2|202547|CONSTRAINED|CONSTRAINED|CONSTRAINED_202547_2025-11-20_0656|BY_IF
100000000008|1006|1303|28-AUG-2025|16-AUG-2025|12.5|100000000008_1006_9001_PV2|202547|CONSTRAINED|CONSTRAINED|CONSTRAINED_202547_2025-11-20_0656|BY_IF
100000000008|1006|1302|28-AUG-2025|16-AUG-2025|12.5|100000000008_1006_9001_PV2|202547|CONSTRAINED|CONSTRAINED|CONSTRAINED_202547_2025-11-20_0656|BY_IF
100000000008|1006|1301|28-AUG-2025|16-AUG-2025|12.5|100000000008_1006_9001_PV2|202547|CONSTRAINED|CONSTRAINED|CONSTRAINED_202547_2025-11-20_0656|BY_IF
100000000008|1006|1300|21-AUG-2025|09-AUG-2025|12.5|100000000008_1006_9001_PV2|202547|CONSTRAINED|CONSTRAINED|CONSTRAINED_202547_2025-11-20_0656|BY_IF
100000000008|1006|1299|21-AUG-2025|09-AUG-2025|12.5|100000000008_1006_9001_PV2|202547|CONSTRAINED|CONSTRAINED|CONSTRAINED_202547_2025-11-20_0656|BY_IF
100000000008|1006|1298|21-AUG-2025|09-AUG-2025|12.5|100000000008_1006_9001_PV2|202547|CONSTRAINED|CONSTRAINED|CONSTRAINED_202547_2025-11-20_0656|BY_IF
100000000008|1006|1297|14-AUG-2025|02-AUG-2025|12.5|100000000008_1006_9001_PV2|202547|CONSTRAINED|CONSTRAINED|CONSTRAINED_202547_2025-11-20_0656|BY_IF
100000000008|1006|1296|14-AUG-2025|02-AUG-2025|12.5|100000000008_1006_9001_PV2|202547|CONSTRAINED|CONSTRAINED|CONSTRAINED_202547_2025-11-20_0656|BY_IF
100000000008|1006|1295|14-AUG-2025|02-AUG-2025|12.5|100000000008_1006_9001_PV2|202547|CONSTRAINED|CONSTRAINED|CONSTRAINED_202547_2025-11-20_0656|BY_IF
100000000009|1006|6241|10-OCT-2026|10-OCT-2026|75|100000000009_1006_316|202547|CONSTRAINED|CONSTRAINED|CONSTRAINED_202547_2025-11-20_0656|BY_IF
100000000009|1006|6240|03-OCT-2026|03-OCT-2026|75|100000000009_1006_316|202547|CONSTRAINED|CONSTRAINED|CONSTRAINED_202547_2025-11-20_0656|BY_IF
100000000009|1006|6239|26-SEP-2026|26-SEP-2026|75|100000000009_1006_316|202547|CONSTRAINED|CONSTRAINED|CONSTRAINED_202547_2025-11-20_0656|BY_IF
100000000009|1006|6238|19-SEP-2026|19-SEP-2026|75|100000000009_1006_316|202547|CONSTRAINED|CONSTRAINED|CONSTRAINED_202547_2025-11-20_0656|BY_IF
100000000009|1006|6237|12-SEP-2026|12-SEP-2026|75|100000000009_1006_316|202547|CONSTRAINED|CONSTRAINED|CONSTRAINED_202547_2025-11-20_0656|BY_IF
100000000009|1006|6236|05-SEP-2026|05-SEP-2026|75|100000000009_1006_316|202547|CONSTRAINED|CONSTRAINED|CONSTRAINED_202547_2025-11-20_0656|BY_IF
100000000009|1006|6235|29-AUG-2026|29-AUG-2026|75|100000000009_1006_316|202547|CONSTRAINED|CONSTRAINED|CONSTRAINED_202547_2025-11-20_0656|BY_IF
100000000009|1006|6234|22-AUG-2026|22-AUG-2026|75|100000000009_1006_316|202547|CONSTRAINED|CONSTRAINED|CONSTRAINED_202547_2025-11-20_0656|BY_IF
100000000009|1006|6233|15-AUG-2026|15-AUG-2026|75|100000000009_1006_316|202547|CONSTRAINED|CONSTRAINED|CONSTRAINED_202547_2025-11-20_0656|BY_IF
100000000009|1006|6232|08-AUG-2026|08-AUG-2026|75|100000000009_1006_316|202547|CONSTRAINED|CONSTRAINED|CONSTRAINED_202547_2025-11-20_0656|BY_IF
100000000009|1006|6231|01-AUG-2026|01-AUG-2026|75|100000000009_1006_316|202547|CONSTRAINED|CONSTRAINED|CONSTRAINED_202547_2025-11-20_0656|BY_IF
100000000009|1006|6230|25-JUL-2026|25-JUL-2026|75|100000000009_1006_316|202547|CONSTRAINED|CONSTRAINED|CONSTRAINED_202547_2025-11-20_0656|BY_IF
100000000009|1006|6229|18-JUL-2026|18-JUL-2026|75|100000000009_1006_316|202547|CONSTRAINED|CONSTRAINED|CONSTRAINED_202547_2025-11-20_0656|BY_IF
100000000009|1006|6228|11-JUL-2026|11-JUL-2026|75|100000000009_1006_316|202547|CONSTRAINED|CONSTRAINED|CONSTRAINED_202547_2025-11-20_0656|BY_IF
100000000009|1006|6227|04-JUL-2026|04-JUL-2026|75|100000000009_1006_316|202547|CONSTRAINED|CONSTRAINED|CONSTRAINED_202547_2025-11-20_0656|BY_IF
100000000009|1006|6226|27-JUN-2026|27-JUN-2026|75|100000000009_1006_316|202547|CONSTRAINED|CONSTRAINED|CONSTRAINED_202547_2025-11-20_0656|BY_IF
100000000009|1006|6225|20-JUN-2026|20-JUN-2026|75|100000000009_1006_316|202547|CONSTRAINED|CONSTRAINED|CONSTRAINED_202547_2025-11-20_0656|BY_IF
100000000009|1006|6224|13-JUN-2026|13-JUN-2026|75|100000000009_1006_316|202547|CONSTRAINED|CONSTRAINED|CONSTRAINED_202547_2025-11-20_0656|BY_IF
100000000009|1006|6223|06-JUN-2026|06-JUN-2026|75|100000000009_1006_316|202547|CONSTRAINED|CONSTRAINED|CONSTRAINED_202547_2025-11-20_0656|BY_IF
100000000009|1006|6222|30-MAY-2026|30-MAY-2026|75|100000000009_1006_316|202547|CONSTRAINED|CONSTRAINED|CONSTRAINED_202547_2025-11-20_0656|BY_IF
100000000009|1006|6221|23-MAY-2026|23-MAY-2026|75|100000000009_1006_316|202547|CONSTRAINED|CONSTRAINED|CONSTRAINED_202547_2025-11-20_0656|BY_IF
100000000009|1006|6220|16-MAY-2026|16-MAY-2026|75|100000000009_1006_316|202547|CONSTRAINED|CONSTRAINED|CONSTRAINED_202547_2025-11-20_0656|BY_IF
100000000009|1006|6219|09-MAY-2026|09-MAY-2026|75|100000000009_1006_316|202547|CONSTRAINED|CONSTRAINED|CONSTRAINED_202547_2025-11-20_0656|BY_IF
100000000009|1006|6218|02-MAY-2026|02-MAY-2026|75|100000000009_1006_316|202547|CONSTRAINED|CONSTRAINED|CONSTRAINED_202547_2025-11-20_0656|BY_IF
100000000009|1006|6217|25-APR-2026|25-APR-2026|75|100000000009_1006_316|202547|CONSTRAINED|CONSTRAINED|CONSTRAINED_202547_2025-11-20_0656|BY_IF
100000000009|1006|6216|18-APR-2026|18-APR-2026|75|100000000009_1006_316|202547|CONSTRAINED|CONSTRAINED|CONSTRAINED_202547_2025-11-20_0656|BY_IF
100000000009|1006|6215|11-APR-2026|11-APR-2026|75|100000000009_1006_316|202547|CONSTRAINED|CONSTRAINED|CONSTRAINED_202547_2025-11-20_0656|BY_IF
100000000009|1006|6214|04-APR-2026|04-APR-2026|75|100000000009_1006_316|202547|CONSTRAINED|CONSTRAINED|CONSTRAINED_202547_2025-11-20_0656|BY_IF
100000000009|1006|6213|28-MAR-2026|28-MAR-2026|75|100000000009_1006_316|202547|CONSTRAINED|CONSTRAINED|CONSTRAINED_202547_2025-11-20_0656|BY_IF
100000000009|1006|6212|21-MAR-2026|21-MAR-2026|75|100000000009_1006_316|202547|CONSTRAINED|CONSTRAINED|CONSTRAINED_202547_2025-11-20_0656|BY_IF
100000000009|1006|6211|14-MAR-2026|14-MAR-2026|75|100000000009_1006_316|202547|CONSTRAINED|CONSTRAINED|CONSTRAINED_202547_2025-11-20_0656|BY_IF
100000000009|1006|6210|07-MAR-2026|07-MAR-2026|75|100000000009_1006_316|202547|CONSTRAINED|CONSTRAINED|CONSTRAINED_202547_2025-11-20_0656|BY_IF
100000000009|1006|6209|28-FEB-2026|28-FEB-2026|75|100000000009_1006_316|202547|CONSTRAINED|CONSTRAINED|CONSTRAINED_202547_2025-11-20_0656|BY_IF
100000000009|1006|6208|21-FEB-2026|21-FEB-2026|75|100000000009_1006_316|202547|CONSTRAINED|CONSTRAINED|CONSTRAINED_202547_2025-11-20_0656|BY_IF
100000000009|1006|6207|14-FEB-2026|14-FEB-2026|75|100000000009_1006_316|202547|CONSTRAINED|CONSTRAINED|CONSTRAINED_202547_2025-11-20_0656|BY_IF
100000000009|1006|6206|07-FEB-2026|07-FEB-2026|75|100000000009_1006_316|202547|CONSTRAINED|CONSTRAINED|CONSTRAINED_202547_2025-11-20_0656|BY_IF
100000000009|1006|6205|31-JAN-2026|31-JAN-2026|75|100000000009_1006_316|202547|CONSTRAINED|CONSTRAINED|CONSTRAINED_202547_2025-11-20_0656|BY_IF
100000000009|1006|6204|24-JAN-2026|24-JAN-2026|75|100000000009_1006_316|202547|CONSTRAINED|CONSTRAINED|CONSTRAINED_202547_2025-11-20_0656|BY_IF
100000000009|1006|6203|17-JAN-2026|17-JAN-2026|26.507669|100000000009_1006_316|202547|CONSTRAINED|CONSTRAINED|CONSTRAINED_202547_2025-11-20_0656|BY_IF
100000000009|1006|6202|13-SEP-2025|13-SEP-2025|570.49231|100000000009_1006_316|202547|CONSTRAINED|CONSTRAINED|CONSTRAINED_202547_2025-11-20_0656|BY_IF
100000000009|1006|6201|23-AUG-2025|23-AUG-2025|100|100000000009_1006_316|202547|CONSTRAINED|CONSTRAINED|CONSTRAINED_202547_2025-11-20_0656|BY_IF
100000000009|1006|6200|16-AUG-2025|16-AUG-2025|102|100000000009_1006_316|202547|CONSTRAINED|CONSTRAINED|CONSTRAINED_202547_2025-11-20_0656|BY_IF
100000000009|1006|6199|09-AUG-2025|09-AUG-2025|235|100000000009_1006_316|202547|CONSTRAINED|CONSTRAINED|CONSTRAINED_202547_2025-11-20_0656|BY_IF
100000000009|1006|6198|26-JUL-2025|26-JUL-2025|90|100000000009_1006_316|202547|CONSTRAINED|CONSTRAINED|CONSTRAINED_202547_2025-11-20_0656|BY_IF
100000000009|1006|6281|17-JUL-2027|17-JUL-2027|150|100000000009_1006_316|202547|CONSTRAINED|CONSTRAINED|CONSTRAINED_202547_2025-11-20_0656|BY_IF
100000000009|1006|6280|10-JUL-2027|10-JUL-2027|75|100000000009_1006_316|202547|CONSTRAINED|CONSTRAINED|CONSTRAINED_202547_2025-11-20_0656|BY_IF
100000000009|1006|6279|03-JUL-2027|03-JUL-2027|75|100000000009_1006_316|202547|CONSTRAINED|CONSTRAINED|CONSTRAINED_202547_2025-11-20_0656|BY_IF
100000000009|1006|6278|26-JUN-2027|26-JUN-2027|75|100000000009_1006_316|202547|CONSTRAINED|CONSTRAINED|CONSTRAINED_202547_2025-11-20_0656|BY_IF
100000000009|1006|6277|19-JUN-2027|19-JUN-2027|75|100000000009_1006_316|202547|CONSTRAINED|CONSTRAINED|CONSTRAINED_202547_2025-11-20_0656|BY_IF
100000000009|1006|6276|12-JUN-2027|12-JUN-2027|75|100000000009_1006_316|202547|CONSTRAINED|CONSTRAINED|CONSTRAINED_202547_2025-11-20_0656|BY_IF
100000000009|1006|6275|05-JUN-2027|05-JUN-2027|75|100000000009_1006_316|202547|CONSTRAINED|CONSTRAINED|CONSTRAINED_202547_2025-11-20_0656|BY_IF
100000000009|1006|6274|29-MAY-2027|29-MAY-2027|75|100000000009_1006_316|202547|CONSTRAINED|CONSTRAINED|CONSTRAINED_202547_2025-11-20_0656|BY_IF
100000000009|1006|6273|22-MAY-2027|22-MAY-2027|75|100000000009_1006_316|202547|CONSTRAINED|CONSTRAINED|CONSTRAINED_202547_2025-11-20_0656|BY_IF
100000000009|1006|6272|15-MAY-2027|15-MAY-2027|75|100000000009_1006_316|202547|CONSTRAINED|CONSTRAINED|CONSTRAINED_202547_2025-11-20_0656|BY_IF
100000000009|1006|6271|08-MAY-2027|08-MAY-2027|75|100000000009_1006_316|202547|CONSTRAINED|CONSTRAINED|CONSTRAINED_202547_2025-11-20_0656|BY_IF
100000000009|1006|6270|01-MAY-2027|01-MAY-2027|75|100000000009_1006_316|202547|CONSTRAINED|CONSTRAINED|CONSTRAINED_202547_2025-11-20_0656|BY_IF
100000000009|1006|6269|24-APR-2027|24-APR-2027|75|100000000009_1006_316|202547|CONSTRAINED|CONSTRAINED|CONSTRAINED_202547_2025-11-20_0656|BY_IF
100000000009|1006|6268|17-APR-2027|17-APR-2027|75|100000000009_1006_316|202547|CONSTRAINED|CONSTRAINED|CONSTRAINED_202547_2025-11-20_0656|BY_IF
100000000009|1006|6267|10-APR-2027|10-APR-2027|75|100000000009_1006_316|202547|CONSTRAINED|CONSTRAINED|CONSTRAINED_202547_2025-11-20_0656|BY_IF
100000000009|1006|6266|03-APR-2027|03-APR-2027|75|100000000009_1006_316|202547|CONSTRAINED|CONSTRAINED|CONSTRAINED_202547_2025-11-20_0656|BY_IF
100000000009|1006|6265|27-MAR-2027|27-MAR-2027|75|100000000009_1006_316|202547|CONSTRAINED|CONSTRAINED|CONSTRAINED_202547_2025-11-20_0656|BY_IF
100000000009|1006|6264|20-MAR-2027|20-MAR-2027|75|100000000009_1006_316|202547|CONSTRAINED|CONSTRAINED|CONSTRAINED_202547_2025-11-20_0656|BY_IF
100000000009|1006|6263|13-MAR-2027|13-MAR-2027|75|100000000009_1006_316|202547|CONSTRAINED|CONSTRAINED|CONSTRAINED_202547_2025-11-20_0656|BY_IF
100000000009|1006|6262|06-MAR-2027|06-MAR-2027|75|100000000009_1006_316|202547|CONSTRAINED|CONSTRAINED|CONSTRAINED_202547_2025-11-20_0656|BY_IF
100000000009|1006|6261|27-FEB-2027|27-FEB-2027|75|100000000009_1006_316|202547|CONSTRAINED|CONSTRAINED|CONSTRAINED_202547_2025-11-20_0656|BY_IF
100000000009|1006|6260|20-FEB-2027|20-FEB-2027|75|100000000009_1006_316|202547|CONSTRAINED|CONSTRAINED|CONSTRAINED_202547_2025-11-20_0656|BY_IF
100000000009|1006|6259|13-FEB-2027|13-FEB-2027|75|100000000009_1006_316|202547|CONSTRAINED|CONSTRAINED|CONSTRAINED_202547_2025-11-20_0656|BY_IF
100000000009|1006|6258|06-FEB-2027|06-FEB-2027|75|100000000009_1006_316|202547|CONSTRAINED|CONSTRAINED|CONSTRAINED_202547_2025-11-20_0656|BY_IF
100000000009|1006|6257|30-JAN-2027|30-JAN-2027|75|100000000009_1006_316|202547|CONSTRAINED|CONSTRAINED|CONSTRAINED_202547_2025-11-20_0656|BY_IF
100000000009|1006|6256|23-JAN-2027|23-JAN-2027|75|100000000009_1006_316|202547|CONSTRAINED|CONSTRAINED|CONSTRAINED_202547_2025-11-20_0656|BY_IF
100000000009|1006|6255|16-JAN-2027|16-JAN-2027|75|100000000009_1006_316|202547|CONSTRAINED|CONSTRAINED|CONSTRAINED_202547_2025-11-20_0656|BY_IF
100000000009|1006|6254|09-JAN-2027|09-JAN-2027|75|100000000009_1006_316|202547|CONSTRAINED|CONSTRAINED|CONSTRAINED_202547_2025-11-20_0656|BY_IF
100000000009|1006|6253|02-JAN-2027|02-JAN-2027|75|100000000009_1006_316|202547|CONSTRAINED|CONSTRAINED|CONSTRAINED_202547_2025-11-20_0656|BY_IF
100000000009|1006|6252|26-DEC-2026|26-DEC-2026|75|100000000009_1006_316|202547|CONSTRAINED|CONSTRAINED|CONSTRAINED_202547_2025-11-20_0656|BY_IF
100000000009|1006|6251|19-DEC-2026|19-DEC-2026|75|100000000009_1006_316|202547|CONSTRAINED|CONSTRAINED|CONSTRAINED_202547_2025-11-20_0656|BY_IF
100000000009|1006|6250|12-DEC-2026|12-DEC-2026|75|100000000009_1006_316|202547|CONSTRAINED|CONSTRAINED|CONSTRAINED_202547_2025-11-20_0656|BY_IF
100000000009|1006|6249|05-DEC-2026|05-DEC-2026|75|100000000009_1006_316|202547|CONSTRAINED|CONSTRAINED|CONSTRAINED_202547_2025-11-20_0656|BY_IF
100000000009|1006|6248|28-NOV-2026|28-NOV-2026|75|100000000009_1006_316|202547|CONSTRAINED|CONSTRAINED|CONSTRAINED_202547_2025-11-20_0656|BY_IF
100000000009|1006|6247|21-NOV-2026|21-NOV-2026|75|100000000009_1006_316|202547|CONSTRAINED|CONSTRAINED|CONSTRAINED_202547_2025-11-20_0656|BY_IF
100000000009|1006|6246|14-NOV-2026|14-NOV-2026|75|100000000009_1006_316|202547|CONSTRAINED|CONSTRAINED|CONSTRAINED_202547_2025-11-20_0656|BY_IF
100000000009|1006|6245|07-NOV-2026|07-NOV-2026|75|100000000009_1006_316|202547|CONSTRAINED|CONSTRAINED|CONSTRAINED_202547_2025-11-20_0656|BY_IF
100000000009|1006|6244|31-OCT-2026|31-OCT-2026|75|100000000009_1006_316|202547|CONSTRAINED|CONSTRAINED|CONSTRAINED_202547_2025-11-20_0656|BY_IF
100000000009|1006|6243|24-OCT-2026|24-OCT-2026|75|100000000009_1006_316|202547|CONSTRAINED|CONSTRAINED|CONSTRAINED_202547_2025-11-20_0656|BY_IF
100000000009|1006|6242|17-OCT-2026|17-OCT-2026|75|100000000009_1006_316|202547|CONSTRAINED|CONSTRAINED|CONSTRAINED_202547_2025-11-20_0656|BY_IF
100000000107|1004|3741|17-JUL-2027|10-JUL-2027|152.284302|100000000107_1004_310|202547|CONSTRAINED|CONSTRAINED|CONSTRAINED_202547_2025-11-20_0656|BY_IF
100000000107|1004|3740|10-JUL-2027|03-JUL-2027|76.142128|100000000107_1004_310|202547|CONSTRAINED|CONSTRAINED|CONSTRAINED_202547_2025-11-20_0656|BY_IF
100000000107|1004|3739|03-JUL-2027|26-JUN-2027|76.142128|100000000107_1004_310|202547|CONSTRAINED|CONSTRAINED|CONSTRAINED_202547_2025-11-20_0656|BY_IF
100000000107|1004|3738|26-JUN-2027|19-JUN-2027|76.142128|100000000107_1004_310|202547|CONSTRAINED|CONSTRAINED|CONSTRAINED_202547_2025-11-20_0656|BY_IF
100000000107|1004|3737|19-JUN-2027|12-JUN-2027|76.142128|100000000107_1004_310|202547|CONSTRAINED|CONSTRAINED|CONSTRAINED_202547_2025-11-20_0656|BY_IF
100000000107|1004|3736|12-JUN-2027|05-JUN-2027|76.142128|100000000107_1004_310|202547|CONSTRAINED|CONSTRAINED|CONSTRAINED_202547_2025-11-20_0656|BY_IF
100000000107|1004|3735|05-JUN-2027|29-MAY-2027|76.142128|100000000107_1004_310|202547|CONSTRAINED|CONSTRAINED|CONSTRAINED_202547_2025-11-20_0656|BY_IF
100000000107|1004|3734|29-MAY-2027|22-MAY-2027|76.142128|100000000107_1004_310|202547|CONSTRAINED|CONSTRAINED|CONSTRAINED_202547_2025-11-20_0656|BY_IF
100000000107|1004|3733|22-MAY-2027|15-MAY-2027|76.142128|100000000107_1004_310|202547|CONSTRAINED|CONSTRAINED|CONSTRAINED_202547_2025-11-20_0656|BY_IF
100000000107|1004|3732|15-MAY-2027|08-MAY-2027|76.142128|100000000107_1004_310|202547|CONSTRAINED|CONSTRAINED|CONSTRAINED_202547_2025-11-20_0656|BY_IF
100000000107|1004|3731|08-MAY-2027|01-MAY-2027|76.142128|100000000107_1004_310|202547|CONSTRAINED|CONSTRAINED|CONSTRAINED_202547_2025-11-20_0656|BY_IF
100000000107|1004|3730|01-MAY-2027|24-APR-2027|76.142128|100000000107_1004_310|202547|CONSTRAINED|CONSTRAINED|CONSTRAINED_202547_2025-11-20_0656|BY_IF
100000000107|1004|3729|24-APR-2027|17-APR-2027|76.142128|100000000107_1004_310|202547|CONSTRAINED|CONSTRAINED|CONSTRAINED_202547_2025-11-20_0656|BY_IF
100000000107|1004|3728|17-APR-2027|10-APR-2027|76.142128|100000000107_1004_310|202547|CONSTRAINED|CONSTRAINED|CONSTRAINED_202547_2025-11-20_0656|BY_IF
100000000107|1004|3727|10-APR-2027|03-APR-2027|76.142128|100000000107_1004_310|202547|CONSTRAINED|CONSTRAINED|CONSTRAINED_202547_2025-11-20_0656|BY_IF
100000000107|1004|3726|03-APR-2027|27-MAR-2027|76.142128|100000000107_1004_310|202547|CONSTRAINED|CONSTRAINED|CONSTRAINED_202547_2025-11-20_0656|BY_IF
100000000107|1004|3725|27-MAR-2027|20-MAR-2027|76.142128|100000000107_1004_310|202547|CONSTRAINED|CONSTRAINED|CONSTRAINED_202547_2025-11-20_0656|BY_IF
100000000107|1004|3724|20-MAR-2027|13-MAR-2027|76.142128|100000000107_1004_310|202547|CONSTRAINED|CONSTRAINED|CONSTRAINED_202547_2025-11-20_0656|BY_IF
100000000107|1004|3723|13-MAR-2027|06-MAR-2027|76.142128|100000000107_1004_310|202547|CONSTRAINED|CONSTRAINED|CONSTRAINED_202547_2025-11-20_0656|BY_IF
100000000107|1004|3722|06-MAR-2027|27-FEB-2027|76.142128|100000000107_1004_310|202547|CONSTRAINED|CONSTRAINED|CONSTRAINED_202547_2025-11-20_0656|BY_IF
100000000107|1004|3721|27-FEB-2027|20-FEB-2027|76.142128|100000000107_1004_310|202547|CONSTRAINED|CONSTRAINED|CONSTRAINED_202547_2025-11-20_0656|BY_IF
100000000107|1004|3720|20-FEB-2027|13-FEB-2027|76.142128|100000000107_1004_310|202547|CONSTRAINED|CONSTRAINED|CONSTRAINED_202547_2025-11-20_0656|BY_IF
100000000107|1004|3719|13-FEB-2027|06-FEB-2027|76.142128|100000000107_1004_310|202547|CONSTRAINED|CONSTRAINED|CONSTRAINED_202547_2025-11-20_0656|BY_IF
100000000107|1004|3718|06-FEB-2027|30-JAN-2027|76.142128|100000000107_1004_310|202547|CONSTRAINED|CONSTRAINED|CONSTRAINED_202547_2025-11-20_0656|BY_IF
100000000107|1004|3717|30-JAN-2027|23-JAN-2027|76.142128|100000000107_1004_310|202547|CONSTRAINED|CONSTRAINED|CONSTRAINED_202547_2025-11-20_0656|BY_IF
100000000107|1004|3716|23-JAN-2027|16-JAN-2027|76.142128|100000000107_1004_310|202547|CONSTRAINED|CONSTRAINED|CONSTRAINED_202547_2025-11-20_0656|BY_IF
100000000107|1004|3715|16-JAN-2027|09-JAN-2027|76.142128|100000000107_1004_310|202547|CONSTRAINED|CONSTRAINED|CONSTRAINED_202547_2025-11-20_0656|BY_IF
100000000107|1004|3714|09-JAN-2027|02-JAN-2027|76.142128|100000000107_1004_310|202547|CONSTRAINED|CONSTRAINED|CONSTRAINED_202547_2025-11-20_0656|BY_IF
100000000107|1004|3713|02-JAN-2027|26-DEC-2026|76.142128|100000000107_1004_310|202547|CONSTRAINED|CONSTRAINED|CONSTRAINED_202547_2025-11-20_0656|BY_IF
100000000107|1004|3712|26-DEC-2026|19-DEC-2026|76.142128|100000000107_1004_310|202547|CONSTRAINED|CONSTRAINED|CONSTRAINED_202547_2025-11-20_0656|BY_IF
100000000107|1004|3711|19-DEC-2026|12-DEC-2026|76.142128|100000000107_1004_310|202547|CONSTRAINED|CONSTRAINED|CONSTRAINED_202547_2025-11-20_0656|BY_IF
100000000107|1004|3710|12-DEC-2026|05-DEC-2026|76.142128|100000000107_1004_310|202547|CONSTRAINED|CONSTRAINED|CONSTRAINED_202547_2025-11-20_0656|BY_IF
100000000107|1004|3709|05-DEC-2026|28-NOV-2026|76.142128|100000000107_1004_310|202547|CONSTRAINED|CONSTRAINED|CONSTRAINED_202547_2025-11-20_0656|BY_IF
100000000107|1004|3708|28-NOV-2026|21-NOV-2026|76.142128|100000000107_1004_310|202547|CONSTRAINED|CONSTRAINED|CONSTRAINED_202547_2025-11-20_0656|BY_IF
100000000107|1004|3707|21-NOV-2026|14-NOV-2026|76.142128|100000000107_1004_310|202547|CONSTRAINED|CONSTRAINED|CONSTRAINED_202547_2025-11-20_0656|BY_IF
100000000107|1004|3706|14-NOV-2026|07-NOV-2026|76.142128|100000000107_1004_310|202547|CONSTRAINED|CONSTRAINED|CONSTRAINED_202547_2025-11-20_0656|BY_IF
100000000107|1004|3705|07-NOV-2026|31-OCT-2026|76.142128|100000000107_1004_310|202547|CONSTRAINED|CONSTRAINED|CONSTRAINED_202547_2025-11-20_0656|BY_IF
100000000107|1004|3704|31-OCT-2026|24-OCT-2026|76.142128|100000000107_1004_310|202547|CONSTRAINED|CONSTRAINED|CONSTRAINED_202547_2025-11-20_0656|BY_IF
100000000107|1004|3703|24-OCT-2026|17-OCT-2026|76.142128|100000000107_1004_310|202547|CONSTRAINED|CONSTRAINED|CONSTRAINED_202547_2025-11-20_0656|BY_IF
100000000107|1004|3702|17-OCT-2026|10-OCT-2026|76.142128|100000000107_1004_310|202547|CONSTRAINED|CONSTRAINED|CONSTRAINED_202547_2025-11-20_0656|BY_IF
100000000107|1004|3701|10-OCT-2026|03-OCT-2026|76.142128|100000000107_1004_310|202547|CONSTRAINED|CONSTRAINED|CONSTRAINED_202547_2025-11-20_0656|BY_IF
100000000107|1004|3700|03-OCT-2026|26-SEP-2026|76.142128|100000000107_1004_310|202547|CONSTRAINED|CONSTRAINED|CONSTRAINED_202547_2025-11-20_0656|BY_IF
100000000107|1004|3699|26-SEP-2026|19-SEP-2026|76.142128|100000000107_1004_310|202547|CONSTRAINED|CONSTRAINED|CONSTRAINED_202547_2025-11-20_0656|BY_IF
100000000107|1004|3698|19-SEP-2026|12-SEP-2026|76.142128|100000000107_1004_310|202547|CONSTRAINED|CONSTRAINED|CONSTRAINED_202547_2025-11-20_0656|BY_IF
100000000107|1004|3697|12-SEP-2026|05-SEP-2026|76.142128|100000000107_1004_310|202547|CONSTRAINED|CONSTRAINED|CONSTRAINED_202547_2025-11-20_0656|BY_IF
100000000107|1004|3696|05-SEP-2026|29-AUG-2026|76.142128|100000000107_1004_310|202547|CONSTRAINED|CONSTRAINED|CONSTRAINED_202547_2025-11-20_0656|BY_IF
100000000107|1004|3695|29-AUG-2026|22-AUG-2026|76.142128|100000000107_1004_310|202547|CONSTRAINED|CONSTRAINED|CONSTRAINED_202547_2025-11-20_0656|BY_IF
100000000107|1004|3694|22-AUG-2026|15-AUG-2026|76.142128|100000000107_1004_310|202547|CONSTRAINED|CONSTRAINED|CONSTRAINED_202547_2025-11-20_0656|BY_IF
100000000107|1004|3693|15-AUG-2026|08-AUG-2026|76.142128|100000000107_1004_310|202547|CONSTRAINED|CONSTRAINED|CONSTRAINED_202547_2025-11-20_0656|BY_IF
100000000107|1004|3692|08-AUG-2026|01-AUG-2026|76.142128|100000000107_1004_310|202547|CONSTRAINED|CONSTRAINED|CONSTRAINED_202547_2025-11-20_0656|BY_IF
100000000107|1004|3691|01-AUG-2026|25-JUL-2026|76.142128|100000000107_1004_310|202547|CONSTRAINED|CONSTRAINED|CONSTRAINED_202547_2025-11-20_0656|BY_IF
100000000107|1004|3690|25-JUL-2026|18-JUL-2026|76.142128|100000000107_1004_310|202547|CONSTRAINED|CONSTRAINED|CONSTRAINED_202547_2025-11-20_0656|BY_IF
100000000107|1004|3689|18-JUL-2026|11-JUL-2026|76.142128|100000000107_1004_310|202547|CONSTRAINED|CONSTRAINED|CONSTRAINED_202547_2025-11-20_0656|BY_IF
100000000107|1004|3688|11-JUL-2026|04-JUL-2026|76.142128|100000000107_1004_310|202547|CONSTRAINED|CONSTRAINED|CONSTRAINED_202547_2025-11-20_0656|BY_IF
100000000107|1004|3687|04-JUL-2026|27-JUN-2026|76.142128|100000000107_1004_310|202547|CONSTRAINED|CONSTRAINED|CONSTRAINED_202547_2025-11-20_0656|BY_IF
100000000107|1004|3686|27-JUN-2026|20-JUN-2026|76.142128|100000000107_1004_310|202547|CONSTRAINED|CONSTRAINED|CONSTRAINED_202547_2025-11-20_0656|BY_IF
100000000107|1004|3685|20-JUN-2026|13-JUN-2026|76.142128|100000000107_1004_310|202547|CONSTRAINED|CONSTRAINED|CONSTRAINED_202547_2025-11-20_0656|BY_IF
100000000107|1004|3684|13-JUN-2026|06-JUN-2026|76.142128|100000000107_1004_310|202547|CONSTRAINED|CONSTRAINED|CONSTRAINED_202547_2025-11-20_0656|BY_IF
100000000107|1004|3683|06-JUN-2026|30-MAY-2026|76.142128|100000000107_1004_310|202547|CONSTRAINED|CONSTRAINED|CONSTRAINED_202547_2025-11-20_0656|BY_IF
100000000107|1004|3682|30-MAY-2026|23-MAY-2026|76.142128|100000000107_1004_310|202547|CONSTRAINED|CONSTRAINED|CONSTRAINED_202547_2025-11-20_0656|BY_IF
100000000107|1004|3681|23-MAY-2026|16-MAY-2026|76.142128|100000000107_1004_310|202547|CONSTRAINED|CONSTRAINED|CONSTRAINED_202547_2025-11-20_0656|BY_IF
100000000107|1004|3680|16-MAY-2026|09-MAY-2026|76.142128|100000000107_1004_310|202547|CONSTRAINED|CONSTRAINED|CONSTRAINED_202547_2025-11-20_0656|BY_IF
100000000107|1004|3679|09-MAY-2026|02-MAY-2026|76.142128|100000000107_1004_310|202547|CONSTRAINED|CONSTRAINED|CONSTRAINED_202547_2025-11-20_0656|BY_IF
100000000107|1004|3678|02-MAY-2026|25-APR-2026|76.142128|100000000107_1004_310|202547|CONSTRAINED|CONSTRAINED|CONSTRAINED_202547_2025-11-20_0656|BY_IF
100000000107|1004|3677|25-APR-2026|18-APR-2026|76.142128|100000000107_1004_310|202547|CONSTRAINED|CONSTRAINED|CONSTRAINED_202547_2025-11-20_0656|BY_IF
100000000107|1004|3676|18-APR-2026|11-APR-2026|76.142128|100000000107_1004_310|202547|CONSTRAINED|CONSTRAINED|CONSTRAINED_202547_2025-11-20_0656|BY_IF
100000000107|1004|3675|11-APR-2026|04-APR-2026|76.142128|100000000107_1004_310|202547|CONSTRAINED|CONSTRAINED|CONSTRAINED_202547_2025-11-20_0656|BY_IF
100000000107|1004|3674|04-APR-2026|28-MAR-2026|76.142128|100000000107_1004_310|202547|CONSTRAINED|CONSTRAINED|CONSTRAINED_202547_2025-11-20_0656|BY_IF
100000000107|1004|3673|28-MAR-2026|21-MAR-2026|76.142128|100000000107_1004_310|202547|CONSTRAINED|CONSTRAINED|CONSTRAINED_202547_2025-11-20_0656|BY_IF
100000000107|1004|3672|21-MAR-2026|14-MAR-2026|76.142128|100000000107_1004_310|202547|CONSTRAINED|CONSTRAINED|CONSTRAINED_202547_2025-11-20_0656|BY_IF
100000000107|1004|3671|14-MAR-2026|07-MAR-2026|76.142128|100000000107_1004_310|202547|CONSTRAINED|CONSTRAINED|CONSTRAINED_202547_2025-11-20_0656|BY_IF
100000000107|1004|3670|07-MAR-2026|28-FEB-2026|76.142128|100000000107_1004_310|202547|CONSTRAINED|CONSTRAINED|CONSTRAINED_202547_2025-11-20_0656|BY_IF
100000000107|1004|3669|28-FEB-2026|21-FEB-2026|76.142128|100000000107_1004_310|202547|CONSTRAINED|CONSTRAINED|CONSTRAINED_202547_2025-11-20_0656|BY_IF
100000000107|1004|3668|21-FEB-2026|14-FEB-2026|76.142128|100000000107_1004_310|202547|CONSTRAINED|CONSTRAINED|CONSTRAINED_202547_2025-11-20_0656|BY_IF
100000000107|1004|3667|14-FEB-2026|07-FEB-2026|76.142128|100000000107_1004_310|202547|CONSTRAINED|CONSTRAINED|CONSTRAINED_202547_2025-11-20_0656|BY_IF
100000000107|1004|3666|07-FEB-2026|31-JAN-2026|76.142128|100000000107_1004_310|202547|CONSTRAINED|CONSTRAINED|CONSTRAINED_202547_2025-11-20_0656|BY_IF
100000000107|1004|3665|31-JAN-2026|24-JAN-2026|76.142128|100000000107_1004_310|202547|CONSTRAINED|CONSTRAINED|CONSTRAINED_202547_2025-11-20_0656|BY_IF
100000000107|1004|3664|24-JAN-2026|17-JAN-2026|64.336182|100000000107_1004_310|202547|CONSTRAINED|CONSTRAINED|CONSTRAINED_202547_2025-11-20_0656|BY_IF
100000000107|1004|3663|06-SEP-2025|30-AUG-2025|607.744995|100000000107_1004_310|202547|CONSTRAINED|CONSTRAINED|CONSTRAINED_202547_2025-11-20_0656|BY_IF
100000000107|1004|3662|23-AUG-2025|16-AUG-2025|10.15228|100000000107_1004_310|202547|CONSTRAINED|CONSTRAINED|CONSTRAINED_202547_2025-11-20_0656|BY_IF
100000000107|1004|3661|16-AUG-2025|09-AUG-2025|279.187805|100000000107_1004_310|202547|CONSTRAINED|CONSTRAINED|CONSTRAINED_202547_2025-11-20_0656|BY_IF
100000000107|1004|3660|09-AUG-2025|02-AUG-2025|705.583679|100000000107_1004_310|202547|CONSTRAINED|CONSTRAINED|CONSTRAINED_202547_2025-11-20_0656|BY_IF
100000000110|1003|1985|17-JUL-2027|17-JUL-2027|75|100000000110_1003_289|202547|CONSTRAINED|CONSTRAINED|CONSTRAINED_202547_2025-11-20_0656|BY_IF
100000000110|1003|1984|10-JUL-2027|10-JUL-2027|38.650829|100000000110_1003_289|202547|CONSTRAINED|CONSTRAINED|CONSTRAINED_202547_2025-11-20_0656|BY_IF
100000000110|1003|1983|03-JUL-2027|03-JUL-2027|113.650803|100000000110_1003_289|202547|CONSTRAINED|CONSTRAINED|CONSTRAINED_202547_2025-11-20_0656|BY_IF
100000000110|1003|1982|26-JUN-2027|26-JUN-2027|113.650803|100000000110_1003_289|202547|CONSTRAINED|CONSTRAINED|CONSTRAINED_202547_2025-11-20_0656|BY_IF
100000000110|1003|1981|19-JUN-2027|19-JUN-2027|113.650803|100000000110_1003_289|202547|CONSTRAINED|CONSTRAINED|CONSTRAINED_202547_2025-11-20_0656|BY_IF
100000000110|1003|1980|12-JUN-2027|12-JUN-2027|38.650829|100000000110_1003_289|202547|CONSTRAINED|CONSTRAINED|CONSTRAINED_202547_2025-11-20_0656|BY_IF
100000000110|1003|1979|05-JUN-2027|05-JUN-2027|38.650829|100000000110_1003_289|202547|CONSTRAINED|CONSTRAINED|CONSTRAINED_202547_2025-11-20_0656|BY_IF
100000000110|1003|1978|29-MAY-2027|29-MAY-2027|38.650829|100000000110_1003_289|202547|CONSTRAINED|CONSTRAINED|CONSTRAINED_202547_2025-11-20_0656|BY_IF
100000000110|1003|1977|22-MAY-2027|22-MAY-2027|113.650803|100000000110_1003_289|202547|CONSTRAINED|CONSTRAINED|CONSTRAINED_202547_2025-11-20_0656|BY_IF
100000000110|1003|1976|15-MAY-2027|15-MAY-2027|38.650829|100000000110_1003_289|202547|CONSTRAINED|CONSTRAINED|CONSTRAINED_202547_2025-11-20_0656|BY_IF
100000000110|1003|1975|08-MAY-2027|08-MAY-2027|113.650803|100000000110_1003_289|202547|CONSTRAINED|CONSTRAINED|CONSTRAINED_202547_2025-11-20_0656|BY_IF
100000000110|1003|1974|01-MAY-2027|01-MAY-2027|38.650829|100000000110_1003_289|202547|CONSTRAINED|CONSTRAINED|CONSTRAINED_202547_2025-11-20_0656|BY_IF
100000000110|1003|1973|24-APR-2027|24-APR-2027|38.650829|100000000110_1003_289|202547|CONSTRAINED|CONSTRAINED|CONSTRAINED_202547_2025-11-20_0656|BY_IF
100000000110|1003|1972|17-APR-2027|17-APR-2027|38.650829|100000000110_1003_289|202547|CONSTRAINED|CONSTRAINED|CONSTRAINED_202547_2025-11-20_0656|BY_IF
100000000110|1003|1971|10-APR-2027|10-APR-2027|38.650829|100000000110_1003_289|202547|CONSTRAINED|CONSTRAINED|CONSTRAINED_202547_2025-11-20_0656|BY_IF
100000000110|1003|1970|03-APR-2027|03-APR-2027|113.650803|100000000110_1003_289|202547|CONSTRAINED|CONSTRAINED|CONSTRAINED_202547_2025-11-20_0656|BY_IF
100000000110|1003|1969|27-MAR-2027|27-MAR-2027|113.650803|100000000110_1003_289|202547|CONSTRAINED|CONSTRAINED|CONSTRAINED_202547_2025-11-20_0656|BY_IF
100000000110|1003|1968|20-MAR-2027|20-MAR-2027|113.650803|100000000110_1003_289|202547|CONSTRAINED|CONSTRAINED|CONSTRAINED_202547_2025-11-20_0656|BY_IF
100000000110|1003|1967|13-MAR-2027|13-MAR-2027|38.650829|100000000110_1003_289|202547|CONSTRAINED|CONSTRAINED|CONSTRAINED_202547_2025-11-20_0656|BY_IF
100000000110|1003|1966|06-MAR-2027|06-MAR-2027|38.650829|100000000110_1003_289|202547|CONSTRAINED|CONSTRAINED|CONSTRAINED_202547_2025-11-20_0656|BY_IF
100000000110|1003|1965|27-FEB-2027|27-FEB-2027|38.650829|100000000110_1003_289|202547|CONSTRAINED|CONSTRAINED|CONSTRAINED_202547_2025-11-20_0656|BY_IF
100000000110|1003|1964|20-FEB-2027|20-FEB-2027|38.650829|100000000110_1003_289|202547|CONSTRAINED|CONSTRAINED|CONSTRAINED_202547_2025-11-20_0656|BY_IF
100000000110|1003|1963|13-FEB-2027|13-FEB-2027|38.650829|100000000110_1003_289|202547|CONSTRAINED|CONSTRAINED|CONSTRAINED_202547_2025-11-20_0656|BY_IF
100000000110|1003|1962|06-FEB-2027|06-FEB-2027|38.650829|100000000110_1003_289|202547|CONSTRAINED|CONSTRAINED|CONSTRAINED_202547_2025-11-20_0656|BY_IF
100000000110|1003|1961|30-JAN-2027|30-JAN-2027|38.650829|100000000110_1003_289|202547|CONSTRAINED|CONSTRAINED|CONSTRAINED_202547_2025-11-20_0656|BY_IF
100000000110|1003|1960|23-JAN-2027|23-JAN-2027|38.650829|100000000110_1003_289|202547|CONSTRAINED|CONSTRAINED|CONSTRAINED_202547_2025-11-20_0656|BY_IF
100000000110|1003|1959|16-JAN-2027|16-JAN-2027|38.650829|100000000110_1003_289|202547|CONSTRAINED|CONSTRAINED|CONSTRAINED_202547_2025-11-20_0656|BY_IF
100000000110|1003|1958|09-JAN-2027|09-JAN-2027|38.650829|100000000110_1003_289|202547|CONSTRAINED|CONSTRAINED|CONSTRAINED_202547_2025-11-20_0656|BY_IF
100000000110|1003|1957|02-JAN-2027|02-JAN-2027|38.650829|100000000110_1003_289|202547|CONSTRAINED|CONSTRAINED|CONSTRAINED_202547_2025-11-20_0656|BY_IF
100000000110|1003|1956|26-DEC-2026|26-DEC-2026|38.650829|100000000110_1003_289|202547|CONSTRAINED|CONSTRAINED|CONSTRAINED_202547_2025-11-20_0656|BY_IF
100000000110|1003|1955|19-DEC-2026|19-DEC-2026|38.650829|100000000110_1003_289|202547|CONSTRAINED|CONSTRAINED|CONSTRAINED_202547_2025-11-20_0656|BY_IF
100000000110|1003|1954|12-DEC-2026|12-DEC-2026|38.650829|100000000110_1003_289|202547|CONSTRAINED|CONSTRAINED|CONSTRAINED_202547_2025-11-20_0656|BY_IF
100000000110|1003|1953|05-DEC-2026|05-DEC-2026|38.650829|100000000110_1003_289|202547|CONSTRAINED|CONSTRAINED|CONSTRAINED_202547_2025-11-20_0656|BY_IF
100000000110|1003|1952|28-NOV-2026|28-NOV-2026|38.650829|100000000110_1003_289|202547|CONSTRAINED|CONSTRAINED|CONSTRAINED_202547_2025-11-20_0656|BY_IF
100000000110|1003|1951|21-NOV-2026|21-NOV-2026|38.650829|100000000110_1003_289|202547|CONSTRAINED|CONSTRAINED|CONSTRAINED_202547_2025-11-20_0656|BY_IF
100000000110|1003|1950|14-NOV-2026|14-NOV-2026|38.650829|100000000110_1003_289|202547|CONSTRAINED|CONSTRAINED|CONSTRAINED_202547_2025-11-20_0656|BY_IF
100000000110|1003|1949|07-NOV-2026|07-NOV-2026|38.650829|100000000110_1003_289|202547|CONSTRAINED|CONSTRAINED|CONSTRAINED_202547_2025-11-20_0656|BY_IF
100000000110|1003|1948|31-OCT-2026|31-OCT-2026|38.650829|100000000110_1003_289|202547|CONSTRAINED|CONSTRAINED|CONSTRAINED_202547_2025-11-20_0656|BY_IF
100000000110|1003|1947|24-OCT-2026|24-OCT-2026|38.650829|100000000110_1003_289|202547|CONSTRAINED|CONSTRAINED|CONSTRAINED_202547_2025-11-20_0656|BY_IF
100000000110|1003|1946|17-OCT-2026|17-OCT-2026|38.650829|100000000110_1003_289|202547|CONSTRAINED|CONSTRAINED|CONSTRAINED_202547_2025-11-20_0656|BY_IF
100000000110|1003|1945|10-OCT-2026|10-OCT-2026|38.650829|100000000110_1003_289|202547|CONSTRAINED|CONSTRAINED|CONSTRAINED_202547_2025-11-20_0656|BY_IF
100000000110|1003|1944|03-OCT-2026|03-OCT-2026|38.650829|100000000110_1003_289|202547|CONSTRAINED|CONSTRAINED|CONSTRAINED_202547_2025-11-20_0656|BY_IF
100000000110|1003|1943|26-SEP-2026|26-SEP-2026|38.650829|100000000110_1003_289|202547|CONSTRAINED|CONSTRAINED|CONSTRAINED_202547_2025-11-20_0656|BY_IF
100000000110|1003|1942|19-SEP-2026|19-SEP-2026|38.650829|100000000110_1003_289|202547|CONSTRAINED|CONSTRAINED|CONSTRAINED_202547_2025-11-20_0656|BY_IF
100000000110|1003|1941|12-SEP-2026|12-SEP-2026|38.650829|100000000110_1003_289|202547|CONSTRAINED|CONSTRAINED|CONSTRAINED_202547_2025-11-20_0656|BY_IF
100000000110|1003|1940|05-SEP-2026|05-SEP-2026|38.650829|100000000110_1003_289|202547|CONSTRAINED|CONSTRAINED|CONSTRAINED_202547_2025-11-20_0656|BY_IF
100000000110|1003|1939|29-AUG-2026|29-AUG-2026|38.650829|100000000110_1003_289|202547|CONSTRAINED|CONSTRAINED|CONSTRAINED_202547_2025-11-20_0656|BY_IF
100000000110|1003|1938|22-AUG-2026|22-AUG-2026|38.650829|100000000110_1003_289|202547|CONSTRAINED|CONSTRAINED|CONSTRAINED_202547_2025-11-20_0656|BY_IF
100000000110|1003|1937|15-AUG-2026|15-AUG-2026|38.650829|100000000110_1003_289|202547|CONSTRAINED|CONSTRAINED|CONSTRAINED_202547_2025-11-20_0656|BY_IF
100000000110|1003|1936|08-AUG-2026|08-AUG-2026|38.650829|100000000110_1003_289|202547|CONSTRAINED|CONSTRAINED|CONSTRAINED_202547_2025-11-20_0656|BY_IF
100000000110|1003|1935|01-AUG-2026|01-AUG-2026|38.650829|100000000110_1003_289|202547|CONSTRAINED|CONSTRAINED|CONSTRAINED_202547_2025-11-20_0656|BY_IF
100000000110|1003|1934|25-JUL-2026|25-JUL-2026|38.650829|100000000110_1003_289|202547|CONSTRAINED|CONSTRAINED|CONSTRAINED_202547_2025-11-20_0656|BY_IF
100000000110|1003|1933|18-JUL-2026|18-JUL-2026|38.650829|100000000110_1003_289|202547|CONSTRAINED|CONSTRAINED|CONSTRAINED_202547_2025-11-20_0656|BY_IF
100000000110|1003|1932|11-JUL-2026|11-JUL-2026|38.650829|100000000110_1003_289|202547|CONSTRAINED|CONSTRAINED|CONSTRAINED_202547_2025-11-20_0656|BY_IF
100000000110|1003|1931|04-JUL-2026|04-JUL-2026|113.650803|100000000110_1003_289|202547|CONSTRAINED|CONSTRAINED|CONSTRAINED_202547_2025-11-20_0656|BY_IF
100000000110|1003|1930|27-JUN-2026|27-JUN-2026|113.650803|100000000110_1003_289|202547|CONSTRAINED|CONSTRAINED|CONSTRAINED_202547_2025-11-20_0656|BY_IF
100000000110|1003|1929|20-JUN-2026|20-JUN-2026|113.650803|100000000110_1003_289|202547|CONSTRAINED|CONSTRAINED|CONSTRAINED_202547_2025-11-20_0656|BY_IF
100000000110|1003|1928|13-JUN-2026|13-JUN-2026|113.650803|100000000110_1003_289|202547|CONSTRAINED|CONSTRAINED|CONSTRAINED_202547_2025-11-20_0656|BY_IF
100000000110|1003|1927|06-JUN-2026|06-JUN-2026|113.650803|100000000110_1003_289|202547|CONSTRAINED|CONSTRAINED|CONSTRAINED_202547_2025-11-20_0656|BY_IF
100000000110|1003|1926|30-MAY-2026|30-MAY-2026|113.650803|100000000110_1003_289|202547|CONSTRAINED|CONSTRAINED|CONSTRAINED_202547_2025-11-20_0656|BY_IF
100000000110|1003|1925|23-MAY-2026|23-MAY-2026|38.650829|100000000110_1003_289|202547|CONSTRAINED|CONSTRAINED|CONSTRAINED_202547_2025-11-20_0656|BY_IF
100000000110|1003|1924|16-MAY-2026|16-MAY-2026|38.650829|100000000110_1003_289|202547|CONSTRAINED|CONSTRAINED|CONSTRAINED_202547_2025-11-20_0656|BY_IF
100000000110|1003|1923|09-MAY-2026|09-MAY-2026|38.650829|100000000110_1003_289|202547|CONSTRAINED|CONSTRAINED|CONSTRAINED_202547_2025-11-20_0656|BY_IF
100000000110|1003|1922|02-MAY-2026|02-MAY-2026|113.650803|100000000110_1003_289|202547|CONSTRAINED|CONSTRAINED|CONSTRAINED_202547_2025-11-20_0656|BY_IF
100000000110|1003|1921|25-APR-2026|25-APR-2026|38.650829|100000000110_1003_289|202547|CONSTRAINED|CONSTRAINED|CONSTRAINED_202547_2025-11-20_0656|BY_IF
100000000110|1003|1920|18-APR-2026|18-APR-2026|113.650803|100000000110_1003_289|202547|CONSTRAINED|CONSTRAINED|CONSTRAINED_202547_2025-11-20_0656|BY_IF
100000000110|1003|1919|11-APR-2026|11-APR-2026|38.650829|100000000110_1003_289|202547|CONSTRAINED|CONSTRAINED|CONSTRAINED_202547_2025-11-20_0656|BY_IF
100000000110|1003|1918|04-APR-2026|04-APR-2026|38.650829|100000000110_1003_289|202547|CONSTRAINED|CONSTRAINED|CONSTRAINED_202547_2025-11-20_0656|BY_IF
100000000110|1003|1917|28-MAR-2026|28-MAR-2026|38.650829|100000000110_1003_289|202547|CONSTRAINED|CONSTRAINED|CONSTRAINED_202547_2025-11-20_0656|BY_IF
100000000110|1003|1916|21-MAR-2026|21-MAR-2026|38.650829|100000000110_1003_289|202547|CONSTRAINED|CONSTRAINED|CONSTRAINED_202547_2025-11-20_0656|BY_IF
100000000110|1003|1915|14-MAR-2026|14-MAR-2026|38.650829|100000000110_1003_289|202547|CONSTRAINED|CONSTRAINED|CONSTRAINED_202547_2025-11-20_0656|BY_IF
100000000110|1003|1914|07-MAR-2026|07-MAR-2026|113.650803|100000000110_1003_289|202547|CONSTRAINED|CONSTRAINED|CONSTRAINED_202547_2025-11-20_0656|BY_IF
100000000110|1003|1913|28-FEB-2026|28-FEB-2026|38.650829|100000000110_1003_289|202547|CONSTRAINED|CONSTRAINED|CONSTRAINED_202547_2025-11-20_0656|BY_IF
100000000110|1003|1912|21-FEB-2026|21-FEB-2026|113.650803|100000000110_1003_289|202547|CONSTRAINED|CONSTRAINED|CONSTRAINED_202547_2025-11-20_0656|BY_IF
100000000110|1003|1911|14-FEB-2026|14-FEB-2026|38.650829|100000000110_1003_289|202547|CONSTRAINED|CONSTRAINED|CONSTRAINED_202547_2025-11-20_0656|BY_IF
100000000110|1003|1910|07-FEB-2026|07-FEB-2026|113.650803|100000000110_1003_289|202547|CONSTRAINED|CONSTRAINED|CONSTRAINED_202547_2025-11-20_0656|BY_IF
100000000110|1003|1909|31-JAN-2026|31-JAN-2026|38.650829|100000000110_1003_289|202547|CONSTRAINED|CONSTRAINED|CONSTRAINED_202547_2025-11-20_0656|BY_IF
100000000110|1003|1908|24-JAN-2026|24-JAN-2026|113.650803|100000000110_1003_289|202547|CONSTRAINED|CONSTRAINED|CONSTRAINED_202547_2025-11-20_0656|BY_IF
100000000110|1003|1907|17-JAN-2026|17-JAN-2026|38.650829|100000000110_1003_289|202547|CONSTRAINED|CONSTRAINED|CONSTRAINED_202547_2025-11-20_0656|BY_IF
100000000110|1003|1906|10-JAN-2026|10-JAN-2026|102.828598|100000000110_1003_289|202547|CONSTRAINED|CONSTRAINED|CONSTRAINED_202547_2025-11-20_0656|BY_IF
100000000110|1003|1905|03-JAN-2026|03-JAN-2026|25.76722|100000000110_1003_289|202547|CONSTRAINED|CONSTRAINED|CONSTRAINED_202547_2025-11-20_0656|BY_IF
100000000110|1003|1904|27-DEC-2025|27-DEC-2025|100.767197|100000000110_1003_289|202547|CONSTRAINED|CONSTRAINED|CONSTRAINED_202547_2025-11-20_0656|BY_IF
100000000110|1003|1903|20-DEC-2025|20-DEC-2025|25.76722|100000000110_1003_289|202547|CONSTRAINED|CONSTRAINED|CONSTRAINED_202547_2025-11-20_0656|BY_IF
100000000110|1003|1902|13-DEC-2025|13-DEC-2025|25.76722|100000000110_1003_289|202547|CONSTRAINED|CONSTRAINED|CONSTRAINED_202547_2025-11-20_0656|BY_IF
100000000110|1003|1901|06-DEC-2025|06-DEC-2025|25.76722|100000000110_1003_289|202547|CONSTRAINED|CONSTRAINED|CONSTRAINED_202547_2025-11-20_0656|BY_IF
100000000110|1003|1900|29-NOV-2025|29-NOV-2025|25.76722|100000000110_1003_289|202547|CONSTRAINED|CONSTRAINED|CONSTRAINED_202547_2025-11-20_0656|BY_IF
100000000110|1003|1899|22-NOV-2025|22-NOV-2025|25.76722|100000000110_1003_289|202547|CONSTRAINED|CONSTRAINED|CONSTRAINED_202547_2025-11-20_0656|BY_IF
100000000110|1003|1898|15-NOV-2025|15-NOV-2025|25.76722|100000000110_1003_289|202547|CONSTRAINED|CONSTRAINED|CONSTRAINED_202547_2025-11-20_0656|BY_IF
100000000110|1003|1897|08-NOV-2025|08-NOV-2025|25.76722|100000000110_1003_289|202547|CONSTRAINED|CONSTRAINED|CONSTRAINED_202547_2025-11-20_0656|BY_IF
100000000110|1003|1896|01-NOV-2025|01-NOV-2025|25.76722|100000000110_1003_289|202547|CONSTRAINED|CONSTRAINED|CONSTRAINED_202547_2025-11-20_0656|BY_IF
100000000110|1003|1895|25-OCT-2025|25-OCT-2025|38.650829|100000000110_1003_289|202547|CONSTRAINED|CONSTRAINED|CONSTRAINED_202547_2025-11-20_0656|BY_IF
100000000110|1003|1894|18-OCT-2025|18-OCT-2025|38.650829|100000000110_1003_289|202547|CONSTRAINED|CONSTRAINED|CONSTRAINED_202547_2025-11-20_0656|BY_IF
100000000110|1003|1893|11-OCT-2025|11-OCT-2025|38.650829|100000000110_1003_289|202547|CONSTRAINED|CONSTRAINED|CONSTRAINED_202547_2025-11-20_0656|BY_IF
100000000110|1003|1892|04-OCT-2025|04-OCT-2025|38.650829|100000000110_1003_289|202547|CONSTRAINED|CONSTRAINED|CONSTRAINED_202547_2025-11-20_0656|BY_IF
100000000110|1003|1891|27-SEP-2025|27-SEP-2025|38.650829|100000000110_1003_289|202547|CONSTRAINED|CONSTRAINED|CONSTRAINED_202547_2025-11-20_0656|BY_IF
100000000110|1003|1890|20-SEP-2025|20-SEP-2025|38.650829|100000000110_1003_289|202547|CONSTRAINED|CONSTRAINED|CONSTRAINED_202547_2025-11-20_0656|BY_IF
100000000110|1003|1889|13-SEP-2025|13-SEP-2025|38.650829|100000000110_1003_289|202547|CONSTRAINED|CONSTRAINED|CONSTRAINED_202547_2025-11-20_0656|BY_IF
100000000110|1003|1888|06-SEP-2025|06-SEP-2025|38.650829|100000000110_1003_289|202547|CONSTRAINED|CONSTRAINED|CONSTRAINED_202547_2025-11-20_0656|BY_IF
100000000110|1003|1887|30-AUG-2025|30-AUG-2025|38.650829|100000000110_1003_289|202547|CONSTRAINED|CONSTRAINED|CONSTRAINED_202547_2025-11-20_0656|BY_IF
100000000110|1003|1886|23-AUG-2025|23-AUG-2025|143.650803|100000000110_1003_289|202547|CONSTRAINED|CONSTRAINED|CONSTRAINED_202547_2025-11-20_0656|BY_IF
100000000110|1003|1885|16-AUG-2025|16-AUG-2025|145.650803|100000000110_1003_289|202547|CONSTRAINED|CONSTRAINED|CONSTRAINED_202547_2025-11-20_0656|BY_IF
100000000110|1003|1884|09-AUG-2025|09-AUG-2025|323.650787|100000000110_1003_289|202547|CONSTRAINED|CONSTRAINED|CONSTRAINED_202547_2025-11-20_0656|BY_IF
100000000110|1003|1883|02-AUG-2025|02-AUG-2025|38.650829|100000000110_1003_289|202547|CONSTRAINED|CONSTRAINED|CONSTRAINED_202547_2025-11-20_0656|BY_IF
100000000110|1003|1882|26-JUL-2025|26-JUL-2025|115|100000000110_1003_289|202547|CONSTRAINED|CONSTRAINED|CONSTRAINED_202547_2025-11-20_0656|BY_IF
100000000110|1006|239|24-JUL-2027|24-JUL-2027|75|100000000110_1006_290|202547|CONSTRAINED|CONSTRAINED|CONSTRAINED_202547_2025-11-20_0656|BY_IF
100000000110|1006|238|10-JUL-2027|10-JUL-2027|116.381599|100000000110_1006_290|202547|CONSTRAINED|CONSTRAINED|CONSTRAINED_202547_2025-11-20_0656|BY_IF
100000000110|1006|237|03-JUL-2027|03-JUL-2027|41.381592|100000000110_1006_290|202547|CONSTRAINED|CONSTRAINED|CONSTRAINED_202547_2025-11-20_0656|BY_IF
100000000110|1006|236|26-JUN-2027|26-JUN-2027|41.381592|100000000110_1006_290|202547|CONSTRAINED|CONSTRAINED|CONSTRAINED_202547_2025-11-20_0656|BY_IF
100000000110|1006|235|19-JUN-2027|19-JUN-2027|41.381592|100000000110_1006_290|202547|CONSTRAINED|CONSTRAINED|CONSTRAINED_202547_2025-11-20_0656|BY_IF
100000000110|1006|234|12-JUN-2027|12-JUN-2027|116.381599|100000000110_1006_290|202547|CONSTRAINED|CONSTRAINED|CONSTRAINED_202547_2025-11-20_0656|BY_IF
100000000110|1006|233|05-JUN-2027|05-JUN-2027|116.381599|100000000110_1006_290|202547|CONSTRAINED|CONSTRAINED|CONSTRAINED_202547_2025-11-20_0656|BY_IF
100000000110|1006|232|29-MAY-2027|29-MAY-2027|116.381599|100000000110_1006_290|202547|CONSTRAINED|CONSTRAINED|CONSTRAINED_202547_2025-11-20_0656|BY_IF
100000000110|1006|231|22-MAY-2027|22-MAY-2027|41.381592|100000000110_1006_290|202547|CONSTRAINED|CONSTRAINED|CONSTRAINED_202547_2025-11-20_0656|BY_IF
100000000110|1006|230|15-MAY-2027|15-MAY-2027|116.381599|100000000110_1006_290|202547|CONSTRAINED|CONSTRAINED|CONSTRAINED_202547_2025-11-20_0656|BY_IF
100000000110|1006|229|08-MAY-2027|08-MAY-2027|41.381592|100000000110_1006_290|202547|CONSTRAINED|CONSTRAINED|CONSTRAINED_202547_2025-11-20_0656|BY_IF
100000000110|1006|228|01-MAY-2027|01-MAY-2027|116.381599|100000000110_1006_290|202547|CONSTRAINED|CONSTRAINED|CONSTRAINED_202547_2025-11-20_0656|BY_IF
100000000110|1006|227|24-APR-2027|24-APR-2027|116.381599|100000000110_1006_290|202547|CONSTRAINED|CONSTRAINED|CONSTRAINED_202547_2025-11-20_0656|BY_IF
100000000110|1006|226|17-APR-2027|17-APR-2027|116.381599|100000000110_1006_290|202547|CONSTRAINED|CONSTRAINED|CONSTRAINED_202547_2025-11-20_0656|BY_IF
100000000110|1006|225|10-APR-2027|10-APR-2027|116.381599|100000000110_1006_290|202547|CONSTRAINED|CONSTRAINED|CONSTRAINED_202547_2025-11-20_0656|BY_IF
100000000110|1006|224|03-APR-2027|03-APR-2027|41.381592|100000000110_1006_290|202547|CONSTRAINED|CONSTRAINED|CONSTRAINED_202547_2025-11-20_0656|BY_IF
100000000110|1006|223|27-MAR-2027|27-MAR-2027|41.381592|100000000110_1006_290|202547|CONSTRAINED|CONSTRAINED|CONSTRAINED_202547_2025-11-20_0656|BY_IF
100000000110|1006|222|20-MAR-2027|20-MAR-2027|41.381592|100000000110_1006_290|202547|CONSTRAINED|CONSTRAINED|CONSTRAINED_202547_2025-11-20_0656|BY_IF
100000000110|1006|221|13-MAR-2027|13-MAR-2027|116.381599|100000000110_1006_290|202547|CONSTRAINED|CONSTRAINED|CONSTRAINED_202547_2025-11-20_0656|BY_IF
100000000110|1006|220|06-MAR-2027|06-MAR-2027|116.381599|100000000110_1006_290|202547|CONSTRAINED|CONSTRAINED|CONSTRAINED_202547_2025-11-20_0656|BY_IF
100000000110|1006|219|27-FEB-2027|27-FEB-2027|116.381599|100000000110_1006_290|202547|CONSTRAINED|CONSTRAINED|CONSTRAINED_202547_2025-11-20_0656|BY_IF
100000000110|1006|218|20-FEB-2027|20-FEB-2027|116.381599|100000000110_1006_290|202547|CONSTRAINED|CONSTRAINED|CONSTRAINED_202547_2025-11-20_0656|BY_IF
100000000110|1006|217|13-FEB-2027|13-FEB-2027|116.381599|100000000110_1006_290|202547|CONSTRAINED|CONSTRAINED|CONSTRAINED_202547_2025-11-20_0656|BY_IF
100000000110|1006|216|06-FEB-2027|06-FEB-2027|116.381599|100000000110_1006_290|202547|CONSTRAINED|CONSTRAINED|CONSTRAINED_202547_2025-11-20_0656|BY_IF
100000000110|1006|215|30-JAN-2027|30-JAN-2027|116.381599|100000000110_1006_290|202547|CONSTRAINED|CONSTRAINED|CONSTRAINED_202547_2025-11-20_0656|BY_IF
100000000110|1006|214|23-JAN-2027|23-JAN-2027|116.381599|100000000110_1006_290|202547|CONSTRAINED|CONSTRAINED|CONSTRAINED_202547_2025-11-20_0656|BY_IF
100000000110|1006|213|16-JAN-2027|16-JAN-2027|116.381599|100000000110_1006_290|202547|CONSTRAINED|CONSTRAINED|CONSTRAINED_202547_2025-11-20_0656|BY_IF
100000000110|1006|212|09-JAN-2027|09-JAN-2027|116.381599|100000000110_1006_290|202547|CONSTRAINED|CONSTRAINED|CONSTRAINED_202547_2025-11-20_0656|BY_IF
100000000110|1006|211|02-JAN-2027|02-JAN-2027|116.381599|100000000110_1006_290|202547|CONSTRAINED|CONSTRAINED|CONSTRAINED_202547_2025-11-20_0656|BY_IF
100000000110|1006|210|26-DEC-2026|26-DEC-2026|116.381599|100000000110_1006_290|202547|CONSTRAINED|CONSTRAINED|CONSTRAINED_202547_2025-11-20_0656|BY_IF
100000000110|1006|209|19-DEC-2026|19-DEC-2026|116.381599|100000000110_1006_290|202547|CONSTRAINED|CONSTRAINED|CONSTRAINED_202547_2025-11-20_0656|BY_IF
100000000110|1006|208|12-DEC-2026|12-DEC-2026|116.381599|100000000110_1006_290|202547|CONSTRAINED|CONSTRAINED|CONSTRAINED_202547_2025-11-20_0656|BY_IF
100000000110|1006|207|05-DEC-2026|05-DEC-2026|116.381599|100000000110_1006_290|202547|CONSTRAINED|CONSTRAINED|CONSTRAINED_202547_2025-11-20_0656|BY_IF
100000000110|1006|206|28-NOV-2026|28-NOV-2026|116.381599|100000000110_1006_290|202547|CONSTRAINED|CONSTRAINED|CONSTRAINED_202547_2025-11-20_0656|BY_IF
100000000110|1006|205|21-NOV-2026|21-NOV-2026|116.381599|100000000110_1006_290|202547|CONSTRAINED|CONSTRAINED|CONSTRAINED_202547_2025-11-20_0656|BY_IF
100000000110|1006|204|14-NOV-2026|14-NOV-2026|116.381599|100000000110_1006_290|202547|CONSTRAINED|CONSTRAINED|CONSTRAINED_202547_2025-11-20_0656|BY_IF
100000000110|1006|203|07-NOV-2026|07-NOV-2026|116.381599|100000000110_1006_290|202547|CONSTRAINED|CONSTRAINED|CONSTRAINED_202547_2025-11-20_0656|BY_IF
100000000110|1006|202|31-OCT-2026|31-OCT-2026|116.381599|100000000110_1006_290|202547|CONSTRAINED|CONSTRAINED|CONSTRAINED_202547_2025-11-20_0656|BY_IF
100000000110|1006|201|24-OCT-2026|24-OCT-2026|116.381599|100000000110_1006_290|202547|CONSTRAINED|CONSTRAINED|CONSTRAINED_202547_2025-11-20_0656|BY_IF
100000000110|1006|200|17-OCT-2026|17-OCT-2026|116.381599|100000000110_1006_290|202547|CONSTRAINED|CONSTRAINED|CONSTRAINED_202547_2025-11-20_0656|BY_IF
100000000110|1006|199|10-OCT-2026|10-OCT-2026|116.381599|100000000110_1006_290|202547|CONSTRAINED|CONSTRAINED|CONSTRAINED_202547_2025-11-20_0656|BY_IF
100000000110|1006|198|03-OCT-2026|03-OCT-2026|116.381599|100000000110_1006_290|202547|CONSTRAINED|CONSTRAINED|CONSTRAINED_202547_2025-11-20_0656|BY_IF
100000000110|1006|197|26-SEP-2026|26-SEP-2026|116.381599|100000000110_1006_290|202547|CONSTRAINED|CONSTRAINED|CONSTRAINED_202547_2025-11-20_0656|BY_IF
100000000110|1006|196|19-SEP-2026|19-SEP-2026|116.381599|100000000110_1006_290|202547|CONSTRAINED|CONSTRAINED|CONSTRAINED_202547_2025-11-20_0656|BY_IF
100000000110|1006|195|12-SEP-2026|12-SEP-2026|116.381599|100000000110_1006_290|202547|CONSTRAINED|CONSTRAINED|CONSTRAINED_202547_2025-11-20_0656|BY_IF
100000000110|1006|194|05-SEP-2026|05-SEP-2026|116.381599|100000000110_1006_290|202547|CONSTRAINED|CONSTRAINED|CONSTRAINED_202547_2025-11-20_0656|BY_IF
100000000110|1006|193|29-AUG-2026|29-AUG-2026|116.381599|100000000110_1006_290|202547|CONSTRAINED|CONSTRAINED|CONSTRAINED_202547_2025-11-20_0656|BY_IF
100000000110|1006|192|22-AUG-2026|22-AUG-2026|116.381599|100000000110_1006_290|202547|CONSTRAINED|CONSTRAINED|CONSTRAINED_202547_2025-11-20_0656|BY_IF
100000000110|1006|191|15-AUG-2026|15-AUG-2026|116.381599|100000000110_1006_290|202547|CONSTRAINED|CONSTRAINED|CONSTRAINED_202547_2025-11-20_0656|BY_IF
100000000110|1006|190|08-AUG-2026|08-AUG-2026|116.381599|100000000110_1006_290|202547|CONSTRAINED|CONSTRAINED|CONSTRAINED_202547_2025-11-20_0656|BY_IF
100000000110|1006|189|01-AUG-2026|01-AUG-2026|116.381599|100000000110_1006_290|202547|CONSTRAINED|CONSTRAINED|CONSTRAINED_202547_2025-11-20_0656|BY_IF
100000000110|1006|188|25-JUL-2026|25-JUL-2026|116.381599|100000000110_1006_290|202547|CONSTRAINED|CONSTRAINED|CONSTRAINED_202547_2025-11-20_0656|BY_IF
100000000110|1006|187|18-JUL-2026|18-JUL-2026|116.381599|100000000110_1006_290|202547|CONSTRAINED|CONSTRAINED|CONSTRAINED_202547_2025-11-20_0656|BY_IF
100000000110|1006|186|11-JUL-2026|11-JUL-2026|116.381599|100000000110_1006_290|202547|CONSTRAINED|CONSTRAINED|CONSTRAINED_202547_2025-11-20_0656|BY_IF
100000000110|1006|185|04-JUL-2026|04-JUL-2026|41.381592|100000000110_1006_290|202547|CONSTRAINED|CONSTRAINED|CONSTRAINED_202547_2025-11-20_0656|BY_IF
100000000110|1006|184|27-JUN-2026|27-JUN-2026|41.381592|100000000110_1006_290|202547|CONSTRAINED|CONSTRAINED|CONSTRAINED_202547_2025-11-20_0656|BY_IF
100000000110|1006|183|20-JUN-2026|20-JUN-2026|41.381592|100000000110_1006_290|202547|CONSTRAINED|CONSTRAINED|CONSTRAINED_202547_2025-11-20_0656|BY_IF
100000000110|1006|182|13-JUN-2026|13-JUN-2026|41.381592|100000000110_1006_290|202547|CONSTRAINED|CONSTRAINED|CONSTRAINED_202547_2025-11-20_0656|BY_IF
100000000110|1006|181|06-JUN-2026|06-JUN-2026|41.381592|100000000110_1006_290|202547|CONSTRAINED|CONSTRAINED|CONSTRAINED_202547_2025-11-20_0656|BY_IF
100000000110|1006|180|30-MAY-2026|30-MAY-2026|41.381592|100000000110_1006_290|202547|CONSTRAINED|CONSTRAINED|CONSTRAINED_202547_2025-11-20_0656|BY_IF
100000000110|1006|179|23-MAY-2026|23-MAY-2026|116.381599|100000000110_1006_290|202547|CONSTRAINED|CONSTRAINED|CONSTRAINED_202547_2025-11-20_0656|BY_IF
100000000110|1006|178|16-MAY-2026|16-MAY-2026|116.381599|100000000110_1006_290|202547|CONSTRAINED|CONSTRAINED|CONSTRAINED_202547_2025-11-20_0656|BY_IF
100000000110|1006|177|09-MAY-2026|09-MAY-2026|116.381599|100000000110_1006_290|202547|CONSTRAINED|CONSTRAINED|CONSTRAINED_202547_2025-11-20_0656|BY_IF
100000000110|1006|176|02-MAY-2026|02-MAY-2026|41.381592|100000000110_1006_290|202547|CONSTRAINED|CONSTRAINED|CONSTRAINED_202547_2025-11-20_0656|BY_IF
100000000110|1006|175|25-APR-2026|25-APR-2026|116.381599|100000000110_1006_290|202547|CONSTRAINED|CONSTRAINED|CONSTRAINED_202547_2025-11-20_0656|BY_IF
100000000110|1006|174|18-APR-2026|18-APR-2026|41.381592|100000000110_1006_290|202547|CONSTRAINED|CONSTRAINED|CONSTRAINED_202547_2025-11-20_0656|BY_IF
100000000110|1006|173|11-APR-2026|11-APR-2026|116.381599|100000000110_1006_290|202547|CONSTRAINED|CONSTRAINED|CONSTRAINED_202547_2025-11-20_0656|BY_IF
100000000110|1006|172|04-APR-2026|04-APR-2026|116.381599|100000000110_1006_290|202547|CONSTRAINED|CONSTRAINED|CONSTRAINED_202547_2025-11-20_0656|BY_IF
100000000110|1006|171|28-MAR-2026|28-MAR-2026|116.381599|100000000110_1006_290|202547|CONSTRAINED|CONSTRAINED|CONSTRAINED_202547_2025-11-20_0656|BY_IF
100000000110|1006|170|21-MAR-2026|21-MAR-2026|116.381599|100000000110_1006_290|202547|CONSTRAINED|CONSTRAINED|CONSTRAINED_202547_2025-11-20_0656|BY_IF
100000000110|1006|169|14-MAR-2026|14-MAR-2026|116.381599|100000000110_1006_290|202547|CONSTRAINED|CONSTRAINED|CONSTRAINED_202547_2025-11-20_0656|BY_IF
100000000110|1006|168|07-MAR-2026|07-MAR-2026|41.381592|100000000110_1006_290|202547|CONSTRAINED|CONSTRAINED|CONSTRAINED_202547_2025-11-20_0656|BY_IF
100000000110|1006|167|28-FEB-2026|28-FEB-2026|116.381599|100000000110_1006_290|202547|CONSTRAINED|CONSTRAINED|CONSTRAINED_202547_2025-11-20_0656|BY_IF
100000000110|1006|166|21-FEB-2026|21-FEB-2026|41.381592|100000000110_1006_290|202547|CONSTRAINED|CONSTRAINED|CONSTRAINED_202547_2025-11-20_0656|BY_IF
100000000110|1006|165|14-FEB-2026|14-FEB-2026|116.381599|100000000110_1006_290|202547|CONSTRAINED|CONSTRAINED|CONSTRAINED_202547_2025-11-20_0656|BY_IF
100000000110|1006|164|07-FEB-2026|07-FEB-2026|41.381592|100000000110_1006_290|202547|CONSTRAINED|CONSTRAINED|CONSTRAINED_202547_2025-11-20_0656|BY_IF
100000000110|1006|163|31-JAN-2026|31-JAN-2026|116.381599|100000000110_1006_290|202547|CONSTRAINED|CONSTRAINED|CONSTRAINED_202547_2025-11-20_0656|BY_IF
100000000110|1006|162|24-JAN-2026|24-JAN-2026|41.381592|100000000110_1006_290|202547|CONSTRAINED|CONSTRAINED|CONSTRAINED_202547_2025-11-20_0656|BY_IF
100000000110|1006|161|17-JAN-2026|17-JAN-2026|107.553497|100000000110_1006_290|202547|CONSTRAINED|CONSTRAINED|CONSTRAINED_202547_2025-11-20_0656|BY_IF
100000000110|1006|160|10-JAN-2026|10-JAN-2026|27.58773|100000000110_1006_290|202547|CONSTRAINED|CONSTRAINED|CONSTRAINED_202547_2025-11-20_0656|BY_IF
100000000110|1006|159|03-JAN-2026|03-JAN-2026|102.5877|100000000110_1006_290|202547|CONSTRAINED|CONSTRAINED|CONSTRAINED_202547_2025-11-20_0656|BY_IF
100000000110|1006|158|27-DEC-2025|27-DEC-2025|27.58773|100000000110_1006_290|202547|CONSTRAINED|CONSTRAINED|CONSTRAINED_202547_2025-11-20_0656|BY_IF
100000000110|1006|157|20-DEC-2025|20-DEC-2025|102.5877|100000000110_1006_290|202547|CONSTRAINED|CONSTRAINED|CONSTRAINED_202547_2025-11-20_0656|BY_IF
100000000110|1006|156|13-DEC-2025|13-DEC-2025|102.5877|100000000110_1006_290|202547|CONSTRAINED|CONSTRAINED|CONSTRAINED_202547_2025-11-20_0656|BY_IF
100000000110|1006|155|06-DEC-2025|06-DEC-2025|76.58773|100000000110_1006_290|202547|CONSTRAINED|CONSTRAINED|CONSTRAINED_202547_2025-11-20_0656|BY_IF
100000000110|1006|154|29-NOV-2025|29-NOV-2025|27.58773|100000000110_1006_290|202547|CONSTRAINED|CONSTRAINED|CONSTRAINED_202547_2025-11-20_0656|BY_IF
100000000110|1006|153|22-NOV-2025|22-NOV-2025|87.58773|100000000110_1006_290|202547|CONSTRAINED|CONSTRAINED|CONSTRAINED_202547_2025-11-20_0656|BY_IF
100000000110|1006|152|15-NOV-2025|15-NOV-2025|27.58773|100000000110_1006_290|202547|CONSTRAINED|CONSTRAINED|CONSTRAINED_202547_2025-11-20_0656|BY_IF
100000000110|1006|151|08-NOV-2025|08-NOV-2025|27.58773|100000000110_1006_290|202547|CONSTRAINED|CONSTRAINED|CONSTRAINED_202547_2025-11-20_0656|BY_IF
100000000110|1006|150|01-NOV-2025|01-NOV-2025|27.58773|100000000110_1006_290|202547|CONSTRAINED|CONSTRAINED|CONSTRAINED_202547_2025-11-20_0656|BY_IF
100000000110|1006|149|25-OCT-2025|25-OCT-2025|27.58773|100000000110_1006_290|202547|CONSTRAINED|CONSTRAINED|CONSTRAINED_202547_2025-11-20_0656|BY_IF
100000000110|1006|148|18-OCT-2025|18-OCT-2025|27.58773|100000000110_1006_290|202547|CONSTRAINED|CONSTRAINED|CONSTRAINED_202547_2025-11-20_0656|BY_IF
100000000110|1006|147|11-OCT-2025|11-OCT-2025|27.58773|100000000110_1006_290|202547|CONSTRAINED|CONSTRAINED|CONSTRAINED_202547_2025-11-20_0656|BY_IF
100000000110|1006|146|04-OCT-2025|04-OCT-2025|27.58773|100000000110_1006_290|202547|CONSTRAINED|CONSTRAINED|CONSTRAINED_202547_2025-11-20_0656|BY_IF
100000000110|1006|145|27-SEP-2025|27-SEP-2025|35.31229|100000000110_1006_290|202547|CONSTRAINED|CONSTRAINED|CONSTRAINED_202547_2025-11-20_0656|BY_IF
100000000110|1006|144|20-SEP-2025|20-SEP-2025|91.381592|100000000110_1006_290|202547|CONSTRAINED|CONSTRAINED|CONSTRAINED_202547_2025-11-20_0656|BY_IF
100000000110|1006|143|13-SEP-2025|13-SEP-2025|41.381592|100000000110_1006_290|202547|CONSTRAINED|CONSTRAINED|CONSTRAINED_202547_2025-11-20_0656|BY_IF
100000000110|1006|142|06-SEP-2025|06-SEP-2025|41.381592|100000000110_1006_290|202547|CONSTRAINED|CONSTRAINED|CONSTRAINED_202547_2025-11-20_0656|BY_IF
100000000110|1006|141|30-AUG-2025|30-AUG-2025|51.381592|100000000110_1006_290|202547|CONSTRAINED|CONSTRAINED|CONSTRAINED_202547_2025-11-20_0656|BY_IF
100000000110|1006|140|23-AUG-2025|23-AUG-2025|41.381592|100000000110_1006_290|202547|CONSTRAINED|CONSTRAINED|CONSTRAINED_202547_2025-11-20_0656|BY_IF
100000000110|1006|139|16-AUG-2025|16-AUG-2025|226.381607|100000000110_1006_290|202547|CONSTRAINED|CONSTRAINED|CONSTRAINED_202547_2025-11-20_0656|BY_IF
100000000110|1006|138|09-AUG-2025|09-AUG-2025|361.381592|100000000110_1006_290|202547|CONSTRAINED|CONSTRAINED|CONSTRAINED_202547_2025-11-20_0656|BY_IF
100000000110|1006|137|02-AUG-2025|02-AUG-2025|41.381592|100000000110_1006_290|202547|CONSTRAINED|CONSTRAINED|CONSTRAINED_202547_2025-11-20_0656|BY_IF
100000000110|1006|136|26-JUL-2025|26-JUL-2025|245|100000000110_1006_290|202547|CONSTRAINED|CONSTRAINED|CONSTRAINED_202547_2025-11-20_0656|BY_IF
100000000111|1003|6127|23-AUG-2025|23-AUG-2025|105|100000000111_1003_321|202547|CONSTRAINED|CONSTRAINED|CONSTRAINED_202547_2025-11-20_0656|BY_IF
100000000111|1003|6126|16-AUG-2025|16-AUG-2025|107|100000000111_1003_321|202547|CONSTRAINED|CONSTRAINED|CONSTRAINED_202547_2025-11-20_0656|BY_IF
100000000111|1003|6125|09-AUG-2025|09-AUG-2025|285|100000000111_1003_321|202547|CONSTRAINED|CONSTRAINED|CONSTRAINED_202547_2025-11-20_0656|BY_IF
100000000111|1003|6124|02-AUG-2025|02-AUG-2025|115|100000000111_1003_321|202547|CONSTRAINED|CONSTRAINED|CONSTRAINED_202547_2025-11-20_0656|BY_IF
100000000111|1006|5835|17-JUL-2027|17-JUL-2027|150|100000000111_1006_322|202547|CONSTRAINED|CONSTRAINED|CONSTRAINED_202547_2025-11-20_0656|BY_IF
100000000111|1006|5834|10-JUL-2027|10-JUL-2027|75|100000000111_1006_322|202547|CONSTRAINED|CONSTRAINED|CONSTRAINED_202547_2025-11-20_0656|BY_IF
100000000111|1006|5833|03-JUL-2027|03-JUL-2027|75|100000000111_1006_322|202547|CONSTRAINED|CONSTRAINED|CONSTRAINED_202547_2025-11-20_0656|BY_IF
100000000111|1006|5832|26-JUN-2027|26-JUN-2027|75|100000000111_1006_322|202547|CONSTRAINED|CONSTRAINED|CONSTRAINED_202547_2025-11-20_0656|BY_IF
100000000111|1006|5831|19-JUN-2027|19-JUN-2027|75|100000000111_1006_322|202547|CONSTRAINED|CONSTRAINED|CONSTRAINED_202547_2025-11-20_0656|BY_IF
100000000111|1006|5830|12-JUN-2027|12-JUN-2027|75|100000000111_1006_322|202547|CONSTRAINED|CONSTRAINED|CONSTRAINED_202547_2025-11-20_0656|BY_IF
100000000111|1006|5829|05-JUN-2027|05-JUN-2027|75|100000000111_1006_322|202547|CONSTRAINED|CONSTRAINED|CONSTRAINED_202547_2025-11-20_0656|BY_IF
100000000111|1006|5828|29-MAY-2027|29-MAY-2027|75|100000000111_1006_322|202547|CONSTRAINED|CONSTRAINED|CONSTRAINED_202547_2025-11-20_0656|BY_IF
100000000111|1006|5827|22-MAY-2027|22-MAY-2027|75|100000000111_1006_322|202547|CONSTRAINED|CONSTRAINED|CONSTRAINED_202547_2025-11-20_0656|BY_IF
100000000111|1006|5826|15-MAY-2027|15-MAY-2027|75|100000000111_1006_322|202547|CONSTRAINED|CONSTRAINED|CONSTRAINED_202547_2025-11-20_0656|BY_IF
100000000111|1006|5825|08-MAY-2027|08-MAY-2027|75|100000000111_1006_322|202547|CONSTRAINED|CONSTRAINED|CONSTRAINED_202547_2025-11-20_0656|BY_IF
100000000111|1006|5824|01-MAY-2027|01-MAY-2027|75|100000000111_1006_322|202547|CONSTRAINED|CONSTRAINED|CONSTRAINED_202547_2025-11-20_0656|BY_IF
100000000111|1006|5823|24-APR-2027|24-APR-2027|75|100000000111_1006_322|202547|CONSTRAINED|CONSTRAINED|CONSTRAINED_202547_2025-11-20_0656|BY_IF
100000000111|1006|5822|17-APR-2027|17-APR-2027|75|100000000111_1006_322|202547|CONSTRAINED|CONSTRAINED|CONSTRAINED_202547_2025-11-20_0656|BY_IF
100000000111|1006|5821|10-APR-2027|10-APR-2027|75|100000000111_1006_322|202547|CONSTRAINED|CONSTRAINED|CONSTRAINED_202547_2025-11-20_0656|BY_IF
100000000111|1006|5820|03-APR-2027|03-APR-2027|75|100000000111_1006_322|202547|CONSTRAINED|CONSTRAINED|CONSTRAINED_202547_2025-11-20_0656|BY_IF
100000000111|1006|5819|27-MAR-2027|27-MAR-2027|75|100000000111_1006_322|202547|CONSTRAINED|CONSTRAINED|CONSTRAINED_202547_2025-11-20_0656|BY_IF
100000000111|1006|5818|20-MAR-2027|20-MAR-2027|75|100000000111_1006_322|202547|CONSTRAINED|CONSTRAINED|CONSTRAINED_202547_2025-11-20_0656|BY_IF
100000000111|1006|5817|13-MAR-2027|13-MAR-2027|75|100000000111_1006_322|202547|CONSTRAINED|CONSTRAINED|CONSTRAINED_202547_2025-11-20_0656|BY_IF
100000000111|1006|5816|06-MAR-2027|06-MAR-2027|75|100000000111_1006_322|202547|CONSTRAINED|CONSTRAINED|CONSTRAINED_202547_2025-11-20_0656|BY_IF
100000000111|1006|5815|27-FEB-2027|27-FEB-2027|75|100000000111_1006_322|202547|CONSTRAINED|CONSTRAINED|CONSTRAINED_202547_2025-11-20_0656|BY_IF
100000000111|1006|5814|20-FEB-2027|20-FEB-2027|75|100000000111_1006_322|202547|CONSTRAINED|CONSTRAINED|CONSTRAINED_202547_2025-11-20_0656|BY_IF
100000000111|1006|5813|13-FEB-2027|13-FEB-2027|75|100000000111_1006_322|202547|CONSTRAINED|CONSTRAINED|CONSTRAINED_202547_2025-11-20_0656|BY_IF
100000000111|1006|5812|06-FEB-2027|06-FEB-2027|75|100000000111_1006_322|202547|CONSTRAINED|CONSTRAINED|CONSTRAINED_202547_2025-11-20_0656|BY_IF
100000000111|1006|5811|30-JAN-2027|30-JAN-2027|75|100000000111_1006_322|202547|CONSTRAINED|CONSTRAINED|CONSTRAINED_202547_2025-11-20_0656|BY_IF
100000000111|1006|5810|23-JAN-2027|23-JAN-2027|75|100000000111_1006_322|202547|CONSTRAINED|CONSTRAINED|CONSTRAINED_202547_2025-11-20_0656|BY_IF
100000000111|1006|5809|16-JAN-2027|16-JAN-2027|75|100000000111_1006_322|202547|CONSTRAINED|CONSTRAINED|CONSTRAINED_202547_2025-11-20_0656|BY_IF
100000000111|1006|5808|09-JAN-2027|09-JAN-2027|75|100000000111_1006_322|202547|CONSTRAINED|CONSTRAINED|CONSTRAINED_202547_2025-11-20_0656|BY_IF
100000000111|1006|5807|02-JAN-2027|02-JAN-2027|75|100000000111_1006_322|202547|CONSTRAINED|CONSTRAINED|CONSTRAINED_202547_2025-11-20_0656|BY_IF
100000000111|1006|5806|26-DEC-2026|26-DEC-2026|75|100000000111_1006_322|202547|CONSTRAINED|CONSTRAINED|CONSTRAINED_202547_2025-11-20_0656|BY_IF
100000000111|1006|5805|19-DEC-2026|19-DEC-2026|75|100000000111_1006_322|202547|CONSTRAINED|CONSTRAINED|CONSTRAINED_202547_2025-11-20_0656|BY_IF
100000000111|1006|5804|12-DEC-2026|12-DEC-2026|75|100000000111_1006_322|202547|CONSTRAINED|CONSTRAINED|CONSTRAINED_202547_2025-11-20_0656|BY_IF
100000000111|1006|5803|05-DEC-2026|05-DEC-2026|75|100000000111_1006_322|202547|CONSTRAINED|CONSTRAINED|CONSTRAINED_202547_2025-11-20_0656|BY_IF
100000000111|1006|5802|28-NOV-2026|28-NOV-2026|75|100000000111_1006_322|202547|CONSTRAINED|CONSTRAINED|CONSTRAINED_202547_2025-11-20_0656|BY_IF
100000000111|1006|5801|21-NOV-2026|21-NOV-2026|75|100000000111_1006_322|202547|CONSTRAINED|CONSTRAINED|CONSTRAINED_202547_2025-11-20_0656|BY_IF
100000000111|1006|5800|14-NOV-2026|14-NOV-2026|75|100000000111_1006_322|202547|CONSTRAINED|CONSTRAINED|CONSTRAINED_202547_2025-11-20_0656|BY_IF
100000000111|1006|5799|07-NOV-2026|07-NOV-2026|75|100000000111_1006_322|202547|CONSTRAINED|CONSTRAINED|CONSTRAINED_202547_2025-11-20_0656|BY_IF
100000000111|1006|5798|31-OCT-2026|31-OCT-2026|75|100000000111_1006_322|202547|CONSTRAINED|CONSTRAINED|CONSTRAINED_202547_2025-11-20_0656|BY_IF
100000000111|1006|5797|24-OCT-2026|24-OCT-2026|75|100000000111_1006_322|202547|CONSTRAINED|CONSTRAINED|CONSTRAINED_202547_2025-11-20_0656|BY_IF
100000000111|1006|5796|17-OCT-2026|17-OCT-2026|75|100000000111_1006_322|202547|CONSTRAINED|CONSTRAINED|CONSTRAINED_202547_2025-11-20_0656|BY_IF
100000000111|1006|5795|10-OCT-2026|10-OCT-2026|75|100000000111_1006_322|202547|CONSTRAINED|CONSTRAINED|CONSTRAINED_202547_2025-11-20_0656|BY_IF
100000000111|1006|5794|03-OCT-2026|03-OCT-2026|75|100000000111_1006_322|202547|CONSTRAINED|CONSTRAINED|CONSTRAINED_202547_2025-11-20_0656|BY_IF
100000000111|1006|5793|26-SEP-2026|26-SEP-2026|75|100000000111_1006_322|202547|CONSTRAINED|CONSTRAINED|CONSTRAINED_202547_2025-11-20_0656|BY_IF
100000000111|1006|5792|19-SEP-2026|19-SEP-2026|75|100000000111_1006_322|202547|CONSTRAINED|CONSTRAINED|CONSTRAINED_202547_2025-11-20_0656|BY_IF
100000000111|1006|5791|12-SEP-2026|12-SEP-2026|75|100000000111_1006_322|202547|CONSTRAINED|CONSTRAINED|CONSTRAINED_202547_2025-11-20_0656|BY_IF
100000000111|1006|5790|05-SEP-2026|05-SEP-2026|75|100000000111_1006_322|202547|CONSTRAINED|CONSTRAINED|CONSTRAINED_202547_2025-11-20_0656|BY_IF
100000000111|1006|5789|29-AUG-2026|29-AUG-2026|75|100000000111_1006_322|202547|CONSTRAINED|CONSTRAINED|CONSTRAINED_202547_2025-11-20_0656|BY_IF
100000000111|1006|5788|22-AUG-2026|22-AUG-2026|75|100000000111_1006_322|202547|CONSTRAINED|CONSTRAINED|CONSTRAINED_202547_2025-11-20_0656|BY_IF
100000000111|1006|5787|15-AUG-2026|15-AUG-2026|75|100000000111_1006_322|202547|CONSTRAINED|CONSTRAINED|CONSTRAINED_202547_2025-11-20_0656|BY_IF
100000000111|1006|5786|08-AUG-2026|08-AUG-2026|75|100000000111_1006_322|202547|CONSTRAINED|CONSTRAINED|CONSTRAINED_202547_2025-11-20_0656|BY_IF
100000000111|1006|5785|01-AUG-2026|01-AUG-2026|75|100000000111_1006_322|202547|CONSTRAINED|CONSTRAINED|CONSTRAINED_202547_2025-11-20_0656|BY_IF
100000000111|1006|5784|25-JUL-2026|25-JUL-2026|75|100000000111_1006_322|202547|CONSTRAINED|CONSTRAINED|CONSTRAINED_202547_2025-11-20_0656|BY_IF
100000000111|1006|5783|18-JUL-2026|18-JUL-2026|75|100000000111_1006_322|202547|CONSTRAINED|CONSTRAINED|CONSTRAINED_202547_2025-11-20_0656|BY_IF
100000000111|1006|5782|11-JUL-2026|11-JUL-2026|75|100000000111_1006_322|202547|CONSTRAINED|CONSTRAINED|CONSTRAINED_202547_2025-11-20_0656|BY_IF
100000000111|1006|5781|04-JUL-2026|04-JUL-2026|75|100000000111_1006_322|202547|CONSTRAINED|CONSTRAINED|CONSTRAINED_202547_2025-11-20_0656|BY_IF
100000000111|1006|5780|27-JUN-2026|27-JUN-2026|75|100000000111_1006_322|202547|CONSTRAINED|CONSTRAINED|CONSTRAINED_202547_2025-11-20_0656|BY_IF
100000000111|1006|5779|20-JUN-2026|20-JUN-2026|75|100000000111_1006_322|202547|CONSTRAINED|CONSTRAINED|CONSTRAINED_202547_2025-11-20_0656|BY_IF
100000000111|1006|5778|13-JUN-2026|13-JUN-2026|75|100000000111_1006_322|202547|CONSTRAINED|CONSTRAINED|CONSTRAINED_202547_2025-11-20_0656|BY_IF
100000000111|1006|5777|06-JUN-2026|06-JUN-2026|75|100000000111_1006_322|202547|CONSTRAINED|CONSTRAINED|CONSTRAINED_202547_2025-11-20_0656|BY_IF
100000000111|1006|5776|30-MAY-2026|30-MAY-2026|75|100000000111_1006_322|202547|CONSTRAINED|CONSTRAINED|CONSTRAINED_202547_2025-11-20_0656|BY_IF
100000000111|1006|5775|23-MAY-2026|23-MAY-2026|75|100000000111_1006_322|202547|CONSTRAINED|CONSTRAINED|CONSTRAINED_202547_2025-11-20_0656|BY_IF
100000000111|1006|5774|16-MAY-2026|16-MAY-2026|75|100000000111_1006_322|202547|CONSTRAINED|CONSTRAINED|CONSTRAINED_202547_2025-11-20_0656|BY_IF
100000000111|1006|5773|09-MAY-2026|09-MAY-2026|75|100000000111_1006_322|202547|CONSTRAINED|CONSTRAINED|CONSTRAINED_202547_2025-11-20_0656|BY_IF
100000000111|1006|5772|02-MAY-2026|02-MAY-2026|75|100000000111_1006_322|202547|CONSTRAINED|CONSTRAINED|CONSTRAINED_202547_2025-11-20_0656|BY_IF
100000000111|1006|5771|25-APR-2026|25-APR-2026|75|100000000111_1006_322|202547|CONSTRAINED|CONSTRAINED|CONSTRAINED_202547_2025-11-20_0656|BY_IF
100000000111|1006|5770|18-APR-2026|18-APR-2026|75|100000000111_1006_322|202547|CONSTRAINED|CONSTRAINED|CONSTRAINED_202547_2025-11-20_0656|BY_IF
100000000111|1006|5769|11-APR-2026|11-APR-2026|75|100000000111_1006_322|202547|CONSTRAINED|CONSTRAINED|CONSTRAINED_202547_2025-11-20_0656|BY_IF
100000000111|1006|5768|04-APR-2026|04-APR-2026|75|100000000111_1006_322|202547|CONSTRAINED|CONSTRAINED|CONSTRAINED_202547_2025-11-20_0656|BY_IF
100000000111|1006|5767|28-MAR-2026|28-MAR-2026|75|100000000111_1006_322|202547|CONSTRAINED|CONSTRAINED|CONSTRAINED_202547_2025-11-20_0656|BY_IF
100000000111|1006|5766|21-MAR-2026|21-MAR-2026|75|100000000111_1006_322|202547|CONSTRAINED|CONSTRAINED|CONSTRAINED_202547_2025-11-20_0656|BY_IF
100000000111|1006|5765|14-MAR-2026|14-MAR-2026|75|100000000111_1006_322|202547|CONSTRAINED|CONSTRAINED|CONSTRAINED_202547_2025-11-20_0656|BY_IF
100000000111|1006|5764|07-MAR-2026|07-MAR-2026|75|100000000111_1006_322|202547|CONSTRAINED|CONSTRAINED|CONSTRAINED_202547_2025-11-20_0656|BY_IF
100000000111|1006|5763|28-FEB-2026|28-FEB-2026|75|100000000111_1006_322|202547|CONSTRAINED|CONSTRAINED|CONSTRAINED_202547_2025-11-20_0656|BY_IF
100000000111|1006|5762|21-FEB-2026|21-FEB-2026|75|100000000111_1006_322|202547|CONSTRAINED|CONSTRAINED|CONSTRAINED_202547_2025-11-20_0656|BY_IF
100000000111|1006|5761|14-FEB-2026|14-FEB-2026|75|100000000111_1006_322|202547|CONSTRAINED|CONSTRAINED|CONSTRAINED_202547_2025-11-20_0656|BY_IF
100000000111|1006|5760|07-FEB-2026|07-FEB-2026|75|100000000111_1006_322|202547|CONSTRAINED|CONSTRAINED|CONSTRAINED_202547_2025-11-20_0656|BY_IF
100000000111|1006|5759|31-JAN-2026|31-JAN-2026|75|100000000111_1006_322|202547|CONSTRAINED|CONSTRAINED|CONSTRAINED_202547_2025-11-20_0656|BY_IF
100000000111|1006|5758|24-JAN-2026|24-JAN-2026|75|100000000111_1006_322|202547|CONSTRAINED|CONSTRAINED|CONSTRAINED_202547_2025-11-20_0656|BY_IF
100000000111|1006|5757|17-JAN-2026|17-JAN-2026|75|100000000111_1006_322|202547|CONSTRAINED|CONSTRAINED|CONSTRAINED_202547_2025-11-20_0656|BY_IF
100000000111|1006|5756|10-JAN-2026|10-JAN-2026|75|100000000111_1006_322|202547|CONSTRAINED|CONSTRAINED|CONSTRAINED_202547_2025-11-20_0656|BY_IF
100000000111|1006|5755|03-JAN-2026|03-JAN-2026|75|100000000111_1006_322|202547|CONSTRAINED|CONSTRAINED|CONSTRAINED_202547_2025-11-20_0656|BY_IF
100000000111|1006|5754|27-DEC-2025|27-DEC-2025|75|100000000111_1006_322|202547|CONSTRAINED|CONSTRAINED|CONSTRAINED_202547_2025-11-20_0656|BY_IF
100000000111|1006|5753|20-DEC-2025|20-DEC-2025|75|100000000111_1006_322|202547|CONSTRAINED|CONSTRAINED|CONSTRAINED_202547_2025-11-20_0656|BY_IF
100000000111|1006|5752|13-DEC-2025|13-DEC-2025|75|100000000111_1006_322|202547|CONSTRAINED|CONSTRAINED|CONSTRAINED_202547_2025-11-20_0656|BY_IF
100000000111|1006|5751|06-DEC-2025|06-DEC-2025|49|100000000111_1006_322|202547|CONSTRAINED|CONSTRAINED|CONSTRAINED_202547_2025-11-20_0656|BY_IF
100000000111|1006|5750|22-NOV-2025|22-NOV-2025|38|100000000111_1006_322|202547|CONSTRAINED|CONSTRAINED|CONSTRAINED_202547_2025-11-20_0656|BY_IF
100000000111|1006|5749|20-SEP-2025|20-SEP-2025|50|100000000111_1006_322|202547|CONSTRAINED|CONSTRAINED|CONSTRAINED_202547_2025-11-20_0656|BY_IF
100000000111|1006|5748|30-AUG-2025|30-AUG-2025|10|100000000111_1006_322|202547|CONSTRAINED|CONSTRAINED|CONSTRAINED_202547_2025-11-20_0656|BY_IF
100000000111|1006|5747|16-AUG-2025|16-AUG-2025|185|100000000111_1006_322|202547|CONSTRAINED|CONSTRAINED|CONSTRAINED_202547_2025-11-20_0656|BY_IF
100000000111|1006|5746|09-AUG-2025|09-AUG-2025|320|100000000111_1006_322|202547|CONSTRAINED|CONSTRAINED|CONSTRAINED_202547_2025-11-20_0656|BY_IF
100000000111|1006|5745|26-JUL-2025|26-JUL-2025|250|100000000111_1006_322|202547|CONSTRAINED|CONSTRAINED|CONSTRAINED_202547_2025-11-20_0656|BY_IF
100000000112|1006|6662|17-JUL-2027|17-JUL-2027|150|100000000112_1006_317|202547|CONSTRAINED|CONSTRAINED|CONSTRAINED_202547_2025-11-20_0656|BY_IF
100000000112|1006|6661|10-JUL-2027|10-JUL-2027|75|100000000112_1006_317|202547|CONSTRAINED|CONSTRAINED|CONSTRAINED_202547_2025-11-20_0656|BY_IF
100000000112|1006|6660|03-JUL-2027|03-JUL-2027|75|100000000112_1006_317|202547|CONSTRAINED|CONSTRAINED|CONSTRAINED_202547_2025-11-20_0656|BY_IF
100000000112|1006|6659|26-JUN-2027|26-JUN-2027|75|100000000112_1006_317|202547|CONSTRAINED|CONSTRAINED|CONSTRAINED_202547_2025-11-20_0656|BY_IF
100000000112|1006|6658|19-JUN-2027|19-JUN-2027|75|100000000112_1006_317|202547|CONSTRAINED|CONSTRAINED|CONSTRAINED_202547_2025-11-20_0656|BY_IF
100000000112|1006|6657|12-JUN-2027|12-JUN-2027|75|100000000112_1006_317|202547|CONSTRAINED|CONSTRAINED|CONSTRAINED_202547_2025-11-20_0656|BY_IF
100000000112|1006|6656|05-JUN-2027|05-JUN-2027|75|100000000112_1006_317|202547|CONSTRAINED|CONSTRAINED|CONSTRAINED_202547_2025-11-20_0656|BY_IF
100000000112|1006|6655|29-MAY-2027|29-MAY-2027|75|100000000112_1006_317|202547|CONSTRAINED|CONSTRAINED|CONSTRAINED_202547_2025-11-20_0656|BY_IF
100000000112|1006|6654|22-MAY-2027|22-MAY-2027|75|100000000112_1006_317|202547|CONSTRAINED|CONSTRAINED|CONSTRAINED_202547_2025-11-20_0656|BY_IF
100000000112|1006|6653|15-MAY-2027|15-MAY-2027|75|100000000112_1006_317|202547|CONSTRAINED|CONSTRAINED|CONSTRAINED_202547_2025-11-20_0656|BY_IF
100000000112|1006|6652|08-MAY-2027|08-MAY-2027|75|100000000112_1006_317|202547|CONSTRAINED|CONSTRAINED|CONSTRAINED_202547_2025-11-20_0656|BY_IF
100000000112|1006|6651|01-MAY-2027|01-MAY-2027|75|100000000112_1006_317|202547|CONSTRAINED|CONSTRAINED|CONSTRAINED_202547_2025-11-20_0656|BY_IF
100000000112|1006|6650|24-APR-2027|24-APR-2027|75|100000000112_1006_317|202547|CONSTRAINED|CONSTRAINED|CONSTRAINED_202547_2025-11-20_0656|BY_IF
100000000112|1006|6649|17-APR-2027|17-APR-2027|75|100000000112_1006_317|202547|CONSTRAINED|CONSTRAINED|CONSTRAINED_202547_2025-11-20_0656|BY_IF
100000000112|1006|6648|10-APR-2027|10-APR-2027|75|100000000112_1006_317|202547|CONSTRAINED|CONSTRAINED|CONSTRAINED_202547_2025-11-20_0656|BY_IF
100000000112|1006|6647|03-APR-2027|03-APR-2027|75|100000000112_1006_317|202547|CONSTRAINED|CONSTRAINED|CONSTRAINED_202547_2025-11-20_0656|BY_IF
100000000112|1006|6646|27-MAR-2027|27-MAR-2027|75|100000000112_1006_317|202547|CONSTRAINED|CONSTRAINED|CONSTRAINED_202547_2025-11-20_0656|BY_IF
100000000112|1006|6645|20-MAR-2027|20-MAR-2027|75|100000000112_1006_317|202547|CONSTRAINED|CONSTRAINED|CONSTRAINED_202547_2025-11-20_0656|BY_IF
100000000112|1006|6644|13-MAR-2027|13-MAR-2027|75|100000000112_1006_317|202547|CONSTRAINED|CONSTRAINED|CONSTRAINED_202547_2025-11-20_0656|BY_IF
100000000112|1006|6643|06-MAR-2027|06-MAR-2027|75|100000000112_1006_317|202547|CONSTRAINED|CONSTRAINED|CONSTRAINED_202547_2025-11-20_0656|BY_IF
100000000112|1006|6642|27-FEB-2027|27-FEB-2027|75|100000000112_1006_317|202547|CONSTRAINED|CONSTRAINED|CONSTRAINED_202547_2025-11-20_0656|BY_IF
100000000112|1006|6641|20-FEB-2027|20-FEB-2027|75|100000000112_1006_317|202547|CONSTRAINED|CONSTRAINED|CONSTRAINED_202547_2025-11-20_0656|BY_IF
100000000112|1006|6640|13-FEB-2027|13-FEB-2027|75|100000000112_1006_317|202547|CONSTRAINED|CONSTRAINED|CONSTRAINED_202547_2025-11-20_0656|BY_IF
100000000112|1006|6639|06-FEB-2027|06-FEB-2027|75|100000000112_1006_317|202547|CONSTRAINED|CONSTRAINED|CONSTRAINED_202547_2025-11-20_0656|BY_IF
100000000112|1006|6638|30-JAN-2027|30-JAN-2027|75|100000000112_1006_317|202547|CONSTRAINED|CONSTRAINED|CONSTRAINED_202547_2025-11-20_0656|BY_IF
100000000112|1006|6637|23-JAN-2027|23-JAN-2027|75|100000000112_1006_317|202547|CONSTRAINED|CONSTRAINED|CONSTRAINED_202547_2025-11-20_0656|BY_IF
100000000112|1006|6636|16-JAN-2027|16-JAN-2027|75|100000000112_1006_317|202547|CONSTRAINED|CONSTRAINED|CONSTRAINED_202547_2025-11-20_0656|BY_IF
100000000112|1006|6635|09-JAN-2027|09-JAN-2027|75|100000000112_1006_317|202547|CONSTRAINED|CONSTRAINED|CONSTRAINED_202547_2025-11-20_0656|BY_IF
100000000112|1006|6634|02-JAN-2027|02-JAN-2027|75|100000000112_1006_317|202547|CONSTRAINED|CONSTRAINED|CONSTRAINED_202547_2025-11-20_0656|BY_IF
100000000112|1006|6633|26-DEC-2026|26-DEC-2026|75|100000000112_1006_317|202547|CONSTRAINED|CONSTRAINED|CONSTRAINED_202547_2025-11-20_0656|BY_IF
100000000112|1006|6632|19-DEC-2026|19-DEC-2026|75|100000000112_1006_317|202547|CONSTRAINED|CONSTRAINED|CONSTRAINED_202547_2025-11-20_0656|BY_IF
100000000112|1006|6631|12-DEC-2026|12-DEC-2026|75|100000000112_1006_317|202547|CONSTRAINED|CONSTRAINED|CONSTRAINED_202547_2025-11-20_0656|BY_IF
100000000112|1006|6630|05-DEC-2026|05-DEC-2026|75|100000000112_1006_317|202547|CONSTRAINED|CONSTRAINED|CONSTRAINED_202547_2025-11-20_0656|BY_IF
100000000112|1006|6629|28-NOV-2026|28-NOV-2026|75|100000000112_1006_317|202547|CONSTRAINED|CONSTRAINED|CONSTRAINED_202547_2025-11-20_0656|BY_IF
100000000112|1006|6628|21-NOV-2026|21-NOV-2026|75|100000000112_1006_317|202547|CONSTRAINED|CONSTRAINED|CONSTRAINED_202547_2025-11-20_0656|BY_IF
100000000112|1006|6627|14-NOV-2026|14-NOV-2026|75|100000000112_1006_317|202547|CONSTRAINED|CONSTRAINED|CONSTRAINED_202547_2025-11-20_0656|BY_IF
100000000112|1006|6626|07-NOV-2026|07-NOV-2026|75|100000000112_1006_317|202547|CONSTRAINED|CONSTRAINED|CONSTRAINED_202547_2025-11-20_0656|BY_IF
100000000112|1006|6625|31-OCT-2026|31-OCT-2026|75|100000000112_1006_317|202547|CONSTRAINED|CONSTRAINED|CONSTRAINED_202547_2025-11-20_0656|BY_IF
100000000112|1006|6624|24-OCT-2026|24-OCT-2026|75|100000000112_1006_317|202547|CONSTRAINED|CONSTRAINED|CONSTRAINED_202547_2025-11-20_0656|BY_IF
100000000112|1006|6623|17-OCT-2026|17-OCT-2026|75|100000000112_1006_317|202547|CONSTRAINED|CONSTRAINED|CONSTRAINED_202547_2025-11-20_0656|BY_IF
100000000112|1006|6622|10-OCT-2026|10-OCT-2026|75|100000000112_1006_317|202547|CONSTRAINED|CONSTRAINED|CONSTRAINED_202547_2025-11-20_0656|BY_IF
100000000112|1006|6621|03-OCT-2026|03-OCT-2026|75|100000000112_1006_317|202547|CONSTRAINED|CONSTRAINED|CONSTRAINED_202547_2025-11-20_0656|BY_IF
100000000112|1006|6620|26-SEP-2026|26-SEP-2026|75|100000000112_1006_317|202547|CONSTRAINED|CONSTRAINED|CONSTRAINED_202547_2025-11-20_0656|BY_IF
100000000112|1006|6619|19-SEP-2026|19-SEP-2026|75|100000000112_1006_317|202547|CONSTRAINED|CONSTRAINED|CONSTRAINED_202547_2025-11-20_0656|BY_IF
100000000112|1006|6618|12-SEP-2026|12-SEP-2026|75|100000000112_1006_317|202547|CONSTRAINED|CONSTRAINED|CONSTRAINED_202547_2025-11-20_0656|BY_IF
100000000112|1006|6617|05-SEP-2026|05-SEP-2026|75|100000000112_1006_317|202547|CONSTRAINED|CONSTRAINED|CONSTRAINED_202547_2025-11-20_0656|BY_IF
100000000112|1006|6616|29-AUG-2026|29-AUG-2026|75|100000000112_1006_317|202547|CONSTRAINED|CONSTRAINED|CONSTRAINED_202547_2025-11-20_0656|BY_IF
100000000112|1006|6615|22-AUG-2026|22-AUG-2026|75|100000000112_1006_317|202547|CONSTRAINED|CONSTRAINED|CONSTRAINED_202547_2025-11-20_0656|BY_IF
100000000112|1006|6614|15-AUG-2026|15-AUG-2026|75|100000000112_1006_317|202547|CONSTRAINED|CONSTRAINED|CONSTRAINED_202547_2025-11-20_0656|BY_IF
100000000112|1006|6613|08-AUG-2026|08-AUG-2026|75|100000000112_1006_317|202547|CONSTRAINED|CONSTRAINED|CONSTRAINED_202547_2025-11-20_0656|BY_IF
100000000112|1006|6612|01-AUG-2026|01-AUG-2026|75|100000000112_1006_317|202547|CONSTRAINED|CONSTRAINED|CONSTRAINED_202547_2025-11-20_0656|BY_IF
100000000112|1006|6611|25-JUL-2026|25-JUL-2026|75|100000000112_1006_317|202547|CONSTRAINED|CONSTRAINED|CONSTRAINED_202547_2025-11-20_0656|BY_IF
100000000112|1006|6610|18-JUL-2026|18-JUL-2026|75|100000000112_1006_317|202547|CONSTRAINED|CONSTRAINED|CONSTRAINED_202547_2025-11-20_0656|BY_IF
100000000112|1006|6609|11-JUL-2026|11-JUL-2026|75|100000000112_1006_317|202547|CONSTRAINED|CONSTRAINED|CONSTRAINED_202547_2025-11-20_0656|BY_IF
100000000112|1006|6608|04-JUL-2026|04-JUL-2026|75|100000000112_1006_317|202547|CONSTRAINED|CONSTRAINED|CONSTRAINED_202547_2025-11-20_0656|BY_IF
100000000112|1006|6607|27-JUN-2026|27-JUN-2026|75|100000000112_1006_317|202547|CONSTRAINED|CONSTRAINED|CONSTRAINED_202547_2025-11-20_0656|BY_IF
100000000112|1006|6606|20-JUN-2026|20-JUN-2026|75|100000000112_1006_317|202547|CONSTRAINED|CONSTRAINED|CONSTRAINED_202547_2025-11-20_0656|BY_IF
100000000112|1006|6605|13-JUN-2026|13-JUN-2026|75|100000000112_1006_317|202547|CONSTRAINED|CONSTRAINED|CONSTRAINED_202547_2025-11-20_0656|BY_IF
100000000112|1006|6604|06-JUN-2026|06-JUN-2026|75|100000000112_1006_317|202547|CONSTRAINED|CONSTRAINED|CONSTRAINED_202547_2025-11-20_0656|BY_IF
100000000112|1006|6603|30-MAY-2026|30-MAY-2026|75|100000000112_1006_317|202547|CONSTRAINED|CONSTRAINED|CONSTRAINED_202547_2025-11-20_0656|BY_IF
100000000112|1006|6602|23-MAY-2026|23-MAY-2026|75|100000000112_1006_317|202547|CONSTRAINED|CONSTRAINED|CONSTRAINED_202547_2025-11-20_0656|BY_IF
100000000112|1006|6601|16-MAY-2026|16-MAY-2026|75|100000000112_1006_317|202547|CONSTRAINED|CONSTRAINED|CONSTRAINED_202547_2025-11-20_0656|BY_IF
100000000112|1006|6600|09-MAY-2026|09-MAY-2026|75|100000000112_1006_317|202547|CONSTRAINED|CONSTRAINED|CONSTRAINED_202547_2025-11-20_0656|BY_IF
100000000112|1006|6599|02-MAY-2026|02-MAY-2026|75|100000000112_1006_317|202547|CONSTRAINED|CONSTRAINED|CONSTRAINED_202547_2025-11-20_0656|BY_IF
100000000112|1006|6598|25-APR-2026|25-APR-2026|75|100000000112_1006_317|202547|CONSTRAINED|CONSTRAINED|CONSTRAINED_202547_2025-11-20_0656|BY_IF
100000000112|1006|6597|18-APR-2026|18-APR-2026|75|100000000112_1006_317|202547|CONSTRAINED|CONSTRAINED|CONSTRAINED_202547_2025-11-20_0656|BY_IF
100000000112|1006|6596|11-APR-2026|11-APR-2026|75|100000000112_1006_317|202547|CONSTRAINED|CONSTRAINED|CONSTRAINED_202547_2025-11-20_0656|BY_IF
100000000112|1006|6595|04-APR-2026|04-APR-2026|75|100000000112_1006_317|202547|CONSTRAINED|CONSTRAINED|CONSTRAINED_202547_2025-11-20_0656|BY_IF
100000000112|1006|6594|28-MAR-2026|28-MAR-2026|75|100000000112_1006_317|202547|CONSTRAINED|CONSTRAINED|CONSTRAINED_202547_2025-11-20_0656|BY_IF
100000000112|1006|6593|21-MAR-2026|21-MAR-2026|75|100000000112_1006_317|202547|CONSTRAINED|CONSTRAINED|CONSTRAINED_202547_2025-11-20_0656|BY_IF
100000000112|1006|6592|14-MAR-2026|14-MAR-2026|75|100000000112_1006_317|202547|CONSTRAINED|CONSTRAINED|CONSTRAINED_202547_2025-11-20_0656|BY_IF
100000000112|1006|6591|07-MAR-2026|07-MAR-2026|75|100000000112_1006_317|202547|CONSTRAINED|CONSTRAINED|CONSTRAINED_202547_2025-11-20_0656|BY_IF
100000000112|1006|6590|28-FEB-2026|28-FEB-2026|75|100000000112_1006_317|202547|CONSTRAINED|CONSTRAINED|CONSTRAINED_202547_2025-11-20_0656|BY_IF
100000000112|1006|6589|21-FEB-2026|21-FEB-2026|75|100000000112_1006_317|202547|CONSTRAINED|CONSTRAINED|CONSTRAINED_202547_2025-11-20_0656|BY_IF
100000000112|1006|6588|14-FEB-2026|14-FEB-2026|75|100000000112_1006_317|202547|CONSTRAINED|CONSTRAINED|CONSTRAINED_202547_2025-11-20_0656|BY_IF
100000000112|1006|6587|07-FEB-2026|07-FEB-2026|75|100000000112_1006_317|202547|CONSTRAINED|CONSTRAINED|CONSTRAINED_202547_2025-11-20_0656|BY_IF
100000000112|1006|6586|31-JAN-2026|31-JAN-2026|75|100000000112_1006_317|202547|CONSTRAINED|CONSTRAINED|CONSTRAINED_202547_2025-11-20_0656|BY_IF
100000000112|1006|6585|24-JAN-2026|24-JAN-2026|75|100000000112_1006_317|202547|CONSTRAINED|CONSTRAINED|CONSTRAINED_202547_2025-11-20_0656|BY_IF
100000000112|1006|6584|17-JAN-2026|17-JAN-2026|75|100000000112_1006_317|202547|CONSTRAINED|CONSTRAINED|CONSTRAINED_202547_2025-11-20_0656|BY_IF
100000000112|1006|6583|10-JAN-2026|10-JAN-2026|75|100000000112_1006_317|202547|CONSTRAINED|CONSTRAINED|CONSTRAINED_202547_2025-11-20_0656|BY_IF
100000000112|1006|6582|03-JAN-2026|03-JAN-2026|75|100000000112_1006_317|202547|CONSTRAINED|CONSTRAINED|CONSTRAINED_202547_2025-11-20_0656|BY_IF
100000000112|1006|6581|27-DEC-2025|27-DEC-2025|75|100000000112_1006_317|202547|CONSTRAINED|CONSTRAINED|CONSTRAINED_202547_2025-11-20_0656|BY_IF
100000000112|1006|6580|20-DEC-2025|20-DEC-2025|75|100000000112_1006_317|202547|CONSTRAINED|CONSTRAINED|CONSTRAINED_202547_2025-11-20_0656|BY_IF
100000000112|1006|6579|13-DEC-2025|13-DEC-2025|75|100000000112_1006_317|202547|CONSTRAINED|CONSTRAINED|CONSTRAINED_202547_2025-11-20_0656|BY_IF
100000000112|1006|6578|06-DEC-2025|06-DEC-2025|49|100000000112_1006_317|202547|CONSTRAINED|CONSTRAINED|CONSTRAINED_202547_2025-11-20_0656|BY_IF
100000000112|1006|6577|22-NOV-2025|22-NOV-2025|38|100000000112_1006_317|202547|CONSTRAINED|CONSTRAINED|CONSTRAINED_202547_2025-11-20_0656|BY_IF
100000000112|1006|6576|20-SEP-2025|20-SEP-2025|12.16122|100000000112_1006_317|202547|CONSTRAINED|CONSTRAINED|CONSTRAINED_202547_2025-11-20_0656|BY_IF
100000000112|1006|6575|13-SEP-2025|13-SEP-2025|37.838779|100000000112_1006_317|202547|CONSTRAINED|CONSTRAINED|CONSTRAINED_202547_2025-11-20_0656|BY_IF
100000000112|1006|6574|30-AUG-2025|30-AUG-2025|10|100000000112_1006_317|202547|CONSTRAINED|CONSTRAINED|CONSTRAINED_202547_2025-11-20_0656|BY_IF
100000000112|1006|6573|16-AUG-2025|16-AUG-2025|185|100000000112_1006_317|202547|CONSTRAINED|CONSTRAINED|CONSTRAINED_202547_2025-11-20_0656|BY_IF
100000000112|1006|6572|09-AUG-2025|09-AUG-2025|320|100000000112_1006_317|202547|CONSTRAINED|CONSTRAINED|CONSTRAINED_202547_2025-11-20_0656|BY_IF
100000000112|1006|6571|26-JUL-2025|26-JUL-2025|190|100000000112_1006_317|202547|CONSTRAINED|CONSTRAINED|CONSTRAINED_202547_2025-11-20_0656|BY_IF
100000000113|1003|4182|23-AUG-2025|23-AUG-2025|105|100000000113_1003_318|202547|CONSTRAINED|CONSTRAINED|CONSTRAINED_202547_2025-11-20_0656|BY_IF
100000000113|1003|4181|16-AUG-2025|16-AUG-2025|107|100000000113_1003_318|202547|CONSTRAINED|CONSTRAINED|CONSTRAINED_202547_2025-11-20_0656|BY_IF
100000000113|1003|4180|09-AUG-2025|09-AUG-2025|285|100000000113_1003_318|202547|CONSTRAINED|CONSTRAINED|CONSTRAINED_202547_2025-11-20_0656|BY_IF
100000000113|1003|4179|02-AUG-2025|02-AUG-2025|115|100000000113_1003_318|202547|CONSTRAINED|CONSTRAINED|CONSTRAINED_202547_2025-11-20_0656|BY_IF
100000000113|1006|4467|24-JUL-2027|24-JUL-2027|75|100000000113_1006_295|202547|CONSTRAINED|CONSTRAINED|CONSTRAINED_202547_2025-11-20_0656|BY_IF
100000000113|1006|4466|17-JUL-2027|17-JUL-2027|75|100000000113_1006_295|202547|CONSTRAINED|CONSTRAINED|CONSTRAINED_202547_2025-11-20_0656|BY_IF
100000000113|1006|4465|10-JUL-2027|10-JUL-2027|75|100000000113_1006_295|202547|CONSTRAINED|CONSTRAINED|CONSTRAINED_202547_2025-11-20_0656|BY_IF
100000000113|1006|4464|03-JUL-2027|03-JUL-2027|75|100000000113_1006_295|202547|CONSTRAINED|CONSTRAINED|CONSTRAINED_202547_2025-11-20_0656|BY_IF
100000000113|1006|4463|26-JUN-2027|26-JUN-2027|75|100000000113_1006_295|202547|CONSTRAINED|CONSTRAINED|CONSTRAINED_202547_2025-11-20_0656|BY_IF
100000000113|1006|4462|19-JUN-2027|19-JUN-2027|75|100000000113_1006_295|202547|CONSTRAINED|CONSTRAINED|CONSTRAINED_202547_2025-11-20_0656|BY_IF
100000000113|1006|4461|12-JUN-2027|12-JUN-2027|75|100000000113_1006_295|202547|CONSTRAINED|CONSTRAINED|CONSTRAINED_202547_2025-11-20_0656|BY_IF
100000000113|1006|4460|05-JUN-2027|05-JUN-2027|75|100000000113_1006_295|202547|CONSTRAINED|CONSTRAINED|CONSTRAINED_202547_2025-11-20_0656|BY_IF
100000000113|1006|4459|29-MAY-2027|29-MAY-2027|75|100000000113_1006_295|202547|CONSTRAINED|CONSTRAINED|CONSTRAINED_202547_2025-11-20_0656|BY_IF
100000000113|1006|4458|22-MAY-2027|22-MAY-2027|75|100000000113_1006_295|202547|CONSTRAINED|CONSTRAINED|CONSTRAINED_202547_2025-11-20_0656|BY_IF
100000000113|1006|4457|15-MAY-2027|15-MAY-2027|75|100000000113_1006_295|202547|CONSTRAINED|CONSTRAINED|CONSTRAINED_202547_2025-11-20_0656|BY_IF
100000000113|1006|4456|08-MAY-2027|08-MAY-2027|75|100000000113_1006_295|202547|CONSTRAINED|CONSTRAINED|CONSTRAINED_202547_2025-11-20_0656|BY_IF
100000000113|1006|4455|01-MAY-2027|01-MAY-2027|75|100000000113_1006_295|202547|CONSTRAINED|CONSTRAINED|CONSTRAINED_202547_2025-11-20_0656|BY_IF
100000000113|1006|4454|24-APR-2027|24-APR-2027|75|100000000113_1006_295|202547|CONSTRAINED|CONSTRAINED|CONSTRAINED_202547_2025-11-20_0656|BY_IF
100000000113|1006|4453|17-APR-2027|17-APR-2027|75|100000000113_1006_295|202547|CONSTRAINED|CONSTRAINED|CONSTRAINED_202547_2025-11-20_0656|BY_IF
100000000113|1006|4452|10-APR-2027|10-APR-2027|75|100000000113_1006_295|202547|CONSTRAINED|CONSTRAINED|CONSTRAINED_202547_2025-11-20_0656|BY_IF
100000000113|1006|4451|03-APR-2027|03-APR-2027|75|100000000113_1006_295|202547|CONSTRAINED|CONSTRAINED|CONSTRAINED_202547_2025-11-20_0656|BY_IF
100000000113|1006|4450|27-MAR-2027|27-MAR-2027|75|100000000113_1006_295|202547|CONSTRAINED|CONSTRAINED|CONSTRAINED_202547_2025-11-20_0656|BY_IF
100000000113|1006|4449|20-MAR-2027|20-MAR-2027|75|100000000113_1006_295|202547|CONSTRAINED|CONSTRAINED|CONSTRAINED_202547_2025-11-20_0656|BY_IF
100000000113|1006|4448|13-MAR-2027|13-MAR-2027|75|100000000113_1006_295|202547|CONSTRAINED|CONSTRAINED|CONSTRAINED_202547_2025-11-20_0656|BY_IF
100000000113|1006|4447|06-MAR-2027|06-MAR-2027|75|100000000113_1006_295|202547|CONSTRAINED|CONSTRAINED|CONSTRAINED_202547_2025-11-20_0656|BY_IF
100000000113|1006|4446|27-FEB-2027|27-FEB-2027|75|100000000113_1006_295|202547|CONSTRAINED|CONSTRAINED|CONSTRAINED_202547_2025-11-20_0656|BY_IF
100000000113|1006|4445|20-FEB-2027|20-FEB-2027|75|100000000113_1006_295|202547|CONSTRAINED|CONSTRAINED|CONSTRAINED_202547_2025-11-20_0656|BY_IF
100000000113|1006|4444|13-FEB-2027|13-FEB-2027|75|100000000113_1006_295|202547|CONSTRAINED|CONSTRAINED|CONSTRAINED_202547_2025-11-20_0656|BY_IF
100000000113|1006|4443|06-FEB-2027|06-FEB-2027|75|100000000113_1006_295|202547|CONSTRAINED|CONSTRAINED|CONSTRAINED_202547_2025-11-20_0656|BY_IF
100000000113|1006|4442|30-JAN-2027|30-JAN-2027|75|100000000113_1006_295|202547|CONSTRAINED|CONSTRAINED|CONSTRAINED_202547_2025-11-20_0656|BY_IF
100000000113|1006|4441|23-JAN-2027|23-JAN-2027|75|100000000113_1006_295|202547|CONSTRAINED|CONSTRAINED|CONSTRAINED_202547_2025-11-20_0656|BY_IF
100000000113|1006|4440|16-JAN-2027|16-JAN-2027|75|100000000113_1006_295|202547|CONSTRAINED|CONSTRAINED|CONSTRAINED_202547_2025-11-20_0656|BY_IF
100000000113|1006|4439|09-JAN-2027|09-JAN-2027|75|100000000113_1006_295|202547|CONSTRAINED|CONSTRAINED|CONSTRAINED_202547_2025-11-20_0656|BY_IF
100000000113|1006|4438|02-JAN-2027|02-JAN-2027|75|100000000113_1006_295|202547|CONSTRAINED|CONSTRAINED|CONSTRAINED_202547_2025-11-20_0656|BY_IF
100000000113|1006|4437|26-DEC-2026|26-DEC-2026|75|100000000113_1006_295|202547|CONSTRAINED|CONSTRAINED|CONSTRAINED_202547_2025-11-20_0656|BY_IF
100000000113|1006|4436|19-DEC-2026|19-DEC-2026|75|100000000113_1006_295|202547|CONSTRAINED|CONSTRAINED|CONSTRAINED_202547_2025-11-20_0656|BY_IF
100000000113|1006|4435|12-DEC-2026|12-DEC-2026|75|100000000113_1006_295|202547|CONSTRAINED|CONSTRAINED|CONSTRAINED_202547_2025-11-20_0656|BY_IF
100000000113|1006|4434|05-DEC-2026|05-DEC-2026|75|100000000113_1006_295|202547|CONSTRAINED|CONSTRAINED|CONSTRAINED_202547_2025-11-20_0656|BY_IF
100000000113|1006|4433|28-NOV-2026|28-NOV-2026|75|100000000113_1006_295|202547|CONSTRAINED|CONSTRAINED|CONSTRAINED_202547_2025-11-20_0656|BY_IF
100000000113|1006|4432|21-NOV-2026|21-NOV-2026|75|100000000113_1006_295|202547|CONSTRAINED|CONSTRAINED|CONSTRAINED_202547_2025-11-20_0656|BY_IF
100000000113|1006|4431|14-NOV-2026|14-NOV-2026|75|100000000113_1006_295|202547|CONSTRAINED|CONSTRAINED|CONSTRAINED_202547_2025-11-20_0656|BY_IF
100000000113|1006|4430|07-NOV-2026|07-NOV-2026|75|100000000113_1006_295|202547|CONSTRAINED|CONSTRAINED|CONSTRAINED_202547_2025-11-20_0656|BY_IF
100000000113|1006|4429|31-OCT-2026|31-OCT-2026|75|100000000113_1006_295|202547|CONSTRAINED|CONSTRAINED|CONSTRAINED_202547_2025-11-20_0656|BY_IF
100000000113|1006|4428|24-OCT-2026|24-OCT-2026|75|100000000113_1006_295|202547|CONSTRAINED|CONSTRAINED|CONSTRAINED_202547_2025-11-20_0656|BY_IF
100000000113|1006|4427|17-OCT-2026|17-OCT-2026|75|100000000113_1006_295|202547|CONSTRAINED|CONSTRAINED|CONSTRAINED_202547_2025-11-20_0656|BY_IF
100000000113|1006|4426|10-OCT-2026|10-OCT-2026|75|100000000113_1006_295|202547|CONSTRAINED|CONSTRAINED|CONSTRAINED_202547_2025-11-20_0656|BY_IF
100000000113|1006|4425|03-OCT-2026|03-OCT-2026|75|100000000113_1006_295|202547|CONSTRAINED|CONSTRAINED|CONSTRAINED_202547_2025-11-20_0656|BY_IF
100000000113|1006|4424|26-SEP-2026|26-SEP-2026|75|100000000113_1006_295|202547|CONSTRAINED|CONSTRAINED|CONSTRAINED_202547_2025-11-20_0656|BY_IF
100000000113|1006|4423|19-SEP-2026|19-SEP-2026|75|100000000113_1006_295|202547|CONSTRAINED|CONSTRAINED|CONSTRAINED_202547_2025-11-20_0656|BY_IF
100000000113|1006|4422|12-SEP-2026|12-SEP-2026|75|100000000113_1006_295|202547|CONSTRAINED|CONSTRAINED|CONSTRAINED_202547_2025-11-20_0656|BY_IF
100000000113|1006|4421|05-SEP-2026|05-SEP-2026|75|100000000113_1006_295|202547|CONSTRAINED|CONSTRAINED|CONSTRAINED_202547_2025-11-20_0656|BY_IF
100000000113|1006|4420|29-AUG-2026|29-AUG-2026|75|100000000113_1006_295|202547|CONSTRAINED|CONSTRAINED|CONSTRAINED_202547_2025-11-20_0656|BY_IF
100000000113|1006|4419|22-AUG-2026|22-AUG-2026|75|100000000113_1006_295|202547|CONSTRAINED|CONSTRAINED|CONSTRAINED_202547_2025-11-20_0656|BY_IF
100000000113|1006|4418|15-AUG-2026|15-AUG-2026|75|100000000113_1006_295|202547|CONSTRAINED|CONSTRAINED|CONSTRAINED_202547_2025-11-20_0656|BY_IF
100000000113|1006|4417|08-AUG-2026|08-AUG-2026|75|100000000113_1006_295|202547|CONSTRAINED|CONSTRAINED|CONSTRAINED_202547_2025-11-20_0656|BY_IF
100000000113|1006|4416|01-AUG-2026|01-AUG-2026|75|100000000113_1006_295|202547|CONSTRAINED|CONSTRAINED|CONSTRAINED_202547_2025-11-20_0656|BY_IF
100000000113|1006|4415|25-JUL-2026|25-JUL-2026|75|100000000113_1006_295|202547|CONSTRAINED|CONSTRAINED|CONSTRAINED_202547_2025-11-20_0656|BY_IF
100000000113|1006|4414|18-JUL-2026|18-JUL-2026|75|100000000113_1006_295|202547|CONSTRAINED|CONSTRAINED|CONSTRAINED_202547_2025-11-20_0656|BY_IF
100000000113|1006|4413|11-JUL-2026|11-JUL-2026|75|100000000113_1006_295|202547|CONSTRAINED|CONSTRAINED|CONSTRAINED_202547_2025-11-20_0656|BY_IF
100000000113|1006|4412|04-JUL-2026|04-JUL-2026|75|100000000113_1006_295|202547|CONSTRAINED|CONSTRAINED|CONSTRAINED_202547_2025-11-20_0656|BY_IF
100000000113|1006|4411|27-JUN-2026|27-JUN-2026|75|100000000113_1006_295|202547|CONSTRAINED|CONSTRAINED|CONSTRAINED_202547_2025-11-20_0656|BY_IF
100000000113|1006|4410|20-JUN-2026|20-JUN-2026|75|100000000113_1006_295|202547|CONSTRAINED|CONSTRAINED|CONSTRAINED_202547_2025-11-20_0656|BY_IF
100000000113|1006|4409|13-JUN-2026|13-JUN-2026|75|100000000113_1006_295|202547|CONSTRAINED|CONSTRAINED|CONSTRAINED_202547_2025-11-20_0656|BY_IF
100000000113|1006|4408|06-JUN-2026|06-JUN-2026|75|100000000113_1006_295|202547|CONSTRAINED|CONSTRAINED|CONSTRAINED_202547_2025-11-20_0656|BY_IF
100000000113|1006|4407|30-MAY-2026|30-MAY-2026|75|100000000113_1006_295|202547|CONSTRAINED|CONSTRAINED|CONSTRAINED_202547_2025-11-20_0656|BY_IF
100000000113|1006|4406|23-MAY-2026|23-MAY-2026|75|100000000113_1006_295|202547|CONSTRAINED|CONSTRAINED|CONSTRAINED_202547_2025-11-20_0656|BY_IF
100000000113|1006|4405|16-MAY-2026|16-MAY-2026|75|100000000113_1006_295|202547|CONSTRAINED|CONSTRAINED|CONSTRAINED_202547_2025-11-20_0656|BY_IF
100000000113|1006|4404|09-MAY-2026|09-MAY-2026|75|100000000113_1006_295|202547|CONSTRAINED|CONSTRAINED|CONSTRAINED_202547_2025-11-20_0656|BY_IF
100000000113|1006|4403|02-MAY-2026|02-MAY-2026|75|100000000113_1006_295|202547|CONSTRAINED|CONSTRAINED|CONSTRAINED_202547_2025-11-20_0656|BY_IF
100000000113|1006|4402|25-APR-2026|25-APR-2026|75|100000000113_1006_295|202547|CONSTRAINED|CONSTRAINED|CONSTRAINED_202547_2025-11-20_0656|BY_IF
100000000113|1006|4401|18-APR-2026|18-APR-2026|75|100000000113_1006_295|202547|CONSTRAINED|CONSTRAINED|CONSTRAINED_202547_2025-11-20_0656|BY_IF
100000000113|1006|4400|11-APR-2026|11-APR-2026|75|100000000113_1006_295|202547|CONSTRAINED|CONSTRAINED|CONSTRAINED_202547_2025-11-20_0656|BY_IF
100000000113|1006|4399|04-APR-2026|04-APR-2026|75|100000000113_1006_295|202547|CONSTRAINED|CONSTRAINED|CONSTRAINED_202547_2025-11-20_0656|BY_IF
100000000113|1006|4398|28-MAR-2026|28-MAR-2026|75|100000000113_1006_295|202547|CONSTRAINED|CONSTRAINED|CONSTRAINED_202547_2025-11-20_0656|BY_IF
100000000113|1006|4397|21-MAR-2026|21-MAR-2026|75|100000000113_1006_295|202547|CONSTRAINED|CONSTRAINED|CONSTRAINED_202547_2025-11-20_0656|BY_IF
100000000113|1006|4396|14-MAR-2026|14-MAR-2026|75|100000000113_1006_295|202547|CONSTRAINED|CONSTRAINED|CONSTRAINED_202547_2025-11-20_0656|BY_IF
100000000113|1006|4395|07-MAR-2026|07-MAR-2026|75|100000000113_1006_295|202547|CONSTRAINED|CONSTRAINED|CONSTRAINED_202547_2025-11-20_0656|BY_IF
100000000113|1006|4394|28-FEB-2026|28-FEB-2026|75|100000000113_1006_295|202547|CONSTRAINED|CONSTRAINED|CONSTRAINED_202547_2025-11-20_0656|BY_IF
100000000113|1006|4393|21-FEB-2026|21-FEB-2026|75|100000000113_1006_295|202547|CONSTRAINED|CONSTRAINED|CONSTRAINED_202547_2025-11-20_0656|BY_IF
100000000113|1006|4392|14-FEB-2026|14-FEB-2026|75|100000000113_1006_295|202547|CONSTRAINED|CONSTRAINED|CONSTRAINED_202547_2025-11-20_0656|BY_IF
100000000113|1006|4391|07-FEB-2026|07-FEB-2026|75|100000000113_1006_295|202547|CONSTRAINED|CONSTRAINED|CONSTRAINED_202547_2025-11-20_0656|BY_IF
100000000113|1006|4390|31-JAN-2026|31-JAN-2026|75|100000000113_1006_295|202547|CONSTRAINED|CONSTRAINED|CONSTRAINED_202547_2025-11-20_0656|BY_IF
100000000113|1006|4389|24-JAN-2026|24-JAN-2026|75|100000000113_1006_295|202547|CONSTRAINED|CONSTRAINED|CONSTRAINED_202547_2025-11-20_0656|BY_IF
100000000113|1006|4388|17-JAN-2026|17-JAN-2026|75|100000000113_1006_295|202547|CONSTRAINED|CONSTRAINED|CONSTRAINED_202547_2025-11-20_0656|BY_IF
100000000113|1006|4387|10-JAN-2026|10-JAN-2026|75|100000000113_1006_295|202547|CONSTRAINED|CONSTRAINED|CONSTRAINED_202547_2025-11-20_0656|BY_IF
100000000113|1006|4386|03-JAN-2026|03-JAN-2026|75|100000000113_1006_295|202547|CONSTRAINED|CONSTRAINED|CONSTRAINED_202547_2025-11-20_0656|BY_IF
100000000113|1006|4385|27-DEC-2025|27-DEC-2025|75|100000000113_1006_295|202547|CONSTRAINED|CONSTRAINED|CONSTRAINED_202547_2025-11-20_0656|BY_IF
100000000113|1006|4384|20-DEC-2025|20-DEC-2025|75|100000000113_1006_295|202547|CONSTRAINED|CONSTRAINED|CONSTRAINED_202547_2025-11-20_0656|BY_IF
100000000113|1006|4383|13-DEC-2025|13-DEC-2025|75|100000000113_1006_295|202547|CONSTRAINED|CONSTRAINED|CONSTRAINED_202547_2025-11-20_0656|BY_IF
100000000113|1006|4382|06-DEC-2025|06-DEC-2025|49|100000000113_1006_295|202547|CONSTRAINED|CONSTRAINED|CONSTRAINED_202547_2025-11-20_0656|BY_IF
100000000113|1006|4381|22-NOV-2025|22-NOV-2025|38|100000000113_1006_295|202547|CONSTRAINED|CONSTRAINED|CONSTRAINED_202547_2025-11-20_0656|BY_IF
100000000113|1006|4380|20-SEP-2025|20-SEP-2025|50|100000000113_1006_295|202547|CONSTRAINED|CONSTRAINED|CONSTRAINED_202547_2025-11-20_0656|BY_IF
100000000113|1006|4379|30-AUG-2025|30-AUG-2025|10|100000000113_1006_295|202547|CONSTRAINED|CONSTRAINED|CONSTRAINED_202547_2025-11-20_0656|BY_IF
100000000113|1006|4378|16-AUG-2025|16-AUG-2025|185|100000000113_1006_295|202547|CONSTRAINED|CONSTRAINED|CONSTRAINED_202547_2025-11-20_0656|BY_IF
100000000113|1006|4377|09-AUG-2025|09-AUG-2025|320|100000000113_1006_295|202547|CONSTRAINED|CONSTRAINED|CONSTRAINED_202547_2025-11-20_0656|BY_IF
100000000113|1006|4376|26-JUL-2025|26-JUL-2025|170|100000000113_1006_295|202547|CONSTRAINED|CONSTRAINED|CONSTRAINED_202547_2025-11-20_0656|BY_IF
100000002011|1004|2537|18-JUL-2027|17-JUL-2027|89|100000002011_1004_445|202547|CONSTRAINED|CONSTRAINED|CONSTRAINED_202547_2025-11-20_0656|BY_IF
100000002011|1004|2536|11-JUL-2027|10-JUL-2027|136|100000002011_1004_445|202547|CONSTRAINED|CONSTRAINED|CONSTRAINED_202547_2025-11-20_0656|BY_IF
100000002011|1004|2535|04-JUL-2027|03-JUL-2027|75|100000002011_1004_445|202547|CONSTRAINED|CONSTRAINED|CONSTRAINED_202547_2025-11-20_0656|BY_IF
100000002011|1004|2534|27-JUN-2027|26-JUN-2027|75|100000002011_1004_445|202547|CONSTRAINED|CONSTRAINED|CONSTRAINED_202547_2025-11-20_0656|BY_IF
100000002011|1004|2533|20-JUN-2027|19-JUN-2027|75|100000002011_1004_445|202547|CONSTRAINED|CONSTRAINED|CONSTRAINED_202547_2025-11-20_0656|BY_IF
100000002011|1004|2532|13-JUN-2027|12-JUN-2027|75|100000002011_1004_445|202547|CONSTRAINED|CONSTRAINED|CONSTRAINED_202547_2025-11-20_0656|BY_IF
100000002011|1004|2531|06-JUN-2027|05-JUN-2027|75|100000002011_1004_445|202547|CONSTRAINED|CONSTRAINED|CONSTRAINED_202547_2025-11-20_0656|BY_IF
100000002011|1004|2530|30-MAY-2027|29-MAY-2027|75|100000002011_1004_445|202547|CONSTRAINED|CONSTRAINED|CONSTRAINED_202547_2025-11-20_0656|BY_IF
100000002011|1004|2529|23-MAY-2027|22-MAY-2027|75|100000002011_1004_445|202547|CONSTRAINED|CONSTRAINED|CONSTRAINED_202547_2025-11-20_0656|BY_IF
100000002011|1004|2528|16-MAY-2027|15-MAY-2027|75|100000002011_1004_445|202547|CONSTRAINED|CONSTRAINED|CONSTRAINED_202547_2025-11-20_0656|BY_IF
100000002011|1004|2527|09-MAY-2027|08-MAY-2027|75|100000002011_1004_445|202547|CONSTRAINED|CONSTRAINED|CONSTRAINED_202547_2025-11-20_0656|BY_IF
100000002011|1004|2526|02-MAY-2027|01-MAY-2027|75|100000002011_1004_445|202547|CONSTRAINED|CONSTRAINED|CONSTRAINED_202547_2025-11-20_0656|BY_IF
100000002011|1004|2525|25-APR-2027|24-APR-2027|75|100000002011_1004_445|202547|CONSTRAINED|CONSTRAINED|CONSTRAINED_202547_2025-11-20_0656|BY_IF
100000002011|1004|2524|18-APR-2027|17-APR-2027|75|100000002011_1004_445|202547|CONSTRAINED|CONSTRAINED|CONSTRAINED_202547_2025-11-20_0656|BY_IF
100000002011|1004|2523|11-APR-2027|10-APR-2027|75|100000002011_1004_445|202547|CONSTRAINED|CONSTRAINED|CONSTRAINED_202547_2025-11-20_0656|BY_IF
100000002011|1004|2522|04-APR-2027|03-APR-2027|75|100000002011_1004_445|202547|CONSTRAINED|CONSTRAINED|CONSTRAINED_202547_2025-11-20_0656|BY_IF
100000002011|1004|2521|28-MAR-2027|27-MAR-2027|75|100000002011_1004_445|202547|CONSTRAINED|CONSTRAINED|CONSTRAINED_202547_2025-11-20_0656|BY_IF
100000002011|1004|2520|21-MAR-2027|20-MAR-2027|75|100000002011_1004_445|202547|CONSTRAINED|CONSTRAINED|CONSTRAINED_202547_2025-11-20_0656|BY_IF
100000002011|1004|2519|14-MAR-2027|13-MAR-2027|75|100000002011_1004_445|202547|CONSTRAINED|CONSTRAINED|CONSTRAINED_202547_2025-11-20_0656|BY_IF
100000002011|1004|2518|07-MAR-2027|06-MAR-2027|75|100000002011_1004_445|202547|CONSTRAINED|CONSTRAINED|CONSTRAINED_202547_2025-11-20_0656|BY_IF
100000002011|1004|2517|28-FEB-2027|27-FEB-2027|75|100000002011_1004_445|202547|CONSTRAINED|CONSTRAINED|CONSTRAINED_202547_2025-11-20_0656|BY_IF
100000002011|1004|2516|21-FEB-2027|20-FEB-2027|75|100000002011_1004_445|202547|CONSTRAINED|CONSTRAINED|CONSTRAINED_202547_2025-11-20_0656|BY_IF
100000002011|1004|2515|14-FEB-2027|13-FEB-2027|75|100000002011_1004_445|202547|CONSTRAINED|CONSTRAINED|CONSTRAINED_202547_2025-11-20_0656|BY_IF
100000002011|1004|2514|07-FEB-2027|06-FEB-2027|75|100000002011_1004_445|202547|CONSTRAINED|CONSTRAINED|CONSTRAINED_202547_2025-11-20_0656|BY_IF
100000002011|1004|2513|31-JAN-2027|30-JAN-2027|75|100000002011_1004_445|202547|CONSTRAINED|CONSTRAINED|CONSTRAINED_202547_2025-11-20_0656|BY_IF
100000002011|1004|2512|24-JAN-2027|23-JAN-2027|75|100000002011_1004_445|202547|CONSTRAINED|CONSTRAINED|CONSTRAINED_202547_2025-11-20_0656|BY_IF
100000002011|1004|2511|17-JAN-2027|16-JAN-2027|75|100000002011_1004_445|202547|CONSTRAINED|CONSTRAINED|CONSTRAINED_202547_2025-11-20_0656|BY_IF
100000002011|1004|2510|10-JAN-2027|09-JAN-2027|75|100000002011_1004_445|202547|CONSTRAINED|CONSTRAINED|CONSTRAINED_202547_2025-11-20_0656|BY_IF
100000002011|1004|2509|03-JAN-2027|02-JAN-2027|75|100000002011_1004_445|202547|CONSTRAINED|CONSTRAINED|CONSTRAINED_202547_2025-11-20_0656|BY_IF
100000002011|1004|2508|27-DEC-2026|26-DEC-2026|75|100000002011_1004_445|202547|CONSTRAINED|CONSTRAINED|CONSTRAINED_202547_2025-11-20_0656|BY_IF
100000002011|1004|2507|20-DEC-2026|19-DEC-2026|75|100000002011_1004_445|202547|CONSTRAINED|CONSTRAINED|CONSTRAINED_202547_2025-11-20_0656|BY_IF
100000002011|1004|2506|13-DEC-2026|12-DEC-2026|75|100000002011_1004_445|202547|CONSTRAINED|CONSTRAINED|CONSTRAINED_202547_2025-11-20_0656|BY_IF
100000002011|1004|2505|06-DEC-2026|05-DEC-2026|75|100000002011_1004_445|202547|CONSTRAINED|CONSTRAINED|CONSTRAINED_202547_2025-11-20_0656|BY_IF
100000002011|1004|2504|29-NOV-2026|28-NOV-2026|75|100000002011_1004_445|202547|CONSTRAINED|CONSTRAINED|CONSTRAINED_202547_2025-11-20_0656|BY_IF
100000002011|1004|2503|22-NOV-2026|21-NOV-2026|75|100000002011_1004_445|202547|CONSTRAINED|CONSTRAINED|CONSTRAINED_202547_2025-11-20_0656|BY_IF
100000002011|1004|2502|15-NOV-2026|14-NOV-2026|75|100000002011_1004_445|202547|CONSTRAINED|CONSTRAINED|CONSTRAINED_202547_2025-11-20_0656|BY_IF
100000002011|1004|2501|08-NOV-2026|07-NOV-2026|75|100000002011_1004_445|202547|CONSTRAINED|CONSTRAINED|CONSTRAINED_202547_2025-11-20_0656|BY_IF
100000002011|1004|2500|01-NOV-2026|31-OCT-2026|75|100000002011_1004_445|202547|CONSTRAINED|CONSTRAINED|CONSTRAINED_202547_2025-11-20_0656|BY_IF
100000002011|1004|2499|25-OCT-2026|24-OCT-2026|75|100000002011_1004_445|202547|CONSTRAINED|CONSTRAINED|CONSTRAINED_202547_2025-11-20_0656|BY_IF
100000002011|1004|2498|18-OCT-2026|17-OCT-2026|75|100000002011_1004_445|202547|CONSTRAINED|CONSTRAINED|CONSTRAINED_202547_2025-11-20_0656|BY_IF
100000002011|1004|2497|11-OCT-2026|10-OCT-2026|75|100000002011_1004_445|202547|CONSTRAINED|CONSTRAINED|CONSTRAINED_202547_2025-11-20_0656|BY_IF
100000002011|1004|2496|04-OCT-2026|03-OCT-2026|75|100000002011_1004_445|202547|CONSTRAINED|CONSTRAINED|CONSTRAINED_202547_2025-11-20_0656|BY_IF
100000002011|1004|2495|27-SEP-2026|26-SEP-2026|75|100000002011_1004_445|202547|CONSTRAINED|CONSTRAINED|CONSTRAINED_202547_2025-11-20_0656|BY_IF
100000002011|1004|2494|20-SEP-2026|19-SEP-2026|75|100000002011_1004_445|202547|CONSTRAINED|CONSTRAINED|CONSTRAINED_202547_2025-11-20_0656|BY_IF
100000002011|1004|2493|13-SEP-2026|12-SEP-2026|75|100000002011_1004_445|202547|CONSTRAINED|CONSTRAINED|CONSTRAINED_202547_2025-11-20_0656|BY_IF
100000002011|1004|2492|06-SEP-2026|05-SEP-2026|75|100000002011_1004_445|202547|CONSTRAINED|CONSTRAINED|CONSTRAINED_202547_2025-11-20_0656|BY_IF
100000002011|1004|2491|30-AUG-2026|29-AUG-2026|75|100000002011_1004_445|202547|CONSTRAINED|CONSTRAINED|CONSTRAINED_202547_2025-11-20_0656|BY_IF
100000002011|1004|2490|23-AUG-2026|22-AUG-2026|75|100000002011_1004_445|202547|CONSTRAINED|CONSTRAINED|CONSTRAINED_202547_2025-11-20_0656|BY_IF
100000002011|1004|2489|16-AUG-2026|15-AUG-2026|75|100000002011_1004_445|202547|CONSTRAINED|CONSTRAINED|CONSTRAINED_202547_2025-11-20_0656|BY_IF
100000002011|1004|2488|09-AUG-2026|08-AUG-2026|75|100000002011_1004_445|202547|CONSTRAINED|CONSTRAINED|CONSTRAINED_202547_2025-11-20_0656|BY_IF
100000002011|1004|2487|02-AUG-2026|01-AUG-2026|75|100000002011_1004_445|202547|CONSTRAINED|CONSTRAINED|CONSTRAINED_202547_2025-11-20_0656|BY_IF
100000002011|1004|2486|26-JUL-2026|25-JUL-2026|75|100000002011_1004_445|202547|CONSTRAINED|CONSTRAINED|CONSTRAINED_202547_2025-11-20_0656|BY_IF
100000002011|1004|2485|19-JUL-2026|18-JUL-2026|75|100000002011_1004_445|202547|CONSTRAINED|CONSTRAINED|CONSTRAINED_202547_2025-11-20_0656|BY_IF
100000002011|1004|2484|12-JUL-2026|11-JUL-2026|75|100000002011_1004_445|202547|CONSTRAINED|CONSTRAINED|CONSTRAINED_202547_2025-11-20_0656|BY_IF
100000002011|1004|2483|05-JUL-2026|04-JUL-2026|75|100000002011_1004_445|202547|CONSTRAINED|CONSTRAINED|CONSTRAINED_202547_2025-11-20_0656|BY_IF
100000002011|1004|2482|28-JUN-2026|27-JUN-2026|75|100000002011_1004_445|202547|CONSTRAINED|CONSTRAINED|CONSTRAINED_202547_2025-11-20_0656|BY_IF
100000002011|1004|2481|21-JUN-2026|20-JUN-2026|75|100000002011_1004_445|202547|CONSTRAINED|CONSTRAINED|CONSTRAINED_202547_2025-11-20_0656|BY_IF
100000002011|1004|2480|14-JUN-2026|13-JUN-2026|75|100000002011_1004_445|202547|CONSTRAINED|CONSTRAINED|CONSTRAINED_202547_2025-11-20_0656|BY_IF
100000002011|1004|2479|07-JUN-2026|06-JUN-2026|75|100000002011_1004_445|202547|CONSTRAINED|CONSTRAINED|CONSTRAINED_202547_2025-11-20_0656|BY_IF
100000002011|1004|2478|31-MAY-2026|30-MAY-2026|75|100000002011_1004_445|202547|CONSTRAINED|CONSTRAINED|CONSTRAINED_202547_2025-11-20_0656|BY_IF
100000002011|1004|2477|24-MAY-2026|23-MAY-2026|75|100000002011_1004_445|202547|CONSTRAINED|CONSTRAINED|CONSTRAINED_202547_2025-11-20_0656|BY_IF
100000002011|1004|2476|17-MAY-2026|16-MAY-2026|75|100000002011_1004_445|202547|CONSTRAINED|CONSTRAINED|CONSTRAINED_202547_2025-11-20_0656|BY_IF
100000002011|1004|2475|10-MAY-2026|09-MAY-2026|75|100000002011_1004_445|202547|CONSTRAINED|CONSTRAINED|CONSTRAINED_202547_2025-11-20_0656|BY_IF
100000002011|1004|2474|03-MAY-2026|02-MAY-2026|75|100000002011_1004_445|202547|CONSTRAINED|CONSTRAINED|CONSTRAINED_202547_2025-11-20_0656|BY_IF
100000002011|1004|2473|26-APR-2026|25-APR-2026|75|100000002011_1004_445|202547|CONSTRAINED|CONSTRAINED|CONSTRAINED_202547_2025-11-20_0656|BY_IF
100000002011|1004|2472|19-APR-2026|18-APR-2026|75|100000002011_1004_445|202547|CONSTRAINED|CONSTRAINED|CONSTRAINED_202547_2025-11-20_0656|BY_IF
100000002011|1004|2471|12-APR-2026|11-APR-2026|75|100000002011_1004_445|202547|CONSTRAINED|CONSTRAINED|CONSTRAINED_202547_2025-11-20_0656|BY_IF
100000002011|1004|2470|05-APR-2026|04-APR-2026|75|100000002011_1004_445|202547|CONSTRAINED|CONSTRAINED|CONSTRAINED_202547_2025-11-20_0656|BY_IF
100000002011|1004|2469|29-MAR-2026|28-MAR-2026|75|100000002011_1004_445|202547|CONSTRAINED|CONSTRAINED|CONSTRAINED_202547_2025-11-20_0656|BY_IF
100000002011|1004|2468|22-MAR-2026|21-MAR-2026|75|100000002011_1004_445|202547|CONSTRAINED|CONSTRAINED|CONSTRAINED_202547_2025-11-20_0656|BY_IF
100000002011|1004|2467|15-MAR-2026|14-MAR-2026|75|100000002011_1004_445|202547|CONSTRAINED|CONSTRAINED|CONSTRAINED_202547_2025-11-20_0656|BY_IF
100000002011|1004|2466|08-MAR-2026|07-MAR-2026|75|100000002011_1004_445|202547|CONSTRAINED|CONSTRAINED|CONSTRAINED_202547_2025-11-20_0656|BY_IF
100000002011|1004|2465|01-MAR-2026|28-FEB-2026|75|100000002011_1004_445|202547|CONSTRAINED|CONSTRAINED|CONSTRAINED_202547_2025-11-20_0656|BY_IF
100000002011|1004|2464|22-FEB-2026|21-FEB-2026|75|100000002011_1004_445|202547|CONSTRAINED|CONSTRAINED|CONSTRAINED_202547_2025-11-20_0656|BY_IF
100000002011|1004|2463|15-FEB-2026|14-FEB-2026|75|100000002011_1004_445|202547|CONSTRAINED|CONSTRAINED|CONSTRAINED_202547_2025-11-20_0656|BY_IF
100000002011|1004|2462|08-FEB-2026|07-FEB-2026|75|100000002011_1004_445|202547|CONSTRAINED|CONSTRAINED|CONSTRAINED_202547_2025-11-20_0656|BY_IF
100000002011|1004|2461|01-FEB-2026|31-JAN-2026|75|100000002011_1004_445|202547|CONSTRAINED|CONSTRAINED|CONSTRAINED_202547_2025-11-20_0656|BY_IF
100000002011|1004|2460|25-JAN-2026|24-JAN-2026|75|100000002011_1004_445|202547|CONSTRAINED|CONSTRAINED|CONSTRAINED_202547_2025-11-20_0656|BY_IF
100000002011|1004|2459|18-JAN-2026|17-JAN-2026|75|100000002011_1004_445|202547|CONSTRAINED|CONSTRAINED|CONSTRAINED_202547_2025-11-20_0656|BY_IF
100000002011|1004|2458|11-JAN-2026|10-JAN-2026|75|100000002011_1004_445|202547|CONSTRAINED|CONSTRAINED|CONSTRAINED_202547_2025-11-20_0656|BY_IF
100000002011|1004|2457|04-JAN-2026|03-JAN-2026|75|100000002011_1004_445|202547|CONSTRAINED|CONSTRAINED|CONSTRAINED_202547_2025-11-20_0656|BY_IF
100000002011|1004|2456|28-DEC-2025|27-DEC-2025|75|100000002011_1004_445|202547|CONSTRAINED|CONSTRAINED|CONSTRAINED_202547_2025-11-20_0656|BY_IF
100000002011|1004|2455|21-DEC-2025|20-DEC-2025|75|100000002011_1004_445|202547|CONSTRAINED|CONSTRAINED|CONSTRAINED_202547_2025-11-20_0656|BY_IF
100000002011|1004|2454|14-DEC-2025|13-DEC-2025|75|100000002011_1004_445|202547|CONSTRAINED|CONSTRAINED|CONSTRAINED_202547_2025-11-20_0656|BY_IF
100000002011|1004|2453|07-DEC-2025|06-DEC-2025|49|100000002011_1004_445|202547|CONSTRAINED|CONSTRAINED|CONSTRAINED_202547_2025-11-20_0656|BY_IF
100000002011|1004|2452|23-NOV-2025|22-NOV-2025|38|100000002011_1004_445|202547|CONSTRAINED|CONSTRAINED|CONSTRAINED_202547_2025-11-20_0656|BY_IF
100000002011|1004|2451|21-SEP-2025|20-SEP-2025|50|100000002011_1004_445|202547|CONSTRAINED|CONSTRAINED|CONSTRAINED_202547_2025-11-20_0656|BY_IF
100000002011|1004|2450|31-AUG-2025|30-AUG-2025|10|100000002011_1004_445|202547|CONSTRAINED|CONSTRAINED|CONSTRAINED_202547_2025-11-20_0656|BY_IF
100000002011|1004|2449|24-AUG-2025|23-AUG-2025|105|100000002011_1004_445|202547|CONSTRAINED|CONSTRAINED|CONSTRAINED_202547_2025-11-20_0656|BY_IF
100000002011|1004|2448|17-AUG-2025|16-AUG-2025|292|100000002011_1004_445|202547|CONSTRAINED|CONSTRAINED|CONSTRAINED_202547_2025-11-20_0656|BY_IF
100000002011|1004|2447|10-AUG-2025|09-AUG-2025|469|100000002011_1004_445|202547|CONSTRAINED|CONSTRAINED|CONSTRAINED_202547_2025-11-20_0656|BY_IF
100000002011|1004|2446|03-AUG-2025|02-AUG-2025|136|100000002011_1004_445|202547|CONSTRAINED|CONSTRAINED|CONSTRAINED_202547_2025-11-20_0656|BY_IF
100000002011|1004|2445|27-JUL-2025|26-JUL-2025|365|100000002011_1004_445|202547|CONSTRAINED|CONSTRAINED|CONSTRAINED_202547_2025-11-20_0656|BY_IF
100000002012|1017|3120|18-APR-2026|18-APR-2026|75|100000002012_1017_446|202547|CONSTRAINED|CONSTRAINED|CONSTRAINED_202547_2025-11-20_0656|BY_IF
100000002012|1017|3119|11-APR-2026|11-APR-2026|75|100000002012_1017_446|202547|CONSTRAINED|CONSTRAINED|CONSTRAINED_202547_2025-11-20_0656|BY_IF
100000002012|1017|3118|04-APR-2026|04-APR-2026|75|100000002012_1017_446|202547|CONSTRAINED|CONSTRAINED|CONSTRAINED_202547_2025-11-20_0656|BY_IF
100000002012|1017|3117|28-MAR-2026|28-MAR-2026|75|100000002012_1017_446|202547|CONSTRAINED|CONSTRAINED|CONSTRAINED_202547_2025-11-20_0656|BY_IF
100000002012|1017|3116|21-MAR-2026|21-MAR-2026|75|100000002012_1017_446|202547|CONSTRAINED|CONSTRAINED|CONSTRAINED_202547_2025-11-20_0656|BY_IF
100000002012|1017|3115|14-MAR-2026|14-MAR-2026|75|100000002012_1017_446|202547|CONSTRAINED|CONSTRAINED|CONSTRAINED_202547_2025-11-20_0656|BY_IF
100000002012|1017|3114|07-MAR-2026|07-MAR-2026|75|100000002012_1017_446|202547|CONSTRAINED|CONSTRAINED|CONSTRAINED_202547_2025-11-20_0656|BY_IF
100000002012|1017|3113|28-FEB-2026|28-FEB-2026|75|100000002012_1017_446|202547|CONSTRAINED|CONSTRAINED|CONSTRAINED_202547_2025-11-20_0656|BY_IF
100000002012|1017|3112|21-FEB-2026|21-FEB-2026|75|100000002012_1017_446|202547|CONSTRAINED|CONSTRAINED|CONSTRAINED_202547_2025-11-20_0656|BY_IF
100000002012|1017|3111|14-FEB-2026|14-FEB-2026|75|100000002012_1017_446|202547|CONSTRAINED|CONSTRAINED|CONSTRAINED_202547_2025-11-20_0656|BY_IF
100000002012|1017|3110|07-FEB-2026|07-FEB-2026|75|100000002012_1017_446|202547|CONSTRAINED|CONSTRAINED|CONSTRAINED_202547_2025-11-20_0656|BY_IF
100000002012|1017|3109|31-JAN-2026|31-JAN-2026|75|100000002012_1017_446|202547|CONSTRAINED|CONSTRAINED|CONSTRAINED_202547_2025-11-20_0656|BY_IF
100000002012|1017|3108|24-JAN-2026|24-JAN-2026|75|100000002012_1017_446|202547|CONSTRAINED|CONSTRAINED|CONSTRAINED_202547_2025-11-20_0656|BY_IF
100000002012|1017|3107|17-JAN-2026|17-JAN-2026|75|100000002012_1017_446|202547|CONSTRAINED|CONSTRAINED|CONSTRAINED_202547_2025-11-20_0656|BY_IF
100000002012|1017|3106|10-JAN-2026|10-JAN-2026|75|100000002012_1017_446|202547|CONSTRAINED|CONSTRAINED|CONSTRAINED_202547_2025-11-20_0656|BY_IF
100000002012|1017|3105|03-JAN-2026|03-JAN-2026|75|100000002012_1017_446|202547|CONSTRAINED|CONSTRAINED|CONSTRAINED_202547_2025-11-20_0656|BY_IF
100000002012|1017|3104|27-DEC-2025|27-DEC-2025|75|100000002012_1017_446|202547|CONSTRAINED|CONSTRAINED|CONSTRAINED_202547_2025-11-20_0656|BY_IF
100000002012|1017|3103|20-DEC-2025|20-DEC-2025|75|100000002012_1017_446|202547|CONSTRAINED|CONSTRAINED|CONSTRAINED_202547_2025-11-20_0656|BY_IF
100000002012|1017|3102|13-DEC-2025|13-DEC-2025|75|100000002012_1017_446|202547|CONSTRAINED|CONSTRAINED|CONSTRAINED_202547_2025-11-20_0656|BY_IF
100000002012|1017|3101|06-DEC-2025|06-DEC-2025|49|100000002012_1017_446|202547|CONSTRAINED|CONSTRAINED|CONSTRAINED_202547_2025-11-20_0656|BY_IF
100000002012|1017|3100|22-NOV-2025|22-NOV-2025|38|100000002012_1017_446|202547|CONSTRAINED|CONSTRAINED|CONSTRAINED_202547_2025-11-20_0656|BY_IF
100000002012|1017|3099|20-SEP-2025|20-SEP-2025|50|100000002012_1017_446|202547|CONSTRAINED|CONSTRAINED|CONSTRAINED_202547_2025-11-20_0656|BY_IF
100000002012|1017|3098|30-AUG-2025|30-AUG-2025|10|100000002012_1017_446|202547|CONSTRAINED|CONSTRAINED|CONSTRAINED_202547_2025-11-20_0656|BY_IF
100000002012|1017|3097|23-AUG-2025|23-AUG-2025|105|100000002012_1017_446|202547|CONSTRAINED|CONSTRAINED|CONSTRAINED_202547_2025-11-20_0656|BY_IF
100000002012|1017|3096|16-AUG-2025|16-AUG-2025|292|100000002012_1017_446|202547|CONSTRAINED|CONSTRAINED|CONSTRAINED_202547_2025-11-20_0656|BY_IF
100000002012|1017|3095|09-AUG-2025|09-AUG-2025|605|100000002012_1017_446|202547|CONSTRAINED|CONSTRAINED|CONSTRAINED_202547_2025-11-20_0656|BY_IF
100000002012|1017|3094|02-AUG-2025|02-AUG-2025|360|100000002012_1017_446|202547|CONSTRAINED|CONSTRAINED|CONSTRAINED_202547_2025-11-20_0656|BY_IF
100000002012|1017|3186|24-JUL-2027|24-JUL-2027|75|100000002012_1017_446|202547|CONSTRAINED|CONSTRAINED|CONSTRAINED_202547_2025-11-20_0656|BY_IF
100000002012|1017|3185|17-JUL-2027|17-JUL-2027|75|100000002012_1017_446|202547|CONSTRAINED|CONSTRAINED|CONSTRAINED_202547_2025-11-20_0656|BY_IF
100000002012|1017|3184|10-JUL-2027|10-JUL-2027|75|100000002012_1017_446|202547|CONSTRAINED|CONSTRAINED|CONSTRAINED_202547_2025-11-20_0656|BY_IF
100000002012|1017|3183|03-JUL-2027|03-JUL-2027|75|100000002012_1017_446|202547|CONSTRAINED|CONSTRAINED|CONSTRAINED_202547_2025-11-20_0656|BY_IF
100000002012|1017|3182|26-JUN-2027|26-JUN-2027|75|100000002012_1017_446|202547|CONSTRAINED|CONSTRAINED|CONSTRAINED_202547_2025-11-20_0656|BY_IF
100000002012|1017|3181|19-JUN-2027|19-JUN-2027|75|100000002012_1017_446|202547|CONSTRAINED|CONSTRAINED|CONSTRAINED_202547_2025-11-20_0656|BY_IF
100000002012|1017|3180|12-JUN-2027|12-JUN-2027|75|100000002012_1017_446|202547|CONSTRAINED|CONSTRAINED|CONSTRAINED_202547_2025-11-20_0656|BY_IF
100000002012|1017|3179|05-JUN-2027|05-JUN-2027|75|100000002012_1017_446|202547|CONSTRAINED|CONSTRAINED|CONSTRAINED_202547_2025-11-20_0656|BY_IF
100000002012|1017|3178|29-MAY-2027|29-MAY-2027|75|100000002012_1017_446|202547|CONSTRAINED|CONSTRAINED|CONSTRAINED_202547_2025-11-20_0656|BY_IF
100000002012|1017|3177|22-MAY-2027|22-MAY-2027|75|100000002012_1017_446|202547|CONSTRAINED|CONSTRAINED|CONSTRAINED_202547_2025-11-20_0656|BY_IF
100000002012|1017|3176|15-MAY-2027|15-MAY-2027|75|100000002012_1017_446|202547|CONSTRAINED|CONSTRAINED|CONSTRAINED_202547_2025-11-20_0656|BY_IF
100000002012|1017|3175|08-MAY-2027|08-MAY-2027|75|100000002012_1017_446|202547|CONSTRAINED|CONSTRAINED|CONSTRAINED_202547_2025-11-20_0656|BY_IF
100000002012|1017|3174|01-MAY-2027|01-MAY-2027|75|100000002012_1017_446|202547|CONSTRAINED|CONSTRAINED|CONSTRAINED_202547_2025-11-20_0656|BY_IF
100000002012|1017|3173|24-APR-2027|24-APR-2027|75|100000002012_1017_446|202547|CONSTRAINED|CONSTRAINED|CONSTRAINED_202547_2025-11-20_0656|BY_IF
100000002012|1017|3172|17-APR-2027|17-APR-2027|75|100000002012_1017_446|202547|CONSTRAINED|CONSTRAINED|CONSTRAINED_202547_2025-11-20_0656|BY_IF
100000002012|1017|3171|10-APR-2027|10-APR-2027|75|100000002012_1017_446|202547|CONSTRAINED|CONSTRAINED|CONSTRAINED_202547_2025-11-20_0656|BY_IF
100000002012|1017|3170|03-APR-2027|03-APR-2027|75|100000002012_1017_446|202547|CONSTRAINED|CONSTRAINED|CONSTRAINED_202547_2025-11-20_0656|BY_IF
100000002012|1017|3169|27-MAR-2027|27-MAR-2027|75|100000002012_1017_446|202547|CONSTRAINED|CONSTRAINED|CONSTRAINED_202547_2025-11-20_0656|BY_IF
100000002012|1017|3168|20-MAR-2027|20-MAR-2027|75|100000002012_1017_446|202547|CONSTRAINED|CONSTRAINED|CONSTRAINED_202547_2025-11-20_0656|BY_IF
100000002012|1017|3167|13-MAR-2027|13-MAR-2027|75|100000002012_1017_446|202547|CONSTRAINED|CONSTRAINED|CONSTRAINED_202547_2025-11-20_0656|BY_IF
100000002012|1017|3166|06-MAR-2027|06-MAR-2027|75|100000002012_1017_446|202547|CONSTRAINED|CONSTRAINED|CONSTRAINED_202547_2025-11-20_0656|BY_IF
100000002012|1017|3165|27-FEB-2027|27-FEB-2027|75|100000002012_1017_446|202547|CONSTRAINED|CONSTRAINED|CONSTRAINED_202547_2025-11-20_0656|BY_IF
100000002012|1017|3164|20-FEB-2027|20-FEB-2027|75|100000002012_1017_446|202547|CONSTRAINED|CONSTRAINED|CONSTRAINED_202547_2025-11-20_0656|BY_IF
100000002012|1017|3163|13-FEB-2027|13-FEB-2027|75|100000002012_1017_446|202547|CONSTRAINED|CONSTRAINED|CONSTRAINED_202547_2025-11-20_0656|BY_IF
100000002012|1017|3162|06-FEB-2027|06-FEB-2027|75|100000002012_1017_446|202547|CONSTRAINED|CONSTRAINED|CONSTRAINED_202547_2025-11-20_0656|BY_IF
100000002012|1017|3161|30-JAN-2027|30-JAN-2027|75|100000002012_1017_446|202547|CONSTRAINED|CONSTRAINED|CONSTRAINED_202547_2025-11-20_0656|BY_IF
100000002012|1017|3160|23-JAN-2027|23-JAN-2027|75|100000002012_1017_446|202547|CONSTRAINED|CONSTRAINED|CONSTRAINED_202547_2025-11-20_0656|BY_IF
100000002012|1017|3159|16-JAN-2027|16-JAN-2027|75|100000002012_1017_446|202547|CONSTRAINED|CONSTRAINED|CONSTRAINED_202547_2025-11-20_0656|BY_IF
100000002012|1017|3158|09-JAN-2027|09-JAN-2027|75|100000002012_1017_446|202547|CONSTRAINED|CONSTRAINED|CONSTRAINED_202547_2025-11-20_0656|BY_IF
100000002012|1017|3157|02-JAN-2027|02-JAN-2027|75|100000002012_1017_446|202547|CONSTRAINED|CONSTRAINED|CONSTRAINED_202547_2025-11-20_0656|BY_IF
100000002012|1017|3156|26-DEC-2026|26-DEC-2026|75|100000002012_1017_446|202547|CONSTRAINED|CONSTRAINED|CONSTRAINED_202547_2025-11-20_0656|BY_IF
100000002012|1017|3155|19-DEC-2026|19-DEC-2026|75|100000002012_1017_446|202547|CONSTRAINED|CONSTRAINED|CONSTRAINED_202547_2025-11-20_0656|BY_IF
100000002012|1017|3154|12-DEC-2026|12-DEC-2026|75|100000002012_1017_446|202547|CONSTRAINED|CONSTRAINED|CONSTRAINED_202547_2025-11-20_0656|BY_IF
100000002012|1017|3153|05-DEC-2026|05-DEC-2026|75|100000002012_1017_446|202547|CONSTRAINED|CONSTRAINED|CONSTRAINED_202547_2025-11-20_0656|BY_IF
100000002012|1017|3152|28-NOV-2026|28-NOV-2026|75|100000002012_1017_446|202547|CONSTRAINED|CONSTRAINED|CONSTRAINED_202547_2025-11-20_0656|BY_IF
100000002012|1017|3151|21-NOV-2026|21-NOV-2026|75|100000002012_1017_446|202547|CONSTRAINED|CONSTRAINED|CONSTRAINED_202547_2025-11-20_0656|BY_IF
100000002012|1017|3150|14-NOV-2026|14-NOV-2026|75|100000002012_1017_446|202547|CONSTRAINED|CONSTRAINED|CONSTRAINED_202547_2025-11-20_0656|BY_IF
100000002012|1017|3149|07-NOV-2026|07-NOV-2026|75|100000002012_1017_446|202547|CONSTRAINED|CONSTRAINED|CONSTRAINED_202547_2025-11-20_0656|BY_IF
100000002012|1017|3148|31-OCT-2026|31-OCT-2026|75|100000002012_1017_446|202547|CONSTRAINED|CONSTRAINED|CONSTRAINED_202547_2025-11-20_0656|BY_IF
100000002012|1017|3147|24-OCT-2026|24-OCT-2026|75|100000002012_1017_446|202547|CONSTRAINED|CONSTRAINED|CONSTRAINED_202547_2025-11-20_0656|BY_IF
100000002012|1017|3146|17-OCT-2026|17-OCT-2026|75|100000002012_1017_446|202547|CONSTRAINED|CONSTRAINED|CONSTRAINED_202547_2025-11-20_0656|BY_IF
100000002012|1017|3145|10-OCT-2026|10-OCT-2026|75|100000002012_1017_446|202547|CONSTRAINED|CONSTRAINED|CONSTRAINED_202547_2025-11-20_0656|BY_IF
100000002012|1017|3144|03-OCT-2026|03-OCT-2026|75|100000002012_1017_446|202547|CONSTRAINED|CONSTRAINED|CONSTRAINED_202547_2025-11-20_0656|BY_IF
100000002012|1017|3143|26-SEP-2026|26-SEP-2026|75|100000002012_1017_446|202547|CONSTRAINED|CONSTRAINED|CONSTRAINED_202547_2025-11-20_0656|BY_IF
100000002012|1017|3142|19-SEP-2026|19-SEP-2026|75|100000002012_1017_446|202547|CONSTRAINED|CONSTRAINED|CONSTRAINED_202547_2025-11-20_0656|BY_IF
100000002012|1017|3141|12-SEP-2026|12-SEP-2026|75|100000002012_1017_446|202547|CONSTRAINED|CONSTRAINED|CONSTRAINED_202547_2025-11-20_0656|BY_IF
100000002012|1017|3140|05-SEP-2026|05-SEP-2026|75|100000002012_1017_446|202547|CONSTRAINED|CONSTRAINED|CONSTRAINED_202547_2025-11-20_0656|BY_IF
100000002012|1017|3139|29-AUG-2026|29-AUG-2026|75|100000002012_1017_446|202547|CONSTRAINED|CONSTRAINED|CONSTRAINED_202547_2025-11-20_0656|BY_IF
100000002012|1017|3138|22-AUG-2026|22-AUG-2026|75|100000002012_1017_446|202547|CONSTRAINED|CONSTRAINED|CONSTRAINED_202547_2025-11-20_0656|BY_IF
100000002012|1017|3137|15-AUG-2026|15-AUG-2026|75|100000002012_1017_446|202547|CONSTRAINED|CONSTRAINED|CONSTRAINED_202547_2025-11-20_0656|BY_IF
100000002012|1017|3136|08-AUG-2026|08-AUG-2026|75|100000002012_1017_446|202547|CONSTRAINED|CONSTRAINED|CONSTRAINED_202547_2025-11-20_0656|BY_IF
100000002012|1017|3135|01-AUG-2026|01-AUG-2026|75|100000002012_1017_446|202547|CONSTRAINED|CONSTRAINED|CONSTRAINED_202547_2025-11-20_0656|BY_IF
100000002012|1017|3134|25-JUL-2026|25-JUL-2026|75|100000002012_1017_446|202547|CONSTRAINED|CONSTRAINED|CONSTRAINED_202547_2025-11-20_0656|BY_IF
100000002012|1017|3133|18-JUL-2026|18-JUL-2026|75|100000002012_1017_446|202547|CONSTRAINED|CONSTRAINED|CONSTRAINED_202547_2025-11-20_0656|BY_IF
100000002012|1017|3132|11-JUL-2026|11-JUL-2026|75|100000002012_1017_446|202547|CONSTRAINED|CONSTRAINED|CONSTRAINED_202547_2025-11-20_0656|BY_IF
100000002012|1017|3131|04-JUL-2026|04-JUL-2026|75|100000002012_1017_446|202547|CONSTRAINED|CONSTRAINED|CONSTRAINED_202547_2025-11-20_0656|BY_IF
100000002012|1017|3130|27-JUN-2026|27-JUN-2026|75|100000002012_1017_446|202547|CONSTRAINED|CONSTRAINED|CONSTRAINED_202547_2025-11-20_0656|BY_IF
100000002012|1017|3129|20-JUN-2026|20-JUN-2026|75|100000002012_1017_446|202547|CONSTRAINED|CONSTRAINED|CONSTRAINED_202547_2025-11-20_0656|BY_IF
100000002012|1017|3128|13-JUN-2026|13-JUN-2026|75|100000002012_1017_446|202547|CONSTRAINED|CONSTRAINED|CONSTRAINED_202547_2025-11-20_0656|BY_IF
100000002012|1017|3127|06-JUN-2026|06-JUN-2026|75|100000002012_1017_446|202547|CONSTRAINED|CONSTRAINED|CONSTRAINED_202547_2025-11-20_0656|BY_IF
100000002012|1017|3126|30-MAY-2026|30-MAY-2026|75|100000002012_1017_446|202547|CONSTRAINED|CONSTRAINED|CONSTRAINED_202547_2025-11-20_0656|BY_IF
100000002012|1017|3125|23-MAY-2026|23-MAY-2026|75|100000002012_1017_446|202547|CONSTRAINED|CONSTRAINED|CONSTRAINED_202547_2025-11-20_0656|BY_IF
100000002012|1017|3124|16-MAY-2026|16-MAY-2026|75|100000002012_1017_446|202547|CONSTRAINED|CONSTRAINED|CONSTRAINED_202547_2025-11-20_0656|BY_IF
100000002012|1017|3123|09-MAY-2026|09-MAY-2026|75|100000002012_1017_446|202547|CONSTRAINED|CONSTRAINED|CONSTRAINED_202547_2025-11-20_0656|BY_IF
100000002012|1017|3122|02-MAY-2026|02-MAY-2026|75|100000002012_1017_446|202547|CONSTRAINED|CONSTRAINED|CONSTRAINED_202547_2025-11-20_0656|BY_IF
100000002012|1017|3121|25-APR-2026|25-APR-2026|75|100000002012_1017_446|202547|CONSTRAINED|CONSTRAINED|CONSTRAINED_202547_2025-11-20_0656|BY_IF
100000002013|1006|3283|24-JUL-2027|24-JUL-2027|75|100000002013_1006_447|202547|CONSTRAINED|CONSTRAINED|CONSTRAINED_202547_2025-11-20_0656|BY_IF
100000002013|1006|3282|17-JUL-2027|17-JUL-2027|152.301697|100000002013_1006_447|202547|CONSTRAINED|CONSTRAINED|CONSTRAINED_202547_2025-11-20_0656|BY_IF
100000002013|1006|3281|10-JUL-2027|10-JUL-2027|152.301697|100000002013_1006_447|202547|CONSTRAINED|CONSTRAINED|CONSTRAINED_202547_2025-11-20_0656|BY_IF
100000002013|1006|3280|03-JUL-2027|03-JUL-2027|152.301697|100000002013_1006_447|202547|CONSTRAINED|CONSTRAINED|CONSTRAINED_202547_2025-11-20_0656|BY_IF
100000002013|1006|3279|26-JUN-2027|26-JUN-2027|152.301697|100000002013_1006_447|202547|CONSTRAINED|CONSTRAINED|CONSTRAINED_202547_2025-11-20_0656|BY_IF
100000002013|1006|3278|19-JUN-2027|19-JUN-2027|152.301697|100000002013_1006_447|202547|CONSTRAINED|CONSTRAINED|CONSTRAINED_202547_2025-11-20_0656|BY_IF
100000002013|1006|3277|12-JUN-2027|12-JUN-2027|152.301697|100000002013_1006_447|202547|CONSTRAINED|CONSTRAINED|CONSTRAINED_202547_2025-11-20_0656|BY_IF
100000002013|1006|3276|05-JUN-2027|05-JUN-2027|152.301697|100000002013_1006_447|202547|CONSTRAINED|CONSTRAINED|CONSTRAINED_202547_2025-11-20_0656|BY_IF
100000002013|1006|3275|29-MAY-2027|29-MAY-2027|152.301697|100000002013_1006_447|202547|CONSTRAINED|CONSTRAINED|CONSTRAINED_202547_2025-11-20_0656|BY_IF
100000002013|1006|3274|22-MAY-2027|22-MAY-2027|152.301697|100000002013_1006_447|202547|CONSTRAINED|CONSTRAINED|CONSTRAINED_202547_2025-11-20_0656|BY_IF
100000002013|1006|3273|15-MAY-2027|15-MAY-2027|152.301697|100000002013_1006_447|202547|CONSTRAINED|CONSTRAINED|CONSTRAINED_202547_2025-11-20_0656|BY_IF
100000002013|1006|3272|08-MAY-2027|08-MAY-2027|152.301697|100000002013_1006_447|202547|CONSTRAINED|CONSTRAINED|CONSTRAINED_202547_2025-11-20_0656|BY_IF
100000002013|1006|3271|01-MAY-2027|01-MAY-2027|152.301697|100000002013_1006_447|202547|CONSTRAINED|CONSTRAINED|CONSTRAINED_202547_2025-11-20_0656|BY_IF
100000002013|1006|3270|24-APR-2027|24-APR-2027|152.301697|100000002013_1006_447|202547|CONSTRAINED|CONSTRAINED|CONSTRAINED_202547_2025-11-20_0656|BY_IF
100000002013|1006|3269|17-APR-2027|17-APR-2027|152.301697|100000002013_1006_447|202547|CONSTRAINED|CONSTRAINED|CONSTRAINED_202547_2025-11-20_0656|BY_IF
100000002013|1006|3268|10-APR-2027|10-APR-2027|152.301697|100000002013_1006_447|202547|CONSTRAINED|CONSTRAINED|CONSTRAINED_202547_2025-11-20_0656|BY_IF
100000002013|1006|3267|03-APR-2027|03-APR-2027|152.301697|100000002013_1006_447|202547|CONSTRAINED|CONSTRAINED|CONSTRAINED_202547_2025-11-20_0656|BY_IF
100000002013|1006|3266|27-MAR-2027|27-MAR-2027|152.301697|100000002013_1006_447|202547|CONSTRAINED|CONSTRAINED|CONSTRAINED_202547_2025-11-20_0656|BY_IF
100000002013|1006|3265|20-MAR-2027|20-MAR-2027|152.301697|100000002013_1006_447|202547|CONSTRAINED|CONSTRAINED|CONSTRAINED_202547_2025-11-20_0656|BY_IF
100000002013|1006|3264|13-MAR-2027|13-MAR-2027|152.301697|100000002013_1006_447|202547|CONSTRAINED|CONSTRAINED|CONSTRAINED_202547_2025-11-20_0656|BY_IF
100000002013|1006|3263|06-MAR-2027|06-MAR-2027|152.301697|100000002013_1006_447|202547|CONSTRAINED|CONSTRAINED|CONSTRAINED_202547_2025-11-20_0656|BY_IF
100000002013|1006|3262|27-FEB-2027|27-FEB-2027|152.301697|100000002013_1006_447|202547|CONSTRAINED|CONSTRAINED|CONSTRAINED_202547_2025-11-20_0656|BY_IF
100000002013|1006|3261|20-FEB-2027|20-FEB-2027|152.301697|100000002013_1006_447|202547|CONSTRAINED|CONSTRAINED|CONSTRAINED_202547_2025-11-20_0656|BY_IF
100000002013|1006|3260|13-FEB-2027|13-FEB-2027|152.301697|100000002013_1006_447|202547|CONSTRAINED|CONSTRAINED|CONSTRAINED_202547_2025-11-20_0656|BY_IF
100000002013|1006|3259|06-FEB-2027|06-FEB-2027|152.301697|100000002013_1006_447|202547|CONSTRAINED|CONSTRAINED|CONSTRAINED_202547_2025-11-20_0656|BY_IF
100000002013|1006|3258|30-JAN-2027|30-JAN-2027|152.301697|100000002013_1006_447|202547|CONSTRAINED|CONSTRAINED|CONSTRAINED_202547_2025-11-20_0656|BY_IF
100000002013|1006|3257|23-JAN-2027|23-JAN-2027|152.301697|100000002013_1006_447|202547|CONSTRAINED|CONSTRAINED|CONSTRAINED_202547_2025-11-20_0656|BY_IF
100000002013|1006|3256|16-JAN-2027|16-JAN-2027|152.301697|100000002013_1006_447|202547|CONSTRAINED|CONSTRAINED|CONSTRAINED_202547_2025-11-20_0656|BY_IF
100000002013|1006|3255|09-JAN-2027|09-JAN-2027|152.301697|100000002013_1006_447|202547|CONSTRAINED|CONSTRAINED|CONSTRAINED_202547_2025-11-20_0656|BY_IF
100000002013|1006|3254|02-JAN-2027|02-JAN-2027|152.301697|100000002013_1006_447|202547|CONSTRAINED|CONSTRAINED|CONSTRAINED_202547_2025-11-20_0656|BY_IF
100000002013|1006|3253|26-DEC-2026|26-DEC-2026|152.301697|100000002013_1006_447|202547|CONSTRAINED|CONSTRAINED|CONSTRAINED_202547_2025-11-20_0656|BY_IF
100000002013|1006|3252|19-DEC-2026|19-DEC-2026|152.301697|100000002013_1006_447|202547|CONSTRAINED|CONSTRAINED|CONSTRAINED_202547_2025-11-20_0656|BY_IF
100000002013|1006|3251|12-DEC-2026|12-DEC-2026|152.301697|100000002013_1006_447|202547|CONSTRAINED|CONSTRAINED|CONSTRAINED_202547_2025-11-20_0656|BY_IF
100000002013|1006|3250|05-DEC-2026|05-DEC-2026|152.301697|100000002013_1006_447|202547|CONSTRAINED|CONSTRAINED|CONSTRAINED_202547_2025-11-20_0656|BY_IF
100000002013|1006|3249|28-NOV-2026|28-NOV-2026|152.301697|100000002013_1006_447|202547|CONSTRAINED|CONSTRAINED|CONSTRAINED_202547_2025-11-20_0656|BY_IF
100000002013|1006|3248|21-NOV-2026|21-NOV-2026|152.301697|100000002013_1006_447|202547|CONSTRAINED|CONSTRAINED|CONSTRAINED_202547_2025-11-20_0656|BY_IF
100000002013|1006|3247|14-NOV-2026|14-NOV-2026|152.301697|100000002013_1006_447|202547|CONSTRAINED|CONSTRAINED|CONSTRAINED_202547_2025-11-20_0656|BY_IF
100000002013|1006|3246|07-NOV-2026|07-NOV-2026|152.301697|100000002013_1006_447|202547|CONSTRAINED|CONSTRAINED|CONSTRAINED_202547_2025-11-20_0656|BY_IF
100000002013|1006|3245|31-OCT-2026|31-OCT-2026|152.301697|100000002013_1006_447|202547|CONSTRAINED|CONSTRAINED|CONSTRAINED_202547_2025-11-20_0656|BY_IF
100000002013|1006|3244|24-OCT-2026|24-OCT-2026|152.301697|100000002013_1006_447|202547|CONSTRAINED|CONSTRAINED|CONSTRAINED_202547_2025-11-20_0656|BY_IF
100000002013|1006|3243|17-OCT-2026|17-OCT-2026|152.301697|100000002013_1006_447|202547|CONSTRAINED|CONSTRAINED|CONSTRAINED_202547_2025-11-20_0656|BY_IF
100000002013|1006|3242|10-OCT-2026|10-OCT-2026|152.301697|100000002013_1006_447|202547|CONSTRAINED|CONSTRAINED|CONSTRAINED_202547_2025-11-20_0656|BY_IF
100000002013|1006|3241|03-OCT-2026|03-OCT-2026|152.301697|100000002013_1006_447|202547|CONSTRAINED|CONSTRAINED|CONSTRAINED_202547_2025-11-20_0656|BY_IF
100000002013|1006|3240|26-SEP-2026|26-SEP-2026|152.301697|100000002013_1006_447|202547|CONSTRAINED|CONSTRAINED|CONSTRAINED_202547_2025-11-20_0656|BY_IF
100000002013|1006|3239|19-SEP-2026|19-SEP-2026|152.301697|100000002013_1006_447|202547|CONSTRAINED|CONSTRAINED|CONSTRAINED_202547_2025-11-20_0656|BY_IF
100000002013|1006|3238|12-SEP-2026|12-SEP-2026|152.301697|100000002013_1006_447|202547|CONSTRAINED|CONSTRAINED|CONSTRAINED_202547_2025-11-20_0656|BY_IF
100000002013|1006|3237|05-SEP-2026|05-SEP-2026|152.301697|100000002013_1006_447|202547|CONSTRAINED|CONSTRAINED|CONSTRAINED_202547_2025-11-20_0656|BY_IF
100000002013|1006|3236|29-AUG-2026|29-AUG-2026|152.301697|100000002013_1006_447|202547|CONSTRAINED|CONSTRAINED|CONSTRAINED_202547_2025-11-20_0656|BY_IF
100000002013|1006|3235|22-AUG-2026|22-AUG-2026|152.301697|100000002013_1006_447|202547|CONSTRAINED|CONSTRAINED|CONSTRAINED_202547_2025-11-20_0656|BY_IF
100000002013|1006|3234|15-AUG-2026|15-AUG-2026|152.301697|100000002013_1006_447|202547|CONSTRAINED|CONSTRAINED|CONSTRAINED_202547_2025-11-20_0656|BY_IF
100000002013|1006|3233|08-AUG-2026|08-AUG-2026|152.301697|100000002013_1006_447|202547|CONSTRAINED|CONSTRAINED|CONSTRAINED_202547_2025-11-20_0656|BY_IF
100000002013|1006|3232|01-AUG-2026|01-AUG-2026|152.301697|100000002013_1006_447|202547|CONSTRAINED|CONSTRAINED|CONSTRAINED_202547_2025-11-20_0656|BY_IF
100000002013|1006|3231|25-JUL-2026|25-JUL-2026|152.301697|100000002013_1006_447|202547|CONSTRAINED|CONSTRAINED|CONSTRAINED_202547_2025-11-20_0656|BY_IF
100000002013|1006|3230|18-JUL-2026|18-JUL-2026|152.301697|100000002013_1006_447|202547|CONSTRAINED|CONSTRAINED|CONSTRAINED_202547_2025-11-20_0656|BY_IF
100000002013|1006|3229|11-JUL-2026|11-JUL-2026|152.301697|100000002013_1006_447|202547|CONSTRAINED|CONSTRAINED|CONSTRAINED_202547_2025-11-20_0656|BY_IF
100000002013|1006|3228|04-JUL-2026|04-JUL-2026|152.301697|100000002013_1006_447|202547|CONSTRAINED|CONSTRAINED|CONSTRAINED_202547_2025-11-20_0656|BY_IF
100000002013|1006|3227|27-JUN-2026|27-JUN-2026|152.301697|100000002013_1006_447|202547|CONSTRAINED|CONSTRAINED|CONSTRAINED_202547_2025-11-20_0656|BY_IF
100000002013|1006|3226|20-JUN-2026|20-JUN-2026|152.301697|100000002013_1006_447|202547|CONSTRAINED|CONSTRAINED|CONSTRAINED_202547_2025-11-20_0656|BY_IF
100000002013|1006|3225|13-JUN-2026|13-JUN-2026|152.301697|100000002013_1006_447|202547|CONSTRAINED|CONSTRAINED|CONSTRAINED_202547_2025-11-20_0656|BY_IF
100000002013|1006|3224|06-JUN-2026|06-JUN-2026|152.301697|100000002013_1006_447|202547|CONSTRAINED|CONSTRAINED|CONSTRAINED_202547_2025-11-20_0656|BY_IF
100000002013|1006|3223|30-MAY-2026|30-MAY-2026|152.301697|100000002013_1006_447|202547|CONSTRAINED|CONSTRAINED|CONSTRAINED_202547_2025-11-20_0656|BY_IF
100000002013|1006|3222|23-MAY-2026|23-MAY-2026|152.301697|100000002013_1006_447|202547|CONSTRAINED|CONSTRAINED|CONSTRAINED_202547_2025-11-20_0656|BY_IF
100000002013|1006|3221|16-MAY-2026|16-MAY-2026|152.301697|100000002013_1006_447|202547|CONSTRAINED|CONSTRAINED|CONSTRAINED_202547_2025-11-20_0656|BY_IF
100000002013|1006|3220|09-MAY-2026|09-MAY-2026|152.301697|100000002013_1006_447|202547|CONSTRAINED|CONSTRAINED|CONSTRAINED_202547_2025-11-20_0656|BY_IF
100000002013|1006|3219|02-MAY-2026|02-MAY-2026|152.301697|100000002013_1006_447|202547|CONSTRAINED|CONSTRAINED|CONSTRAINED_202547_2025-11-20_0656|BY_IF
100000002013|1006|3218|25-APR-2026|25-APR-2026|152.301697|100000002013_1006_447|202547|CONSTRAINED|CONSTRAINED|CONSTRAINED_202547_2025-11-20_0656|BY_IF
100000002013|1006|3217|18-APR-2026|18-APR-2026|152.301697|100000002013_1006_447|202547|CONSTRAINED|CONSTRAINED|CONSTRAINED_202547_2025-11-20_0656|BY_IF
100000002013|1006|3216|11-APR-2026|11-APR-2026|152.301697|100000002013_1006_447|202547|CONSTRAINED|CONSTRAINED|CONSTRAINED_202547_2025-11-20_0656|BY_IF
100000002013|1006|3215|04-APR-2026|04-APR-2026|152.301697|100000002013_1006_447|202547|CONSTRAINED|CONSTRAINED|CONSTRAINED_202547_2025-11-20_0656|BY_IF
100000002013|1006|3214|28-MAR-2026|28-MAR-2026|152.301697|100000002013_1006_447|202547|CONSTRAINED|CONSTRAINED|CONSTRAINED_202547_2025-11-20_0656|BY_IF
100000002013|1006|3213|21-MAR-2026|21-MAR-2026|152.301697|100000002013_1006_447|202547|CONSTRAINED|CONSTRAINED|CONSTRAINED_202547_2025-11-20_0656|BY_IF
100000002013|1006|3212|14-MAR-2026|14-MAR-2026|152.301697|100000002013_1006_447|202547|CONSTRAINED|CONSTRAINED|CONSTRAINED_202547_2025-11-20_0656|BY_IF
100000002013|1006|3211|07-MAR-2026|07-MAR-2026|152.301697|100000002013_1006_447|202547|CONSTRAINED|CONSTRAINED|CONSTRAINED_202547_2025-11-20_0656|BY_IF
100000002013|1006|3210|28-FEB-2026|28-FEB-2026|152.301697|100000002013_1006_447|202547|CONSTRAINED|CONSTRAINED|CONSTRAINED_202547_2025-11-20_0656|BY_IF
100000002013|1006|3209|21-FEB-2026|21-FEB-2026|152.301697|100000002013_1006_447|202547|CONSTRAINED|CONSTRAINED|CONSTRAINED_202547_2025-11-20_0656|BY_IF
100000002013|1006|3208|14-FEB-2026|14-FEB-2026|152.301697|100000002013_1006_447|202547|CONSTRAINED|CONSTRAINED|CONSTRAINED_202547_2025-11-20_0656|BY_IF
100000002013|1006|3207|07-FEB-2026|07-FEB-2026|152.301697|100000002013_1006_447|202547|CONSTRAINED|CONSTRAINED|CONSTRAINED_202547_2025-11-20_0656|BY_IF
100000002013|1006|3206|31-JAN-2026|31-JAN-2026|152.301697|100000002013_1006_447|202547|CONSTRAINED|CONSTRAINED|CONSTRAINED_202547_2025-11-20_0656|BY_IF
100000002013|1006|3205|24-JAN-2026|24-JAN-2026|152.301697|100000002013_1006_447|202547|CONSTRAINED|CONSTRAINED|CONSTRAINED_202547_2025-11-20_0656|BY_IF
100000002013|1006|3204|17-JAN-2026|17-JAN-2026|152.301697|100000002013_1006_447|202547|CONSTRAINED|CONSTRAINED|CONSTRAINED_202547_2025-11-20_0656|BY_IF
100000002013|1006|3203|10-JAN-2026|10-JAN-2026|152.301697|100000002013_1006_447|202547|CONSTRAINED|CONSTRAINED|CONSTRAINED_202547_2025-11-20_0656|BY_IF
100000002013|1006|3202|03-JAN-2026|03-JAN-2026|152.301697|100000002013_1006_447|202547|CONSTRAINED|CONSTRAINED|CONSTRAINED_202547_2025-11-20_0656|BY_IF
100000002013|1006|3201|27-DEC-2025|27-DEC-2025|152.301697|100000002013_1006_447|202547|CONSTRAINED|CONSTRAINED|CONSTRAINED_202547_2025-11-20_0656|BY_IF
100000002013|1006|3200|20-DEC-2025|20-DEC-2025|152.301697|100000002013_1006_447|202547|CONSTRAINED|CONSTRAINED|CONSTRAINED_202547_2025-11-20_0656|BY_IF
100000002013|1006|3199|13-DEC-2025|13-DEC-2025|152.301697|100000002013_1006_447|202547|CONSTRAINED|CONSTRAINED|CONSTRAINED_202547_2025-11-20_0656|BY_IF
100000002013|1006|3198|06-DEC-2025|06-DEC-2025|126.301697|100000002013_1006_447|202547|CONSTRAINED|CONSTRAINED|CONSTRAINED_202547_2025-11-20_0656|BY_IF
100000002013|1006|3197|29-NOV-2025|29-NOV-2025|50.50375|100000002013_1006_447|202547|CONSTRAINED|CONSTRAINED|CONSTRAINED_202547_2025-11-20_0656|BY_IF
100000002013|1006|3196|22-NOV-2025|22-NOV-2025|16|100000002013_1006_447|202547|CONSTRAINED|CONSTRAINED|CONSTRAINED_202547_2025-11-20_0656|BY_IF
100000002013|1006|3195|15-NOV-2025|15-NOV-2025|39.166168|100000002013_1006_447|202547|CONSTRAINED|CONSTRAINED|CONSTRAINED_202547_2025-11-20_0656|BY_IF
100000002013|1006|3194|20-SEP-2025|20-SEP-2025|50|100000002013_1006_447|202547|CONSTRAINED|CONSTRAINED|CONSTRAINED_202547_2025-11-20_0656|BY_IF
100000002013|1006|3193|13-SEP-2025|13-SEP-2025|51.534439|100000002013_1006_447|202547|CONSTRAINED|CONSTRAINED|CONSTRAINED_202547_2025-11-20_0656|BY_IF
100000002013|1006|3192|30-AUG-2025|30-AUG-2025|10|100000002013_1006_447|202547|CONSTRAINED|CONSTRAINED|CONSTRAINED_202547_2025-11-20_0656|BY_IF
100000002013|1006|3191|23-AUG-2025|23-AUG-2025|115.3069|100000002013_1006_447|202547|CONSTRAINED|CONSTRAINED|CONSTRAINED_202547_2025-11-20_0656|BY_IF
100000002013|1006|3190|16-AUG-2025|16-AUG-2025|400.22229|100000002013_1006_447|202547|CONSTRAINED|CONSTRAINED|CONSTRAINED_202547_2025-11-20_0656|BY_IF
100000002013|1006|3189|09-AUG-2025|09-AUG-2025|905.961121|100000002013_1006_447|202547|CONSTRAINED|CONSTRAINED|CONSTRAINED_202547_2025-11-20_0656|BY_IF
100000002013|1006|3188|02-AUG-2025|02-AUG-2025|623.566711|100000002013_1006_447|202547|CONSTRAINED|CONSTRAINED|CONSTRAINED_202547_2025-11-20_0656|BY_IF
100000002013|1006|3187|26-JUL-2025|26-JUL-2025|716.047913|100000002013_1006_447|202547|CONSTRAINED|CONSTRAINED|CONSTRAINED_202547_2025-11-20_0656|BY_IF
100000002014|1006|6123|24-JUL-2027|24-JUL-2027|75|100000002014_1006_448|202547|CONSTRAINED|CONSTRAINED|CONSTRAINED_202547_2025-11-20_0656|BY_IF
100000002014|1006|6122|17-JUL-2027|17-JUL-2027|75|100000002014_1006_448|202547|CONSTRAINED|CONSTRAINED|CONSTRAINED_202547_2025-11-20_0656|BY_IF
100000002014|1006|6121|10-JUL-2027|10-JUL-2027|75|100000002014_1006_448|202547|CONSTRAINED|CONSTRAINED|CONSTRAINED_202547_2025-11-20_0656|BY_IF
100000002014|1006|6120|03-JUL-2027|03-JUL-2027|75|100000002014_1006_448|202547|CONSTRAINED|CONSTRAINED|CONSTRAINED_202547_2025-11-20_0656|BY_IF
100000002014|1006|6119|26-JUN-2027|26-JUN-2027|75|100000002014_1006_448|202547|CONSTRAINED|CONSTRAINED|CONSTRAINED_202547_2025-11-20_0656|BY_IF
100000002014|1006|6118|19-JUN-2027|19-JUN-2027|75|100000002014_1006_448|202547|CONSTRAINED|CONSTRAINED|CONSTRAINED_202547_2025-11-20_0656|BY_IF
100000002014|1006|6117|12-JUN-2027|12-JUN-2027|75|100000002014_1006_448|202547|CONSTRAINED|CONSTRAINED|CONSTRAINED_202547_2025-11-20_0656|BY_IF
100000002014|1006|6116|05-JUN-2027|05-JUN-2027|75|100000002014_1006_448|202547|CONSTRAINED|CONSTRAINED|CONSTRAINED_202547_2025-11-20_0656|BY_IF
100000002014|1006|6115|29-MAY-2027|29-MAY-2027|75|100000002014_1006_448|202547|CONSTRAINED|CONSTRAINED|CONSTRAINED_202547_2025-11-20_0656|BY_IF
100000002014|1006|6114|22-MAY-2027|22-MAY-2027|75|100000002014_1006_448|202547|CONSTRAINED|CONSTRAINED|CONSTRAINED_202547_2025-11-20_0656|BY_IF
100000002014|1006|6113|15-MAY-2027|15-MAY-2027|75|100000002014_1006_448|202547|CONSTRAINED|CONSTRAINED|CONSTRAINED_202547_2025-11-20_0656|BY_IF
100000002014|1006|6112|08-MAY-2027|08-MAY-2027|75|100000002014_1006_448|202547|CONSTRAINED|CONSTRAINED|CONSTRAINED_202547_2025-11-20_0656|BY_IF
100000002014|1006|6111|01-MAY-2027|01-MAY-2027|75|100000002014_1006_448|202547|CONSTRAINED|CONSTRAINED|CONSTRAINED_202547_2025-11-20_0656|BY_IF
100000002014|1006|6110|24-APR-2027|24-APR-2027|75|100000002014_1006_448|202547|CONSTRAINED|CONSTRAINED|CONSTRAINED_202547_2025-11-20_0656|BY_IF
100000002014|1006|6109|17-APR-2027|17-APR-2027|75|100000002014_1006_448|202547|CONSTRAINED|CONSTRAINED|CONSTRAINED_202547_2025-11-20_0656|BY_IF
100000002014|1006|6108|10-APR-2027|10-APR-2027|75|100000002014_1006_448|202547|CONSTRAINED|CONSTRAINED|CONSTRAINED_202547_2025-11-20_0656|BY_IF
100000002014|1006|6107|03-APR-2027|03-APR-2027|75|100000002014_1006_448|202547|CONSTRAINED|CONSTRAINED|CONSTRAINED_202547_2025-11-20_0656|BY_IF
100000002014|1006|6106|27-MAR-2027|27-MAR-2027|75|100000002014_1006_448|202547|CONSTRAINED|CONSTRAINED|CONSTRAINED_202547_2025-11-20_0656|BY_IF
100000002014|1006|6105|20-MAR-2027|20-MAR-2027|75|100000002014_1006_448|202547|CONSTRAINED|CONSTRAINED|CONSTRAINED_202547_2025-11-20_0656|BY_IF
100000002014|1006|6104|13-MAR-2027|13-MAR-2027|75|100000002014_1006_448|202547|CONSTRAINED|CONSTRAINED|CONSTRAINED_202547_2025-11-20_0656|BY_IF
100000002014|1006|6103|06-MAR-2027|06-MAR-2027|75|100000002014_1006_448|202547|CONSTRAINED|CONSTRAINED|CONSTRAINED_202547_2025-11-20_0656|BY_IF
100000002014|1006|6102|27-FEB-2027|27-FEB-2027|75|100000002014_1006_448|202547|CONSTRAINED|CONSTRAINED|CONSTRAINED_202547_2025-11-20_0656|BY_IF
100000002014|1006|6101|20-FEB-2027|20-FEB-2027|75|100000002014_1006_448|202547|CONSTRAINED|CONSTRAINED|CONSTRAINED_202547_2025-11-20_0656|BY_IF
100000002014|1006|6100|13-FEB-2027|13-FEB-2027|75|100000002014_1006_448|202547|CONSTRAINED|CONSTRAINED|CONSTRAINED_202547_2025-11-20_0656|BY_IF
100000002014|1006|6099|06-FEB-2027|06-FEB-2027|75|100000002014_1006_448|202547|CONSTRAINED|CONSTRAINED|CONSTRAINED_202547_2025-11-20_0656|BY_IF
100000002014|1006|6098|30-JAN-2027|30-JAN-2027|75|100000002014_1006_448|202547|CONSTRAINED|CONSTRAINED|CONSTRAINED_202547_2025-11-20_0656|BY_IF
100000002014|1006|6097|23-JAN-2027|23-JAN-2027|75|100000002014_1006_448|202547|CONSTRAINED|CONSTRAINED|CONSTRAINED_202547_2025-11-20_0656|BY_IF
100000002014|1006|6096|16-JAN-2027|16-JAN-2027|75|100000002014_1006_448|202547|CONSTRAINED|CONSTRAINED|CONSTRAINED_202547_2025-11-20_0656|BY_IF
100000002014|1006|6095|09-JAN-2027|09-JAN-2027|75|100000002014_1006_448|202547|CONSTRAINED|CONSTRAINED|CONSTRAINED_202547_2025-11-20_0656|BY_IF
100000002014|1006|6094|02-JAN-2027|02-JAN-2027|75|100000002014_1006_448|202547|CONSTRAINED|CONSTRAINED|CONSTRAINED_202547_2025-11-20_0656|BY_IF
100000002014|1006|6093|26-DEC-2026|26-DEC-2026|75|100000002014_1006_448|202547|CONSTRAINED|CONSTRAINED|CONSTRAINED_202547_2025-11-20_0656|BY_IF
100000002014|1006|6092|19-DEC-2026|19-DEC-2026|75|100000002014_1006_448|202547|CONSTRAINED|CONSTRAINED|CONSTRAINED_202547_2025-11-20_0656|BY_IF
100000002014|1006|6091|12-DEC-2026|12-DEC-2026|75|100000002014_1006_448|202547|CONSTRAINED|CONSTRAINED|CONSTRAINED_202547_2025-11-20_0656|BY_IF
100000002014|1006|6090|05-DEC-2026|05-DEC-2026|75|100000002014_1006_448|202547|CONSTRAINED|CONSTRAINED|CONSTRAINED_202547_2025-11-20_0656|BY_IF
100000002014|1006|6089|28-NOV-2026|28-NOV-2026|75|100000002014_1006_448|202547|CONSTRAINED|CONSTRAINED|CONSTRAINED_202547_2025-11-20_0656|BY_IF
100000002014|1006|6088|21-NOV-2026|21-NOV-2026|75|100000002014_1006_448|202547|CONSTRAINED|CONSTRAINED|CONSTRAINED_202547_2025-11-20_0656|BY_IF
100000002014|1006|6087|14-NOV-2026|14-NOV-2026|75|100000002014_1006_448|202547|CONSTRAINED|CONSTRAINED|CONSTRAINED_202547_2025-11-20_0656|BY_IF
100000002014|1006|6086|07-NOV-2026|07-NOV-2026|75|100000002014_1006_448|202547|CONSTRAINED|CONSTRAINED|CONSTRAINED_202547_2025-11-20_0656|BY_IF
100000002014|1006|6085|31-OCT-2026|31-OCT-2026|75|100000002014_1006_448|202547|CONSTRAINED|CONSTRAINED|CONSTRAINED_202547_2025-11-20_0656|BY_IF
100000002014|1006|6084|24-OCT-2026|24-OCT-2026|75|100000002014_1006_448|202547|CONSTRAINED|CONSTRAINED|CONSTRAINED_202547_2025-11-20_0656|BY_IF
100000002014|1006|6083|17-OCT-2026|17-OCT-2026|75|100000002014_1006_448|202547|CONSTRAINED|CONSTRAINED|CONSTRAINED_202547_2025-11-20_0656|BY_IF
100000002014|1006|6082|10-OCT-2026|10-OCT-2026|75|100000002014_1006_448|202547|CONSTRAINED|CONSTRAINED|CONSTRAINED_202547_2025-11-20_0656|BY_IF
100000002014|1006|6081|03-OCT-2026|03-OCT-2026|75|100000002014_1006_448|202547|CONSTRAINED|CONSTRAINED|CONSTRAINED_202547_2025-11-20_0656|BY_IF
100000002014|1006|6080|26-SEP-2026|26-SEP-2026|75|100000002014_1006_448|202547|CONSTRAINED|CONSTRAINED|CONSTRAINED_202547_2025-11-20_0656|BY_IF
100000002014|1006|6079|19-SEP-2026|19-SEP-2026|75|100000002014_1006_448|202547|CONSTRAINED|CONSTRAINED|CONSTRAINED_202547_2025-11-20_0656|BY_IF
100000002014|1006|6078|12-SEP-2026|12-SEP-2026|75|100000002014_1006_448|202547|CONSTRAINED|CONSTRAINED|CONSTRAINED_202547_2025-11-20_0656|BY_IF
100000002014|1006|6077|05-SEP-2026|05-SEP-2026|75|100000002014_1006_448|202547|CONSTRAINED|CONSTRAINED|CONSTRAINED_202547_2025-11-20_0656|BY_IF
100000002014|1006|6076|29-AUG-2026|29-AUG-2026|75|100000002014_1006_448|202547|CONSTRAINED|CONSTRAINED|CONSTRAINED_202547_2025-11-20_0656|BY_IF
100000002014|1006|6075|22-AUG-2026|22-AUG-2026|75|100000002014_1006_448|202547|CONSTRAINED|CONSTRAINED|CONSTRAINED_202547_2025-11-20_0656|BY_IF
100000002014|1006|6074|15-AUG-2026|15-AUG-2026|75|100000002014_1006_448|202547|CONSTRAINED|CONSTRAINED|CONSTRAINED_202547_2025-11-20_0656|BY_IF
100000002014|1006|6073|08-AUG-2026|08-AUG-2026|75|100000002014_1006_448|202547|CONSTRAINED|CONSTRAINED|CONSTRAINED_202547_2025-11-20_0656|BY_IF
100000002014|1006|6072|01-AUG-2026|01-AUG-2026|75|100000002014_1006_448|202547|CONSTRAINED|CONSTRAINED|CONSTRAINED_202547_2025-11-20_0656|BY_IF
100000002014|1006|6071|25-JUL-2026|25-JUL-2026|75|100000002014_1006_448|202547|CONSTRAINED|CONSTRAINED|CONSTRAINED_202547_2025-11-20_0656|BY_IF
100000002014|1006|6070|18-JUL-2026|18-JUL-2026|75|100000002014_1006_448|202547|CONSTRAINED|CONSTRAINED|CONSTRAINED_202547_2025-11-20_0656|BY_IF
100000002014|1006|6069|11-JUL-2026|11-JUL-2026|75|100000002014_1006_448|202547|CONSTRAINED|CONSTRAINED|CONSTRAINED_202547_2025-11-20_0656|BY_IF
100000002014|1006|6068|04-JUL-2026|04-JUL-2026|75|100000002014_1006_448|202547|CONSTRAINED|CONSTRAINED|CONSTRAINED_202547_2025-11-20_0656|BY_IF
100000002014|1006|6067|27-JUN-2026|27-JUN-2026|75|100000002014_1006_448|202547|CONSTRAINED|CONSTRAINED|CONSTRAINED_202547_2025-11-20_0656|BY_IF
100000002014|1006|6066|20-JUN-2026|20-JUN-2026|75|100000002014_1006_448|202547|CONSTRAINED|CONSTRAINED|CONSTRAINED_202547_2025-11-20_0656|BY_IF
100000002014|1006|6065|13-JUN-2026|13-JUN-2026|75|100000002014_1006_448|202547|CONSTRAINED|CONSTRAINED|CONSTRAINED_202547_2025-11-20_0656|BY_IF
100000002014|1006|6064|06-JUN-2026|06-JUN-2026|75|100000002014_1006_448|202547|CONSTRAINED|CONSTRAINED|CONSTRAINED_202547_2025-11-20_0656|BY_IF
100000002014|1006|6063|30-MAY-2026|30-MAY-2026|75|100000002014_1006_448|202547|CONSTRAINED|CONSTRAINED|CONSTRAINED_202547_2025-11-20_0656|BY_IF
100000002014|1006|6062|23-MAY-2026|23-MAY-2026|75|100000002014_1006_448|202547|CONSTRAINED|CONSTRAINED|CONSTRAINED_202547_2025-11-20_0656|BY_IF
100000002014|1006|6061|16-MAY-2026|16-MAY-2026|75|100000002014_1006_448|202547|CONSTRAINED|CONSTRAINED|CONSTRAINED_202547_2025-11-20_0656|BY_IF
100000002014|1006|6060|09-MAY-2026|09-MAY-2026|75|100000002014_1006_448|202547|CONSTRAINED|CONSTRAINED|CONSTRAINED_202547_2025-11-20_0656|BY_IF
100000002014|1006|6059|02-MAY-2026|02-MAY-2026|75|100000002014_1006_448|202547|CONSTRAINED|CONSTRAINED|CONSTRAINED_202547_2025-11-20_0656|BY_IF
100000002014|1006|6058|25-APR-2026|25-APR-2026|75|100000002014_1006_448|202547|CONSTRAINED|CONSTRAINED|CONSTRAINED_202547_2025-11-20_0656|BY_IF
100000002014|1006|6057|18-APR-2026|18-APR-2026|75|100000002014_1006_448|202547|CONSTRAINED|CONSTRAINED|CONSTRAINED_202547_2025-11-20_0656|BY_IF
100000002014|1006|6056|11-APR-2026|11-APR-2026|75|100000002014_1006_448|202547|CONSTRAINED|CONSTRAINED|CONSTRAINED_202547_2025-11-20_0656|BY_IF
100000002014|1006|6055|04-APR-2026|04-APR-2026|75|100000002014_1006_448|202547|CONSTRAINED|CONSTRAINED|CONSTRAINED_202547_2025-11-20_0656|BY_IF
100000002014|1006|6054|28-MAR-2026|28-MAR-2026|75|100000002014_1006_448|202547|CONSTRAINED|CONSTRAINED|CONSTRAINED_202547_2025-11-20_0656|BY_IF
100000002014|1006|6053|21-MAR-2026|21-MAR-2026|75|100000002014_1006_448|202547|CONSTRAINED|CONSTRAINED|CONSTRAINED_202547_2025-11-20_0656|BY_IF
100000002014|1006|6052|14-MAR-2026|14-MAR-2026|75|100000002014_1006_448|202547|CONSTRAINED|CONSTRAINED|CONSTRAINED_202547_2025-11-20_0656|BY_IF
100000002014|1006|6051|07-MAR-2026|07-MAR-2026|75|100000002014_1006_448|202547|CONSTRAINED|CONSTRAINED|CONSTRAINED_202547_2025-11-20_0656|BY_IF
100000002014|1006|6050|28-FEB-2026|28-FEB-2026|75|100000002014_1006_448|202547|CONSTRAINED|CONSTRAINED|CONSTRAINED_202547_2025-11-20_0656|BY_IF
100000002014|1006|6049|21-FEB-2026|21-FEB-2026|75|100000002014_1006_448|202547|CONSTRAINED|CONSTRAINED|CONSTRAINED_202547_2025-11-20_0656|BY_IF
100000002014|1006|6048|14-FEB-2026|14-FEB-2026|75|100000002014_1006_448|202547|CONSTRAINED|CONSTRAINED|CONSTRAINED_202547_2025-11-20_0656|BY_IF
100000002014|1006|6047|07-FEB-2026|07-FEB-2026|75|100000002014_1006_448|202547|CONSTRAINED|CONSTRAINED|CONSTRAINED_202547_2025-11-20_0656|BY_IF
100000002014|1006|6046|31-JAN-2026|31-JAN-2026|75|100000002014_1006_448|202547|CONSTRAINED|CONSTRAINED|CONSTRAINED_202547_2025-11-20_0656|BY_IF
100000002014|1006|6045|24-JAN-2026|24-JAN-2026|75|100000002014_1006_448|202547|CONSTRAINED|CONSTRAINED|CONSTRAINED_202547_2025-11-20_0656|BY_IF
100000002014|1006|6044|17-JAN-2026|17-JAN-2026|75|100000002014_1006_448|202547|CONSTRAINED|CONSTRAINED|CONSTRAINED_202547_2025-11-20_0656|BY_IF
100000002014|1006|6043|10-JAN-2026|10-JAN-2026|75|100000002014_1006_448|202547|CONSTRAINED|CONSTRAINED|CONSTRAINED_202547_2025-11-20_0656|BY_IF
100000002014|1006|6042|03-JAN-2026|03-JAN-2026|75|100000002014_1006_448|202547|CONSTRAINED|CONSTRAINED|CONSTRAINED_202547_2025-11-20_0656|BY_IF
100000002014|1006|6041|27-DEC-2025|27-DEC-2025|75|100000002014_1006_448|202547|CONSTRAINED|CONSTRAINED|CONSTRAINED_202547_2025-11-20_0656|BY_IF
100000002014|1006|6040|20-DEC-2025|20-DEC-2025|75|100000002014_1006_448|202547|CONSTRAINED|CONSTRAINED|CONSTRAINED_202547_2025-11-20_0656|BY_IF
100000002014|1006|6039|13-DEC-2025|13-DEC-2025|75|100000002014_1006_448|202547|CONSTRAINED|CONSTRAINED|CONSTRAINED_202547_2025-11-20_0656|BY_IF
100000002014|1006|6038|06-DEC-2025|06-DEC-2025|49|100000002014_1006_448|202547|CONSTRAINED|CONSTRAINED|CONSTRAINED_202547_2025-11-20_0656|BY_IF
100000002014|1006|6037|22-NOV-2025|22-NOV-2025|38|100000002014_1006_448|202547|CONSTRAINED|CONSTRAINED|CONSTRAINED_202547_2025-11-20_0656|BY_IF
100000002014|1006|6036|20-SEP-2025|20-SEP-2025|50|100000002014_1006_448|202547|CONSTRAINED|CONSTRAINED|CONSTRAINED_202547_2025-11-20_0656|BY_IF
100000002014|1006|6035|30-AUG-2025|30-AUG-2025|10|100000002014_1006_448|202547|CONSTRAINED|CONSTRAINED|CONSTRAINED_202547_2025-11-20_0656|BY_IF
100000002014|1006|6034|16-AUG-2025|16-AUG-2025|185|100000002014_1006_448|202547|CONSTRAINED|CONSTRAINED|CONSTRAINED_202547_2025-11-20_0656|BY_IF
100000002014|1006|6033|09-AUG-2025|09-AUG-2025|365|100000002014_1006_448|202547|CONSTRAINED|CONSTRAINED|CONSTRAINED_202547_2025-11-20_0656|BY_IF
100000002014|1006|6032|26-JUL-2025|26-JUL-2025|260|100000002014_1006_448|202547|CONSTRAINED|CONSTRAINED|CONSTRAINED_202547_2025-11-20_0656|BY_IF
100000002014|1020|6884|23-AUG-2025|23-AUG-2025|105|100000002014_1020_449|202547|CONSTRAINED|CONSTRAINED|CONSTRAINED_202547_2025-11-20_0656|BY_IF
100000002014|1020|6883|16-AUG-2025|16-AUG-2025|107|100000002014_1020_449|202547|CONSTRAINED|CONSTRAINED|CONSTRAINED_202547_2025-11-20_0656|BY_IF
100000002014|1020|6882|09-AUG-2025|09-AUG-2025|240|100000002014_1020_449|202547|CONSTRAINED|CONSTRAINED|CONSTRAINED_202547_2025-11-20_0656|BY_IF
100000002014|1020|6881|02-AUG-2025|02-AUG-2025|115|100000002014_1020_449|202547|CONSTRAINED|CONSTRAINED|CONSTRAINED_202547_2025-11-20_0656|BY_IF
100000002015|1006|5293|17-JUL-2027|17-JUL-2027|150|100000002015_1006_450|202547|CONSTRAINED|CONSTRAINED|CONSTRAINED_202547_2025-11-20_0656|BY_IF
100000002015|1006|5292|10-JUL-2027|10-JUL-2027|75|100000002015_1006_450|202547|CONSTRAINED|CONSTRAINED|CONSTRAINED_202547_2025-11-20_0656|BY_IF
100000002015|1006|5291|03-JUL-2027|03-JUL-2027|75|100000002015_1006_450|202547|CONSTRAINED|CONSTRAINED|CONSTRAINED_202547_2025-11-20_0656|BY_IF
100000002015|1006|5290|26-JUN-2027|26-JUN-2027|75|100000002015_1006_450|202547|CONSTRAINED|CONSTRAINED|CONSTRAINED_202547_2025-11-20_0656|BY_IF
100000002015|1006|5289|19-JUN-2027|19-JUN-2027|75|100000002015_1006_450|202547|CONSTRAINED|CONSTRAINED|CONSTRAINED_202547_2025-11-20_0656|BY_IF
100000002015|1006|5288|12-JUN-2027|12-JUN-2027|75|100000002015_1006_450|202547|CONSTRAINED|CONSTRAINED|CONSTRAINED_202547_2025-11-20_0656|BY_IF
100000002015|1006|5287|05-JUN-2027|05-JUN-2027|75|100000002015_1006_450|202547|CONSTRAINED|CONSTRAINED|CONSTRAINED_202547_2025-11-20_0656|BY_IF
100000002015|1006|5286|29-MAY-2027|29-MAY-2027|75|100000002015_1006_450|202547|CONSTRAINED|CONSTRAINED|CONSTRAINED_202547_2025-11-20_0656|BY_IF
100000002015|1006|5285|22-MAY-2027|22-MAY-2027|75|100000002015_1006_450|202547|CONSTRAINED|CONSTRAINED|CONSTRAINED_202547_2025-11-20_0656|BY_IF
100000002015|1006|5284|15-MAY-2027|15-MAY-2027|75|100000002015_1006_450|202547|CONSTRAINED|CONSTRAINED|CONSTRAINED_202547_2025-11-20_0656|BY_IF
100000002015|1006|5283|08-MAY-2027|08-MAY-2027|75|100000002015_1006_450|202547|CONSTRAINED|CONSTRAINED|CONSTRAINED_202547_2025-11-20_0656|BY_IF
100000002015|1006|5282|01-MAY-2027|01-MAY-2027|75|100000002015_1006_450|202547|CONSTRAINED|CONSTRAINED|CONSTRAINED_202547_2025-11-20_0656|BY_IF
100000002015|1006|5281|24-APR-2027|24-APR-2027|75|100000002015_1006_450|202547|CONSTRAINED|CONSTRAINED|CONSTRAINED_202547_2025-11-20_0656|BY_IF
100000002015|1006|5280|17-APR-2027|17-APR-2027|75|100000002015_1006_450|202547|CONSTRAINED|CONSTRAINED|CONSTRAINED_202547_2025-11-20_0656|BY_IF
100000002015|1006|5279|10-APR-2027|10-APR-2027|75|100000002015_1006_450|202547|CONSTRAINED|CONSTRAINED|CONSTRAINED_202547_2025-11-20_0656|BY_IF
100000002015|1006|5278|03-APR-2027|03-APR-2027|75|100000002015_1006_450|202547|CONSTRAINED|CONSTRAINED|CONSTRAINED_202547_2025-11-20_0656|BY_IF
100000002015|1006|5277|27-MAR-2027|27-MAR-2027|75|100000002015_1006_450|202547|CONSTRAINED|CONSTRAINED|CONSTRAINED_202547_2025-11-20_0656|BY_IF
100000002015|1006|5276|20-MAR-2027|20-MAR-2027|75|100000002015_1006_450|202547|CONSTRAINED|CONSTRAINED|CONSTRAINED_202547_2025-11-20_0656|BY_IF
100000002015|1006|5275|13-MAR-2027|13-MAR-2027|75|100000002015_1006_450|202547|CONSTRAINED|CONSTRAINED|CONSTRAINED_202547_2025-11-20_0656|BY_IF
100000002015|1006|5274|06-MAR-2027|06-MAR-2027|75|100000002015_1006_450|202547|CONSTRAINED|CONSTRAINED|CONSTRAINED_202547_2025-11-20_0656|BY_IF
100000002015|1006|5273|27-FEB-2027|27-FEB-2027|75|100000002015_1006_450|202547|CONSTRAINED|CONSTRAINED|CONSTRAINED_202547_2025-11-20_0656|BY_IF
100000002015|1006|5272|20-FEB-2027|20-FEB-2027|75|100000002015_1006_450|202547|CONSTRAINED|CONSTRAINED|CONSTRAINED_202547_2025-11-20_0656|BY_IF
100000002015|1006|5271|13-FEB-2027|13-FEB-2027|75|100000002015_1006_450|202547|CONSTRAINED|CONSTRAINED|CONSTRAINED_202547_2025-11-20_0656|BY_IF
100000002015|1006|5270|06-FEB-2027|06-FEB-2027|75|100000002015_1006_450|202547|CONSTRAINED|CONSTRAINED|CONSTRAINED_202547_2025-11-20_0656|BY_IF
100000002015|1006|5269|30-JAN-2027|30-JAN-2027|75|100000002015_1006_450|202547|CONSTRAINED|CONSTRAINED|CONSTRAINED_202547_2025-11-20_0656|BY_IF
100000002015|1006|5268|23-JAN-2027|23-JAN-2027|75|100000002015_1006_450|202547|CONSTRAINED|CONSTRAINED|CONSTRAINED_202547_2025-11-20_0656|BY_IF
100000002015|1006|5267|16-JAN-2027|16-JAN-2027|75|100000002015_1006_450|202547|CONSTRAINED|CONSTRAINED|CONSTRAINED_202547_2025-11-20_0656|BY_IF
100000002015|1006|5266|09-JAN-2027|09-JAN-2027|75|100000002015_1006_450|202547|CONSTRAINED|CONSTRAINED|CONSTRAINED_202547_2025-11-20_0656|BY_IF
100000002015|1006|5265|02-JAN-2027|02-JAN-2027|75|100000002015_1006_450|202547|CONSTRAINED|CONSTRAINED|CONSTRAINED_202547_2025-11-20_0656|BY_IF
100000002015|1006|5264|26-DEC-2026|26-DEC-2026|75|100000002015_1006_450|202547|CONSTRAINED|CONSTRAINED|CONSTRAINED_202547_2025-11-20_0656|BY_IF
100000002015|1006|5263|19-DEC-2026|19-DEC-2026|75|100000002015_1006_450|202547|CONSTRAINED|CONSTRAINED|CONSTRAINED_202547_2025-11-20_0656|BY_IF
100000002015|1006|5262|12-DEC-2026|12-DEC-2026|75|100000002015_1006_450|202547|CONSTRAINED|CONSTRAINED|CONSTRAINED_202547_2025-11-20_0656|BY_IF
100000002015|1006|5261|05-DEC-2026|05-DEC-2026|75|100000002015_1006_450|202547|CONSTRAINED|CONSTRAINED|CONSTRAINED_202547_2025-11-20_0656|BY_IF
100000002015|1006|5260|28-NOV-2026|28-NOV-2026|75|100000002015_1006_450|202547|CONSTRAINED|CONSTRAINED|CONSTRAINED_202547_2025-11-20_0656|BY_IF
100000002015|1006|5259|21-NOV-2026|21-NOV-2026|75|100000002015_1006_450|202547|CONSTRAINED|CONSTRAINED|CONSTRAINED_202547_2025-11-20_0656|BY_IF
100000002015|1006|5258|14-NOV-2026|14-NOV-2026|75|100000002015_1006_450|202547|CONSTRAINED|CONSTRAINED|CONSTRAINED_202547_2025-11-20_0656|BY_IF
100000002015|1006|5257|07-NOV-2026|07-NOV-2026|75|100000002015_1006_450|202547|CONSTRAINED|CONSTRAINED|CONSTRAINED_202547_2025-11-20_0656|BY_IF
100000002015|1006|5256|31-OCT-2026|31-OCT-2026|75|100000002015_1006_450|202547|CONSTRAINED|CONSTRAINED|CONSTRAINED_202547_2025-11-20_0656|BY_IF
100000002015|1006|5255|24-OCT-2026|24-OCT-2026|75|100000002015_1006_450|202547|CONSTRAINED|CONSTRAINED|CONSTRAINED_202547_2025-11-20_0656|BY_IF
100000002015|1006|5254|17-OCT-2026|17-OCT-2026|75|100000002015_1006_450|202547|CONSTRAINED|CONSTRAINED|CONSTRAINED_202547_2025-11-20_0656|BY_IF
100000002015|1006|5253|10-OCT-2026|10-OCT-2026|75|100000002015_1006_450|202547|CONSTRAINED|CONSTRAINED|CONSTRAINED_202547_2025-11-20_0656|BY_IF
100000002015|1006|5252|03-OCT-2026|03-OCT-2026|75|100000002015_1006_450|202547|CONSTRAINED|CONSTRAINED|CONSTRAINED_202547_2025-11-20_0656|BY_IF
100000002015|1006|5251|26-SEP-2026|26-SEP-2026|75|100000002015_1006_450|202547|CONSTRAINED|CONSTRAINED|CONSTRAINED_202547_2025-11-20_0656|BY_IF
100000002015|1006|5250|19-SEP-2026|19-SEP-2026|75|100000002015_1006_450|202547|CONSTRAINED|CONSTRAINED|CONSTRAINED_202547_2025-11-20_0656|BY_IF
100000002015|1006|5249|12-SEP-2026|12-SEP-2026|75|100000002015_1006_450|202547|CONSTRAINED|CONSTRAINED|CONSTRAINED_202547_2025-11-20_0656|BY_IF
100000002015|1006|5248|05-SEP-2026|05-SEP-2026|75|100000002015_1006_450|202547|CONSTRAINED|CONSTRAINED|CONSTRAINED_202547_2025-11-20_0656|BY_IF
100000002015|1006|5247|29-AUG-2026|29-AUG-2026|75|100000002015_1006_450|202547|CONSTRAINED|CONSTRAINED|CONSTRAINED_202547_2025-11-20_0656|BY_IF
100000002015|1006|5246|22-AUG-2026|22-AUG-2026|75|100000002015_1006_450|202547|CONSTRAINED|CONSTRAINED|CONSTRAINED_202547_2025-11-20_0656|BY_IF
100000002015|1006|5245|15-AUG-2026|15-AUG-2026|75|100000002015_1006_450|202547|CONSTRAINED|CONSTRAINED|CONSTRAINED_202547_2025-11-20_0656|BY_IF
100000002015|1006|5244|08-AUG-2026|08-AUG-2026|75|100000002015_1006_450|202547|CONSTRAINED|CONSTRAINED|CONSTRAINED_202547_2025-11-20_0656|BY_IF
100000002015|1006|5243|01-AUG-2026|01-AUG-2026|75|100000002015_1006_450|202547|CONSTRAINED|CONSTRAINED|CONSTRAINED_202547_2025-11-20_0656|BY_IF
100000002015|1006|5242|25-JUL-2026|25-JUL-2026|75|100000002015_1006_450|202547|CONSTRAINED|CONSTRAINED|CONSTRAINED_202547_2025-11-20_0656|BY_IF
100000002015|1006|5241|18-JUL-2026|18-JUL-2026|75|100000002015_1006_450|202547|CONSTRAINED|CONSTRAINED|CONSTRAINED_202547_2025-11-20_0656|BY_IF
100000002015|1006|5240|11-JUL-2026|11-JUL-2026|75|100000002015_1006_450|202547|CONSTRAINED|CONSTRAINED|CONSTRAINED_202547_2025-11-20_0656|BY_IF
100000002015|1006|5239|04-JUL-2026|04-JUL-2026|75|100000002015_1006_450|202547|CONSTRAINED|CONSTRAINED|CONSTRAINED_202547_2025-11-20_0656|BY_IF
100000002015|1006|5238|27-JUN-2026|27-JUN-2026|75|100000002015_1006_450|202547|CONSTRAINED|CONSTRAINED|CONSTRAINED_202547_2025-11-20_0656|BY_IF
100000002015|1006|5237|20-JUN-2026|20-JUN-2026|75|100000002015_1006_450|202547|CONSTRAINED|CONSTRAINED|CONSTRAINED_202547_2025-11-20_0656|BY_IF
100000002015|1006|5236|13-JUN-2026|13-JUN-2026|75|100000002015_1006_450|202547|CONSTRAINED|CONSTRAINED|CONSTRAINED_202547_2025-11-20_0656|BY_IF
100000002015|1006|5235|06-JUN-2026|06-JUN-2026|75|100000002015_1006_450|202547|CONSTRAINED|CONSTRAINED|CONSTRAINED_202547_2025-11-20_0656|BY_IF
100000002015|1006|5234|30-MAY-2026|30-MAY-2026|75|100000002015_1006_450|202547|CONSTRAINED|CONSTRAINED|CONSTRAINED_202547_2025-11-20_0656|BY_IF
100000002015|1006|5233|23-MAY-2026|23-MAY-2026|75|100000002015_1006_450|202547|CONSTRAINED|CONSTRAINED|CONSTRAINED_202547_2025-11-20_0656|BY_IF
100000002015|1006|5232|16-MAY-2026|16-MAY-2026|75|100000002015_1006_450|202547|CONSTRAINED|CONSTRAINED|CONSTRAINED_202547_2025-11-20_0656|BY_IF
100000002015|1006|5231|09-MAY-2026|09-MAY-2026|75|100000002015_1006_450|202547|CONSTRAINED|CONSTRAINED|CONSTRAINED_202547_2025-11-20_0656|BY_IF
100000002015|1006|5230|02-MAY-2026|02-MAY-2026|75|100000002015_1006_450|202547|CONSTRAINED|CONSTRAINED|CONSTRAINED_202547_2025-11-20_0656|BY_IF
100000002015|1006|5229|25-APR-2026|25-APR-2026|75|100000002015_1006_450|202547|CONSTRAINED|CONSTRAINED|CONSTRAINED_202547_2025-11-20_0656|BY_IF
100000002015|1006|5228|18-APR-2026|18-APR-2026|75|100000002015_1006_450|202547|CONSTRAINED|CONSTRAINED|CONSTRAINED_202547_2025-11-20_0656|BY_IF
100000002015|1006|5227|11-APR-2026|11-APR-2026|75|100000002015_1006_450|202547|CONSTRAINED|CONSTRAINED|CONSTRAINED_202547_2025-11-20_0656|BY_IF
100000002015|1006|5226|04-APR-2026|04-APR-2026|75|100000002015_1006_450|202547|CONSTRAINED|CONSTRAINED|CONSTRAINED_202547_2025-11-20_0656|BY_IF
100000002015|1006|5225|28-MAR-2026|28-MAR-2026|75|100000002015_1006_450|202547|CONSTRAINED|CONSTRAINED|CONSTRAINED_202547_2025-11-20_0656|BY_IF
100000002015|1006|5224|21-MAR-2026|21-MAR-2026|75|100000002015_1006_450|202547|CONSTRAINED|CONSTRAINED|CONSTRAINED_202547_2025-11-20_0656|BY_IF
100000002015|1006|5223|14-MAR-2026|14-MAR-2026|75|100000002015_1006_450|202547|CONSTRAINED|CONSTRAINED|CONSTRAINED_202547_2025-11-20_0656|BY_IF
100000002015|1006|5222|07-MAR-2026|07-MAR-2026|75|100000002015_1006_450|202547|CONSTRAINED|CONSTRAINED|CONSTRAINED_202547_2025-11-20_0656|BY_IF
100000002015|1006|5221|28-FEB-2026|28-FEB-2026|75|100000002015_1006_450|202547|CONSTRAINED|CONSTRAINED|CONSTRAINED_202547_2025-11-20_0656|BY_IF
100000002015|1006|5220|21-FEB-2026|21-FEB-2026|75|100000002015_1006_450|202547|CONSTRAINED|CONSTRAINED|CONSTRAINED_202547_2025-11-20_0656|BY_IF
100000002015|1006|5219|14-FEB-2026|14-FEB-2026|75|100000002015_1006_450|202547|CONSTRAINED|CONSTRAINED|CONSTRAINED_202547_2025-11-20_0656|BY_IF
100000002015|1006|5218|07-FEB-2026|07-FEB-2026|51.343559|100000002015_1006_450|202547|CONSTRAINED|CONSTRAINED|CONSTRAINED_202547_2025-11-20_0656|BY_IF
100000002015|1006|5217|13-SEP-2025|13-SEP-2025|760.656372|100000002015_1006_450|202547|CONSTRAINED|CONSTRAINED|CONSTRAINED_202547_2025-11-20_0656|BY_IF
100000002015|1006|5216|30-AUG-2025|30-AUG-2025|10|100000002015_1006_450|202547|CONSTRAINED|CONSTRAINED|CONSTRAINED_202547_2025-11-20_0656|BY_IF
100000002015|1006|5215|23-AUG-2025|23-AUG-2025|105|100000002015_1006_450|202547|CONSTRAINED|CONSTRAINED|CONSTRAINED_202547_2025-11-20_0656|BY_IF
100000002015|1006|5214|16-AUG-2025|16-AUG-2025|292|100000002015_1006_450|202547|CONSTRAINED|CONSTRAINED|CONSTRAINED_202547_2025-11-20_0656|BY_IF
100000002015|1006|5213|09-AUG-2025|09-AUG-2025|605|100000002015_1006_450|202547|CONSTRAINED|CONSTRAINED|CONSTRAINED_202547_2025-11-20_0656|BY_IF
100000002015|1006|5212|26-JUL-2025|26-JUL-2025|375|100000002015_1006_450|202547|CONSTRAINED|CONSTRAINED|CONSTRAINED_202547_2025-11-20_0656|BY_IF
100000002016|1006|5641|17-JUL-2027|17-JUL-2027|150|100000002016_1006_451|202547|CONSTRAINED|CONSTRAINED|CONSTRAINED_202547_2025-11-20_0656|BY_IF
100000002016|1006|5640|10-JUL-2027|10-JUL-2027|75|100000002016_1006_451|202547|CONSTRAINED|CONSTRAINED|CONSTRAINED_202547_2025-11-20_0656|BY_IF
100000002016|1006|5639|03-JUL-2027|03-JUL-2027|75|100000002016_1006_451|202547|CONSTRAINED|CONSTRAINED|CONSTRAINED_202547_2025-11-20_0656|BY_IF
100000002016|1006|5638|26-JUN-2027|26-JUN-2027|75|100000002016_1006_451|202547|CONSTRAINED|CONSTRAINED|CONSTRAINED_202547_2025-11-20_0656|BY_IF
100000002016|1006|5637|19-JUN-2027|19-JUN-2027|75|100000002016_1006_451|202547|CONSTRAINED|CONSTRAINED|CONSTRAINED_202547_2025-11-20_0656|BY_IF
100000002016|1006|5636|12-JUN-2027|12-JUN-2027|75|100000002016_1006_451|202547|CONSTRAINED|CONSTRAINED|CONSTRAINED_202547_2025-11-20_0656|BY_IF
100000002016|1006|5635|05-JUN-2027|05-JUN-2027|75|100000002016_1006_451|202547|CONSTRAINED|CONSTRAINED|CONSTRAINED_202547_2025-11-20_0656|BY_IF
100000002016|1006|5634|29-MAY-2027|29-MAY-2027|75|100000002016_1006_451|202547|CONSTRAINED|CONSTRAINED|CONSTRAINED_202547_2025-11-20_0656|BY_IF
100000002016|1006|5633|22-MAY-2027|22-MAY-2027|75|100000002016_1006_451|202547|CONSTRAINED|CONSTRAINED|CONSTRAINED_202547_2025-11-20_0656|BY_IF
100000002016|1006|5632|15-MAY-2027|15-MAY-2027|75|100000002016_1006_451|202547|CONSTRAINED|CONSTRAINED|CONSTRAINED_202547_2025-11-20_0656|BY_IF
100000002016|1006|5631|08-MAY-2027|08-MAY-2027|75|100000002016_1006_451|202547|CONSTRAINED|CONSTRAINED|CONSTRAINED_202547_2025-11-20_0656|BY_IF
100000002016|1006|5630|01-MAY-2027|01-MAY-2027|75|100000002016_1006_451|202547|CONSTRAINED|CONSTRAINED|CONSTRAINED_202547_2025-11-20_0656|BY_IF
100000002016|1006|5629|24-APR-2027|24-APR-2027|75|100000002016_1006_451|202547|CONSTRAINED|CONSTRAINED|CONSTRAINED_202547_2025-11-20_0656|BY_IF
100000002016|1006|5628|17-APR-2027|17-APR-2027|75|100000002016_1006_451|202547|CONSTRAINED|CONSTRAINED|CONSTRAINED_202547_2025-11-20_0656|BY_IF
100000002016|1006|5627|10-APR-2027|10-APR-2027|75|100000002016_1006_451|202547|CONSTRAINED|CONSTRAINED|CONSTRAINED_202547_2025-11-20_0656|BY_IF
100000002016|1006|5626|03-APR-2027|03-APR-2027|75|100000002016_1006_451|202547|CONSTRAINED|CONSTRAINED|CONSTRAINED_202547_2025-11-20_0656|BY_IF
100000002016|1006|5625|27-MAR-2027|27-MAR-2027|75|100000002016_1006_451|202547|CONSTRAINED|CONSTRAINED|CONSTRAINED_202547_2025-11-20_0656|BY_IF
100000002016|1006|5624|20-MAR-2027|20-MAR-2027|75|100000002016_1006_451|202547|CONSTRAINED|CONSTRAINED|CONSTRAINED_202547_2025-11-20_0656|BY_IF
100000002016|1006|5623|13-MAR-2027|13-MAR-2027|75|100000002016_1006_451|202547|CONSTRAINED|CONSTRAINED|CONSTRAINED_202547_2025-11-20_0656|BY_IF
100000002016|1006|5622|06-MAR-2027|06-MAR-2027|75|100000002016_1006_451|202547|CONSTRAINED|CONSTRAINED|CONSTRAINED_202547_2025-11-20_0656|BY_IF
100000002016|1006|5621|27-FEB-2027|27-FEB-2027|75|100000002016_1006_451|202547|CONSTRAINED|CONSTRAINED|CONSTRAINED_202547_2025-11-20_0656|BY_IF
100000002016|1006|5620|20-FEB-2027|20-FEB-2027|75|100000002016_1006_451|202547|CONSTRAINED|CONSTRAINED|CONSTRAINED_202547_2025-11-20_0656|BY_IF
100000002016|1006|5619|13-FEB-2027|13-FEB-2027|75|100000002016_1006_451|202547|CONSTRAINED|CONSTRAINED|CONSTRAINED_202547_2025-11-20_0656|BY_IF
100000002016|1006|5618|06-FEB-2027|06-FEB-2027|75|100000002016_1006_451|202547|CONSTRAINED|CONSTRAINED|CONSTRAINED_202547_2025-11-20_0656|BY_IF
100000002016|1006|5617|30-JAN-2027|30-JAN-2027|75|100000002016_1006_451|202547|CONSTRAINED|CONSTRAINED|CONSTRAINED_202547_2025-11-20_0656|BY_IF
100000002016|1006|5616|23-JAN-2027|23-JAN-2027|75|100000002016_1006_451|202547|CONSTRAINED|CONSTRAINED|CONSTRAINED_202547_2025-11-20_0656|BY_IF
100000002016|1006|5615|16-JAN-2027|16-JAN-2027|75|100000002016_1006_451|202547|CONSTRAINED|CONSTRAINED|CONSTRAINED_202547_2025-11-20_0656|BY_IF
100000002016|1006|5614|09-JAN-2027|09-JAN-2027|75|100000002016_1006_451|202547|CONSTRAINED|CONSTRAINED|CONSTRAINED_202547_2025-11-20_0656|BY_IF
100000002016|1006|5613|02-JAN-2027|02-JAN-2027|75|100000002016_1006_451|202547|CONSTRAINED|CONSTRAINED|CONSTRAINED_202547_2025-11-20_0656|BY_IF
100000002016|1006|5612|26-DEC-2026|26-DEC-2026|75|100000002016_1006_451|202547|CONSTRAINED|CONSTRAINED|CONSTRAINED_202547_2025-11-20_0656|BY_IF
100000002016|1006|5611|19-DEC-2026|19-DEC-2026|75|100000002016_1006_451|202547|CONSTRAINED|CONSTRAINED|CONSTRAINED_202547_2025-11-20_0656|BY_IF
100000002016|1006|5610|12-DEC-2026|12-DEC-2026|75|100000002016_1006_451|202547|CONSTRAINED|CONSTRAINED|CONSTRAINED_202547_2025-11-20_0656|BY_IF
100000002016|1006|5609|05-DEC-2026|05-DEC-2026|75|100000002016_1006_451|202547|CONSTRAINED|CONSTRAINED|CONSTRAINED_202547_2025-11-20_0656|BY_IF
100000002016|1006|5608|28-NOV-2026|28-NOV-2026|75|100000002016_1006_451|202547|CONSTRAINED|CONSTRAINED|CONSTRAINED_202547_2025-11-20_0656|BY_IF
100000002016|1006|5607|21-NOV-2026|21-NOV-2026|75|100000002016_1006_451|202547|CONSTRAINED|CONSTRAINED|CONSTRAINED_202547_2025-11-20_0656|BY_IF
100000002016|1006|5606|14-NOV-2026|14-NOV-2026|75|100000002016_1006_451|202547|CONSTRAINED|CONSTRAINED|CONSTRAINED_202547_2025-11-20_0656|BY_IF
100000002016|1006|5605|07-NOV-2026|07-NOV-2026|75|100000002016_1006_451|202547|CONSTRAINED|CONSTRAINED|CONSTRAINED_202547_2025-11-20_0656|BY_IF
100000002016|1006|5604|31-OCT-2026|31-OCT-2026|75|100000002016_1006_451|202547|CONSTRAINED|CONSTRAINED|CONSTRAINED_202547_2025-11-20_0656|BY_IF
100000002016|1006|5603|24-OCT-2026|24-OCT-2026|75|100000002016_1006_451|202547|CONSTRAINED|CONSTRAINED|CONSTRAINED_202547_2025-11-20_0656|BY_IF
100000002016|1006|5602|17-OCT-2026|17-OCT-2026|75|100000002016_1006_451|202547|CONSTRAINED|CONSTRAINED|CONSTRAINED_202547_2025-11-20_0656|BY_IF
100000002016|1006|5601|10-OCT-2026|10-OCT-2026|75|100000002016_1006_451|202547|CONSTRAINED|CONSTRAINED|CONSTRAINED_202547_2025-11-20_0656|BY_IF
100000002016|1006|5600|03-OCT-2026|03-OCT-2026|75|100000002016_1006_451|202547|CONSTRAINED|CONSTRAINED|CONSTRAINED_202547_2025-11-20_0656|BY_IF
100000002016|1006|5599|26-SEP-2026|26-SEP-2026|75|100000002016_1006_451|202547|CONSTRAINED|CONSTRAINED|CONSTRAINED_202547_2025-11-20_0656|BY_IF
100000002016|1006|5598|19-SEP-2026|19-SEP-2026|75|100000002016_1006_451|202547|CONSTRAINED|CONSTRAINED|CONSTRAINED_202547_2025-11-20_0656|BY_IF
100000002016|1006|5597|12-SEP-2026|12-SEP-2026|75|100000002016_1006_451|202547|CONSTRAINED|CONSTRAINED|CONSTRAINED_202547_2025-11-20_0656|BY_IF
100000002016|1006|5596|05-SEP-2026|05-SEP-2026|75|100000002016_1006_451|202547|CONSTRAINED|CONSTRAINED|CONSTRAINED_202547_2025-11-20_0656|BY_IF
100000002016|1006|5595|29-AUG-2026|29-AUG-2026|75|100000002016_1006_451|202547|CONSTRAINED|CONSTRAINED|CONSTRAINED_202547_2025-11-20_0656|BY_IF
100000002016|1006|5594|22-AUG-2026|22-AUG-2026|75|100000002016_1006_451|202547|CONSTRAINED|CONSTRAINED|CONSTRAINED_202547_2025-11-20_0656|BY_IF
100000002016|1006|5593|15-AUG-2026|15-AUG-2026|75|100000002016_1006_451|202547|CONSTRAINED|CONSTRAINED|CONSTRAINED_202547_2025-11-20_0656|BY_IF
100000002016|1006|5592|08-AUG-2026|08-AUG-2026|75|100000002016_1006_451|202547|CONSTRAINED|CONSTRAINED|CONSTRAINED_202547_2025-11-20_0656|BY_IF
100000002016|1006|5591|01-AUG-2026|01-AUG-2026|75|100000002016_1006_451|202547|CONSTRAINED|CONSTRAINED|CONSTRAINED_202547_2025-11-20_0656|BY_IF
100000002016|1006|5590|25-JUL-2026|25-JUL-2026|75|100000002016_1006_451|202547|CONSTRAINED|CONSTRAINED|CONSTRAINED_202547_2025-11-20_0656|BY_IF
100000002016|1006|5589|18-JUL-2026|18-JUL-2026|75|100000002016_1006_451|202547|CONSTRAINED|CONSTRAINED|CONSTRAINED_202547_2025-11-20_0656|BY_IF
100000002016|1006|5588|11-JUL-2026|11-JUL-2026|75|100000002016_1006_451|202547|CONSTRAINED|CONSTRAINED|CONSTRAINED_202547_2025-11-20_0656|BY_IF
100000002016|1006|5587|04-JUL-2026|04-JUL-2026|75|100000002016_1006_451|202547|CONSTRAINED|CONSTRAINED|CONSTRAINED_202547_2025-11-20_0656|BY_IF
100000002016|1006|5586|27-JUN-2026|27-JUN-2026|75|100000002016_1006_451|202547|CONSTRAINED|CONSTRAINED|CONSTRAINED_202547_2025-11-20_0656|BY_IF
100000002016|1006|5585|20-JUN-2026|20-JUN-2026|75|100000002016_1006_451|202547|CONSTRAINED|CONSTRAINED|CONSTRAINED_202547_2025-11-20_0656|BY_IF
100000002016|1006|5584|13-JUN-2026|13-JUN-2026|75|100000002016_1006_451|202547|CONSTRAINED|CONSTRAINED|CONSTRAINED_202547_2025-11-20_0656|BY_IF
100000002016|1006|5583|06-JUN-2026|06-JUN-2026|75|100000002016_1006_451|202547|CONSTRAINED|CONSTRAINED|CONSTRAINED_202547_2025-11-20_0656|BY_IF
100000002016|1006|5582|30-MAY-2026|30-MAY-2026|75|100000002016_1006_451|202547|CONSTRAINED|CONSTRAINED|CONSTRAINED_202547_2025-11-20_0656|BY_IF
100000002016|1006|5581|23-MAY-2026|23-MAY-2026|75|100000002016_1006_451|202547|CONSTRAINED|CONSTRAINED|CONSTRAINED_202547_2025-11-20_0656|BY_IF
100000002016|1006|5580|16-MAY-2026|16-MAY-2026|75|100000002016_1006_451|202547|CONSTRAINED|CONSTRAINED|CONSTRAINED_202547_2025-11-20_0656|BY_IF
100000002016|1006|5579|09-MAY-2026|09-MAY-2026|75|100000002016_1006_451|202547|CONSTRAINED|CONSTRAINED|CONSTRAINED_202547_2025-11-20_0656|BY_IF
100000002016|1006|5578|02-MAY-2026|02-MAY-2026|75|100000002016_1006_451|202547|CONSTRAINED|CONSTRAINED|CONSTRAINED_202547_2025-11-20_0656|BY_IF
100000002016|1006|5577|25-APR-2026|25-APR-2026|75|100000002016_1006_451|202547|CONSTRAINED|CONSTRAINED|CONSTRAINED_202547_2025-11-20_0656|BY_IF
100000002016|1006|5576|18-APR-2026|18-APR-2026|75|100000002016_1006_451|202547|CONSTRAINED|CONSTRAINED|CONSTRAINED_202547_2025-11-20_0656|BY_IF
100000002016|1006|5575|11-APR-2026|11-APR-2026|75|100000002016_1006_451|202547|CONSTRAINED|CONSTRAINED|CONSTRAINED_202547_2025-11-20_0656|BY_IF
100000002016|1006|5574|04-APR-2026|04-APR-2026|75|100000002016_1006_451|202547|CONSTRAINED|CONSTRAINED|CONSTRAINED_202547_2025-11-20_0656|BY_IF
100000002016|1006|5573|28-MAR-2026|28-MAR-2026|75|100000002016_1006_451|202547|CONSTRAINED|CONSTRAINED|CONSTRAINED_202547_2025-11-20_0656|BY_IF
100000002016|1006|5572|21-MAR-2026|21-MAR-2026|75|100000002016_1006_451|202547|CONSTRAINED|CONSTRAINED|CONSTRAINED_202547_2025-11-20_0656|BY_IF
100000002016|1006|5571|14-MAR-2026|14-MAR-2026|75|100000002016_1006_451|202547|CONSTRAINED|CONSTRAINED|CONSTRAINED_202547_2025-11-20_0656|BY_IF
100000002016|1006|5570|07-MAR-2026|07-MAR-2026|75|100000002016_1006_451|202547|CONSTRAINED|CONSTRAINED|CONSTRAINED_202547_2025-11-20_0656|BY_IF
100000002016|1006|5569|28-FEB-2026|28-FEB-2026|75|100000002016_1006_451|202547|CONSTRAINED|CONSTRAINED|CONSTRAINED_202547_2025-11-20_0656|BY_IF
100000002016|1006|5568|21-FEB-2026|21-FEB-2026|75|100000002016_1006_451|202547|CONSTRAINED|CONSTRAINED|CONSTRAINED_202547_2025-11-20_0656|BY_IF
100000002016|1006|5567|14-FEB-2026|14-FEB-2026|75|100000002016_1006_451|202547|CONSTRAINED|CONSTRAINED|CONSTRAINED_202547_2025-11-20_0656|BY_IF
100000002016|1006|5566|07-FEB-2026|07-FEB-2026|75|100000002016_1006_451|202547|CONSTRAINED|CONSTRAINED|CONSTRAINED_202547_2025-11-20_0656|BY_IF
100000002016|1006|5565|31-JAN-2026|31-JAN-2026|75|100000002016_1006_451|202547|CONSTRAINED|CONSTRAINED|CONSTRAINED_202547_2025-11-20_0656|BY_IF
100000002016|1006|5564|24-JAN-2026|24-JAN-2026|75|100000002016_1006_451|202547|CONSTRAINED|CONSTRAINED|CONSTRAINED_202547_2025-11-20_0656|BY_IF
100000002016|1006|5563|17-JAN-2026|17-JAN-2026|75|100000002016_1006_451|202547|CONSTRAINED|CONSTRAINED|CONSTRAINED_202547_2025-11-20_0656|BY_IF
100000002016|1006|5562|10-JAN-2026|10-JAN-2026|75|100000002016_1006_451|202547|CONSTRAINED|CONSTRAINED|CONSTRAINED_202547_2025-11-20_0656|BY_IF
100000002016|1006|5561|03-JAN-2026|03-JAN-2026|75|100000002016_1006_451|202547|CONSTRAINED|CONSTRAINED|CONSTRAINED_202547_2025-11-20_0656|BY_IF
100000002016|1006|5560|27-DEC-2025|27-DEC-2025|75|100000002016_1006_451|202547|CONSTRAINED|CONSTRAINED|CONSTRAINED_202547_2025-11-20_0656|BY_IF
100000002016|1006|5559|20-DEC-2025|20-DEC-2025|75|100000002016_1006_451|202547|CONSTRAINED|CONSTRAINED|CONSTRAINED_202547_2025-11-20_0656|BY_IF
100000002016|1006|5558|13-DEC-2025|13-DEC-2025|75|100000002016_1006_451|202547|CONSTRAINED|CONSTRAINED|CONSTRAINED_202547_2025-11-20_0656|BY_IF
100000002016|1006|5557|06-DEC-2025|06-DEC-2025|12.81119|100000002016_1006_451|202547|CONSTRAINED|CONSTRAINED|CONSTRAINED_202547_2025-11-20_0656|BY_IF
100000002016|1006|5556|13-SEP-2025|13-SEP-2025|124.188797|100000002016_1006_451|202547|CONSTRAINED|CONSTRAINED|CONSTRAINED_202547_2025-11-20_0656|BY_IF
100000002016|1006|5554|23-AUG-2025|23-AUG-2025|105|100000002016_1006_451|202547|CONSTRAINED|CONSTRAINED|CONSTRAINED_202547_2025-11-20_0656|BY_IF
100000002016|1006|5553|16-AUG-2025|16-AUG-2025|292|100000002016_1006_451|202547|CONSTRAINED|CONSTRAINED|CONSTRAINED_202547_2025-11-20_0656|BY_IF
100000002016|1006|5552|09-AUG-2025|09-AUG-2025|605|100000002016_1006_451|202547|CONSTRAINED|CONSTRAINED|CONSTRAINED_202547_2025-11-20_0656|BY_IF
100000002016|1006|5551|26-JUL-2025|26-JUL-2025|375|100000002016_1006_451|202547|CONSTRAINED|CONSTRAINED|CONSTRAINED_202547_2025-11-20_0656|BY_IF
100000002016|1006|5555|30-AUG-2025|30-AUG-2025|10|100000002016_1006_451|202547|CONSTRAINED|CONSTRAINED|CONSTRAINED_202547_2025-11-20_0656|BY_IF
2000-001-049|1006|7149|17-JUL-2027|17-JUL-2027|152.284302|2000-001-049_1006_253|202547|CONSTRAINED|CONSTRAINED|CONSTRAINED_202547_2025-11-20_0656|BY_IF
2000-001-049|1006|7148|10-JUL-2027|10-JUL-2027|76.142128|2000-001-049_1006_253|202547|CONSTRAINED|CONSTRAINED|CONSTRAINED_202547_2025-11-20_0656|BY_IF
2000-001-049|1006|7147|03-JUL-2027|03-JUL-2027|76.142128|2000-001-049_1006_253|202547|CONSTRAINED|CONSTRAINED|CONSTRAINED_202547_2025-11-20_0656|BY_IF
2000-001-049|1006|7146|26-JUN-2027|26-JUN-2027|76.142128|2000-001-049_1006_253|202547|CONSTRAINED|CONSTRAINED|CONSTRAINED_202547_2025-11-20_0656|BY_IF
2000-001-049|1006|7145|19-JUN-2027|19-JUN-2027|76.142128|2000-001-049_1006_253|202547|CONSTRAINED|CONSTRAINED|CONSTRAINED_202547_2025-11-20_0656|BY_IF
2000-001-049|1006|7144|12-JUN-2027|12-JUN-2027|76.142128|2000-001-049_1006_253|202547|CONSTRAINED|CONSTRAINED|CONSTRAINED_202547_2025-11-20_0656|BY_IF
2000-001-049|1006|7143|05-JUN-2027|05-JUN-2027|76.142128|2000-001-049_1006_253|202547|CONSTRAINED|CONSTRAINED|CONSTRAINED_202547_2025-11-20_0656|BY_IF
2000-001-049|1006|7142|29-MAY-2027|29-MAY-2027|76.142128|2000-001-049_1006_253|202547|CONSTRAINED|CONSTRAINED|CONSTRAINED_202547_2025-11-20_0656|BY_IF
2000-001-049|1006|7141|22-MAY-2027|22-MAY-2027|76.142128|2000-001-049_1006_253|202547|CONSTRAINED|CONSTRAINED|CONSTRAINED_202547_2025-11-20_0656|BY_IF
2000-001-049|1006|7140|15-MAY-2027|15-MAY-2027|76.142128|2000-001-049_1006_253|202547|CONSTRAINED|CONSTRAINED|CONSTRAINED_202547_2025-11-20_0656|BY_IF
2000-001-049|1006|7139|08-MAY-2027|08-MAY-2027|76.142128|2000-001-049_1006_253|202547|CONSTRAINED|CONSTRAINED|CONSTRAINED_202547_2025-11-20_0656|BY_IF
2000-001-049|1006|7138|01-MAY-2027|01-MAY-2027|76.142128|2000-001-049_1006_253|202547|CONSTRAINED|CONSTRAINED|CONSTRAINED_202547_2025-11-20_0656|BY_IF
2000-001-049|1006|7137|24-APR-2027|24-APR-2027|76.142128|2000-001-049_1006_253|202547|CONSTRAINED|CONSTRAINED|CONSTRAINED_202547_2025-11-20_0656|BY_IF
2000-001-049|1006|7136|17-APR-2027|17-APR-2027|76.142128|2000-001-049_1006_253|202547|CONSTRAINED|CONSTRAINED|CONSTRAINED_202547_2025-11-20_0656|BY_IF
2000-001-049|1006|7135|10-APR-2027|10-APR-2027|76.142128|2000-001-049_1006_253|202547|CONSTRAINED|CONSTRAINED|CONSTRAINED_202547_2025-11-20_0656|BY_IF
2000-001-049|1006|7134|03-APR-2027|03-APR-2027|76.142128|2000-001-049_1006_253|202547|CONSTRAINED|CONSTRAINED|CONSTRAINED_202547_2025-11-20_0656|BY_IF
2000-001-049|1006|7133|27-MAR-2027|27-MAR-2027|76.142128|2000-001-049_1006_253|202547|CONSTRAINED|CONSTRAINED|CONSTRAINED_202547_2025-11-20_0656|BY_IF
2000-001-049|1006|7132|20-MAR-2027|20-MAR-2027|76.142128|2000-001-049_1006_253|202547|CONSTRAINED|CONSTRAINED|CONSTRAINED_202547_2025-11-20_0656|BY_IF
2000-001-049|1006|7131|13-MAR-2027|13-MAR-2027|76.142128|2000-001-049_1006_253|202547|CONSTRAINED|CONSTRAINED|CONSTRAINED_202547_2025-11-20_0656|BY_IF
2000-001-049|1006|7130|06-MAR-2027|06-MAR-2027|76.142128|2000-001-049_1006_253|202547|CONSTRAINED|CONSTRAINED|CONSTRAINED_202547_2025-11-20_0656|BY_IF
2000-001-049|1006|7129|27-FEB-2027|27-FEB-2027|76.142128|2000-001-049_1006_253|202547|CONSTRAINED|CONSTRAINED|CONSTRAINED_202547_2025-11-20_0656|BY_IF
2000-001-049|1006|7128|20-FEB-2027|20-FEB-2027|76.142128|2000-001-049_1006_253|202547|CONSTRAINED|CONSTRAINED|CONSTRAINED_202547_2025-11-20_0656|BY_IF
2000-001-049|1006|7127|13-FEB-2027|13-FEB-2027|76.142128|2000-001-049_1006_253|202547|CONSTRAINED|CONSTRAINED|CONSTRAINED_202547_2025-11-20_0656|BY_IF
2000-001-049|1006|7126|06-FEB-2027|06-FEB-2027|76.142128|2000-001-049_1006_253|202547|CONSTRAINED|CONSTRAINED|CONSTRAINED_202547_2025-11-20_0656|BY_IF
2000-001-049|1006|7125|30-JAN-2027|30-JAN-2027|76.142128|2000-001-049_1006_253|202547|CONSTRAINED|CONSTRAINED|CONSTRAINED_202547_2025-11-20_0656|BY_IF
2000-001-049|1006|7124|23-JAN-2027|23-JAN-2027|76.142128|2000-001-049_1006_253|202547|CONSTRAINED|CONSTRAINED|CONSTRAINED_202547_2025-11-20_0656|BY_IF
2000-001-049|1006|7123|16-JAN-2027|16-JAN-2027|76.142128|2000-001-049_1006_253|202547|CONSTRAINED|CONSTRAINED|CONSTRAINED_202547_2025-11-20_0656|BY_IF
2000-001-049|1006|7122|09-JAN-2027|09-JAN-2027|76.142128|2000-001-049_1006_253|202547|CONSTRAINED|CONSTRAINED|CONSTRAINED_202547_2025-11-20_0656|BY_IF
2000-001-049|1006|7121|02-JAN-2027|02-JAN-2027|76.142128|2000-001-049_1006_253|202547|CONSTRAINED|CONSTRAINED|CONSTRAINED_202547_2025-11-20_0656|BY_IF
2000-001-049|1006|7120|26-DEC-2026|26-DEC-2026|76.142128|2000-001-049_1006_253|202547|CONSTRAINED|CONSTRAINED|CONSTRAINED_202547_2025-11-20_0656|BY_IF
2000-001-049|1006|7119|19-DEC-2026|19-DEC-2026|76.142128|2000-001-049_1006_253|202547|CONSTRAINED|CONSTRAINED|CONSTRAINED_202547_2025-11-20_0656|BY_IF
2000-001-049|1006|7118|12-DEC-2026|12-DEC-2026|76.142128|2000-001-049_1006_253|202547|CONSTRAINED|CONSTRAINED|CONSTRAINED_202547_2025-11-20_0656|BY_IF
2000-001-049|1006|7117|05-DEC-2026|05-DEC-2026|76.142128|2000-001-049_1006_253|202547|CONSTRAINED|CONSTRAINED|CONSTRAINED_202547_2025-11-20_0656|BY_IF
2000-001-049|1006|7116|28-NOV-2026|28-NOV-2026|76.142128|2000-001-049_1006_253|202547|CONSTRAINED|CONSTRAINED|CONSTRAINED_202547_2025-11-20_0656|BY_IF
2000-001-049|1006|7115|21-NOV-2026|21-NOV-2026|76.142128|2000-001-049_1006_253|202547|CONSTRAINED|CONSTRAINED|CONSTRAINED_202547_2025-11-20_0656|BY_IF
2000-001-049|1006|7114|14-NOV-2026|14-NOV-2026|76.142128|2000-001-049_1006_253|202547|CONSTRAINED|CONSTRAINED|CONSTRAINED_202547_2025-11-20_0656|BY_IF
2000-001-049|1006|7113|07-NOV-2026|07-NOV-2026|76.142128|2000-001-049_1006_253|202547|CONSTRAINED|CONSTRAINED|CONSTRAINED_202547_2025-11-20_0656|BY_IF
2000-001-049|1006|7112|31-OCT-2026|31-OCT-2026|76.142128|2000-001-049_1006_253|202547|CONSTRAINED|CONSTRAINED|CONSTRAINED_202547_2025-11-20_0656|BY_IF
2000-001-049|1006|7111|24-OCT-2026|24-OCT-2026|76.142128|2000-001-049_1006_253|202547|CONSTRAINED|CONSTRAINED|CONSTRAINED_202547_2025-11-20_0656|BY_IF
2000-001-049|1006|7110|17-OCT-2026|17-OCT-2026|76.142128|2000-001-049_1006_253|202547|CONSTRAINED|CONSTRAINED|CONSTRAINED_202547_2025-11-20_0656|BY_IF
2000-001-049|1006|7109|10-OCT-2026|10-OCT-2026|76.142128|2000-001-049_1006_253|202547|CONSTRAINED|CONSTRAINED|CONSTRAINED_202547_2025-11-20_0656|BY_IF
2000-001-049|1006|7108|03-OCT-2026|03-OCT-2026|76.142128|2000-001-049_1006_253|202547|CONSTRAINED|CONSTRAINED|CONSTRAINED_202547_2025-11-20_0656|BY_IF
2000-001-049|1006|7107|26-SEP-2026|26-SEP-2026|76.142128|2000-001-049_1006_253|202547|CONSTRAINED|CONSTRAINED|CONSTRAINED_202547_2025-11-20_0656|BY_IF
2000-001-049|1006|7106|19-SEP-2026|19-SEP-2026|76.142128|2000-001-049_1006_253|202547|CONSTRAINED|CONSTRAINED|CONSTRAINED_202547_2025-11-20_0656|BY_IF
2000-001-049|1006|7105|12-SEP-2026|12-SEP-2026|76.142128|2000-001-049_1006_253|202547|CONSTRAINED|CONSTRAINED|CONSTRAINED_202547_2025-11-20_0656|BY_IF
2000-001-049|1006|7104|05-SEP-2026|05-SEP-2026|76.142128|2000-001-049_1006_253|202547|CONSTRAINED|CONSTRAINED|CONSTRAINED_202547_2025-11-20_0656|BY_IF
2000-001-049|1006|7103|29-AUG-2026|29-AUG-2026|76.142128|2000-001-049_1006_253|202547|CONSTRAINED|CONSTRAINED|CONSTRAINED_202547_2025-11-20_0656|BY_IF
2000-001-049|1006|7102|22-AUG-2026|22-AUG-2026|76.142128|2000-001-049_1006_253|202547|CONSTRAINED|CONSTRAINED|CONSTRAINED_202547_2025-11-20_0656|BY_IF
2000-001-049|1006|7101|15-AUG-2026|15-AUG-2026|76.142128|2000-001-049_1006_253|202547|CONSTRAINED|CONSTRAINED|CONSTRAINED_202547_2025-11-20_0656|BY_IF
2000-001-049|1006|7100|08-AUG-2026|08-AUG-2026|76.142128|2000-001-049_1006_253|202547|CONSTRAINED|CONSTRAINED|CONSTRAINED_202547_2025-11-20_0656|BY_IF
2000-001-049|1006|7099|01-AUG-2026|01-AUG-2026|76.142128|2000-001-049_1006_253|202547|CONSTRAINED|CONSTRAINED|CONSTRAINED_202547_2025-11-20_0656|BY_IF
2000-001-049|1006|7098|25-JUL-2026|25-JUL-2026|76.142128|2000-001-049_1006_253|202547|CONSTRAINED|CONSTRAINED|CONSTRAINED_202547_2025-11-20_0656|BY_IF
2000-001-049|1006|7097|18-JUL-2026|18-JUL-2026|76.142128|2000-001-049_1006_253|202547|CONSTRAINED|CONSTRAINED|CONSTRAINED_202547_2025-11-20_0656|BY_IF
2000-001-049|1006|7096|11-JUL-2026|11-JUL-2026|76.142128|2000-001-049_1006_253|202547|CONSTRAINED|CONSTRAINED|CONSTRAINED_202547_2025-11-20_0656|BY_IF
2000-001-049|1006|7095|04-JUL-2026|04-JUL-2026|76.142128|2000-001-049_1006_253|202547|CONSTRAINED|CONSTRAINED|CONSTRAINED_202547_2025-11-20_0656|BY_IF
2000-001-049|1006|7094|27-JUN-2026|27-JUN-2026|76.142128|2000-001-049_1006_253|202547|CONSTRAINED|CONSTRAINED|CONSTRAINED_202547_2025-11-20_0656|BY_IF
2000-001-049|1006|7093|20-JUN-2026|20-JUN-2026|76.142128|2000-001-049_1006_253|202547|CONSTRAINED|CONSTRAINED|CONSTRAINED_202547_2025-11-20_0656|BY_IF
2000-001-049|1006|7092|13-JUN-2026|13-JUN-2026|76.142128|2000-001-049_1006_253|202547|CONSTRAINED|CONSTRAINED|CONSTRAINED_202547_2025-11-20_0656|BY_IF
2000-001-049|1006|7091|06-JUN-2026|06-JUN-2026|76.142128|2000-001-049_1006_253|202547|CONSTRAINED|CONSTRAINED|CONSTRAINED_202547_2025-11-20_0656|BY_IF
2000-001-049|1006|7090|30-MAY-2026|30-MAY-2026|76.142128|2000-001-049_1006_253|202547|CONSTRAINED|CONSTRAINED|CONSTRAINED_202547_2025-11-20_0656|BY_IF
2000-001-049|1006|7089|23-MAY-2026|23-MAY-2026|76.142128|2000-001-049_1006_253|202547|CONSTRAINED|CONSTRAINED|CONSTRAINED_202547_2025-11-20_0656|BY_IF
2000-001-049|1006|7088|16-MAY-2026|16-MAY-2026|76.142128|2000-001-049_1006_253|202547|CONSTRAINED|CONSTRAINED|CONSTRAINED_202547_2025-11-20_0656|BY_IF
2000-001-049|1006|7087|09-MAY-2026|09-MAY-2026|76.142128|2000-001-049_1006_253|202547|CONSTRAINED|CONSTRAINED|CONSTRAINED_202547_2025-11-20_0656|BY_IF
2000-001-049|1006|7086|02-MAY-2026|02-MAY-2026|76.142128|2000-001-049_1006_253|202547|CONSTRAINED|CONSTRAINED|CONSTRAINED_202547_2025-11-20_0656|BY_IF
2000-001-049|1006|7085|25-APR-2026|25-APR-2026|76.142128|2000-001-049_1006_253|202547|CONSTRAINED|CONSTRAINED|CONSTRAINED_202547_2025-11-20_0656|BY_IF
2000-001-049|1006|7084|18-APR-2026|18-APR-2026|76.142128|2000-001-049_1006_253|202547|CONSTRAINED|CONSTRAINED|CONSTRAINED_202547_2025-11-20_0656|BY_IF
2000-001-049|1006|7083|11-APR-2026|11-APR-2026|76.142128|2000-001-049_1006_253|202547|CONSTRAINED|CONSTRAINED|CONSTRAINED_202547_2025-11-20_0656|BY_IF
2000-001-049|1006|7082|04-APR-2026|04-APR-2026|76.142128|2000-001-049_1006_253|202547|CONSTRAINED|CONSTRAINED|CONSTRAINED_202547_2025-11-20_0656|BY_IF
2000-001-049|1006|7081|28-MAR-2026|28-MAR-2026|76.142128|2000-001-049_1006_253|202547|CONSTRAINED|CONSTRAINED|CONSTRAINED_202547_2025-11-20_0656|BY_IF
2000-001-049|1006|7080|21-MAR-2026|21-MAR-2026|76.142128|2000-001-049_1006_253|202547|CONSTRAINED|CONSTRAINED|CONSTRAINED_202547_2025-11-20_0656|BY_IF
2000-001-049|1006|7079|14-MAR-2026|14-MAR-2026|76.142128|2000-001-049_1006_253|202547|CONSTRAINED|CONSTRAINED|CONSTRAINED_202547_2025-11-20_0656|BY_IF
2000-001-049|1006|7078|07-MAR-2026|07-MAR-2026|76.142128|2000-001-049_1006_253|202547|CONSTRAINED|CONSTRAINED|CONSTRAINED_202547_2025-11-20_0656|BY_IF
2000-001-049|1006|7077|28-FEB-2026|28-FEB-2026|76.142128|2000-001-049_1006_253|202547|CONSTRAINED|CONSTRAINED|CONSTRAINED_202547_2025-11-20_0656|BY_IF
2000-001-049|1006|7076|21-FEB-2026|21-FEB-2026|76.142128|2000-001-049_1006_253|202547|CONSTRAINED|CONSTRAINED|CONSTRAINED_202547_2025-11-20_0656|BY_IF
2000-001-049|1006|7075|14-FEB-2026|14-FEB-2026|76.142128|2000-001-049_1006_253|202547|CONSTRAINED|CONSTRAINED|CONSTRAINED_202547_2025-11-20_0656|BY_IF
2000-001-049|1006|7074|07-FEB-2026|07-FEB-2026|76.142128|2000-001-049_1006_253|202547|CONSTRAINED|CONSTRAINED|CONSTRAINED_202547_2025-11-20_0656|BY_IF
2000-001-049|1006|7073|31-JAN-2026|31-JAN-2026|76.142128|2000-001-049_1006_253|202547|CONSTRAINED|CONSTRAINED|CONSTRAINED_202547_2025-11-20_0656|BY_IF
2000-001-049|1006|7072|24-JAN-2026|24-JAN-2026|76.142128|2000-001-049_1006_253|202547|CONSTRAINED|CONSTRAINED|CONSTRAINED_202547_2025-11-20_0656|BY_IF
2000-001-049|1006|7071|17-JAN-2026|17-JAN-2026|76.142128|2000-001-049_1006_253|202547|CONSTRAINED|CONSTRAINED|CONSTRAINED_202547_2025-11-20_0656|BY_IF
2000-001-049|1006|7070|10-JAN-2026|10-JAN-2026|76.142128|2000-001-049_1006_253|202547|CONSTRAINED|CONSTRAINED|CONSTRAINED_202547_2025-11-20_0656|BY_IF
2000-001-049|1006|7069|03-JAN-2026|03-JAN-2026|76.142128|2000-001-049_1006_253|202547|CONSTRAINED|CONSTRAINED|CONSTRAINED_202547_2025-11-20_0656|BY_IF
2000-001-049|1006|7068|27-DEC-2025|27-DEC-2025|76.142128|2000-001-049_1006_253|202547|CONSTRAINED|CONSTRAINED|CONSTRAINED_202547_2025-11-20_0656|BY_IF
2000-001-049|1006|7067|20-DEC-2025|20-DEC-2025|76.142128|2000-001-049_1006_253|202547|CONSTRAINED|CONSTRAINED|CONSTRAINED_202547_2025-11-20_0656|BY_IF
2000-001-049|1006|7066|13-DEC-2025|13-DEC-2025|76.142128|2000-001-049_1006_253|202547|CONSTRAINED|CONSTRAINED|CONSTRAINED_202547_2025-11-20_0656|BY_IF
2000-001-049|1006|7065|06-DEC-2025|06-DEC-2025|49.746189|2000-001-049_1006_253|202547|CONSTRAINED|CONSTRAINED|CONSTRAINED_202547_2025-11-20_0656|BY_IF
2000-001-049|1006|7064|22-NOV-2025|22-NOV-2025|77.157356|2000-001-049_1006_253|202547|CONSTRAINED|CONSTRAINED|CONSTRAINED_202547_2025-11-20_0656|BY_IF
2000-001-049|1006|7063|13-SEP-2025|13-SEP-2025|50.761421|2000-001-049_1006_253|202547|CONSTRAINED|CONSTRAINED|CONSTRAINED_202547_2025-11-20_0656|BY_IF
2000-001-049|1006|7062|23-AUG-2025|23-AUG-2025|111.675102|2000-001-049_1006_253|202547|CONSTRAINED|CONSTRAINED|CONSTRAINED_202547_2025-11-20_0656|BY_IF
2000-001-049|1006|7061|16-AUG-2025|16-AUG-2025|103.553299|2000-001-049_1006_253|202547|CONSTRAINED|CONSTRAINED|CONSTRAINED_202547_2025-11-20_0656|BY_IF
2000-001-049|1006|7060|09-AUG-2025|09-AUG-2025|431.472107|2000-001-049_1006_253|202547|CONSTRAINED|CONSTRAINED|CONSTRAINED_202547_2025-11-20_0656|BY_IF
2000-001-049|1006|7059|02-AUG-2025|02-AUG-2025|385.786804|2000-001-049_1006_253|202547|CONSTRAINED|CONSTRAINED|CONSTRAINED_202547_2025-11-20_0656|BY_IF
2000-001-049|1006|7058|26-JUL-2025|26-JUL-2025|360.406097|2000-001-049_1006_253|202547|CONSTRAINED|CONSTRAINED|CONSTRAINED_202547_2025-11-20_0656|BY_IF
2000-001-050|1006|4279|24-JUL-2027|24-JUL-2027|77.301651|2000-001-050_1006_272|202547|CONSTRAINED|CONSTRAINED|CONSTRAINED_202547_2025-11-20_0656|BY_IF
2000-001-050|1006|4278|17-JUL-2027|17-JUL-2027|77.301651|2000-001-050_1006_272|202547|CONSTRAINED|CONSTRAINED|CONSTRAINED_202547_2025-11-20_0656|BY_IF
2000-001-050|1006|4277|10-JUL-2027|10-JUL-2027|77.301651|2000-001-050_1006_272|202547|CONSTRAINED|CONSTRAINED|CONSTRAINED_202547_2025-11-20_0656|BY_IF
2000-001-050|1006|4276|03-JUL-2027|03-JUL-2027|77.301651|2000-001-050_1006_272|202547|CONSTRAINED|CONSTRAINED|CONSTRAINED_202547_2025-11-20_0656|BY_IF
2000-001-050|1006|4275|26-JUN-2027|26-JUN-2027|77.301651|2000-001-050_1006_272|202547|CONSTRAINED|CONSTRAINED|CONSTRAINED_202547_2025-11-20_0656|BY_IF
2000-001-050|1006|4274|19-JUN-2027|19-JUN-2027|77.301651|2000-001-050_1006_272|202547|CONSTRAINED|CONSTRAINED|CONSTRAINED_202547_2025-11-20_0656|BY_IF
2000-001-050|1006|4273|12-JUN-2027|12-JUN-2027|77.301651|2000-001-050_1006_272|202547|CONSTRAINED|CONSTRAINED|CONSTRAINED_202547_2025-11-20_0656|BY_IF
2000-001-050|1006|4272|05-JUN-2027|05-JUN-2027|77.301651|2000-001-050_1006_272|202547|CONSTRAINED|CONSTRAINED|CONSTRAINED_202547_2025-11-20_0656|BY_IF
2000-001-050|1006|4271|29-MAY-2027|29-MAY-2027|77.301651|2000-001-050_1006_272|202547|CONSTRAINED|CONSTRAINED|CONSTRAINED_202547_2025-11-20_0656|BY_IF
2000-001-050|1006|4270|22-MAY-2027|22-MAY-2027|77.301651|2000-001-050_1006_272|202547|CONSTRAINED|CONSTRAINED|CONSTRAINED_202547_2025-11-20_0656|BY_IF
2000-001-050|1006|4269|15-MAY-2027|15-MAY-2027|77.301651|2000-001-050_1006_272|202547|CONSTRAINED|CONSTRAINED|CONSTRAINED_202547_2025-11-20_0656|BY_IF
2000-001-050|1006|4268|08-MAY-2027|08-MAY-2027|77.301651|2000-001-050_1006_272|202547|CONSTRAINED|CONSTRAINED|CONSTRAINED_202547_2025-11-20_0656|BY_IF
2000-001-050|1006|4267|01-MAY-2027|01-MAY-2027|77.301651|2000-001-050_1006_272|202547|CONSTRAINED|CONSTRAINED|CONSTRAINED_202547_2025-11-20_0656|BY_IF
2000-001-050|1006|4266|24-APR-2027|24-APR-2027|77.301651|2000-001-050_1006_272|202547|CONSTRAINED|CONSTRAINED|CONSTRAINED_202547_2025-11-20_0656|BY_IF
2000-001-050|1006|4265|17-APR-2027|17-APR-2027|77.301651|2000-001-050_1006_272|202547|CONSTRAINED|CONSTRAINED|CONSTRAINED_202547_2025-11-20_0656|BY_IF
2000-001-050|1006|4264|10-APR-2027|10-APR-2027|77.301651|2000-001-050_1006_272|202547|CONSTRAINED|CONSTRAINED|CONSTRAINED_202547_2025-11-20_0656|BY_IF
2000-001-050|1006|4263|03-APR-2027|03-APR-2027|77.301651|2000-001-050_1006_272|202547|CONSTRAINED|CONSTRAINED|CONSTRAINED_202547_2025-11-20_0656|BY_IF
2000-001-050|1006|4262|27-MAR-2027|27-MAR-2027|77.301651|2000-001-050_1006_272|202547|CONSTRAINED|CONSTRAINED|CONSTRAINED_202547_2025-11-20_0656|BY_IF
2000-001-050|1006|4261|20-MAR-2027|20-MAR-2027|77.301651|2000-001-050_1006_272|202547|CONSTRAINED|CONSTRAINED|CONSTRAINED_202547_2025-11-20_0656|BY_IF
2000-001-050|1006|4260|13-MAR-2027|13-MAR-2027|77.301651|2000-001-050_1006_272|202547|CONSTRAINED|CONSTRAINED|CONSTRAINED_202547_2025-11-20_0656|BY_IF
2000-001-050|1006|4259|06-MAR-2027|06-MAR-2027|77.301651|2000-001-050_1006_272|202547|CONSTRAINED|CONSTRAINED|CONSTRAINED_202547_2025-11-20_0656|BY_IF
2000-001-050|1006|4258|27-FEB-2027|27-FEB-2027|77.301651|2000-001-050_1006_272|202547|CONSTRAINED|CONSTRAINED|CONSTRAINED_202547_2025-11-20_0656|BY_IF
2000-001-050|1006|4257|20-FEB-2027|20-FEB-2027|77.301651|2000-001-050_1006_272|202547|CONSTRAINED|CONSTRAINED|CONSTRAINED_202547_2025-11-20_0656|BY_IF
2000-001-050|1006|4256|13-FEB-2027|13-FEB-2027|77.301651|2000-001-050_1006_272|202547|CONSTRAINED|CONSTRAINED|CONSTRAINED_202547_2025-11-20_0656|BY_IF
2000-001-050|1006|4255|06-FEB-2027|06-FEB-2027|77.301651|2000-001-050_1006_272|202547|CONSTRAINED|CONSTRAINED|CONSTRAINED_202547_2025-11-20_0656|BY_IF
2000-001-050|1006|4254|30-JAN-2027|30-JAN-2027|77.301651|2000-001-050_1006_272|202547|CONSTRAINED|CONSTRAINED|CONSTRAINED_202547_2025-11-20_0656|BY_IF
2000-001-050|1006|4253|23-JAN-2027|23-JAN-2027|77.301651|2000-001-050_1006_272|202547|CONSTRAINED|CONSTRAINED|CONSTRAINED_202547_2025-11-20_0656|BY_IF
2000-001-050|1006|4252|16-JAN-2027|16-JAN-2027|77.301651|2000-001-050_1006_272|202547|CONSTRAINED|CONSTRAINED|CONSTRAINED_202547_2025-11-20_0656|BY_IF
2000-001-050|1006|4251|09-JAN-2027|09-JAN-2027|77.301651|2000-001-050_1006_272|202547|CONSTRAINED|CONSTRAINED|CONSTRAINED_202547_2025-11-20_0656|BY_IF
2000-001-050|1006|4250|02-JAN-2027|02-JAN-2027|77.301651|2000-001-050_1006_272|202547|CONSTRAINED|CONSTRAINED|CONSTRAINED_202547_2025-11-20_0656|BY_IF
2000-001-050|1006|4249|26-DEC-2026|26-DEC-2026|77.301651|2000-001-050_1006_272|202547|CONSTRAINED|CONSTRAINED|CONSTRAINED_202547_2025-11-20_0656|BY_IF
2000-001-050|1006|4248|19-DEC-2026|19-DEC-2026|77.301651|2000-001-050_1006_272|202547|CONSTRAINED|CONSTRAINED|CONSTRAINED_202547_2025-11-20_0656|BY_IF
2000-001-050|1006|4247|12-DEC-2026|12-DEC-2026|77.301651|2000-001-050_1006_272|202547|CONSTRAINED|CONSTRAINED|CONSTRAINED_202547_2025-11-20_0656|BY_IF
2000-001-050|1006|4246|05-DEC-2026|05-DEC-2026|77.301651|2000-001-050_1006_272|202547|CONSTRAINED|CONSTRAINED|CONSTRAINED_202547_2025-11-20_0656|BY_IF
2000-001-050|1006|4245|28-NOV-2026|28-NOV-2026|77.301651|2000-001-050_1006_272|202547|CONSTRAINED|CONSTRAINED|CONSTRAINED_202547_2025-11-20_0656|BY_IF
2000-001-050|1006|4244|21-NOV-2026|21-NOV-2026|77.301651|2000-001-050_1006_272|202547|CONSTRAINED|CONSTRAINED|CONSTRAINED_202547_2025-11-20_0656|BY_IF
2000-001-050|1006|4243|14-NOV-2026|14-NOV-2026|77.301651|2000-001-050_1006_272|202547|CONSTRAINED|CONSTRAINED|CONSTRAINED_202547_2025-11-20_0656|BY_IF
2000-001-050|1006|4242|07-NOV-2026|07-NOV-2026|77.301651|2000-001-050_1006_272|202547|CONSTRAINED|CONSTRAINED|CONSTRAINED_202547_2025-11-20_0656|BY_IF
2000-001-050|1006|4241|31-OCT-2026|31-OCT-2026|77.301651|2000-001-050_1006_272|202547|CONSTRAINED|CONSTRAINED|CONSTRAINED_202547_2025-11-20_0656|BY_IF
2000-001-050|1006|4240|24-OCT-2026|24-OCT-2026|77.301651|2000-001-050_1006_272|202547|CONSTRAINED|CONSTRAINED|CONSTRAINED_202547_2025-11-20_0656|BY_IF
2000-001-050|1006|4239|17-OCT-2026|17-OCT-2026|77.301651|2000-001-050_1006_272|202547|CONSTRAINED|CONSTRAINED|CONSTRAINED_202547_2025-11-20_0656|BY_IF
2000-001-050|1006|4238|10-OCT-2026|10-OCT-2026|77.301651|2000-001-050_1006_272|202547|CONSTRAINED|CONSTRAINED|CONSTRAINED_202547_2025-11-20_0656|BY_IF
2000-001-050|1006|4237|03-OCT-2026|03-OCT-2026|77.301651|2000-001-050_1006_272|202547|CONSTRAINED|CONSTRAINED|CONSTRAINED_202547_2025-11-20_0656|BY_IF
2000-001-050|1006|4236|26-SEP-2026|26-SEP-2026|77.301651|2000-001-050_1006_272|202547|CONSTRAINED|CONSTRAINED|CONSTRAINED_202547_2025-11-20_0656|BY_IF
2000-001-050|1006|4235|19-SEP-2026|19-SEP-2026|77.301651|2000-001-050_1006_272|202547|CONSTRAINED|CONSTRAINED|CONSTRAINED_202547_2025-11-20_0656|BY_IF
2000-001-050|1006|4234|12-SEP-2026|12-SEP-2026|77.301651|2000-001-050_1006_272|202547|CONSTRAINED|CONSTRAINED|CONSTRAINED_202547_2025-11-20_0656|BY_IF
2000-001-050|1006|4233|05-SEP-2026|05-SEP-2026|77.301651|2000-001-050_1006_272|202547|CONSTRAINED|CONSTRAINED|CONSTRAINED_202547_2025-11-20_0656|BY_IF
2000-001-050|1006|4232|29-AUG-2026|29-AUG-2026|77.301651|2000-001-050_1006_272|202547|CONSTRAINED|CONSTRAINED|CONSTRAINED_202547_2025-11-20_0656|BY_IF
2000-001-050|1006|4231|22-AUG-2026|22-AUG-2026|77.301651|2000-001-050_1006_272|202547|CONSTRAINED|CONSTRAINED|CONSTRAINED_202547_2025-11-20_0656|BY_IF
2000-001-050|1006|4230|15-AUG-2026|15-AUG-2026|77.301651|2000-001-050_1006_272|202547|CONSTRAINED|CONSTRAINED|CONSTRAINED_202547_2025-11-20_0656|BY_IF
2000-001-050|1006|4229|08-AUG-2026|08-AUG-2026|77.301651|2000-001-050_1006_272|202547|CONSTRAINED|CONSTRAINED|CONSTRAINED_202547_2025-11-20_0656|BY_IF
2000-001-050|1006|4228|01-AUG-2026|01-AUG-2026|77.301651|2000-001-050_1006_272|202547|CONSTRAINED|CONSTRAINED|CONSTRAINED_202547_2025-11-20_0656|BY_IF
2000-001-050|1006|4227|25-JUL-2026|25-JUL-2026|77.301651|2000-001-050_1006_272|202547|CONSTRAINED|CONSTRAINED|CONSTRAINED_202547_2025-11-20_0656|BY_IF
2000-001-050|1006|4226|18-JUL-2026|18-JUL-2026|77.301651|2000-001-050_1006_272|202547|CONSTRAINED|CONSTRAINED|CONSTRAINED_202547_2025-11-20_0656|BY_IF
2000-001-050|1006|4225|11-JUL-2026|11-JUL-2026|77.301651|2000-001-050_1006_272|202547|CONSTRAINED|CONSTRAINED|CONSTRAINED_202547_2025-11-20_0656|BY_IF
2000-001-050|1006|4224|04-JUL-2026|04-JUL-2026|77.301651|2000-001-050_1006_272|202547|CONSTRAINED|CONSTRAINED|CONSTRAINED_202547_2025-11-20_0656|BY_IF
2000-001-050|1006|4223|27-JUN-2026|27-JUN-2026|77.301651|2000-001-050_1006_272|202547|CONSTRAINED|CONSTRAINED|CONSTRAINED_202547_2025-11-20_0656|BY_IF
2000-001-050|1006|4222|20-JUN-2026|20-JUN-2026|77.301651|2000-001-050_1006_272|202547|CONSTRAINED|CONSTRAINED|CONSTRAINED_202547_2025-11-20_0656|BY_IF
2000-001-050|1006|4221|13-JUN-2026|13-JUN-2026|77.301651|2000-001-050_1006_272|202547|CONSTRAINED|CONSTRAINED|CONSTRAINED_202547_2025-11-20_0656|BY_IF
2000-001-050|1006|4220|06-JUN-2026|06-JUN-2026|77.301651|2000-001-050_1006_272|202547|CONSTRAINED|CONSTRAINED|CONSTRAINED_202547_2025-11-20_0656|BY_IF
2000-001-050|1006|4219|30-MAY-2026|30-MAY-2026|77.301651|2000-001-050_1006_272|202547|CONSTRAINED|CONSTRAINED|CONSTRAINED_202547_2025-11-20_0656|BY_IF
2000-001-050|1006|4218|23-MAY-2026|23-MAY-2026|77.301651|2000-001-050_1006_272|202547|CONSTRAINED|CONSTRAINED|CONSTRAINED_202547_2025-11-20_0656|BY_IF
2000-001-050|1006|4217|16-MAY-2026|16-MAY-2026|77.301651|2000-001-050_1006_272|202547|CONSTRAINED|CONSTRAINED|CONSTRAINED_202547_2025-11-20_0656|BY_IF
2000-001-050|1006|4216|09-MAY-2026|09-MAY-2026|77.301651|2000-001-050_1006_272|202547|CONSTRAINED|CONSTRAINED|CONSTRAINED_202547_2025-11-20_0656|BY_IF
2000-001-050|1006|4215|02-MAY-2026|02-MAY-2026|77.301651|2000-001-050_1006_272|202547|CONSTRAINED|CONSTRAINED|CONSTRAINED_202547_2025-11-20_0656|BY_IF
2000-001-050|1006|4214|25-APR-2026|25-APR-2026|77.301651|2000-001-050_1006_272|202547|CONSTRAINED|CONSTRAINED|CONSTRAINED_202547_2025-11-20_0656|BY_IF
2000-001-050|1006|4213|18-APR-2026|18-APR-2026|77.301651|2000-001-050_1006_272|202547|CONSTRAINED|CONSTRAINED|CONSTRAINED_202547_2025-11-20_0656|BY_IF
2000-001-050|1006|4212|11-APR-2026|11-APR-2026|77.301651|2000-001-050_1006_272|202547|CONSTRAINED|CONSTRAINED|CONSTRAINED_202547_2025-11-20_0656|BY_IF
2000-001-050|1006|4211|04-APR-2026|04-APR-2026|77.301651|2000-001-050_1006_272|202547|CONSTRAINED|CONSTRAINED|CONSTRAINED_202547_2025-11-20_0656|BY_IF
2000-001-050|1006|4210|28-MAR-2026|28-MAR-2026|77.301651|2000-001-050_1006_272|202547|CONSTRAINED|CONSTRAINED|CONSTRAINED_202547_2025-11-20_0656|BY_IF
2000-001-050|1006|4209|21-MAR-2026|21-MAR-2026|77.301651|2000-001-050_1006_272|202547|CONSTRAINED|CONSTRAINED|CONSTRAINED_202547_2025-11-20_0656|BY_IF
2000-001-050|1006|4208|14-MAR-2026|14-MAR-2026|77.301651|2000-001-050_1006_272|202547|CONSTRAINED|CONSTRAINED|CONSTRAINED_202547_2025-11-20_0656|BY_IF
2000-001-050|1006|4207|07-MAR-2026|07-MAR-2026|77.301651|2000-001-050_1006_272|202547|CONSTRAINED|CONSTRAINED|CONSTRAINED_202547_2025-11-20_0656|BY_IF
2000-001-050|1006|4206|28-FEB-2026|28-FEB-2026|77.301651|2000-001-050_1006_272|202547|CONSTRAINED|CONSTRAINED|CONSTRAINED_202547_2025-11-20_0656|BY_IF
2000-001-050|1006|4205|21-FEB-2026|21-FEB-2026|77.301651|2000-001-050_1006_272|202547|CONSTRAINED|CONSTRAINED|CONSTRAINED_202547_2025-11-20_0656|BY_IF
2000-001-050|1006|4204|14-FEB-2026|14-FEB-2026|77.301651|2000-001-050_1006_272|202547|CONSTRAINED|CONSTRAINED|CONSTRAINED_202547_2025-11-20_0656|BY_IF
2000-001-050|1006|4203|07-FEB-2026|07-FEB-2026|77.301651|2000-001-050_1006_272|202547|CONSTRAINED|CONSTRAINED|CONSTRAINED_202547_2025-11-20_0656|BY_IF
2000-001-050|1006|4202|31-JAN-2026|31-JAN-2026|77.301651|2000-001-050_1006_272|202547|CONSTRAINED|CONSTRAINED|CONSTRAINED_202547_2025-11-20_0656|BY_IF
2000-001-050|1006|4201|24-JAN-2026|24-JAN-2026|77.301651|2000-001-050_1006_272|202547|CONSTRAINED|CONSTRAINED|CONSTRAINED_202547_2025-11-20_0656|BY_IF
2000-001-050|1006|4200|17-JAN-2026|17-JAN-2026|77.301651|2000-001-050_1006_272|202547|CONSTRAINED|CONSTRAINED|CONSTRAINED_202547_2025-11-20_0656|BY_IF
2000-001-050|1006|4199|10-JAN-2026|10-JAN-2026|77.301651|2000-001-050_1006_272|202547|CONSTRAINED|CONSTRAINED|CONSTRAINED_202547_2025-11-20_0656|BY_IF
2000-001-050|1006|4198|03-JAN-2026|03-JAN-2026|77.301651|2000-001-050_1006_272|202547|CONSTRAINED|CONSTRAINED|CONSTRAINED_202547_2025-11-20_0656|BY_IF
2000-001-050|1006|4197|27-DEC-2025|27-DEC-2025|77.301651|2000-001-050_1006_272|202547|CONSTRAINED|CONSTRAINED|CONSTRAINED_202547_2025-11-20_0656|BY_IF
2000-001-050|1006|4196|20-DEC-2025|20-DEC-2025|77.301651|2000-001-050_1006_272|202547|CONSTRAINED|CONSTRAINED|CONSTRAINED_202547_2025-11-20_0656|BY_IF
2000-001-050|1006|4195|13-DEC-2025|13-DEC-2025|77.301651|2000-001-050_1006_272|202547|CONSTRAINED|CONSTRAINED|CONSTRAINED_202547_2025-11-20_0656|BY_IF
2000-001-050|1006|4194|06-DEC-2025|06-DEC-2025|50.50375|2000-001-050_1006_272|202547|CONSTRAINED|CONSTRAINED|CONSTRAINED_202547_2025-11-20_0656|BY_IF
2000-001-050|1006|4193|22-NOV-2025|22-NOV-2025|39.166168|2000-001-050_1006_272|202547|CONSTRAINED|CONSTRAINED|CONSTRAINED_202547_2025-11-20_0656|BY_IF
2000-001-050|1006|4192|20-SEP-2025|20-SEP-2025|51.534439|2000-001-050_1006_272|202547|CONSTRAINED|CONSTRAINED|CONSTRAINED_202547_2025-11-20_0656|BY_IF
2000-001-050|1006|4191|30-AUG-2025|30-AUG-2025|10.30689|2000-001-050_1006_272|202547|CONSTRAINED|CONSTRAINED|CONSTRAINED_202547_2025-11-20_0656|BY_IF
2000-001-050|1006|4190|16-AUG-2025|16-AUG-2025|298.899689|2000-001-050_1006_272|202547|CONSTRAINED|CONSTRAINED|CONSTRAINED_202547_2025-11-20_0656|BY_IF
2000-001-050|1006|4189|09-AUG-2025|09-AUG-2025|440.104095|2000-001-050_1006_272|202547|CONSTRAINED|CONSTRAINED|CONSTRAINED_202547_2025-11-20_0656|BY_IF
2000-001-050|1006|4188|02-AUG-2025|02-AUG-2025|293.746307|2000-001-050_1006_272|202547|CONSTRAINED|CONSTRAINED|CONSTRAINED_202547_2025-11-20_0656|BY_IF
2000-001-050|1006|4187|26-JUL-2025|26-JUL-2025|293.746307|2000-001-050_1006_272|202547|CONSTRAINED|CONSTRAINED|CONSTRAINED_202547_2025-11-20_0656|BY_IF
2000-280-868|1003|6184|21-SEP-2025|20-SEP-2025|50|2000-280-868_1003_243|202547|CONSTRAINED|CONSTRAINED|CONSTRAINED_202547_2025-11-20_0656|BY_IF
2000-280-868|1003|6183|31-AUG-2025|30-AUG-2025|10|2000-280-868_1003_243|202547|CONSTRAINED|CONSTRAINED|CONSTRAINED_202547_2025-11-20_0656|BY_IF
2000-280-868|1003|6182|17-AUG-2025|16-AUG-2025|190|2000-280-868_1003_243|202547|CONSTRAINED|CONSTRAINED|CONSTRAINED_202547_2025-11-20_0656|BY_IF
2000-280-868|1003|6181|10-AUG-2025|09-AUG-2025|380|2000-280-868_1003_243|202547|CONSTRAINED|CONSTRAINED|CONSTRAINED_202547_2025-11-20_0656|BY_IF
2000-280-868|1003|6180|03-AUG-2025|02-AUG-2025|265|2000-280-868_1003_243|202547|CONSTRAINED|CONSTRAINED|CONSTRAINED_202547_2025-11-20_0656|BY_IF
2000-280-868|1006|5925|18-JUL-2027|17-JUL-2027|150|2000-280-868_1006_242|202547|CONSTRAINED|CONSTRAINED|CONSTRAINED_202547_2025-11-20_0656|BY_IF
2000-280-868|1006|5924|11-JUL-2027|10-JUL-2027|75|2000-280-868_1006_242|202547|CONSTRAINED|CONSTRAINED|CONSTRAINED_202547_2025-11-20_0656|BY_IF
2000-280-868|1006|5923|04-JUL-2027|03-JUL-2027|75|2000-280-868_1006_242|202547|CONSTRAINED|CONSTRAINED|CONSTRAINED_202547_2025-11-20_0656|BY_IF
2000-280-868|1006|5922|27-JUN-2027|26-JUN-2027|75|2000-280-868_1006_242|202547|CONSTRAINED|CONSTRAINED|CONSTRAINED_202547_2025-11-20_0656|BY_IF
2000-280-868|1006|5921|20-JUN-2027|19-JUN-2027|75|2000-280-868_1006_242|202547|CONSTRAINED|CONSTRAINED|CONSTRAINED_202547_2025-11-20_0656|BY_IF
2000-280-868|1006|5920|13-JUN-2027|12-JUN-2027|75|2000-280-868_1006_242|202547|CONSTRAINED|CONSTRAINED|CONSTRAINED_202547_2025-11-20_0656|BY_IF
2000-280-868|1006|5919|06-JUN-2027|05-JUN-2027|75|2000-280-868_1006_242|202547|CONSTRAINED|CONSTRAINED|CONSTRAINED_202547_2025-11-20_0656|BY_IF
2000-280-868|1006|5918|30-MAY-2027|29-MAY-2027|75|2000-280-868_1006_242|202547|CONSTRAINED|CONSTRAINED|CONSTRAINED_202547_2025-11-20_0656|BY_IF
2000-280-868|1006|5917|23-MAY-2027|22-MAY-2027|75|2000-280-868_1006_242|202547|CONSTRAINED|CONSTRAINED|CONSTRAINED_202547_2025-11-20_0656|BY_IF
2000-280-868|1006|5916|16-MAY-2027|15-MAY-2027|75|2000-280-868_1006_242|202547|CONSTRAINED|CONSTRAINED|CONSTRAINED_202547_2025-11-20_0656|BY_IF
2000-280-868|1006|5915|09-MAY-2027|08-MAY-2027|75|2000-280-868_1006_242|202547|CONSTRAINED|CONSTRAINED|CONSTRAINED_202547_2025-11-20_0656|BY_IF
2000-280-868|1006|5914|02-MAY-2027|01-MAY-2027|75|2000-280-868_1006_242|202547|CONSTRAINED|CONSTRAINED|CONSTRAINED_202547_2025-11-20_0656|BY_IF
2000-280-868|1006|5913|25-APR-2027|24-APR-2027|75|2000-280-868_1006_242|202547|CONSTRAINED|CONSTRAINED|CONSTRAINED_202547_2025-11-20_0656|BY_IF
2000-280-868|1006|5912|18-APR-2027|17-APR-2027|75|2000-280-868_1006_242|202547|CONSTRAINED|CONSTRAINED|CONSTRAINED_202547_2025-11-20_0656|BY_IF
2000-280-868|1006|5911|11-APR-2027|10-APR-2027|75|2000-280-868_1006_242|202547|CONSTRAINED|CONSTRAINED|CONSTRAINED_202547_2025-11-20_0656|BY_IF
2000-280-868|1006|5910|04-APR-2027|03-APR-2027|75|2000-280-868_1006_242|202547|CONSTRAINED|CONSTRAINED|CONSTRAINED_202547_2025-11-20_0656|BY_IF
2000-280-868|1006|5909|28-MAR-2027|27-MAR-2027|75|2000-280-868_1006_242|202547|CONSTRAINED|CONSTRAINED|CONSTRAINED_202547_2025-11-20_0656|BY_IF
2000-280-868|1006|5908|21-MAR-2027|20-MAR-2027|75|2000-280-868_1006_242|202547|CONSTRAINED|CONSTRAINED|CONSTRAINED_202547_2025-11-20_0656|BY_IF
2000-280-868|1006|5907|14-MAR-2027|13-MAR-2027|75|2000-280-868_1006_242|202547|CONSTRAINED|CONSTRAINED|CONSTRAINED_202547_2025-11-20_0656|BY_IF
2000-280-868|1006|5906|07-MAR-2027|06-MAR-2027|75|2000-280-868_1006_242|202547|CONSTRAINED|CONSTRAINED|CONSTRAINED_202547_2025-11-20_0656|BY_IF
2000-280-868|1006|5905|28-FEB-2027|27-FEB-2027|75|2000-280-868_1006_242|202547|CONSTRAINED|CONSTRAINED|CONSTRAINED_202547_2025-11-20_0656|BY_IF
2000-280-868|1006|5904|21-FEB-2027|20-FEB-2027|75|2000-280-868_1006_242|202547|CONSTRAINED|CONSTRAINED|CONSTRAINED_202547_2025-11-20_0656|BY_IF
2000-280-868|1006|5903|14-FEB-2027|13-FEB-2027|75|2000-280-868_1006_242|202547|CONSTRAINED|CONSTRAINED|CONSTRAINED_202547_2025-11-20_0656|BY_IF
2000-280-868|1006|5902|07-FEB-2027|06-FEB-2027|75|2000-280-868_1006_242|202547|CONSTRAINED|CONSTRAINED|CONSTRAINED_202547_2025-11-20_0656|BY_IF
2000-280-868|1006|5901|31-JAN-2027|30-JAN-2027|75|2000-280-868_1006_242|202547|CONSTRAINED|CONSTRAINED|CONSTRAINED_202547_2025-11-20_0656|BY_IF
2000-280-868|1006|5900|24-JAN-2027|23-JAN-2027|75|2000-280-868_1006_242|202547|CONSTRAINED|CONSTRAINED|CONSTRAINED_202547_2025-11-20_0656|BY_IF
2000-280-868|1006|5899|17-JAN-2027|16-JAN-2027|75|2000-280-868_1006_242|202547|CONSTRAINED|CONSTRAINED|CONSTRAINED_202547_2025-11-20_0656|BY_IF
2000-280-868|1006|5898|10-JAN-2027|09-JAN-2027|75|2000-280-868_1006_242|202547|CONSTRAINED|CONSTRAINED|CONSTRAINED_202547_2025-11-20_0656|BY_IF
2000-280-868|1006|5897|03-JAN-2027|02-JAN-2027|75|2000-280-868_1006_242|202547|CONSTRAINED|CONSTRAINED|CONSTRAINED_202547_2025-11-20_0656|BY_IF
2000-280-868|1006|5896|27-DEC-2026|26-DEC-2026|75|2000-280-868_1006_242|202547|CONSTRAINED|CONSTRAINED|CONSTRAINED_202547_2025-11-20_0656|BY_IF
2000-280-868|1006|5895|20-DEC-2026|19-DEC-2026|75|2000-280-868_1006_242|202547|CONSTRAINED|CONSTRAINED|CONSTRAINED_202547_2025-11-20_0656|BY_IF
2000-280-868|1006|5894|13-DEC-2026|12-DEC-2026|75|2000-280-868_1006_242|202547|CONSTRAINED|CONSTRAINED|CONSTRAINED_202547_2025-11-20_0656|BY_IF
2000-280-868|1006|5893|06-DEC-2026|05-DEC-2026|75|2000-280-868_1006_242|202547|CONSTRAINED|CONSTRAINED|CONSTRAINED_202547_2025-11-20_0656|BY_IF
2000-280-868|1006|5892|29-NOV-2026|28-NOV-2026|75|2000-280-868_1006_242|202547|CONSTRAINED|CONSTRAINED|CONSTRAINED_202547_2025-11-20_0656|BY_IF
2000-280-868|1006|5891|22-NOV-2026|21-NOV-2026|75|2000-280-868_1006_242|202547|CONSTRAINED|CONSTRAINED|CONSTRAINED_202547_2025-11-20_0656|BY_IF
2000-280-868|1006|5890|15-NOV-2026|14-NOV-2026|75|2000-280-868_1006_242|202547|CONSTRAINED|CONSTRAINED|CONSTRAINED_202547_2025-11-20_0656|BY_IF
2000-280-868|1006|5889|08-NOV-2026|07-NOV-2026|75|2000-280-868_1006_242|202547|CONSTRAINED|CONSTRAINED|CONSTRAINED_202547_2025-11-20_0656|BY_IF
2000-280-868|1006|5888|01-NOV-2026|31-OCT-2026|75|2000-280-868_1006_242|202547|CONSTRAINED|CONSTRAINED|CONSTRAINED_202547_2025-11-20_0656|BY_IF
2000-280-868|1006|5887|25-OCT-2026|24-OCT-2026|75|2000-280-868_1006_242|202547|CONSTRAINED|CONSTRAINED|CONSTRAINED_202547_2025-11-20_0656|BY_IF
2000-280-868|1006|5886|18-OCT-2026|17-OCT-2026|75|2000-280-868_1006_242|202547|CONSTRAINED|CONSTRAINED|CONSTRAINED_202547_2025-11-20_0656|BY_IF
2000-280-868|1006|5885|11-OCT-2026|10-OCT-2026|75|2000-280-868_1006_242|202547|CONSTRAINED|CONSTRAINED|CONSTRAINED_202547_2025-11-20_0656|BY_IF
2000-280-868|1006|5884|04-OCT-2026|03-OCT-2026|75|2000-280-868_1006_242|202547|CONSTRAINED|CONSTRAINED|CONSTRAINED_202547_2025-11-20_0656|BY_IF
2000-280-868|1006|5883|27-SEP-2026|26-SEP-2026|75|2000-280-868_1006_242|202547|CONSTRAINED|CONSTRAINED|CONSTRAINED_202547_2025-11-20_0656|BY_IF
2000-280-868|1006|5882|20-SEP-2026|19-SEP-2026|75|2000-280-868_1006_242|202547|CONSTRAINED|CONSTRAINED|CONSTRAINED_202547_2025-11-20_0656|BY_IF
2000-280-868|1006|5881|13-SEP-2026|12-SEP-2026|75|2000-280-868_1006_242|202547|CONSTRAINED|CONSTRAINED|CONSTRAINED_202547_2025-11-20_0656|BY_IF
2000-280-868|1006|5880|06-SEP-2026|05-SEP-2026|75|2000-280-868_1006_242|202547|CONSTRAINED|CONSTRAINED|CONSTRAINED_202547_2025-11-20_0656|BY_IF
2000-280-868|1006|5879|30-AUG-2026|29-AUG-2026|75|2000-280-868_1006_242|202547|CONSTRAINED|CONSTRAINED|CONSTRAINED_202547_2025-11-20_0656|BY_IF
2000-280-868|1006|5878|23-AUG-2026|22-AUG-2026|75|2000-280-868_1006_242|202547|CONSTRAINED|CONSTRAINED|CONSTRAINED_202547_2025-11-20_0656|BY_IF
2000-280-868|1006|5877|16-AUG-2026|15-AUG-2026|75|2000-280-868_1006_242|202547|CONSTRAINED|CONSTRAINED|CONSTRAINED_202547_2025-11-20_0656|BY_IF
2000-280-868|1006|5876|09-AUG-2026|08-AUG-2026|75|2000-280-868_1006_242|202547|CONSTRAINED|CONSTRAINED|CONSTRAINED_202547_2025-11-20_0656|BY_IF
2000-280-868|1006|5875|02-AUG-2026|01-AUG-2026|75|2000-280-868_1006_242|202547|CONSTRAINED|CONSTRAINED|CONSTRAINED_202547_2025-11-20_0656|BY_IF
2000-280-868|1006|5874|26-JUL-2026|25-JUL-2026|75|2000-280-868_1006_242|202547|CONSTRAINED|CONSTRAINED|CONSTRAINED_202547_2025-11-20_0656|BY_IF
2000-280-868|1006|5873|19-JUL-2026|18-JUL-2026|75|2000-280-868_1006_242|202547|CONSTRAINED|CONSTRAINED|CONSTRAINED_202547_2025-11-20_0656|BY_IF
2000-280-868|1006|5872|12-JUL-2026|11-JUL-2026|75|2000-280-868_1006_242|202547|CONSTRAINED|CONSTRAINED|CONSTRAINED_202547_2025-11-20_0656|BY_IF
2000-280-868|1006|5871|05-JUL-2026|04-JUL-2026|75|2000-280-868_1006_242|202547|CONSTRAINED|CONSTRAINED|CONSTRAINED_202547_2025-11-20_0656|BY_IF
2000-280-868|1006|5870|28-JUN-2026|27-JUN-2026|75|2000-280-868_1006_242|202547|CONSTRAINED|CONSTRAINED|CONSTRAINED_202547_2025-11-20_0656|BY_IF
2000-280-868|1006|5869|21-JUN-2026|20-JUN-2026|75|2000-280-868_1006_242|202547|CONSTRAINED|CONSTRAINED|CONSTRAINED_202547_2025-11-20_0656|BY_IF
2000-280-868|1006|5868|14-JUN-2026|13-JUN-2026|75|2000-280-868_1006_242|202547|CONSTRAINED|CONSTRAINED|CONSTRAINED_202547_2025-11-20_0656|BY_IF
2000-280-868|1006|5867|07-JUN-2026|06-JUN-2026|75|2000-280-868_1006_242|202547|CONSTRAINED|CONSTRAINED|CONSTRAINED_202547_2025-11-20_0656|BY_IF
2000-280-868|1006|5866|31-MAY-2026|30-MAY-2026|75|2000-280-868_1006_242|202547|CONSTRAINED|CONSTRAINED|CONSTRAINED_202547_2025-11-20_0656|BY_IF
2000-280-868|1006|5865|24-MAY-2026|23-MAY-2026|75|2000-280-868_1006_242|202547|CONSTRAINED|CONSTRAINED|CONSTRAINED_202547_2025-11-20_0656|BY_IF
2000-280-868|1006|5864|17-MAY-2026|16-MAY-2026|75|2000-280-868_1006_242|202547|CONSTRAINED|CONSTRAINED|CONSTRAINED_202547_2025-11-20_0656|BY_IF
2000-280-868|1006|5863|10-MAY-2026|09-MAY-2026|75|2000-280-868_1006_242|202547|CONSTRAINED|CONSTRAINED|CONSTRAINED_202547_2025-11-20_0656|BY_IF
2000-280-868|1006|5862|03-MAY-2026|02-MAY-2026|75|2000-280-868_1006_242|202547|CONSTRAINED|CONSTRAINED|CONSTRAINED_202547_2025-11-20_0656|BY_IF
2000-280-868|1006|5861|26-APR-2026|25-APR-2026|75|2000-280-868_1006_242|202547|CONSTRAINED|CONSTRAINED|CONSTRAINED_202547_2025-11-20_0656|BY_IF
2000-280-868|1006|5860|19-APR-2026|18-APR-2026|75|2000-280-868_1006_242|202547|CONSTRAINED|CONSTRAINED|CONSTRAINED_202547_2025-11-20_0656|BY_IF
2000-280-868|1006|5859|12-APR-2026|11-APR-2026|75|2000-280-868_1006_242|202547|CONSTRAINED|CONSTRAINED|CONSTRAINED_202547_2025-11-20_0656|BY_IF
2000-280-868|1006|5858|05-APR-2026|04-APR-2026|75|2000-280-868_1006_242|202547|CONSTRAINED|CONSTRAINED|CONSTRAINED_202547_2025-11-20_0656|BY_IF
2000-280-868|1006|5857|29-MAR-2026|28-MAR-2026|75|2000-280-868_1006_242|202547|CONSTRAINED|CONSTRAINED|CONSTRAINED_202547_2025-11-20_0656|BY_IF
2000-280-868|1006|5856|22-MAR-2026|21-MAR-2026|75|2000-280-868_1006_242|202547|CONSTRAINED|CONSTRAINED|CONSTRAINED_202547_2025-11-20_0656|BY_IF
2000-280-868|1006|5855|15-MAR-2026|14-MAR-2026|75|2000-280-868_1006_242|202547|CONSTRAINED|CONSTRAINED|CONSTRAINED_202547_2025-11-20_0656|BY_IF
2000-280-868|1006|5854|08-MAR-2026|07-MAR-2026|75|2000-280-868_1006_242|202547|CONSTRAINED|CONSTRAINED|CONSTRAINED_202547_2025-11-20_0656|BY_IF
2000-280-868|1006|5853|01-MAR-2026|28-FEB-2026|75|2000-280-868_1006_242|202547|CONSTRAINED|CONSTRAINED|CONSTRAINED_202547_2025-11-20_0656|BY_IF
2000-280-868|1006|5852|22-FEB-2026|21-FEB-2026|75|2000-280-868_1006_242|202547|CONSTRAINED|CONSTRAINED|CONSTRAINED_202547_2025-11-20_0656|BY_IF
2000-280-868|1006|5851|15-FEB-2026|14-FEB-2026|75|2000-280-868_1006_242|202547|CONSTRAINED|CONSTRAINED|CONSTRAINED_202547_2025-11-20_0656|BY_IF
2000-280-868|1006|5850|08-FEB-2026|07-FEB-2026|75|2000-280-868_1006_242|202547|CONSTRAINED|CONSTRAINED|CONSTRAINED_202547_2025-11-20_0656|BY_IF
2000-280-868|1006|5849|01-FEB-2026|31-JAN-2026|75|2000-280-868_1006_242|202547|CONSTRAINED|CONSTRAINED|CONSTRAINED_202547_2025-11-20_0656|BY_IF
2000-280-868|1006|5848|25-JAN-2026|24-JAN-2026|75|2000-280-868_1006_242|202547|CONSTRAINED|CONSTRAINED|CONSTRAINED_202547_2025-11-20_0656|BY_IF
2000-280-868|1006|5847|18-JAN-2026|17-JAN-2026|75|2000-280-868_1006_242|202547|CONSTRAINED|CONSTRAINED|CONSTRAINED_202547_2025-11-20_0656|BY_IF
2000-280-868|1006|5846|11-JAN-2026|10-JAN-2026|75|2000-280-868_1006_242|202547|CONSTRAINED|CONSTRAINED|CONSTRAINED_202547_2025-11-20_0656|BY_IF
2000-280-868|1006|5845|04-JAN-2026|03-JAN-2026|75|2000-280-868_1006_242|202547|CONSTRAINED|CONSTRAINED|CONSTRAINED_202547_2025-11-20_0656|BY_IF
2000-280-868|1006|5844|28-DEC-2025|27-DEC-2025|75|2000-280-868_1006_242|202547|CONSTRAINED|CONSTRAINED|CONSTRAINED_202547_2025-11-20_0656|BY_IF
2000-280-868|1006|5843|21-DEC-2025|20-DEC-2025|75|2000-280-868_1006_242|202547|CONSTRAINED|CONSTRAINED|CONSTRAINED_202547_2025-11-20_0656|BY_IF
2000-280-868|1006|5842|14-DEC-2025|13-DEC-2025|75|2000-280-868_1006_242|202547|CONSTRAINED|CONSTRAINED|CONSTRAINED_202547_2025-11-20_0656|BY_IF
2000-280-868|1006|5841|07-DEC-2025|06-DEC-2025|49|2000-280-868_1006_242|202547|CONSTRAINED|CONSTRAINED|CONSTRAINED_202547_2025-11-20_0656|BY_IF
2000-280-868|1006|5840|23-NOV-2025|22-NOV-2025|76|2000-280-868_1006_242|202547|CONSTRAINED|CONSTRAINED|CONSTRAINED_202547_2025-11-20_0656|BY_IF
2000-280-868|1006|5839|24-AUG-2025|23-AUG-2025|100|2000-280-868_1006_242|202547|CONSTRAINED|CONSTRAINED|CONSTRAINED_202547_2025-11-20_0656|BY_IF
2000-280-868|1006|5838|17-AUG-2025|16-AUG-2025|102|2000-280-868_1006_242|202547|CONSTRAINED|CONSTRAINED|CONSTRAINED_202547_2025-11-20_0656|BY_IF
2000-280-868|1006|5837|10-AUG-2025|09-AUG-2025|235|2000-280-868_1006_242|202547|CONSTRAINED|CONSTRAINED|CONSTRAINED_202547_2025-11-20_0656|BY_IF
2000-280-868|1006|5836|27-JUL-2025|26-JUL-2025|90|2000-280-868_1006_242|202547|CONSTRAINED|CONSTRAINED|CONSTRAINED_202547_2025-11-20_0656|BY_IF
2000-280-869|1006|4864|06-JUN-2027|05-JUN-2027|77.301651|2000-280-869_1006_275_INTEL FOV-4_COMMON|202547|CONSTRAINED|CONSTRAINED|CONSTRAINED_202547_2025-11-20_0656|BY_IF
2000-280-869|1006|4863|30-MAY-2027|29-MAY-2027|77.301651|2000-280-869_1006_275_INTEL FOV-4_COMMON|202547|CONSTRAINED|CONSTRAINED|CONSTRAINED_202547_2025-11-20_0656|BY_IF
2000-280-869|1006|4862|23-MAY-2027|22-MAY-2027|77.301651|2000-280-869_1006_275_INTEL FOV-4_COMMON|202547|CONSTRAINED|CONSTRAINED|CONSTRAINED_202547_2025-11-20_0656|BY_IF
2000-280-869|1006|4861|16-MAY-2027|15-MAY-2027|77.301651|2000-280-869_1006_275_INTEL FOV-4_COMMON|202547|CONSTRAINED|CONSTRAINED|CONSTRAINED_202547_2025-11-20_0656|BY_IF
2000-280-869|1006|4860|09-MAY-2027|08-MAY-2027|77.301651|2000-280-869_1006_275_INTEL FOV-4_COMMON|202547|CONSTRAINED|CONSTRAINED|CONSTRAINED_202547_2025-11-20_0656|BY_IF
2000-280-869|1006|4859|02-MAY-2027|01-MAY-2027|77.301651|2000-280-869_1006_275_INTEL FOV-4_COMMON|202547|CONSTRAINED|CONSTRAINED|CONSTRAINED_202547_2025-11-20_0656|BY_IF
2000-280-869|1006|4858|25-APR-2027|24-APR-2027|77.301651|2000-280-869_1006_275_INTEL FOV-4_COMMON|202547|CONSTRAINED|CONSTRAINED|CONSTRAINED_202547_2025-11-20_0656|BY_IF
2000-280-869|1006|4857|18-APR-2027|17-APR-2027|77.301651|2000-280-869_1006_275_INTEL FOV-4_COMMON|202547|CONSTRAINED|CONSTRAINED|CONSTRAINED_202547_2025-11-20_0656|BY_IF
2000-280-869|1006|4856|11-APR-2027|10-APR-2027|77.301651|2000-280-869_1006_275_INTEL FOV-4_COMMON|202547|CONSTRAINED|CONSTRAINED|CONSTRAINED_202547_2025-11-20_0656|BY_IF
2000-280-869|1006|4855|04-APR-2027|03-APR-2027|77.301651|2000-280-869_1006_275_INTEL FOV-4_COMMON|202547|CONSTRAINED|CONSTRAINED|CONSTRAINED_202547_2025-11-20_0656|BY_IF
2000-280-869|1006|4854|28-MAR-2027|27-MAR-2027|77.301651|2000-280-869_1006_275_INTEL FOV-4_COMMON|202547|CONSTRAINED|CONSTRAINED|CONSTRAINED_202547_2025-11-20_0656|BY_IF
2000-280-869|1006|4853|21-MAR-2027|20-MAR-2027|77.301651|2000-280-869_1006_275_INTEL FOV-4_COMMON|202547|CONSTRAINED|CONSTRAINED|CONSTRAINED_202547_2025-11-20_0656|BY_IF
2000-280-869|1006|4852|14-MAR-2027|13-MAR-2027|77.301651|2000-280-869_1006_275_INTEL FOV-4_COMMON|202547|CONSTRAINED|CONSTRAINED|CONSTRAINED_202547_2025-11-20_0656|BY_IF
2000-280-869|1006|4851|07-MAR-2027|06-MAR-2027|77.301651|2000-280-869_1006_275_INTEL FOV-4_COMMON|202547|CONSTRAINED|CONSTRAINED|CONSTRAINED_202547_2025-11-20_0656|BY_IF
2000-280-869|1006|4850|28-FEB-2027|27-FEB-2027|77.301651|2000-280-869_1006_275_INTEL FOV-4_COMMON|202547|CONSTRAINED|CONSTRAINED|CONSTRAINED_202547_2025-11-20_0656|BY_IF
2000-280-869|1006|4849|21-FEB-2027|20-FEB-2027|77.301651|2000-280-869_1006_275_INTEL FOV-4_COMMON|202547|CONSTRAINED|CONSTRAINED|CONSTRAINED_202547_2025-11-20_0656|BY_IF
2000-280-869|1006|4848|14-FEB-2027|13-FEB-2027|77.301651|2000-280-869_1006_275_INTEL FOV-4_COMMON|202547|CONSTRAINED|CONSTRAINED|CONSTRAINED_202547_2025-11-20_0656|BY_IF
2000-280-869|1006|4847|07-FEB-2027|06-FEB-2027|77.301651|2000-280-869_1006_275_INTEL FOV-4_COMMON|202547|CONSTRAINED|CONSTRAINED|CONSTRAINED_202547_2025-11-20_0656|BY_IF
2000-280-869|1006|4846|31-JAN-2027|30-JAN-2027|77.301651|2000-280-869_1006_275_INTEL FOV-4_COMMON|202547|CONSTRAINED|CONSTRAINED|CONSTRAINED_202547_2025-11-20_0656|BY_IF
2000-280-869|1006|4845|24-JAN-2027|23-JAN-2027|77.301651|2000-280-869_1006_275_INTEL FOV-4_COMMON|202547|CONSTRAINED|CONSTRAINED|CONSTRAINED_202547_2025-11-20_0656|BY_IF
2000-280-869|1006|4844|17-JAN-2027|16-JAN-2027|77.301651|2000-280-869_1006_275_INTEL FOV-4_COMMON|202547|CONSTRAINED|CONSTRAINED|CONSTRAINED_202547_2025-11-20_0656|BY_IF
2000-280-869|1006|4843|10-JAN-2027|09-JAN-2027|77.301651|2000-280-869_1006_275_INTEL FOV-4_COMMON|202547|CONSTRAINED|CONSTRAINED|CONSTRAINED_202547_2025-11-20_0656|BY_IF
2000-280-869|1006|4842|03-JAN-2027|02-JAN-2027|77.301651|2000-280-869_1006_275_INTEL FOV-4_COMMON|202547|CONSTRAINED|CONSTRAINED|CONSTRAINED_202547_2025-11-20_0656|BY_IF
2000-280-869|1006|4841|27-DEC-2026|26-DEC-2026|77.301651|2000-280-869_1006_275_INTEL FOV-4_COMMON|202547|CONSTRAINED|CONSTRAINED|CONSTRAINED_202547_2025-11-20_0656|BY_IF
2000-280-869|1006|4840|20-DEC-2026|19-DEC-2026|77.301651|2000-280-869_1006_275_INTEL FOV-4_COMMON|202547|CONSTRAINED|CONSTRAINED|CONSTRAINED_202547_2025-11-20_0656|BY_IF
2000-280-869|1006|4839|13-DEC-2026|12-DEC-2026|77.301651|2000-280-869_1006_275_INTEL FOV-4_COMMON|202547|CONSTRAINED|CONSTRAINED|CONSTRAINED_202547_2025-11-20_0656|BY_IF
2000-280-869|1006|4838|06-DEC-2026|05-DEC-2026|77.301651|2000-280-869_1006_275_INTEL FOV-4_COMMON|202547|CONSTRAINED|CONSTRAINED|CONSTRAINED_202547_2025-11-20_0656|BY_IF
2000-280-869|1006|4837|29-NOV-2026|28-NOV-2026|77.301651|2000-280-869_1006_275_INTEL FOV-4_COMMON|202547|CONSTRAINED|CONSTRAINED|CONSTRAINED_202547_2025-11-20_0656|BY_IF
2000-280-869|1006|4836|22-NOV-2026|21-NOV-2026|77.301651|2000-280-869_1006_275_INTEL FOV-4_COMMON|202547|CONSTRAINED|CONSTRAINED|CONSTRAINED_202547_2025-11-20_0656|BY_IF
2000-280-869|1006|4835|15-NOV-2026|14-NOV-2026|77.301651|2000-280-869_1006_275_INTEL FOV-4_COMMON|202547|CONSTRAINED|CONSTRAINED|CONSTRAINED_202547_2025-11-20_0656|BY_IF
2000-280-869|1006|4834|08-NOV-2026|07-NOV-2026|77.301651|2000-280-869_1006_275_INTEL FOV-4_COMMON|202547|CONSTRAINED|CONSTRAINED|CONSTRAINED_202547_2025-11-20_0656|BY_IF
2000-280-869|1006|4833|01-NOV-2026|31-OCT-2026|77.301651|2000-280-869_1006_275_INTEL FOV-4_COMMON|202547|CONSTRAINED|CONSTRAINED|CONSTRAINED_202547_2025-11-20_0656|BY_IF
2000-280-869|1006|4832|25-OCT-2026|24-OCT-2026|77.301651|2000-280-869_1006_275_INTEL FOV-4_COMMON|202547|CONSTRAINED|CONSTRAINED|CONSTRAINED_202547_2025-11-20_0656|BY_IF
2000-280-869|1006|4831|18-OCT-2026|17-OCT-2026|77.301651|2000-280-869_1006_275_INTEL FOV-4_COMMON|202547|CONSTRAINED|CONSTRAINED|CONSTRAINED_202547_2025-11-20_0656|BY_IF
2000-280-869|1006|4830|11-OCT-2026|10-OCT-2026|77.301651|2000-280-869_1006_275_INTEL FOV-4_COMMON|202547|CONSTRAINED|CONSTRAINED|CONSTRAINED_202547_2025-11-20_0656|BY_IF
2000-280-869|1006|4829|04-OCT-2026|03-OCT-2026|77.301651|2000-280-869_1006_275_INTEL FOV-4_COMMON|202547|CONSTRAINED|CONSTRAINED|CONSTRAINED_202547_2025-11-20_0656|BY_IF
2000-280-869|1006|4828|27-SEP-2026|26-SEP-2026|77.301651|2000-280-869_1006_275_INTEL FOV-4_COMMON|202547|CONSTRAINED|CONSTRAINED|CONSTRAINED_202547_2025-11-20_0656|BY_IF
2000-280-869|1006|4827|20-SEP-2026|19-SEP-2026|77.301651|2000-280-869_1006_275_INTEL FOV-4_COMMON|202547|CONSTRAINED|CONSTRAINED|CONSTRAINED_202547_2025-11-20_0656|BY_IF
2000-280-869|1006|4826|13-SEP-2026|12-SEP-2026|77.301651|2000-280-869_1006_275_INTEL FOV-4_COMMON|202547|CONSTRAINED|CONSTRAINED|CONSTRAINED_202547_2025-11-20_0656|BY_IF
2000-280-869|1006|4825|06-SEP-2026|05-SEP-2026|77.301651|2000-280-869_1006_275_INTEL FOV-4_COMMON|202547|CONSTRAINED|CONSTRAINED|CONSTRAINED_202547_2025-11-20_0656|BY_IF
2000-280-869|1006|4824|30-AUG-2026|29-AUG-2026|77.301651|2000-280-869_1006_275_INTEL FOV-4_COMMON|202547|CONSTRAINED|CONSTRAINED|CONSTRAINED_202547_2025-11-20_0656|BY_IF
2000-280-869|1006|4823|23-AUG-2026|22-AUG-2026|77.301651|2000-280-869_1006_275_INTEL FOV-4_COMMON|202547|CONSTRAINED|CONSTRAINED|CONSTRAINED_202547_2025-11-20_0656|BY_IF
2000-280-869|1006|4822|09-AUG-2026|08-AUG-2026|77.301651|2000-280-869_1006_275_INTEL FOV-4_COMMON|202547|CONSTRAINED|CONSTRAINED|CONSTRAINED_202547_2025-11-20_0656|BY_IF
2000-280-869|1006|4821|02-AUG-2026|01-AUG-2026|77.301651|2000-280-869_1006_275_INTEL FOV-4_COMMON|202547|CONSTRAINED|CONSTRAINED|CONSTRAINED_202547_2025-11-20_0656|BY_IF
2000-280-869|1006|4820|26-JUL-2026|25-JUL-2026|77.301651|2000-280-869_1006_275_INTEL FOV-4_COMMON|202547|CONSTRAINED|CONSTRAINED|CONSTRAINED_202547_2025-11-20_0656|BY_IF
2000-280-869|1006|4819|19-JUL-2026|18-JUL-2026|77.301651|2000-280-869_1006_275_INTEL FOV-4_COMMON|202547|CONSTRAINED|CONSTRAINED|CONSTRAINED_202547_2025-11-20_0656|BY_IF
2000-280-869|1006|4818|12-JUL-2026|11-JUL-2026|77.301651|2000-280-869_1006_275_INTEL FOV-4_COMMON|202547|CONSTRAINED|CONSTRAINED|CONSTRAINED_202547_2025-11-20_0656|BY_IF
2000-280-869|1006|4817|05-JUL-2026|04-JUL-2026|77.301651|2000-280-869_1006_275_INTEL FOV-4_COMMON|202547|CONSTRAINED|CONSTRAINED|CONSTRAINED_202547_2025-11-20_0656|BY_IF
2000-280-869|1006|4816|28-JUN-2026|27-JUN-2026|77.301651|2000-280-869_1006_275_INTEL FOV-4_COMMON|202547|CONSTRAINED|CONSTRAINED|CONSTRAINED_202547_2025-11-20_0656|BY_IF
2000-280-869|1006|4815|21-JUN-2026|20-JUN-2026|77.301651|2000-280-869_1006_275_INTEL FOV-4_COMMON|202547|CONSTRAINED|CONSTRAINED|CONSTRAINED_202547_2025-11-20_0656|BY_IF
2000-280-869|1006|4814|14-JUN-2026|13-JUN-2026|77.301651|2000-280-869_1006_275_INTEL FOV-4_COMMON|202547|CONSTRAINED|CONSTRAINED|CONSTRAINED_202547_2025-11-20_0656|BY_IF
2000-280-869|1006|4813|07-JUN-2026|06-JUN-2026|77.301651|2000-280-869_1006_275_INTEL FOV-4_COMMON|202547|CONSTRAINED|CONSTRAINED|CONSTRAINED_202547_2025-11-20_0656|BY_IF
2000-280-869|1006|4812|31-MAY-2026|30-MAY-2026|77.301651|2000-280-869_1006_275_INTEL FOV-4_COMMON|202547|CONSTRAINED|CONSTRAINED|CONSTRAINED_202547_2025-11-20_0656|BY_IF
2000-280-869|1006|4811|24-MAY-2026|23-MAY-2026|77.301651|2000-280-869_1006_275_INTEL FOV-4_COMMON|202547|CONSTRAINED|CONSTRAINED|CONSTRAINED_202547_2025-11-20_0656|BY_IF
2000-280-869|1006|4810|17-MAY-2026|16-MAY-2026|77.301651|2000-280-869_1006_275_INTEL FOV-4_COMMON|202547|CONSTRAINED|CONSTRAINED|CONSTRAINED_202547_2025-11-20_0656|BY_IF
2000-280-869|1006|4809|10-MAY-2026|09-MAY-2026|77.301651|2000-280-869_1006_275_INTEL FOV-4_COMMON|202547|CONSTRAINED|CONSTRAINED|CONSTRAINED_202547_2025-11-20_0656|BY_IF
2000-280-869|1006|4808|26-APR-2026|25-APR-2026|77.301651|2000-280-869_1006_275_INTEL FOV-4_COMMON|202547|CONSTRAINED|CONSTRAINED|CONSTRAINED_202547_2025-11-20_0656|BY_IF
2000-280-869|1006|4807|29-MAR-2026|28-MAR-2026|48.875|2000-280-869_1006_275_INTEL FOV-4_COMMON|202547|CONSTRAINED|CONSTRAINED|CONSTRAINED_202547_2025-11-20_0656|BY_IF
2000-280-869|1006|4806|22-MAR-2026|21-MAR-2026|48.875|2000-280-869_1006_275_INTEL FOV-4_COMMON|202547|CONSTRAINED|CONSTRAINED|CONSTRAINED_202547_2025-11-20_0656|BY_IF
2000-280-869|1006|4805|08-MAR-2026|07-MAR-2026|45.34|2000-280-869_1006_275_INTEL FOV-4_COMMON|202547|CONSTRAINED|CONSTRAINED|CONSTRAINED_202547_2025-11-20_0656|BY_IF
2000-280-869|1006|4804|01-MAR-2026|28-FEB-2026|45.34|2000-280-869_1006_275_INTEL FOV-4_COMMON|202547|CONSTRAINED|CONSTRAINED|CONSTRAINED_202547_2025-11-20_0656|BY_IF
2000-280-869|1006|4803|22-FEB-2026|21-FEB-2026|45.34|2000-280-869_1006_275_INTEL FOV-4_COMMON|202547|CONSTRAINED|CONSTRAINED|CONSTRAINED_202547_2025-11-20_0656|BY_IF
2000-280-869|1006|4802|15-FEB-2026|14-FEB-2026|45.34|2000-280-869_1006_275_INTEL FOV-4_COMMON|202547|CONSTRAINED|CONSTRAINED|CONSTRAINED_202547_2025-11-20_0656|BY_IF
2000-280-869|1006|4801|01-FEB-2026|31-JAN-2026|45.34|2000-280-869_1006_275_INTEL FOV-4_COMMON|202547|CONSTRAINED|CONSTRAINED|CONSTRAINED_202547_2025-11-20_0656|BY_IF
2000-280-869|1006|4800|25-JAN-2026|24-JAN-2026|45.34|2000-280-869_1006_275_INTEL FOV-4_COMMON|202547|CONSTRAINED|CONSTRAINED|CONSTRAINED_202547_2025-11-20_0656|BY_IF
2000-280-869|1006|4799|18-JAN-2026|17-JAN-2026|45.34|2000-280-869_1006_275_INTEL FOV-4_COMMON|202547|CONSTRAINED|CONSTRAINED|CONSTRAINED_202547_2025-11-20_0656|BY_IF
2000-280-869|1006|4798|11-JAN-2026|10-JAN-2026|45.34|2000-280-869_1006_275_INTEL FOV-4_COMMON|202547|CONSTRAINED|CONSTRAINED|CONSTRAINED_202547_2025-11-20_0656|BY_IF
2000-280-869|1006|4797|04-JAN-2026|03-JAN-2026|45.34|2000-280-869_1006_275_INTEL FOV-4_COMMON|202547|CONSTRAINED|CONSTRAINED|CONSTRAINED_202547_2025-11-20_0656|BY_IF
2000-280-869|1006|5115|16-AUG-2026|15-AUG-2026|20.610001|2000-280-869_1006_275_INTEL FOV-5_COMMON|202547|CONSTRAINED|CONSTRAINED|CONSTRAINED_202547_2025-11-20_0656|BY_IF
2000-280-869|1006|5114|29-MAR-2026|28-MAR-2026|6.364153|2000-280-869_1006_275_INTEL FOV-5_COMMON|202547|CONSTRAINED|CONSTRAINED|CONSTRAINED_202547_2025-11-20_0656|BY_IF
2000-280-869|1006|5113|22-MAR-2026|21-MAR-2026|18.315001|2000-280-869_1006_275_INTEL FOV-5_COMMON|202547|CONSTRAINED|CONSTRAINED|CONSTRAINED_202547_2025-11-20_0656|BY_IF
2000-280-869|1006|5112|04-JAN-2026|03-JAN-2026|18.315001|2000-280-869_1006_275_INTEL FOV-5_COMMON|202547|CONSTRAINED|CONSTRAINED|CONSTRAINED_202547_2025-11-20_0656|BY_IF
2000-280-869|1006|5172|15-MAR-2026|14-MAR-2026|8.78|2000-280-869_1006_275_INTEL FOV-6_COMMON|202547|CONSTRAINED|CONSTRAINED|CONSTRAINED_202547_2025-11-20_0656|BY_IF
2000-280-869|1006|5171|04-JAN-2026|03-JAN-2026|8.78|2000-280-869_1006_275_INTEL FOV-6_COMMON|202547|CONSTRAINED|CONSTRAINED|CONSTRAINED_202547_2025-11-20_0656|BY_IF
2000-280-869|1006|5193|16-AUG-2026|15-AUG-2026|23.0425|2000-280-869_1006_275_INTEL FOV-7_COMMON|202547|CONSTRAINED|CONSTRAINED|CONSTRAINED_202547_2025-11-20_0656|BY_IF
2000-280-869|1006|5192|29-MAR-2026|28-MAR-2026|22.0625|2000-280-869_1006_275_INTEL FOV-7_COMMON|202547|CONSTRAINED|CONSTRAINED|CONSTRAINED_202547_2025-11-20_0656|BY_IF
2000-280-869|1006|5191|22-FEB-2026|21-FEB-2026|22.0625|2000-280-869_1006_275_INTEL FOV-7_COMMON|202547|CONSTRAINED|CONSTRAINED|CONSTRAINED_202547_2025-11-20_0656|BY_IF
2000-280-869|1006|5190|21-DEC-2025|20-DEC-2025|77.301651|2000-280-869_1006_275_INTEL FOV-1_COMMON|202547|CONSTRAINED|CONSTRAINED|CONSTRAINED_202547_2025-11-20_0656|BY_IF
2000-280-869|1006|5189|14-DEC-2025|13-DEC-2025|77.301651|2000-280-869_1006_275_INTEL FOV-1_COMMON|202547|CONSTRAINED|CONSTRAINED|CONSTRAINED_202547_2025-11-20_0656|BY_IF
2000-280-869|1006|5188|07-DEC-2025|06-DEC-2025|50.50375|2000-280-869_1006_275_INTEL FOV-1_COMMON|202547|CONSTRAINED|CONSTRAINED|CONSTRAINED_202547_2025-11-20_0656|BY_IF
2000-280-869|1006|5187|23-NOV-2025|22-NOV-2025|78.332336|2000-280-869_1006_275_INTEL FOV-1_COMMON|202547|CONSTRAINED|CONSTRAINED|CONSTRAINED_202547_2025-11-20_0656|BY_IF
2000-280-869|1006|5186|14-SEP-2025|13-SEP-2025|51.534439|2000-280-869_1006_275_INTEL FOV-1_COMMON|202547|CONSTRAINED|CONSTRAINED|CONSTRAINED_202547_2025-11-20_0656|BY_IF
2000-280-869|1006|5185|24-AUG-2025|23-AUG-2025|113.375801|2000-280-869_1006_275_INTEL FOV-1_COMMON|202547|CONSTRAINED|CONSTRAINED|CONSTRAINED_202547_2025-11-20_0656|BY_IF
2000-280-869|1006|5184|17-AUG-2025|16-AUG-2025|105.130203|2000-280-869_1006_275_INTEL FOV-1_COMMON|202547|CONSTRAINED|CONSTRAINED|CONSTRAINED_202547_2025-11-20_0656|BY_IF
2000-280-869|1006|5183|10-AUG-2025|09-AUG-2025|438.042694|2000-280-869_1006_275_INTEL FOV-1_COMMON|202547|CONSTRAINED|CONSTRAINED|CONSTRAINED_202547_2025-11-20_0656|BY_IF
2000-280-869|1006|5182|03-AUG-2025|02-AUG-2025|391.661713|2000-280-869_1006_275_INTEL FOV-1_COMMON|202547|CONSTRAINED|CONSTRAINED|CONSTRAINED_202547_2025-11-20_0656|BY_IF
2000-280-869|1006|5181|27-JUL-2025|26-JUL-2025|365.894501|2000-280-869_1006_275_INTEL FOV-1_COMMON|202547|CONSTRAINED|CONSTRAINED|CONSTRAINED_202547_2025-11-20_0656|BY_IF
2000-280-869|1006|5211|16-AUG-2026|15-AUG-2026|33.649151|2000-280-869_1006_275_INTEL FOV-2_COMMON|202547|CONSTRAINED|CONSTRAINED|CONSTRAINED_202547_2025-11-20_0656|BY_IF
2000-280-869|1006|5210|03-MAY-2026|02-MAY-2026|77.301651|2000-280-869_1006_275_INTEL FOV-2_COMMON|202547|CONSTRAINED|CONSTRAINED|CONSTRAINED_202547_2025-11-20_0656|BY_IF
2000-280-869|1006|5209|19-APR-2026|18-APR-2026|77.301651|2000-280-869_1006_275_INTEL FOV-2_COMMON|202547|CONSTRAINED|CONSTRAINED|CONSTRAINED_202547_2025-11-20_0656|BY_IF
2000-280-869|1006|5208|12-APR-2026|11-APR-2026|77.301651|2000-280-869_1006_275_INTEL FOV-2_COMMON|202547|CONSTRAINED|CONSTRAINED|CONSTRAINED_202547_2025-11-20_0656|BY_IF
2000-280-869|1006|5207|05-APR-2026|04-APR-2026|77.301651|2000-280-869_1006_275_INTEL FOV-2_COMMON|202547|CONSTRAINED|CONSTRAINED|CONSTRAINED_202547_2025-11-20_0656|BY_IF
2000-280-869|1006|5206|22-MAR-2026|21-MAR-2026|10.11165|2000-280-869_1006_275_INTEL FOV-2_COMMON|202547|CONSTRAINED|CONSTRAINED|CONSTRAINED_202547_2025-11-20_0656|BY_IF
2000-280-869|1006|5205|15-MAR-2026|14-MAR-2026|68.521652|2000-280-869_1006_275_INTEL FOV-2_COMMON|202547|CONSTRAINED|CONSTRAINED|CONSTRAINED_202547_2025-11-20_0656|BY_IF
2000-280-869|1006|5204|08-MAR-2026|07-MAR-2026|31.961651|2000-280-869_1006_275_INTEL FOV-2_COMMON|202547|CONSTRAINED|CONSTRAINED|CONSTRAINED_202547_2025-11-20_0656|BY_IF
2000-280-869|1006|5203|01-MAR-2026|28-FEB-2026|31.961651|2000-280-869_1006_275_INTEL FOV-2_COMMON|202547|CONSTRAINED|CONSTRAINED|CONSTRAINED_202547_2025-11-20_0656|BY_IF
2000-280-869|1006|5202|22-FEB-2026|21-FEB-2026|9.899153|2000-280-869_1006_275_INTEL FOV-2_COMMON|202547|CONSTRAINED|CONSTRAINED|CONSTRAINED_202547_2025-11-20_0656|BY_IF
2000-280-869|1006|5201|15-FEB-2026|14-FEB-2026|31.961651|2000-280-869_1006_275_INTEL FOV-2_COMMON|202547|CONSTRAINED|CONSTRAINED|CONSTRAINED_202547_2025-11-20_0656|BY_IF
2000-280-869|1006|5200|08-FEB-2026|07-FEB-2026|77.301651|2000-280-869_1006_275_INTEL FOV-2_COMMON|202547|CONSTRAINED|CONSTRAINED|CONSTRAINED_202547_2025-11-20_0656|BY_IF
2000-280-869|1006|5199|01-FEB-2026|31-JAN-2026|31.961651|2000-280-869_1006_275_INTEL FOV-2_COMMON|202547|CONSTRAINED|CONSTRAINED|CONSTRAINED_202547_2025-11-20_0656|BY_IF
2000-280-869|1006|5198|25-JAN-2026|24-JAN-2026|31.961651|2000-280-869_1006_275_INTEL FOV-2_COMMON|202547|CONSTRAINED|CONSTRAINED|CONSTRAINED_202547_2025-11-20_0656|BY_IF
2000-280-869|1006|5197|18-JAN-2026|17-JAN-2026|31.961651|2000-280-869_1006_275_INTEL FOV-2_COMMON|202547|CONSTRAINED|CONSTRAINED|CONSTRAINED_202547_2025-11-20_0656|BY_IF
2000-280-869|1006|5196|11-JAN-2026|10-JAN-2026|31.961651|2000-280-869_1006_275_INTEL FOV-2_COMMON|202547|CONSTRAINED|CONSTRAINED|CONSTRAINED_202547_2025-11-20_0656|BY_IF
2000-280-869|1006|5195|04-JAN-2026|03-JAN-2026|4.866653|2000-280-869_1006_275_INTEL FOV-2_COMMON|202547|CONSTRAINED|CONSTRAINED|CONSTRAINED_202547_2025-11-20_0656|BY_IF
2000-280-869|1006|5194|28-DEC-2025|27-DEC-2025|77.301651|2000-280-869_1006_275_INTEL FOV-2_COMMON|202547|CONSTRAINED|CONSTRAINED|CONSTRAINED_202547_2025-11-20_0656|BY_IF
2000-280-869|1006|4870|18-JUL-2027|17-JUL-2027|154.603302|2000-280-869_1006_275_INTEL FOV-4_COMMON|202547|CONSTRAINED|CONSTRAINED|CONSTRAINED_202547_2025-11-20_0656|BY_IF
2000-280-869|1006|4869|11-JUL-2027|10-JUL-2027|77.301651|2000-280-869_1006_275_INTEL FOV-4_COMMON|202547|CONSTRAINED|CONSTRAINED|CONSTRAINED_202547_2025-11-20_0656|BY_IF
2000-280-869|1006|4868|04-JUL-2027|03-JUL-2027|77.301651|2000-280-869_1006_275_INTEL FOV-4_COMMON|202547|CONSTRAINED|CONSTRAINED|CONSTRAINED_202547_2025-11-20_0656|BY_IF
2000-280-869|1006|4867|27-JUN-2027|26-JUN-2027|77.301651|2000-280-869_1006_275_INTEL FOV-4_COMMON|202547|CONSTRAINED|CONSTRAINED|CONSTRAINED_202547_2025-11-20_0656|BY_IF
2000-280-869|1006|4866|20-JUN-2027|19-JUN-2027|77.301651|2000-280-869_1006_275_INTEL FOV-4_COMMON|202547|CONSTRAINED|CONSTRAINED|CONSTRAINED_202547_2025-11-20_0656|BY_IF
2000-280-869|1006|4865|13-JUN-2027|12-JUN-2027|77.301651|2000-280-869_1006_275_INTEL FOV-4_COMMON|202547|CONSTRAINED|CONSTRAINED|CONSTRAINED_202547_2025-11-20_0656|BY_IF
2000-281-391|1003|4283|24-AUG-2025|23-AUG-2025|106.598999|2000-281-391_1003_248|202547|CONSTRAINED|CONSTRAINED|CONSTRAINED_202547_2025-11-20_0656|BY_IF
2000-281-391|1003|4282|17-AUG-2025|16-AUG-2025|108.629402|2000-281-391_1003_248|202547|CONSTRAINED|CONSTRAINED|CONSTRAINED_202547_2025-11-20_0656|BY_IF
2000-281-391|1003|4281|10-AUG-2025|09-AUG-2025|289.340088|2000-281-391_1003_248|202547|CONSTRAINED|CONSTRAINED|CONSTRAINED_202547_2025-11-20_0656|BY_IF
2000-281-391|1003|4280|03-AUG-2025|02-AUG-2025|116.751297|2000-281-391_1003_248|202547|CONSTRAINED|CONSTRAINED|CONSTRAINED_202547_2025-11-20_0656|BY_IF
2000-281-391|1006|4375|24-JUL-2027|24-JUL-2027|76.142128|2000-281-391_1006_249|202547|CONSTRAINED|CONSTRAINED|CONSTRAINED_202547_2025-11-20_0656|BY_IF
2000-281-391|1006|4374|17-JUL-2027|17-JUL-2027|76.142128|2000-281-391_1006_249|202547|CONSTRAINED|CONSTRAINED|CONSTRAINED_202547_2025-11-20_0656|BY_IF
2000-281-391|1006|4373|10-JUL-2027|10-JUL-2027|76.142128|2000-281-391_1006_249|202547|CONSTRAINED|CONSTRAINED|CONSTRAINED_202547_2025-11-20_0656|BY_IF
2000-281-391|1006|4372|03-JUL-2027|03-JUL-2027|76.142128|2000-281-391_1006_249|202547|CONSTRAINED|CONSTRAINED|CONSTRAINED_202547_2025-11-20_0656|BY_IF
2000-281-391|1006|4371|26-JUN-2027|26-JUN-2027|76.142128|2000-281-391_1006_249|202547|CONSTRAINED|CONSTRAINED|CONSTRAINED_202547_2025-11-20_0656|BY_IF
2000-281-391|1006|4370|19-JUN-2027|19-JUN-2027|76.142128|2000-281-391_1006_249|202547|CONSTRAINED|CONSTRAINED|CONSTRAINED_202547_2025-11-20_0656|BY_IF
2000-281-391|1006|4369|12-JUN-2027|12-JUN-2027|76.142128|2000-281-391_1006_249|202547|CONSTRAINED|CONSTRAINED|CONSTRAINED_202547_2025-11-20_0656|BY_IF
2000-281-391|1006|4368|05-JUN-2027|05-JUN-2027|76.142128|2000-281-391_1006_249|202547|CONSTRAINED|CONSTRAINED|CONSTRAINED_202547_2025-11-20_0656|BY_IF
2000-281-391|1006|4367|29-MAY-2027|29-MAY-2027|76.142128|2000-281-391_1006_249|202547|CONSTRAINED|CONSTRAINED|CONSTRAINED_202547_2025-11-20_0656|BY_IF
2000-281-391|1006|4366|22-MAY-2027|22-MAY-2027|76.142128|2000-281-391_1006_249|202547|CONSTRAINED|CONSTRAINED|CONSTRAINED_202547_2025-11-20_0656|BY_IF
2000-281-391|1006|4365|15-MAY-2027|15-MAY-2027|76.142128|2000-281-391_1006_249|202547|CONSTRAINED|CONSTRAINED|CONSTRAINED_202547_2025-11-20_0656|BY_IF
2000-281-391|1006|4364|08-MAY-2027|08-MAY-2027|76.142128|2000-281-391_1006_249|202547|CONSTRAINED|CONSTRAINED|CONSTRAINED_202547_2025-11-20_0656|BY_IF
2000-281-391|1006|4363|01-MAY-2027|01-MAY-2027|76.142128|2000-281-391_1006_249|202547|CONSTRAINED|CONSTRAINED|CONSTRAINED_202547_2025-11-20_0656|BY_IF
2000-281-391|1006|4362|24-APR-2027|24-APR-2027|76.142128|2000-281-391_1006_249|202547|CONSTRAINED|CONSTRAINED|CONSTRAINED_202547_2025-11-20_0656|BY_IF
2000-281-391|1006|4361|17-APR-2027|17-APR-2027|76.142128|2000-281-391_1006_249|202547|CONSTRAINED|CONSTRAINED|CONSTRAINED_202547_2025-11-20_0656|BY_IF
2000-281-391|1006|4360|10-APR-2027|10-APR-2027|76.142128|2000-281-391_1006_249|202547|CONSTRAINED|CONSTRAINED|CONSTRAINED_202547_2025-11-20_0656|BY_IF
2000-281-391|1006|4359|03-APR-2027|03-APR-2027|76.142128|2000-281-391_1006_249|202547|CONSTRAINED|CONSTRAINED|CONSTRAINED_202547_2025-11-20_0656|BY_IF
2000-281-391|1006|4358|27-MAR-2027|27-MAR-2027|76.142128|2000-281-391_1006_249|202547|CONSTRAINED|CONSTRAINED|CONSTRAINED_202547_2025-11-20_0656|BY_IF
2000-281-391|1006|4357|20-MAR-2027|20-MAR-2027|76.142128|2000-281-391_1006_249|202547|CONSTRAINED|CONSTRAINED|CONSTRAINED_202547_2025-11-20_0656|BY_IF
2000-281-391|1006|4356|13-MAR-2027|13-MAR-2027|76.142128|2000-281-391_1006_249|202547|CONSTRAINED|CONSTRAINED|CONSTRAINED_202547_2025-11-20_0656|BY_IF
2000-281-391|1006|4355|06-MAR-2027|06-MAR-2027|76.142128|2000-281-391_1006_249|202547|CONSTRAINED|CONSTRAINED|CONSTRAINED_202547_2025-11-20_0656|BY_IF
2000-281-391|1006|4354|27-FEB-2027|27-FEB-2027|76.142128|2000-281-391_1006_249|202547|CONSTRAINED|CONSTRAINED|CONSTRAINED_202547_2025-11-20_0656|BY_IF
2000-281-391|1006|4353|20-FEB-2027|20-FEB-2027|76.142128|2000-281-391_1006_249|202547|CONSTRAINED|CONSTRAINED|CONSTRAINED_202547_2025-11-20_0656|BY_IF
2000-281-391|1006|4352|13-FEB-2027|13-FEB-2027|76.142128|2000-281-391_1006_249|202547|CONSTRAINED|CONSTRAINED|CONSTRAINED_202547_2025-11-20_0656|BY_IF
2000-281-391|1006|4351|06-FEB-2027|06-FEB-2027|76.142128|2000-281-391_1006_249|202547|CONSTRAINED|CONSTRAINED|CONSTRAINED_202547_2025-11-20_0656|BY_IF
2000-281-391|1006|4350|30-JAN-2027|30-JAN-2027|76.142128|2000-281-391_1006_249|202547|CONSTRAINED|CONSTRAINED|CONSTRAINED_202547_2025-11-20_0656|BY_IF
2000-281-391|1006|4349|23-JAN-2027|23-JAN-2027|76.142128|2000-281-391_1006_249|202547|CONSTRAINED|CONSTRAINED|CONSTRAINED_202547_2025-11-20_0656|BY_IF
2000-281-391|1006|4348|16-JAN-2027|16-JAN-2027|76.142128|2000-281-391_1006_249|202547|CONSTRAINED|CONSTRAINED|CONSTRAINED_202547_2025-11-20_0656|BY_IF
2000-281-391|1006|4347|09-JAN-2027|09-JAN-2027|76.142128|2000-281-391_1006_249|202547|CONSTRAINED|CONSTRAINED|CONSTRAINED_202547_2025-11-20_0656|BY_IF
2000-281-391|1006|4346|02-JAN-2027|02-JAN-2027|76.142128|2000-281-391_1006_249|202547|CONSTRAINED|CONSTRAINED|CONSTRAINED_202547_2025-11-20_0656|BY_IF
2000-281-391|1006|4345|26-DEC-2026|26-DEC-2026|76.142128|2000-281-391_1006_249|202547|CONSTRAINED|CONSTRAINED|CONSTRAINED_202547_2025-11-20_0656|BY_IF
2000-281-391|1006|4344|19-DEC-2026|19-DEC-2026|76.142128|2000-281-391_1006_249|202547|CONSTRAINED|CONSTRAINED|CONSTRAINED_202547_2025-11-20_0656|BY_IF
2000-281-391|1006|4343|12-DEC-2026|12-DEC-2026|76.142128|2000-281-391_1006_249|202547|CONSTRAINED|CONSTRAINED|CONSTRAINED_202547_2025-11-20_0656|BY_IF
2000-281-391|1006|4342|05-DEC-2026|05-DEC-2026|76.142128|2000-281-391_1006_249|202547|CONSTRAINED|CONSTRAINED|CONSTRAINED_202547_2025-11-20_0656|BY_IF
2000-281-391|1006|4341|28-NOV-2026|28-NOV-2026|76.142128|2000-281-391_1006_249|202547|CONSTRAINED|CONSTRAINED|CONSTRAINED_202547_2025-11-20_0656|BY_IF
2000-281-391|1006|4340|21-NOV-2026|21-NOV-2026|76.142128|2000-281-391_1006_249|202547|CONSTRAINED|CONSTRAINED|CONSTRAINED_202547_2025-11-20_0656|BY_IF
2000-281-391|1006|4339|14-NOV-2026|14-NOV-2026|76.142128|2000-281-391_1006_249|202547|CONSTRAINED|CONSTRAINED|CONSTRAINED_202547_2025-11-20_0656|BY_IF
2000-281-391|1006|4338|07-NOV-2026|07-NOV-2026|76.142128|2000-281-391_1006_249|202547|CONSTRAINED|CONSTRAINED|CONSTRAINED_202547_2025-11-20_0656|BY_IF
2000-281-391|1006|4337|31-OCT-2026|31-OCT-2026|76.142128|2000-281-391_1006_249|202547|CONSTRAINED|CONSTRAINED|CONSTRAINED_202547_2025-11-20_0656|BY_IF
2000-281-391|1006|4336|24-OCT-2026|24-OCT-2026|76.142128|2000-281-391_1006_249|202547|CONSTRAINED|CONSTRAINED|CONSTRAINED_202547_2025-11-20_0656|BY_IF
2000-281-391|1006|4335|17-OCT-2026|17-OCT-2026|76.142128|2000-281-391_1006_249|202547|CONSTRAINED|CONSTRAINED|CONSTRAINED_202547_2025-11-20_0656|BY_IF
2000-281-391|1006|4334|10-OCT-2026|10-OCT-2026|76.142128|2000-281-391_1006_249|202547|CONSTRAINED|CONSTRAINED|CONSTRAINED_202547_2025-11-20_0656|BY_IF
2000-281-391|1006|4333|03-OCT-2026|03-OCT-2026|76.142128|2000-281-391_1006_249|202547|CONSTRAINED|CONSTRAINED|CONSTRAINED_202547_2025-11-20_0656|BY_IF
2000-281-391|1006|4332|26-SEP-2026|26-SEP-2026|76.142128|2000-281-391_1006_249|202547|CONSTRAINED|CONSTRAINED|CONSTRAINED_202547_2025-11-20_0656|BY_IF
2000-281-391|1006|4331|19-SEP-2026|19-SEP-2026|76.142128|2000-281-391_1006_249|202547|CONSTRAINED|CONSTRAINED|CONSTRAINED_202547_2025-11-20_0656|BY_IF
2000-281-391|1006|4330|12-SEP-2026|12-SEP-2026|76.142128|2000-281-391_1006_249|202547|CONSTRAINED|CONSTRAINED|CONSTRAINED_202547_2025-11-20_0656|BY_IF
2000-281-391|1006|4329|05-SEP-2026|05-SEP-2026|76.142128|2000-281-391_1006_249|202547|CONSTRAINED|CONSTRAINED|CONSTRAINED_202547_2025-11-20_0656|BY_IF
2000-281-391|1006|4328|29-AUG-2026|29-AUG-2026|76.142128|2000-281-391_1006_249|202547|CONSTRAINED|CONSTRAINED|CONSTRAINED_202547_2025-11-20_0656|BY_IF
2000-281-391|1006|4327|22-AUG-2026|22-AUG-2026|76.142128|2000-281-391_1006_249|202547|CONSTRAINED|CONSTRAINED|CONSTRAINED_202547_2025-11-20_0656|BY_IF
2000-281-391|1006|4326|15-AUG-2026|15-AUG-2026|76.142128|2000-281-391_1006_249|202547|CONSTRAINED|CONSTRAINED|CONSTRAINED_202547_2025-11-20_0656|BY_IF
2000-281-391|1006|4325|08-AUG-2026|08-AUG-2026|76.142128|2000-281-391_1006_249|202547|CONSTRAINED|CONSTRAINED|CONSTRAINED_202547_2025-11-20_0656|BY_IF
2000-281-391|1006|4324|01-AUG-2026|01-AUG-2026|76.142128|2000-281-391_1006_249|202547|CONSTRAINED|CONSTRAINED|CONSTRAINED_202547_2025-11-20_0656|BY_IF
2000-281-391|1006|4323|25-JUL-2026|25-JUL-2026|76.142128|2000-281-391_1006_249|202547|CONSTRAINED|CONSTRAINED|CONSTRAINED_202547_2025-11-20_0656|BY_IF
2000-281-391|1006|4322|18-JUL-2026|18-JUL-2026|76.142128|2000-281-391_1006_249|202547|CONSTRAINED|CONSTRAINED|CONSTRAINED_202547_2025-11-20_0656|BY_IF
2000-281-391|1006|4321|11-JUL-2026|11-JUL-2026|76.142128|2000-281-391_1006_249|202547|CONSTRAINED|CONSTRAINED|CONSTRAINED_202547_2025-11-20_0656|BY_IF
2000-281-391|1006|4320|04-JUL-2026|04-JUL-2026|76.142128|2000-281-391_1006_249|202547|CONSTRAINED|CONSTRAINED|CONSTRAINED_202547_2025-11-20_0656|BY_IF
2000-281-391|1006|4319|27-JUN-2026|27-JUN-2026|76.142128|2000-281-391_1006_249|202547|CONSTRAINED|CONSTRAINED|CONSTRAINED_202547_2025-11-20_0656|BY_IF
2000-281-391|1006|4318|20-JUN-2026|20-JUN-2026|76.142128|2000-281-391_1006_249|202547|CONSTRAINED|CONSTRAINED|CONSTRAINED_202547_2025-11-20_0656|BY_IF
2000-281-391|1006|4317|13-JUN-2026|13-JUN-2026|76.142128|2000-281-391_1006_249|202547|CONSTRAINED|CONSTRAINED|CONSTRAINED_202547_2025-11-20_0656|BY_IF
2000-281-391|1006|4316|06-JUN-2026|06-JUN-2026|76.142128|2000-281-391_1006_249|202547|CONSTRAINED|CONSTRAINED|CONSTRAINED_202547_2025-11-20_0656|BY_IF
2000-281-391|1006|4315|30-MAY-2026|30-MAY-2026|76.142128|2000-281-391_1006_249|202547|CONSTRAINED|CONSTRAINED|CONSTRAINED_202547_2025-11-20_0656|BY_IF
2000-281-391|1006|4314|23-MAY-2026|23-MAY-2026|76.142128|2000-281-391_1006_249|202547|CONSTRAINED|CONSTRAINED|CONSTRAINED_202547_2025-11-20_0656|BY_IF
2000-281-391|1006|4313|16-MAY-2026|16-MAY-2026|76.142128|2000-281-391_1006_249|202547|CONSTRAINED|CONSTRAINED|CONSTRAINED_202547_2025-11-20_0656|BY_IF
2000-281-391|1006|4312|09-MAY-2026|09-MAY-2026|76.142128|2000-281-391_1006_249|202547|CONSTRAINED|CONSTRAINED|CONSTRAINED_202547_2025-11-20_0656|BY_IF
2000-281-391|1006|4311|02-MAY-2026|02-MAY-2026|76.142128|2000-281-391_1006_249|202547|CONSTRAINED|CONSTRAINED|CONSTRAINED_202547_2025-11-20_0656|BY_IF
2000-281-391|1006|4310|25-APR-2026|25-APR-2026|76.142128|2000-281-391_1006_249|202547|CONSTRAINED|CONSTRAINED|CONSTRAINED_202547_2025-11-20_0656|BY_IF
2000-281-391|1006|4309|18-APR-2026|18-APR-2026|76.142128|2000-281-391_1006_249|202547|CONSTRAINED|CONSTRAINED|CONSTRAINED_202547_2025-11-20_0656|BY_IF
2000-281-391|1006|4308|11-APR-2026|11-APR-2026|76.142128|2000-281-391_1006_249|202547|CONSTRAINED|CONSTRAINED|CONSTRAINED_202547_2025-11-20_0656|BY_IF
2000-281-391|1006|4307|04-APR-2026|04-APR-2026|76.142128|2000-281-391_1006_249|202547|CONSTRAINED|CONSTRAINED|CONSTRAINED_202547_2025-11-20_0656|BY_IF
2000-281-391|1006|4306|28-MAR-2026|28-MAR-2026|76.142128|2000-281-391_1006_249|202547|CONSTRAINED|CONSTRAINED|CONSTRAINED_202547_2025-11-20_0656|BY_IF
2000-281-391|1006|4305|21-MAR-2026|21-MAR-2026|76.142128|2000-281-391_1006_249|202547|CONSTRAINED|CONSTRAINED|CONSTRAINED_202547_2025-11-20_0656|BY_IF
2000-281-391|1006|4304|14-MAR-2026|14-MAR-2026|76.142128|2000-281-391_1006_249|202547|CONSTRAINED|CONSTRAINED|CONSTRAINED_202547_2025-11-20_0656|BY_IF
2000-281-391|1006|4303|07-MAR-2026|07-MAR-2026|76.142128|2000-281-391_1006_249|202547|CONSTRAINED|CONSTRAINED|CONSTRAINED_202547_2025-11-20_0656|BY_IF
2000-281-391|1006|4302|28-FEB-2026|28-FEB-2026|76.142128|2000-281-391_1006_249|202547|CONSTRAINED|CONSTRAINED|CONSTRAINED_202547_2025-11-20_0656|BY_IF
2000-281-391|1006|4301|21-FEB-2026|21-FEB-2026|76.142128|2000-281-391_1006_249|202547|CONSTRAINED|CONSTRAINED|CONSTRAINED_202547_2025-11-20_0656|BY_IF
2000-281-391|1006|4300|14-FEB-2026|14-FEB-2026|76.142128|2000-281-391_1006_249|202547|CONSTRAINED|CONSTRAINED|CONSTRAINED_202547_2025-11-20_0656|BY_IF
2000-281-391|1006|4299|07-FEB-2026|07-FEB-2026|76.142128|2000-281-391_1006_249|202547|CONSTRAINED|CONSTRAINED|CONSTRAINED_202547_2025-11-20_0656|BY_IF
2000-281-391|1006|4298|31-JAN-2026|31-JAN-2026|76.142128|2000-281-391_1006_249|202547|CONSTRAINED|CONSTRAINED|CONSTRAINED_202547_2025-11-20_0656|BY_IF
2000-281-391|1006|4297|24-JAN-2026|24-JAN-2026|76.142128|2000-281-391_1006_249|202547|CONSTRAINED|CONSTRAINED|CONSTRAINED_202547_2025-11-20_0656|BY_IF
2000-281-391|1006|4296|17-JAN-2026|17-JAN-2026|76.142128|2000-281-391_1006_249|202547|CONSTRAINED|CONSTRAINED|CONSTRAINED_202547_2025-11-20_0656|BY_IF
2000-281-391|1006|4295|10-JAN-2026|10-JAN-2026|76.142128|2000-281-391_1006_249|202547|CONSTRAINED|CONSTRAINED|CONSTRAINED_202547_2025-11-20_0656|BY_IF
2000-281-391|1006|4294|03-JAN-2026|03-JAN-2026|76.142128|2000-281-391_1006_249|202547|CONSTRAINED|CONSTRAINED|CONSTRAINED_202547_2025-11-20_0656|BY_IF
2000-281-391|1006|4293|27-DEC-2025|27-DEC-2025|76.142128|2000-281-391_1006_249|202547|CONSTRAINED|CONSTRAINED|CONSTRAINED_202547_2025-11-20_0656|BY_IF
2000-281-391|1006|4292|20-DEC-2025|20-DEC-2025|76.142128|2000-281-391_1006_249|202547|CONSTRAINED|CONSTRAINED|CONSTRAINED_202547_2025-11-20_0656|BY_IF
2000-281-391|1006|4291|13-DEC-2025|13-DEC-2025|76.142128|2000-281-391_1006_249|202547|CONSTRAINED|CONSTRAINED|CONSTRAINED_202547_2025-11-20_0656|BY_IF
2000-281-391|1006|4290|06-DEC-2025|06-DEC-2025|49.746189|2000-281-391_1006_249|202547|CONSTRAINED|CONSTRAINED|CONSTRAINED_202547_2025-11-20_0656|BY_IF
2000-281-391|1006|4289|22-NOV-2025|22-NOV-2025|38.578678|2000-281-391_1006_249|202547|CONSTRAINED|CONSTRAINED|CONSTRAINED_202547_2025-11-20_0656|BY_IF
2000-281-391|1006|4288|20-SEP-2025|20-SEP-2025|50.761421|2000-281-391_1006_249|202547|CONSTRAINED|CONSTRAINED|CONSTRAINED_202547_2025-11-20_0656|BY_IF
2000-281-391|1006|4287|30-AUG-2025|30-AUG-2025|10.15228|2000-281-391_1006_249|202547|CONSTRAINED|CONSTRAINED|CONSTRAINED_202547_2025-11-20_0656|BY_IF
2000-281-391|1006|4286|16-AUG-2025|16-AUG-2025|187.817307|2000-281-391_1006_249|202547|CONSTRAINED|CONSTRAINED|CONSTRAINED_202547_2025-11-20_0656|BY_IF
2000-281-391|1006|4285|09-AUG-2025|09-AUG-2025|324.873108|2000-281-391_1006_249|202547|CONSTRAINED|CONSTRAINED|CONSTRAINED_202547_2025-11-20_0656|BY_IF
2000-281-391|1006|4284|26-JUL-2025|26-JUL-2025|172.588806|2000-281-391_1006_249|202547|CONSTRAINED|CONSTRAINED|CONSTRAINED_202547_2025-11-20_0656|BY_IF
2000-281-396|1006|4613|24-JUL-2027|24-JUL-2027|78.478828|2000-281-396_1006_276|202547|CONSTRAINED|CONSTRAINED|CONSTRAINED_202547_2025-11-20_0656|BY_IF
2000-281-396|1006|4612|17-JUL-2027|17-JUL-2027|78.478828|2000-281-396_1006_276|202547|CONSTRAINED|CONSTRAINED|CONSTRAINED_202547_2025-11-20_0656|BY_IF
2000-281-396|1006|4611|10-JUL-2027|10-JUL-2027|78.478828|2000-281-396_1006_276|202547|CONSTRAINED|CONSTRAINED|CONSTRAINED_202547_2025-11-20_0656|BY_IF
2000-281-396|1006|4610|03-JUL-2027|03-JUL-2027|78.478828|2000-281-396_1006_276|202547|CONSTRAINED|CONSTRAINED|CONSTRAINED_202547_2025-11-20_0656|BY_IF
2000-281-396|1006|4609|26-JUN-2027|26-JUN-2027|78.478828|2000-281-396_1006_276|202547|CONSTRAINED|CONSTRAINED|CONSTRAINED_202547_2025-11-20_0656|BY_IF
2000-281-396|1006|4608|19-JUN-2027|19-JUN-2027|78.478828|2000-281-396_1006_276|202547|CONSTRAINED|CONSTRAINED|CONSTRAINED_202547_2025-11-20_0656|BY_IF
2000-281-396|1006|4607|12-JUN-2027|12-JUN-2027|78.478828|2000-281-396_1006_276|202547|CONSTRAINED|CONSTRAINED|CONSTRAINED_202547_2025-11-20_0656|BY_IF
2000-281-396|1006|4606|05-JUN-2027|05-JUN-2027|78.478828|2000-281-396_1006_276|202547|CONSTRAINED|CONSTRAINED|CONSTRAINED_202547_2025-11-20_0656|BY_IF
2000-281-396|1006|4605|29-MAY-2027|29-MAY-2027|78.478828|2000-281-396_1006_276|202547|CONSTRAINED|CONSTRAINED|CONSTRAINED_202547_2025-11-20_0656|BY_IF
2000-281-396|1006|4604|22-MAY-2027|22-MAY-2027|78.478828|2000-281-396_1006_276|202547|CONSTRAINED|CONSTRAINED|CONSTRAINED_202547_2025-11-20_0656|BY_IF
2000-281-396|1006|4603|15-MAY-2027|15-MAY-2027|78.478828|2000-281-396_1006_276|202547|CONSTRAINED|CONSTRAINED|CONSTRAINED_202547_2025-11-20_0656|BY_IF
2000-281-396|1006|4602|08-MAY-2027|08-MAY-2027|78.478828|2000-281-396_1006_276|202547|CONSTRAINED|CONSTRAINED|CONSTRAINED_202547_2025-11-20_0656|BY_IF
2000-281-396|1006|4601|01-MAY-2027|01-MAY-2027|78.478828|2000-281-396_1006_276|202547|CONSTRAINED|CONSTRAINED|CONSTRAINED_202547_2025-11-20_0656|BY_IF
2000-281-396|1006|4600|24-APR-2027|24-APR-2027|78.478828|2000-281-396_1006_276|202547|CONSTRAINED|CONSTRAINED|CONSTRAINED_202547_2025-11-20_0656|BY_IF
2000-281-396|1006|4599|17-APR-2027|17-APR-2027|78.478828|2000-281-396_1006_276|202547|CONSTRAINED|CONSTRAINED|CONSTRAINED_202547_2025-11-20_0656|BY_IF
2000-281-396|1006|4598|10-APR-2027|10-APR-2027|78.478828|2000-281-396_1006_276|202547|CONSTRAINED|CONSTRAINED|CONSTRAINED_202547_2025-11-20_0656|BY_IF
2000-281-396|1006|4597|03-APR-2027|03-APR-2027|78.478828|2000-281-396_1006_276|202547|CONSTRAINED|CONSTRAINED|CONSTRAINED_202547_2025-11-20_0656|BY_IF
2000-281-396|1006|4596|27-MAR-2027|27-MAR-2027|78.478828|2000-281-396_1006_276|202547|CONSTRAINED|CONSTRAINED|CONSTRAINED_202547_2025-11-20_0656|BY_IF
2000-281-396|1006|4595|20-MAR-2027|20-MAR-2027|78.478828|2000-281-396_1006_276|202547|CONSTRAINED|CONSTRAINED|CONSTRAINED_202547_2025-11-20_0656|BY_IF
2000-281-396|1006|4594|13-MAR-2027|13-MAR-2027|78.478828|2000-281-396_1006_276|202547|CONSTRAINED|CONSTRAINED|CONSTRAINED_202547_2025-11-20_0656|BY_IF
2000-281-396|1006|4593|06-MAR-2027|06-MAR-2027|78.478828|2000-281-396_1006_276|202547|CONSTRAINED|CONSTRAINED|CONSTRAINED_202547_2025-11-20_0656|BY_IF
2000-281-396|1006|4592|27-FEB-2027|27-FEB-2027|78.478828|2000-281-396_1006_276|202547|CONSTRAINED|CONSTRAINED|CONSTRAINED_202547_2025-11-20_0656|BY_IF
2000-281-396|1006|4591|20-FEB-2027|20-FEB-2027|78.478828|2000-281-396_1006_276|202547|CONSTRAINED|CONSTRAINED|CONSTRAINED_202547_2025-11-20_0656|BY_IF
2000-281-396|1006|4590|13-FEB-2027|13-FEB-2027|78.478828|2000-281-396_1006_276|202547|CONSTRAINED|CONSTRAINED|CONSTRAINED_202547_2025-11-20_0656|BY_IF
2000-281-396|1006|4589|06-FEB-2027|06-FEB-2027|78.478828|2000-281-396_1006_276|202547|CONSTRAINED|CONSTRAINED|CONSTRAINED_202547_2025-11-20_0656|BY_IF
2000-281-396|1006|4588|30-JAN-2027|30-JAN-2027|78.478828|2000-281-396_1006_276|202547|CONSTRAINED|CONSTRAINED|CONSTRAINED_202547_2025-11-20_0656|BY_IF
2000-281-396|1006|4587|23-JAN-2027|23-JAN-2027|78.478828|2000-281-396_1006_276|202547|CONSTRAINED|CONSTRAINED|CONSTRAINED_202547_2025-11-20_0656|BY_IF
2000-281-396|1006|4586|16-JAN-2027|16-JAN-2027|78.478828|2000-281-396_1006_276|202547|CONSTRAINED|CONSTRAINED|CONSTRAINED_202547_2025-11-20_0656|BY_IF
2000-281-396|1006|4585|09-JAN-2027|09-JAN-2027|78.478828|2000-281-396_1006_276|202547|CONSTRAINED|CONSTRAINED|CONSTRAINED_202547_2025-11-20_0656|BY_IF
2000-281-396|1006|4584|02-JAN-2027|02-JAN-2027|78.478828|2000-281-396_1006_276|202547|CONSTRAINED|CONSTRAINED|CONSTRAINED_202547_2025-11-20_0656|BY_IF
2000-281-396|1006|4583|26-DEC-2026|26-DEC-2026|78.478828|2000-281-396_1006_276|202547|CONSTRAINED|CONSTRAINED|CONSTRAINED_202547_2025-11-20_0656|BY_IF
2000-281-396|1006|4582|19-DEC-2026|19-DEC-2026|78.478828|2000-281-396_1006_276|202547|CONSTRAINED|CONSTRAINED|CONSTRAINED_202547_2025-11-20_0656|BY_IF
2000-281-396|1006|4581|12-DEC-2026|12-DEC-2026|78.478828|2000-281-396_1006_276|202547|CONSTRAINED|CONSTRAINED|CONSTRAINED_202547_2025-11-20_0656|BY_IF
2000-281-396|1006|4580|05-DEC-2026|05-DEC-2026|78.478828|2000-281-396_1006_276|202547|CONSTRAINED|CONSTRAINED|CONSTRAINED_202547_2025-11-20_0656|BY_IF
2000-281-396|1006|4579|28-NOV-2026|28-NOV-2026|78.478828|2000-281-396_1006_276|202547|CONSTRAINED|CONSTRAINED|CONSTRAINED_202547_2025-11-20_0656|BY_IF
2000-281-396|1006|4578|21-NOV-2026|21-NOV-2026|78.478828|2000-281-396_1006_276|202547|CONSTRAINED|CONSTRAINED|CONSTRAINED_202547_2025-11-20_0656|BY_IF
2000-281-396|1006|4577|14-NOV-2026|14-NOV-2026|78.478828|2000-281-396_1006_276|202547|CONSTRAINED|CONSTRAINED|CONSTRAINED_202547_2025-11-20_0656|BY_IF
2000-281-396|1006|4576|07-NOV-2026|07-NOV-2026|78.478828|2000-281-396_1006_276|202547|CONSTRAINED|CONSTRAINED|CONSTRAINED_202547_2025-11-20_0656|BY_IF
2000-281-396|1006|4575|31-OCT-2026|31-OCT-2026|78.478828|2000-281-396_1006_276|202547|CONSTRAINED|CONSTRAINED|CONSTRAINED_202547_2025-11-20_0656|BY_IF
2000-281-396|1006|4574|24-OCT-2026|24-OCT-2026|78.478828|2000-281-396_1006_276|202547|CONSTRAINED|CONSTRAINED|CONSTRAINED_202547_2025-11-20_0656|BY_IF
2000-281-396|1006|4573|17-OCT-2026|17-OCT-2026|78.478828|2000-281-396_1006_276|202547|CONSTRAINED|CONSTRAINED|CONSTRAINED_202547_2025-11-20_0656|BY_IF
2000-281-396|1006|4572|10-OCT-2026|10-OCT-2026|78.478828|2000-281-396_1006_276|202547|CONSTRAINED|CONSTRAINED|CONSTRAINED_202547_2025-11-20_0656|BY_IF
2000-281-396|1006|4571|03-OCT-2026|03-OCT-2026|78.478828|2000-281-396_1006_276|202547|CONSTRAINED|CONSTRAINED|CONSTRAINED_202547_2025-11-20_0656|BY_IF
2000-281-396|1006|4570|26-SEP-2026|26-SEP-2026|78.478828|2000-281-396_1006_276|202547|CONSTRAINED|CONSTRAINED|CONSTRAINED_202547_2025-11-20_0656|BY_IF
2000-281-396|1006|4569|19-SEP-2026|19-SEP-2026|78.478828|2000-281-396_1006_276|202547|CONSTRAINED|CONSTRAINED|CONSTRAINED_202547_2025-11-20_0656|BY_IF
2000-281-396|1006|4568|12-SEP-2026|12-SEP-2026|78.478828|2000-281-396_1006_276|202547|CONSTRAINED|CONSTRAINED|CONSTRAINED_202547_2025-11-20_0656|BY_IF
2000-281-396|1006|4567|05-SEP-2026|05-SEP-2026|78.478828|2000-281-396_1006_276|202547|CONSTRAINED|CONSTRAINED|CONSTRAINED_202547_2025-11-20_0656|BY_IF
2000-281-396|1006|4566|29-AUG-2026|29-AUG-2026|78.478828|2000-281-396_1006_276|202547|CONSTRAINED|CONSTRAINED|CONSTRAINED_202547_2025-11-20_0656|BY_IF
2000-281-396|1006|4565|22-AUG-2026|22-AUG-2026|78.478828|2000-281-396_1006_276|202547|CONSTRAINED|CONSTRAINED|CONSTRAINED_202547_2025-11-20_0656|BY_IF
2000-281-396|1006|4564|15-AUG-2026|15-AUG-2026|78.478828|2000-281-396_1006_276|202547|CONSTRAINED|CONSTRAINED|CONSTRAINED_202547_2025-11-20_0656|BY_IF
2000-281-396|1006|4563|08-AUG-2026|08-AUG-2026|78.478828|2000-281-396_1006_276|202547|CONSTRAINED|CONSTRAINED|CONSTRAINED_202547_2025-11-20_0656|BY_IF
2000-281-396|1006|4562|01-AUG-2026|01-AUG-2026|78.478828|2000-281-396_1006_276|202547|CONSTRAINED|CONSTRAINED|CONSTRAINED_202547_2025-11-20_0656|BY_IF
2000-281-396|1006|4561|25-JUL-2026|25-JUL-2026|78.478828|2000-281-396_1006_276|202547|CONSTRAINED|CONSTRAINED|CONSTRAINED_202547_2025-11-20_0656|BY_IF
2000-281-396|1006|4560|18-JUL-2026|18-JUL-2026|78.478828|2000-281-396_1006_276|202547|CONSTRAINED|CONSTRAINED|CONSTRAINED_202547_2025-11-20_0656|BY_IF
2000-281-396|1006|4559|11-JUL-2026|11-JUL-2026|78.478828|2000-281-396_1006_276|202547|CONSTRAINED|CONSTRAINED|CONSTRAINED_202547_2025-11-20_0656|BY_IF
2000-281-396|1006|4558|04-JUL-2026|04-JUL-2026|78.478828|2000-281-396_1006_276|202547|CONSTRAINED|CONSTRAINED|CONSTRAINED_202547_2025-11-20_0656|BY_IF
2000-281-396|1006|4557|27-JUN-2026|27-JUN-2026|78.478828|2000-281-396_1006_276|202547|CONSTRAINED|CONSTRAINED|CONSTRAINED_202547_2025-11-20_0656|BY_IF
2000-281-396|1006|4556|20-JUN-2026|20-JUN-2026|78.478828|2000-281-396_1006_276|202547|CONSTRAINED|CONSTRAINED|CONSTRAINED_202547_2025-11-20_0656|BY_IF
2000-281-396|1006|4555|13-JUN-2026|13-JUN-2026|78.478828|2000-281-396_1006_276|202547|CONSTRAINED|CONSTRAINED|CONSTRAINED_202547_2025-11-20_0656|BY_IF
2000-281-396|1006|4554|06-JUN-2026|06-JUN-2026|78.478828|2000-281-396_1006_276|202547|CONSTRAINED|CONSTRAINED|CONSTRAINED_202547_2025-11-20_0656|BY_IF
2000-281-396|1006|4553|30-MAY-2026|30-MAY-2026|78.478828|2000-281-396_1006_276|202547|CONSTRAINED|CONSTRAINED|CONSTRAINED_202547_2025-11-20_0656|BY_IF
2000-281-396|1006|4552|23-MAY-2026|23-MAY-2026|78.478828|2000-281-396_1006_276|202547|CONSTRAINED|CONSTRAINED|CONSTRAINED_202547_2025-11-20_0656|BY_IF
2000-281-396|1006|4551|16-MAY-2026|16-MAY-2026|78.478828|2000-281-396_1006_276|202547|CONSTRAINED|CONSTRAINED|CONSTRAINED_202547_2025-11-20_0656|BY_IF
2000-281-396|1006|4550|09-MAY-2026|09-MAY-2026|78.478828|2000-281-396_1006_276|202547|CONSTRAINED|CONSTRAINED|CONSTRAINED_202547_2025-11-20_0656|BY_IF
2000-281-396|1006|4549|02-MAY-2026|02-MAY-2026|78.478828|2000-281-396_1006_276|202547|CONSTRAINED|CONSTRAINED|CONSTRAINED_202547_2025-11-20_0656|BY_IF
2000-281-396|1006|4548|25-APR-2026|25-APR-2026|78.478828|2000-281-396_1006_276|202547|CONSTRAINED|CONSTRAINED|CONSTRAINED_202547_2025-11-20_0656|BY_IF
2000-281-396|1006|4547|18-APR-2026|18-APR-2026|78.478828|2000-281-396_1006_276|202547|CONSTRAINED|CONSTRAINED|CONSTRAINED_202547_2025-11-20_0656|BY_IF
2000-281-396|1006|4546|11-APR-2026|11-APR-2026|78.478828|2000-281-396_1006_276|202547|CONSTRAINED|CONSTRAINED|CONSTRAINED_202547_2025-11-20_0656|BY_IF
2000-281-396|1006|4545|04-APR-2026|04-APR-2026|78.478828|2000-281-396_1006_276|202547|CONSTRAINED|CONSTRAINED|CONSTRAINED_202547_2025-11-20_0656|BY_IF
2000-281-396|1006|4544|28-MAR-2026|28-MAR-2026|78.478828|2000-281-396_1006_276|202547|CONSTRAINED|CONSTRAINED|CONSTRAINED_202547_2025-11-20_0656|BY_IF
2000-281-396|1006|4543|21-MAR-2026|21-MAR-2026|78.478828|2000-281-396_1006_276|202547|CONSTRAINED|CONSTRAINED|CONSTRAINED_202547_2025-11-20_0656|BY_IF
2000-281-396|1006|4542|14-MAR-2026|14-MAR-2026|78.478828|2000-281-396_1006_276|202547|CONSTRAINED|CONSTRAINED|CONSTRAINED_202547_2025-11-20_0656|BY_IF
2000-281-396|1006|4541|07-MAR-2026|07-MAR-2026|78.478828|2000-281-396_1006_276|202547|CONSTRAINED|CONSTRAINED|CONSTRAINED_202547_2025-11-20_0656|BY_IF
2000-281-396|1006|4540|28-FEB-2026|28-FEB-2026|78.478828|2000-281-396_1006_276|202547|CONSTRAINED|CONSTRAINED|CONSTRAINED_202547_2025-11-20_0656|BY_IF
2000-281-396|1006|4539|21-FEB-2026|21-FEB-2026|78.478828|2000-281-396_1006_276|202547|CONSTRAINED|CONSTRAINED|CONSTRAINED_202547_2025-11-20_0656|BY_IF
2000-281-396|1006|4538|14-FEB-2026|14-FEB-2026|78.478828|2000-281-396_1006_276|202547|CONSTRAINED|CONSTRAINED|CONSTRAINED_202547_2025-11-20_0656|BY_IF
2000-281-396|1006|4537|07-FEB-2026|07-FEB-2026|78.478828|2000-281-396_1006_276|202547|CONSTRAINED|CONSTRAINED|CONSTRAINED_202547_2025-11-20_0656|BY_IF
2000-281-396|1006|4536|31-JAN-2026|31-JAN-2026|78.478828|2000-281-396_1006_276|202547|CONSTRAINED|CONSTRAINED|CONSTRAINED_202547_2025-11-20_0656|BY_IF
2000-281-396|1006|4535|24-JAN-2026|24-JAN-2026|78.478828|2000-281-396_1006_276|202547|CONSTRAINED|CONSTRAINED|CONSTRAINED_202547_2025-11-20_0656|BY_IF
2000-281-396|1006|4534|17-JAN-2026|17-JAN-2026|78.478828|2000-281-396_1006_276|202547|CONSTRAINED|CONSTRAINED|CONSTRAINED_202547_2025-11-20_0656|BY_IF
2000-281-396|1006|4533|10-JAN-2026|10-JAN-2026|78.478828|2000-281-396_1006_276|202547|CONSTRAINED|CONSTRAINED|CONSTRAINED_202547_2025-11-20_0656|BY_IF
2000-281-396|1006|4532|03-JAN-2026|03-JAN-2026|78.478828|2000-281-396_1006_276|202547|CONSTRAINED|CONSTRAINED|CONSTRAINED_202547_2025-11-20_0656|BY_IF
2000-281-396|1006|4531|27-DEC-2025|27-DEC-2025|78.478828|2000-281-396_1006_276|202547|CONSTRAINED|CONSTRAINED|CONSTRAINED_202547_2025-11-20_0656|BY_IF
2000-281-396|1006|4530|20-DEC-2025|20-DEC-2025|78.478828|2000-281-396_1006_276|202547|CONSTRAINED|CONSTRAINED|CONSTRAINED_202547_2025-11-20_0656|BY_IF
2000-281-396|1006|4529|13-DEC-2025|13-DEC-2025|78.478828|2000-281-396_1006_276|202547|CONSTRAINED|CONSTRAINED|CONSTRAINED_202547_2025-11-20_0656|BY_IF
2000-281-396|1006|4528|06-DEC-2025|06-DEC-2025|51.272839|2000-281-396_1006_276|202547|CONSTRAINED|CONSTRAINED|CONSTRAINED_202547_2025-11-20_0656|BY_IF
2000-281-396|1006|4527|22-NOV-2025|22-NOV-2025|39.762611|2000-281-396_1006_276|202547|CONSTRAINED|CONSTRAINED|CONSTRAINED_202547_2025-11-20_0656|BY_IF
2000-281-396|1006|4526|20-SEP-2025|20-SEP-2025|52.319221|2000-281-396_1006_276|202547|CONSTRAINED|CONSTRAINED|CONSTRAINED_202547_2025-11-20_0656|BY_IF
2000-281-396|1006|4525|30-AUG-2025|30-AUG-2025|10.46384|2000-281-396_1006_276|202547|CONSTRAINED|CONSTRAINED|CONSTRAINED_202547_2025-11-20_0656|BY_IF
2000-281-396|1006|4524|16-AUG-2025|16-AUG-2025|303.451508|2000-281-396_1006_276|202547|CONSTRAINED|CONSTRAINED|CONSTRAINED_202547_2025-11-20_0656|BY_IF
2000-281-396|1006|4523|09-AUG-2025|09-AUG-2025|446.806213|2000-281-396_1006_276|202547|CONSTRAINED|CONSTRAINED|CONSTRAINED_202547_2025-11-20_0656|BY_IF
2000-281-396|1006|4522|02-AUG-2025|02-AUG-2025|298.219604|2000-281-396_1006_276|202547|CONSTRAINED|CONSTRAINED|CONSTRAINED_202547_2025-11-20_0656|BY_IF
2000-281-396|1006|4521|26-JUL-2025|26-JUL-2025|298.219604|2000-281-396_1006_276|202547|CONSTRAINED|CONSTRAINED|CONSTRAINED_202547_2025-11-20_0656|BY_IF
2000-281-424|1006|4696|18-JUL-2027|17-JUL-2027|154.603302|2000-281-424_1006_252|202547|CONSTRAINED|CONSTRAINED|CONSTRAINED_202547_2025-11-20_0656|BY_IF
2000-281-424|1006|4695|11-JUL-2027|10-JUL-2027|77.301651|2000-281-424_1006_252|202547|CONSTRAINED|CONSTRAINED|CONSTRAINED_202547_2025-11-20_0656|BY_IF
2000-281-424|1006|4694|04-JUL-2027|03-JUL-2027|77.301651|2000-281-424_1006_252|202547|CONSTRAINED|CONSTRAINED|CONSTRAINED_202547_2025-11-20_0656|BY_IF
2000-281-424|1006|4693|27-JUN-2027|26-JUN-2027|77.301651|2000-281-424_1006_252|202547|CONSTRAINED|CONSTRAINED|CONSTRAINED_202547_2025-11-20_0656|BY_IF
2000-281-424|1006|4692|20-JUN-2027|19-JUN-2027|77.301651|2000-281-424_1006_252|202547|CONSTRAINED|CONSTRAINED|CONSTRAINED_202547_2025-11-20_0656|BY_IF
2000-281-424|1006|4691|13-JUN-2027|12-JUN-2027|77.301651|2000-281-424_1006_252|202547|CONSTRAINED|CONSTRAINED|CONSTRAINED_202547_2025-11-20_0656|BY_IF
2000-281-424|1006|4690|06-JUN-2027|05-JUN-2027|77.301651|2000-281-424_1006_252|202547|CONSTRAINED|CONSTRAINED|CONSTRAINED_202547_2025-11-20_0656|BY_IF
2000-281-424|1006|4689|30-MAY-2027|29-MAY-2027|77.301651|2000-281-424_1006_252|202547|CONSTRAINED|CONSTRAINED|CONSTRAINED_202547_2025-11-20_0656|BY_IF
2000-281-424|1006|4688|23-MAY-2027|22-MAY-2027|77.301651|2000-281-424_1006_252|202547|CONSTRAINED|CONSTRAINED|CONSTRAINED_202547_2025-11-20_0656|BY_IF
2000-281-424|1006|4687|16-MAY-2027|15-MAY-2027|77.301651|2000-281-424_1006_252|202547|CONSTRAINED|CONSTRAINED|CONSTRAINED_202547_2025-11-20_0656|BY_IF
2000-281-424|1006|4686|09-MAY-2027|08-MAY-2027|77.301651|2000-281-424_1006_252|202547|CONSTRAINED|CONSTRAINED|CONSTRAINED_202547_2025-11-20_0656|BY_IF
2000-281-424|1006|4685|02-MAY-2027|01-MAY-2027|77.301651|2000-281-424_1006_252|202547|CONSTRAINED|CONSTRAINED|CONSTRAINED_202547_2025-11-20_0656|BY_IF
2000-281-424|1006|4684|25-APR-2027|24-APR-2027|77.301651|2000-281-424_1006_252|202547|CONSTRAINED|CONSTRAINED|CONSTRAINED_202547_2025-11-20_0656|BY_IF
2000-281-424|1006|4683|18-APR-2027|17-APR-2027|77.301651|2000-281-424_1006_252|202547|CONSTRAINED|CONSTRAINED|CONSTRAINED_202547_2025-11-20_0656|BY_IF
2000-281-424|1006|4682|11-APR-2027|10-APR-2027|77.301651|2000-281-424_1006_252|202547|CONSTRAINED|CONSTRAINED|CONSTRAINED_202547_2025-11-20_0656|BY_IF
2000-281-424|1006|4681|04-APR-2027|03-APR-2027|77.301651|2000-281-424_1006_252|202547|CONSTRAINED|CONSTRAINED|CONSTRAINED_202547_2025-11-20_0656|BY_IF
2000-281-424|1006|4680|28-MAR-2027|27-MAR-2027|77.301651|2000-281-424_1006_252|202547|CONSTRAINED|CONSTRAINED|CONSTRAINED_202547_2025-11-20_0656|BY_IF
2000-281-424|1006|4679|21-MAR-2027|20-MAR-2027|77.301651|2000-281-424_1006_252|202547|CONSTRAINED|CONSTRAINED|CONSTRAINED_202547_2025-11-20_0656|BY_IF
2000-281-424|1006|4678|14-MAR-2027|13-MAR-2027|77.301651|2000-281-424_1006_252|202547|CONSTRAINED|CONSTRAINED|CONSTRAINED_202547_2025-11-20_0656|BY_IF
2000-281-424|1006|4677|07-MAR-2027|06-MAR-2027|77.301651|2000-281-424_1006_252|202547|CONSTRAINED|CONSTRAINED|CONSTRAINED_202547_2025-11-20_0656|BY_IF
2000-281-424|1006|4676|28-FEB-2027|27-FEB-2027|77.301651|2000-281-424_1006_252|202547|CONSTRAINED|CONSTRAINED|CONSTRAINED_202547_2025-11-20_0656|BY_IF
2000-281-424|1006|4675|21-FEB-2027|20-FEB-2027|77.301651|2000-281-424_1006_252|202547|CONSTRAINED|CONSTRAINED|CONSTRAINED_202547_2025-11-20_0656|BY_IF
2000-281-424|1006|4674|14-FEB-2027|13-FEB-2027|77.301651|2000-281-424_1006_252|202547|CONSTRAINED|CONSTRAINED|CONSTRAINED_202547_2025-11-20_0656|BY_IF
2000-281-424|1006|4673|07-FEB-2027|06-FEB-2027|77.301651|2000-281-424_1006_252|202547|CONSTRAINED|CONSTRAINED|CONSTRAINED_202547_2025-11-20_0656|BY_IF
2000-281-424|1006|4672|31-JAN-2027|30-JAN-2027|77.301651|2000-281-424_1006_252|202547|CONSTRAINED|CONSTRAINED|CONSTRAINED_202547_2025-11-20_0656|BY_IF
2000-281-424|1006|4671|24-JAN-2027|23-JAN-2027|77.301651|2000-281-424_1006_252|202547|CONSTRAINED|CONSTRAINED|CONSTRAINED_202547_2025-11-20_0656|BY_IF
2000-281-424|1006|4670|17-JAN-2027|16-JAN-2027|77.301651|2000-281-424_1006_252|202547|CONSTRAINED|CONSTRAINED|CONSTRAINED_202547_2025-11-20_0656|BY_IF
2000-281-424|1006|4669|10-JAN-2027|09-JAN-2027|77.301651|2000-281-424_1006_252|202547|CONSTRAINED|CONSTRAINED|CONSTRAINED_202547_2025-11-20_0656|BY_IF
2000-281-424|1006|4668|03-JAN-2027|02-JAN-2027|77.301651|2000-281-424_1006_252|202547|CONSTRAINED|CONSTRAINED|CONSTRAINED_202547_2025-11-20_0656|BY_IF
2000-281-424|1006|4667|27-DEC-2026|26-DEC-2026|77.301651|2000-281-424_1006_252|202547|CONSTRAINED|CONSTRAINED|CONSTRAINED_202547_2025-11-20_0656|BY_IF
2000-281-424|1006|4666|20-DEC-2026|19-DEC-2026|77.301651|2000-281-424_1006_252|202547|CONSTRAINED|CONSTRAINED|CONSTRAINED_202547_2025-11-20_0656|BY_IF
2000-281-424|1006|4665|13-DEC-2026|12-DEC-2026|77.301651|2000-281-424_1006_252|202547|CONSTRAINED|CONSTRAINED|CONSTRAINED_202547_2025-11-20_0656|BY_IF
2000-281-424|1006|4664|06-DEC-2026|05-DEC-2026|77.301651|2000-281-424_1006_252|202547|CONSTRAINED|CONSTRAINED|CONSTRAINED_202547_2025-11-20_0656|BY_IF
2000-281-424|1006|4663|29-NOV-2026|28-NOV-2026|77.301651|2000-281-424_1006_252|202547|CONSTRAINED|CONSTRAINED|CONSTRAINED_202547_2025-11-20_0656|BY_IF
2000-281-424|1006|4662|22-NOV-2026|21-NOV-2026|77.301651|2000-281-424_1006_252|202547|CONSTRAINED|CONSTRAINED|CONSTRAINED_202547_2025-11-20_0656|BY_IF
2000-281-424|1006|4661|15-NOV-2026|14-NOV-2026|77.301651|2000-281-424_1006_252|202547|CONSTRAINED|CONSTRAINED|CONSTRAINED_202547_2025-11-20_0656|BY_IF
2000-281-424|1006|4660|08-NOV-2026|07-NOV-2026|77.301651|2000-281-424_1006_252|202547|CONSTRAINED|CONSTRAINED|CONSTRAINED_202547_2025-11-20_0656|BY_IF
2000-281-424|1006|4659|01-NOV-2026|31-OCT-2026|77.301651|2000-281-424_1006_252|202547|CONSTRAINED|CONSTRAINED|CONSTRAINED_202547_2025-11-20_0656|BY_IF
2000-281-424|1006|4658|25-OCT-2026|24-OCT-2026|77.301651|2000-281-424_1006_252|202547|CONSTRAINED|CONSTRAINED|CONSTRAINED_202547_2025-11-20_0656|BY_IF
2000-281-424|1006|4657|18-OCT-2026|17-OCT-2026|77.301651|2000-281-424_1006_252|202547|CONSTRAINED|CONSTRAINED|CONSTRAINED_202547_2025-11-20_0656|BY_IF
2000-281-424|1006|4656|11-OCT-2026|10-OCT-2026|77.301651|2000-281-424_1006_252|202547|CONSTRAINED|CONSTRAINED|CONSTRAINED_202547_2025-11-20_0656|BY_IF
2000-281-424|1006|4655|04-OCT-2026|03-OCT-2026|77.301651|2000-281-424_1006_252|202547|CONSTRAINED|CONSTRAINED|CONSTRAINED_202547_2025-11-20_0656|BY_IF
2000-281-424|1006|4654|27-SEP-2026|26-SEP-2026|77.301651|2000-281-424_1006_252|202547|CONSTRAINED|CONSTRAINED|CONSTRAINED_202547_2025-11-20_0656|BY_IF
2000-281-424|1006|4653|20-SEP-2026|19-SEP-2026|77.301651|2000-281-424_1006_252|202547|CONSTRAINED|CONSTRAINED|CONSTRAINED_202547_2025-11-20_0656|BY_IF
2000-281-424|1006|4652|13-SEP-2026|12-SEP-2026|77.301651|2000-281-424_1006_252|202547|CONSTRAINED|CONSTRAINED|CONSTRAINED_202547_2025-11-20_0656|BY_IF
2000-281-424|1006|4651|06-SEP-2026|05-SEP-2026|77.301651|2000-281-424_1006_252|202547|CONSTRAINED|CONSTRAINED|CONSTRAINED_202547_2025-11-20_0656|BY_IF
2000-281-424|1006|4650|30-AUG-2026|29-AUG-2026|77.301651|2000-281-424_1006_252|202547|CONSTRAINED|CONSTRAINED|CONSTRAINED_202547_2025-11-20_0656|BY_IF
2000-281-424|1006|4649|23-AUG-2026|22-AUG-2026|77.301651|2000-281-424_1006_252|202547|CONSTRAINED|CONSTRAINED|CONSTRAINED_202547_2025-11-20_0656|BY_IF
2000-281-424|1006|4648|16-AUG-2026|15-AUG-2026|77.301651|2000-281-424_1006_252|202547|CONSTRAINED|CONSTRAINED|CONSTRAINED_202547_2025-11-20_0656|BY_IF
2000-281-424|1006|4647|09-AUG-2026|08-AUG-2026|77.301651|2000-281-424_1006_252|202547|CONSTRAINED|CONSTRAINED|CONSTRAINED_202547_2025-11-20_0656|BY_IF
2000-281-424|1006|4646|02-AUG-2026|01-AUG-2026|77.301651|2000-281-424_1006_252|202547|CONSTRAINED|CONSTRAINED|CONSTRAINED_202547_2025-11-20_0656|BY_IF
2000-281-424|1006|4645|26-JUL-2026|25-JUL-2026|77.301651|2000-281-424_1006_252|202547|CONSTRAINED|CONSTRAINED|CONSTRAINED_202547_2025-11-20_0656|BY_IF
2000-281-424|1006|4644|19-JUL-2026|18-JUL-2026|77.301651|2000-281-424_1006_252|202547|CONSTRAINED|CONSTRAINED|CONSTRAINED_202547_2025-11-20_0656|BY_IF
2000-281-424|1006|4643|12-JUL-2026|11-JUL-2026|77.301651|2000-281-424_1006_252|202547|CONSTRAINED|CONSTRAINED|CONSTRAINED_202547_2025-11-20_0656|BY_IF
2000-281-424|1006|4642|05-JUL-2026|04-JUL-2026|77.301651|2000-281-424_1006_252|202547|CONSTRAINED|CONSTRAINED|CONSTRAINED_202547_2025-11-20_0656|BY_IF
2000-281-424|1006|4641|28-JUN-2026|27-JUN-2026|77.301651|2000-281-424_1006_252|202547|CONSTRAINED|CONSTRAINED|CONSTRAINED_202547_2025-11-20_0656|BY_IF
2000-281-424|1006|4640|21-JUN-2026|20-JUN-2026|77.301651|2000-281-424_1006_252|202547|CONSTRAINED|CONSTRAINED|CONSTRAINED_202547_2025-11-20_0656|BY_IF
2000-281-424|1006|4639|14-JUN-2026|13-JUN-2026|77.301651|2000-281-424_1006_252|202547|CONSTRAINED|CONSTRAINED|CONSTRAINED_202547_2025-11-20_0656|BY_IF
2000-281-424|1006|4638|07-JUN-2026|06-JUN-2026|77.301651|2000-281-424_1006_252|202547|CONSTRAINED|CONSTRAINED|CONSTRAINED_202547_2025-11-20_0656|BY_IF
2000-281-424|1006|4637|31-MAY-2026|30-MAY-2026|77.301651|2000-281-424_1006_252|202547|CONSTRAINED|CONSTRAINED|CONSTRAINED_202547_2025-11-20_0656|BY_IF
2000-281-424|1006|4636|24-MAY-2026|23-MAY-2026|77.301651|2000-281-424_1006_252|202547|CONSTRAINED|CONSTRAINED|CONSTRAINED_202547_2025-11-20_0656|BY_IF
2000-281-424|1006|4635|17-MAY-2026|16-MAY-2026|77.301651|2000-281-424_1006_252|202547|CONSTRAINED|CONSTRAINED|CONSTRAINED_202547_2025-11-20_0656|BY_IF
2000-281-424|1006|4634|10-MAY-2026|09-MAY-2026|77.301651|2000-281-424_1006_252|202547|CONSTRAINED|CONSTRAINED|CONSTRAINED_202547_2025-11-20_0656|BY_IF
2000-281-424|1006|4633|03-MAY-2026|02-MAY-2026|77.301651|2000-281-424_1006_252|202547|CONSTRAINED|CONSTRAINED|CONSTRAINED_202547_2025-11-20_0656|BY_IF
2000-281-424|1006|4632|26-APR-2026|25-APR-2026|77.301651|2000-281-424_1006_252|202547|CONSTRAINED|CONSTRAINED|CONSTRAINED_202547_2025-11-20_0656|BY_IF
2000-281-424|1006|4631|19-APR-2026|18-APR-2026|77.301651|2000-281-424_1006_252|202547|CONSTRAINED|CONSTRAINED|CONSTRAINED_202547_2025-11-20_0656|BY_IF
2000-281-424|1006|4630|12-APR-2026|11-APR-2026|77.301651|2000-281-424_1006_252|202547|CONSTRAINED|CONSTRAINED|CONSTRAINED_202547_2025-11-20_0656|BY_IF
2000-281-424|1006|4629|05-APR-2026|04-APR-2026|77.301651|2000-281-424_1006_252|202547|CONSTRAINED|CONSTRAINED|CONSTRAINED_202547_2025-11-20_0656|BY_IF
2000-281-424|1006|4628|29-MAR-2026|28-MAR-2026|77.301651|2000-281-424_1006_252|202547|CONSTRAINED|CONSTRAINED|CONSTRAINED_202547_2025-11-20_0656|BY_IF
2000-281-424|1006|4627|22-MAR-2026|21-MAR-2026|77.301651|2000-281-424_1006_252|202547|CONSTRAINED|CONSTRAINED|CONSTRAINED_202547_2025-11-20_0656|BY_IF
2000-281-424|1006|4626|15-MAR-2026|14-MAR-2026|77.301651|2000-281-424_1006_252|202547|CONSTRAINED|CONSTRAINED|CONSTRAINED_202547_2025-11-20_0656|BY_IF
2000-281-424|1006|4625|08-MAR-2026|07-MAR-2026|77.301651|2000-281-424_1006_252|202547|CONSTRAINED|CONSTRAINED|CONSTRAINED_202547_2025-11-20_0656|BY_IF
2000-281-424|1006|4624|01-MAR-2026|28-FEB-2026|77.301651|2000-281-424_1006_252|202547|CONSTRAINED|CONSTRAINED|CONSTRAINED_202547_2025-11-20_0656|BY_IF
2000-281-424|1006|4623|22-FEB-2026|21-FEB-2026|77.301651|2000-281-424_1006_252|202547|CONSTRAINED|CONSTRAINED|CONSTRAINED_202547_2025-11-20_0656|BY_IF
2000-281-424|1006|4622|15-FEB-2026|14-FEB-2026|77.301651|2000-281-424_1006_252|202547|CONSTRAINED|CONSTRAINED|CONSTRAINED_202547_2025-11-20_0656|BY_IF
2000-281-424|1006|4621|08-FEB-2026|07-FEB-2026|77.301651|2000-281-424_1006_252|202547|CONSTRAINED|CONSTRAINED|CONSTRAINED_202547_2025-11-20_0656|BY_IF
2000-281-424|1006|4620|01-FEB-2026|31-JAN-2026|77.301651|2000-281-424_1006_252|202547|CONSTRAINED|CONSTRAINED|CONSTRAINED_202547_2025-11-20_0656|BY_IF
2000-281-424|1006|4619|25-JAN-2026|24-JAN-2026|77.301651|2000-281-424_1006_252|202547|CONSTRAINED|CONSTRAINED|CONSTRAINED_202547_2025-11-20_0656|BY_IF
2000-281-424|1006|4618|18-JAN-2026|17-JAN-2026|27.321159|2000-281-424_1006_252|202547|CONSTRAINED|CONSTRAINED|CONSTRAINED_202547_2025-11-20_0656|BY_IF
2000-281-424|1006|4617|24-AUG-2025|23-AUG-2025|103.068901|2000-281-424_1006_252|202547|CONSTRAINED|CONSTRAINED|CONSTRAINED_202547_2025-11-20_0656|BY_IF
2000-281-424|1006|4616|17-AUG-2025|16-AUG-2025|105.130203|2000-281-424_1006_252|202547|CONSTRAINED|CONSTRAINED|CONSTRAINED_202547_2025-11-20_0656|BY_IF
2000-281-424|1006|4615|10-AUG-2025|09-AUG-2025|242.211807|2000-281-424_1006_252|202547|CONSTRAINED|CONSTRAINED|CONSTRAINED_202547_2025-11-20_0656|BY_IF
2000-281-424|1006|4614|27-JUL-2025|26-JUL-2025|92.761978|2000-281-424_1006_252|202547|CONSTRAINED|CONSTRAINED|CONSTRAINED_202547_2025-11-20_0656|BY_IF
2000-281-427|1006|5460|18-JUL-2027|17-JUL-2027|152.284302|2000-281-427_1006_241|202547|CONSTRAINED|CONSTRAINED|CONSTRAINED_202547_2025-11-20_0656|BY_IF
2000-281-427|1006|5459|11-JUL-2027|10-JUL-2027|76.142128|2000-281-427_1006_241|202547|CONSTRAINED|CONSTRAINED|CONSTRAINED_202547_2025-11-20_0656|BY_IF
2000-281-427|1006|5458|04-JUL-2027|03-JUL-2027|76.142128|2000-281-427_1006_241|202547|CONSTRAINED|CONSTRAINED|CONSTRAINED_202547_2025-11-20_0656|BY_IF
2000-281-427|1006|5457|27-JUN-2027|26-JUN-2027|76.142128|2000-281-427_1006_241|202547|CONSTRAINED|CONSTRAINED|CONSTRAINED_202547_2025-11-20_0656|BY_IF
2000-281-427|1006|5456|20-JUN-2027|19-JUN-2027|76.142128|2000-281-427_1006_241|202547|CONSTRAINED|CONSTRAINED|CONSTRAINED_202547_2025-11-20_0656|BY_IF
2000-281-427|1006|5455|13-JUN-2027|12-JUN-2027|76.142128|2000-281-427_1006_241|202547|CONSTRAINED|CONSTRAINED|CONSTRAINED_202547_2025-11-20_0656|BY_IF
2000-281-427|1006|5454|06-JUN-2027|05-JUN-2027|76.142128|2000-281-427_1006_241|202547|CONSTRAINED|CONSTRAINED|CONSTRAINED_202547_2025-11-20_0656|BY_IF
2000-281-427|1006|5453|30-MAY-2027|29-MAY-2027|76.142128|2000-281-427_1006_241|202547|CONSTRAINED|CONSTRAINED|CONSTRAINED_202547_2025-11-20_0656|BY_IF
2000-281-427|1006|5452|23-MAY-2027|22-MAY-2027|76.142128|2000-281-427_1006_241|202547|CONSTRAINED|CONSTRAINED|CONSTRAINED_202547_2025-11-20_0656|BY_IF
2000-281-427|1006|5451|16-MAY-2027|15-MAY-2027|76.142128|2000-281-427_1006_241|202547|CONSTRAINED|CONSTRAINED|CONSTRAINED_202547_2025-11-20_0656|BY_IF
2000-281-427|1006|5450|09-MAY-2027|08-MAY-2027|76.142128|2000-281-427_1006_241|202547|CONSTRAINED|CONSTRAINED|CONSTRAINED_202547_2025-11-20_0656|BY_IF
2000-281-427|1006|5449|02-MAY-2027|01-MAY-2027|76.142128|2000-281-427_1006_241|202547|CONSTRAINED|CONSTRAINED|CONSTRAINED_202547_2025-11-20_0656|BY_IF
2000-281-427|1006|5448|25-APR-2027|24-APR-2027|76.142128|2000-281-427_1006_241|202547|CONSTRAINED|CONSTRAINED|CONSTRAINED_202547_2025-11-20_0656|BY_IF
2000-281-427|1006|5447|18-APR-2027|17-APR-2027|76.142128|2000-281-427_1006_241|202547|CONSTRAINED|CONSTRAINED|CONSTRAINED_202547_2025-11-20_0656|BY_IF
2000-281-427|1006|5446|11-APR-2027|10-APR-2027|76.142128|2000-281-427_1006_241|202547|CONSTRAINED|CONSTRAINED|CONSTRAINED_202547_2025-11-20_0656|BY_IF
2000-281-427|1006|5445|04-APR-2027|03-APR-2027|76.142128|2000-281-427_1006_241|202547|CONSTRAINED|CONSTRAINED|CONSTRAINED_202547_2025-11-20_0656|BY_IF
2000-281-427|1006|5444|28-MAR-2027|27-MAR-2027|76.142128|2000-281-427_1006_241|202547|CONSTRAINED|CONSTRAINED|CONSTRAINED_202547_2025-11-20_0656|BY_IF
2000-281-427|1006|5443|21-MAR-2027|20-MAR-2027|76.142128|2000-281-427_1006_241|202547|CONSTRAINED|CONSTRAINED|CONSTRAINED_202547_2025-11-20_0656|BY_IF
2000-281-427|1006|5442|14-MAR-2027|13-MAR-2027|76.142128|2000-281-427_1006_241|202547|CONSTRAINED|CONSTRAINED|CONSTRAINED_202547_2025-11-20_0656|BY_IF
2000-281-427|1006|5441|07-MAR-2027|06-MAR-2027|76.142128|2000-281-427_1006_241|202547|CONSTRAINED|CONSTRAINED|CONSTRAINED_202547_2025-11-20_0656|BY_IF
2000-281-427|1006|5440|28-FEB-2027|27-FEB-2027|76.142128|2000-281-427_1006_241|202547|CONSTRAINED|CONSTRAINED|CONSTRAINED_202547_2025-11-20_0656|BY_IF
2000-281-427|1006|5439|21-FEB-2027|20-FEB-2027|76.142128|2000-281-427_1006_241|202547|CONSTRAINED|CONSTRAINED|CONSTRAINED_202547_2025-11-20_0656|BY_IF
2000-281-427|1006|5438|14-FEB-2027|13-FEB-2027|76.142128|2000-281-427_1006_241|202547|CONSTRAINED|CONSTRAINED|CONSTRAINED_202547_2025-11-20_0656|BY_IF
2000-281-427|1006|5437|07-FEB-2027|06-FEB-2027|76.142128|2000-281-427_1006_241|202547|CONSTRAINED|CONSTRAINED|CONSTRAINED_202547_2025-11-20_0656|BY_IF
2000-281-427|1006|5436|31-JAN-2027|30-JAN-2027|76.142128|2000-281-427_1006_241|202547|CONSTRAINED|CONSTRAINED|CONSTRAINED_202547_2025-11-20_0656|BY_IF
2000-281-427|1006|5435|24-JAN-2027|23-JAN-2027|76.142128|2000-281-427_1006_241|202547|CONSTRAINED|CONSTRAINED|CONSTRAINED_202547_2025-11-20_0656|BY_IF
2000-281-427|1006|5434|17-JAN-2027|16-JAN-2027|76.142128|2000-281-427_1006_241|202547|CONSTRAINED|CONSTRAINED|CONSTRAINED_202547_2025-11-20_0656|BY_IF
2000-281-427|1006|5433|10-JAN-2027|09-JAN-2027|76.142128|2000-281-427_1006_241|202547|CONSTRAINED|CONSTRAINED|CONSTRAINED_202547_2025-11-20_0656|BY_IF
2000-281-427|1006|5432|03-JAN-2027|02-JAN-2027|76.142128|2000-281-427_1006_241|202547|CONSTRAINED|CONSTRAINED|CONSTRAINED_202547_2025-11-20_0656|BY_IF
2000-281-427|1006|5431|27-DEC-2026|26-DEC-2026|76.142128|2000-281-427_1006_241|202547|CONSTRAINED|CONSTRAINED|CONSTRAINED_202547_2025-11-20_0656|BY_IF
2000-281-427|1006|5430|20-DEC-2026|19-DEC-2026|76.142128|2000-281-427_1006_241|202547|CONSTRAINED|CONSTRAINED|CONSTRAINED_202547_2025-11-20_0656|BY_IF
2000-281-427|1006|5429|13-DEC-2026|12-DEC-2026|76.142128|2000-281-427_1006_241|202547|CONSTRAINED|CONSTRAINED|CONSTRAINED_202547_2025-11-20_0656|BY_IF
2000-281-427|1006|5428|06-DEC-2026|05-DEC-2026|76.142128|2000-281-427_1006_241|202547|CONSTRAINED|CONSTRAINED|CONSTRAINED_202547_2025-11-20_0656|BY_IF
2000-281-427|1006|5427|29-NOV-2026|28-NOV-2026|76.142128|2000-281-427_1006_241|202547|CONSTRAINED|CONSTRAINED|CONSTRAINED_202547_2025-11-20_0656|BY_IF
2000-281-427|1006|5426|22-NOV-2026|21-NOV-2026|76.142128|2000-281-427_1006_241|202547|CONSTRAINED|CONSTRAINED|CONSTRAINED_202547_2025-11-20_0656|BY_IF
2000-281-427|1006|5425|15-NOV-2026|14-NOV-2026|76.142128|2000-281-427_1006_241|202547|CONSTRAINED|CONSTRAINED|CONSTRAINED_202547_2025-11-20_0656|BY_IF
2000-281-427|1006|5424|08-NOV-2026|07-NOV-2026|76.142128|2000-281-427_1006_241|202547|CONSTRAINED|CONSTRAINED|CONSTRAINED_202547_2025-11-20_0656|BY_IF
2000-281-427|1006|5423|01-NOV-2026|31-OCT-2026|76.142128|2000-281-427_1006_241|202547|CONSTRAINED|CONSTRAINED|CONSTRAINED_202547_2025-11-20_0656|BY_IF
2000-281-427|1006|5422|25-OCT-2026|24-OCT-2026|76.142128|2000-281-427_1006_241|202547|CONSTRAINED|CONSTRAINED|CONSTRAINED_202547_2025-11-20_0656|BY_IF
2000-281-427|1006|5421|18-OCT-2026|17-OCT-2026|76.142128|2000-281-427_1006_241|202547|CONSTRAINED|CONSTRAINED|CONSTRAINED_202547_2025-11-20_0656|BY_IF
2000-281-427|1006|5420|11-OCT-2026|10-OCT-2026|76.142128|2000-281-427_1006_241|202547|CONSTRAINED|CONSTRAINED|CONSTRAINED_202547_2025-11-20_0656|BY_IF
2000-281-427|1006|5419|04-OCT-2026|03-OCT-2026|76.142128|2000-281-427_1006_241|202547|CONSTRAINED|CONSTRAINED|CONSTRAINED_202547_2025-11-20_0656|BY_IF
2000-281-427|1006|5418|27-SEP-2026|26-SEP-2026|76.142128|2000-281-427_1006_241|202547|CONSTRAINED|CONSTRAINED|CONSTRAINED_202547_2025-11-20_0656|BY_IF
2000-281-427|1006|5417|20-SEP-2026|19-SEP-2026|76.142128|2000-281-427_1006_241|202547|CONSTRAINED|CONSTRAINED|CONSTRAINED_202547_2025-11-20_0656|BY_IF
2000-281-427|1006|5416|13-SEP-2026|12-SEP-2026|76.142128|2000-281-427_1006_241|202547|CONSTRAINED|CONSTRAINED|CONSTRAINED_202547_2025-11-20_0656|BY_IF
2000-281-427|1006|5415|06-SEP-2026|05-SEP-2026|76.142128|2000-281-427_1006_241|202547|CONSTRAINED|CONSTRAINED|CONSTRAINED_202547_2025-11-20_0656|BY_IF
2000-281-427|1006|5414|30-AUG-2026|29-AUG-2026|76.142128|2000-281-427_1006_241|202547|CONSTRAINED|CONSTRAINED|CONSTRAINED_202547_2025-11-20_0656|BY_IF
2000-281-427|1006|5413|23-AUG-2026|22-AUG-2026|76.142128|2000-281-427_1006_241|202547|CONSTRAINED|CONSTRAINED|CONSTRAINED_202547_2025-11-20_0656|BY_IF
2000-281-427|1006|5412|16-AUG-2026|15-AUG-2026|76.142128|2000-281-427_1006_241|202547|CONSTRAINED|CONSTRAINED|CONSTRAINED_202547_2025-11-20_0656|BY_IF
2000-281-427|1006|5411|09-AUG-2026|08-AUG-2026|76.142128|2000-281-427_1006_241|202547|CONSTRAINED|CONSTRAINED|CONSTRAINED_202547_2025-11-20_0656|BY_IF
2000-281-427|1006|5410|02-AUG-2026|01-AUG-2026|76.142128|2000-281-427_1006_241|202547|CONSTRAINED|CONSTRAINED|CONSTRAINED_202547_2025-11-20_0656|BY_IF
2000-281-427|1006|5409|26-JUL-2026|25-JUL-2026|76.142128|2000-281-427_1006_241|202547|CONSTRAINED|CONSTRAINED|CONSTRAINED_202547_2025-11-20_0656|BY_IF
2000-281-427|1006|5408|19-JUL-2026|18-JUL-2026|76.142128|2000-281-427_1006_241|202547|CONSTRAINED|CONSTRAINED|CONSTRAINED_202547_2025-11-20_0656|BY_IF
2000-281-427|1006|5407|12-JUL-2026|11-JUL-2026|76.142128|2000-281-427_1006_241|202547|CONSTRAINED|CONSTRAINED|CONSTRAINED_202547_2025-11-20_0656|BY_IF
2000-281-427|1006|5406|05-JUL-2026|04-JUL-2026|76.142128|2000-281-427_1006_241|202547|CONSTRAINED|CONSTRAINED|CONSTRAINED_202547_2025-11-20_0656|BY_IF
2000-281-427|1006|5405|28-JUN-2026|27-JUN-2026|76.142128|2000-281-427_1006_241|202547|CONSTRAINED|CONSTRAINED|CONSTRAINED_202547_2025-11-20_0656|BY_IF
2000-281-427|1006|5404|21-JUN-2026|20-JUN-2026|76.142128|2000-281-427_1006_241|202547|CONSTRAINED|CONSTRAINED|CONSTRAINED_202547_2025-11-20_0656|BY_IF
2000-281-427|1006|5403|14-JUN-2026|13-JUN-2026|76.142128|2000-281-427_1006_241|202547|CONSTRAINED|CONSTRAINED|CONSTRAINED_202547_2025-11-20_0656|BY_IF
2000-281-427|1006|5402|07-JUN-2026|06-JUN-2026|76.142128|2000-281-427_1006_241|202547|CONSTRAINED|CONSTRAINED|CONSTRAINED_202547_2025-11-20_0656|BY_IF
2000-281-427|1006|5401|31-MAY-2026|30-MAY-2026|76.142128|2000-281-427_1006_241|202547|CONSTRAINED|CONSTRAINED|CONSTRAINED_202547_2025-11-20_0656|BY_IF
2000-281-427|1006|5400|24-MAY-2026|23-MAY-2026|76.142128|2000-281-427_1006_241|202547|CONSTRAINED|CONSTRAINED|CONSTRAINED_202547_2025-11-20_0656|BY_IF
2000-281-427|1006|5399|17-MAY-2026|16-MAY-2026|76.142128|2000-281-427_1006_241|202547|CONSTRAINED|CONSTRAINED|CONSTRAINED_202547_2025-11-20_0656|BY_IF
2000-281-427|1006|5398|10-MAY-2026|09-MAY-2026|76.142128|2000-281-427_1006_241|202547|CONSTRAINED|CONSTRAINED|CONSTRAINED_202547_2025-11-20_0656|BY_IF
2000-281-427|1006|5397|03-MAY-2026|02-MAY-2026|76.142128|2000-281-427_1006_241|202547|CONSTRAINED|CONSTRAINED|CONSTRAINED_202547_2025-11-20_0656|BY_IF
2000-281-427|1006|5396|26-APR-2026|25-APR-2026|76.142128|2000-281-427_1006_241|202547|CONSTRAINED|CONSTRAINED|CONSTRAINED_202547_2025-11-20_0656|BY_IF
2000-281-427|1006|5395|19-APR-2026|18-APR-2026|76.142128|2000-281-427_1006_241|202547|CONSTRAINED|CONSTRAINED|CONSTRAINED_202547_2025-11-20_0656|BY_IF
2000-281-427|1006|5394|12-APR-2026|11-APR-2026|76.142128|2000-281-427_1006_241|202547|CONSTRAINED|CONSTRAINED|CONSTRAINED_202547_2025-11-20_0656|BY_IF
2000-281-427|1006|5393|05-APR-2026|04-APR-2026|76.142128|2000-281-427_1006_241|202547|CONSTRAINED|CONSTRAINED|CONSTRAINED_202547_2025-11-20_0656|BY_IF
2000-281-427|1006|5392|29-MAR-2026|28-MAR-2026|76.142128|2000-281-427_1006_241|202547|CONSTRAINED|CONSTRAINED|CONSTRAINED_202547_2025-11-20_0656|BY_IF
2000-281-427|1006|5391|22-MAR-2026|21-MAR-2026|76.142128|2000-281-427_1006_241|202547|CONSTRAINED|CONSTRAINED|CONSTRAINED_202547_2025-11-20_0656|BY_IF
2000-281-427|1006|5390|15-MAR-2026|14-MAR-2026|76.142128|2000-281-427_1006_241|202547|CONSTRAINED|CONSTRAINED|CONSTRAINED_202547_2025-11-20_0656|BY_IF
2000-281-427|1006|5389|08-MAR-2026|07-MAR-2026|76.142128|2000-281-427_1006_241|202547|CONSTRAINED|CONSTRAINED|CONSTRAINED_202547_2025-11-20_0656|BY_IF
2000-281-427|1006|5388|01-MAR-2026|28-FEB-2026|76.142128|2000-281-427_1006_241|202547|CONSTRAINED|CONSTRAINED|CONSTRAINED_202547_2025-11-20_0656|BY_IF
2000-281-427|1006|5387|22-FEB-2026|21-FEB-2026|76.142128|2000-281-427_1006_241|202547|CONSTRAINED|CONSTRAINED|CONSTRAINED_202547_2025-11-20_0656|BY_IF
2000-281-427|1006|5386|15-FEB-2026|14-FEB-2026|76.142128|2000-281-427_1006_241|202547|CONSTRAINED|CONSTRAINED|CONSTRAINED_202547_2025-11-20_0656|BY_IF
2000-281-427|1006|5385|08-FEB-2026|07-FEB-2026|76.142128|2000-281-427_1006_241|202547|CONSTRAINED|CONSTRAINED|CONSTRAINED_202547_2025-11-20_0656|BY_IF
2000-281-427|1006|5384|01-FEB-2026|31-JAN-2026|76.142128|2000-281-427_1006_241|202547|CONSTRAINED|CONSTRAINED|CONSTRAINED_202547_2025-11-20_0656|BY_IF
2000-281-427|1006|5383|25-JAN-2026|24-JAN-2026|76.142128|2000-281-427_1006_241|202547|CONSTRAINED|CONSTRAINED|CONSTRAINED_202547_2025-11-20_0656|BY_IF
2000-281-427|1006|5382|18-JAN-2026|17-JAN-2026|26.911341|2000-281-427_1006_241|202547|CONSTRAINED|CONSTRAINED|CONSTRAINED_202547_2025-11-20_0656|BY_IF
2000-281-427|1006|5381|14-SEP-2025|13-SEP-2025|579.179993|2000-281-427_1006_241|202547|CONSTRAINED|CONSTRAINED|CONSTRAINED_202547_2025-11-20_0656|BY_IF
2000-281-427|1006|5380|24-AUG-2025|23-AUG-2025|101.522797|2000-281-427_1006_241|202547|CONSTRAINED|CONSTRAINED|CONSTRAINED_202547_2025-11-20_0656|BY_IF
2000-281-427|1006|5379|17-AUG-2025|16-AUG-2025|103.553299|2000-281-427_1006_241|202547|CONSTRAINED|CONSTRAINED|CONSTRAINED_202547_2025-11-20_0656|BY_IF
2000-281-427|1006|5378|10-AUG-2025|09-AUG-2025|238.578705|2000-281-427_1006_241|202547|CONSTRAINED|CONSTRAINED|CONSTRAINED_202547_2025-11-20_0656|BY_IF
2000-281-427|1006|5377|27-JUL-2025|26-JUL-2025|91.37056|2000-281-427_1006_241|202547|CONSTRAINED|CONSTRAINED|CONSTRAINED_202547_2025-11-20_0656|BY_IF
2000-281-446|1006|6389|18-JUL-2027|17-JUL-2027|154.603302|2000-281-446_1006_268|202547|CONSTRAINED|CONSTRAINED|CONSTRAINED_202547_2025-11-20_0656|BY_IF
2000-281-446|1006|6388|11-JUL-2027|10-JUL-2027|77.301651|2000-281-446_1006_268|202547|CONSTRAINED|CONSTRAINED|CONSTRAINED_202547_2025-11-20_0656|BY_IF
2000-281-446|1006|6387|04-JUL-2027|03-JUL-2027|77.301651|2000-281-446_1006_268|202547|CONSTRAINED|CONSTRAINED|CONSTRAINED_202547_2025-11-20_0656|BY_IF
2000-281-446|1006|6386|27-JUN-2027|26-JUN-2027|77.301651|2000-281-446_1006_268|202547|CONSTRAINED|CONSTRAINED|CONSTRAINED_202547_2025-11-20_0656|BY_IF
2000-281-446|1006|6385|20-JUN-2027|19-JUN-2027|77.301651|2000-281-446_1006_268|202547|CONSTRAINED|CONSTRAINED|CONSTRAINED_202547_2025-11-20_0656|BY_IF
2000-281-446|1006|6384|13-JUN-2027|12-JUN-2027|77.301651|2000-281-446_1006_268|202547|CONSTRAINED|CONSTRAINED|CONSTRAINED_202547_2025-11-20_0656|BY_IF
2000-281-446|1006|6383|06-JUN-2027|05-JUN-2027|77.301651|2000-281-446_1006_268|202547|CONSTRAINED|CONSTRAINED|CONSTRAINED_202547_2025-11-20_0656|BY_IF
2000-281-446|1006|6382|30-MAY-2027|29-MAY-2027|77.301651|2000-281-446_1006_268|202547|CONSTRAINED|CONSTRAINED|CONSTRAINED_202547_2025-11-20_0656|BY_IF
2000-281-446|1006|6381|23-MAY-2027|22-MAY-2027|77.301651|2000-281-446_1006_268|202547|CONSTRAINED|CONSTRAINED|CONSTRAINED_202547_2025-11-20_0656|BY_IF
2000-281-446|1006|6380|16-MAY-2027|15-MAY-2027|77.301651|2000-281-446_1006_268|202547|CONSTRAINED|CONSTRAINED|CONSTRAINED_202547_2025-11-20_0656|BY_IF
2000-281-446|1006|6379|09-MAY-2027|08-MAY-2027|77.301651|2000-281-446_1006_268|202547|CONSTRAINED|CONSTRAINED|CONSTRAINED_202547_2025-11-20_0656|BY_IF
2000-281-446|1006|6378|02-MAY-2027|01-MAY-2027|77.301651|2000-281-446_1006_268|202547|CONSTRAINED|CONSTRAINED|CONSTRAINED_202547_2025-11-20_0656|BY_IF
2000-281-446|1006|6377|25-APR-2027|24-APR-2027|77.301651|2000-281-446_1006_268|202547|CONSTRAINED|CONSTRAINED|CONSTRAINED_202547_2025-11-20_0656|BY_IF
2000-281-446|1006|6376|18-APR-2027|17-APR-2027|77.301651|2000-281-446_1006_268|202547|CONSTRAINED|CONSTRAINED|CONSTRAINED_202547_2025-11-20_0656|BY_IF
2000-281-446|1006|6375|11-APR-2027|10-APR-2027|77.301651|2000-281-446_1006_268|202547|CONSTRAINED|CONSTRAINED|CONSTRAINED_202547_2025-11-20_0656|BY_IF
2000-281-446|1006|6374|04-APR-2027|03-APR-2027|77.301651|2000-281-446_1006_268|202547|CONSTRAINED|CONSTRAINED|CONSTRAINED_202547_2025-11-20_0656|BY_IF
2000-281-446|1006|6373|28-MAR-2027|27-MAR-2027|77.301651|2000-281-446_1006_268|202547|CONSTRAINED|CONSTRAINED|CONSTRAINED_202547_2025-11-20_0656|BY_IF
2000-281-446|1006|6372|21-MAR-2027|20-MAR-2027|77.301651|2000-281-446_1006_268|202547|CONSTRAINED|CONSTRAINED|CONSTRAINED_202547_2025-11-20_0656|BY_IF
2000-281-446|1006|6371|14-MAR-2027|13-MAR-2027|77.301651|2000-281-446_1006_268|202547|CONSTRAINED|CONSTRAINED|CONSTRAINED_202547_2025-11-20_0656|BY_IF
2000-281-446|1006|6370|07-MAR-2027|06-MAR-2027|77.301651|2000-281-446_1006_268|202547|CONSTRAINED|CONSTRAINED|CONSTRAINED_202547_2025-11-20_0656|BY_IF
2000-281-446|1006|6369|28-FEB-2027|27-FEB-2027|77.301651|2000-281-446_1006_268|202547|CONSTRAINED|CONSTRAINED|CONSTRAINED_202547_2025-11-20_0656|BY_IF
2000-281-446|1006|6368|21-FEB-2027|20-FEB-2027|77.301651|2000-281-446_1006_268|202547|CONSTRAINED|CONSTRAINED|CONSTRAINED_202547_2025-11-20_0656|BY_IF
2000-281-446|1006|6367|14-FEB-2027|13-FEB-2027|77.301651|2000-281-446_1006_268|202547|CONSTRAINED|CONSTRAINED|CONSTRAINED_202547_2025-11-20_0656|BY_IF
2000-281-446|1006|6366|07-FEB-2027|06-FEB-2027|77.301651|2000-281-446_1006_268|202547|CONSTRAINED|CONSTRAINED|CONSTRAINED_202547_2025-11-20_0656|BY_IF
2000-281-446|1006|6365|31-JAN-2027|30-JAN-2027|77.301651|2000-281-446_1006_268|202547|CONSTRAINED|CONSTRAINED|CONSTRAINED_202547_2025-11-20_0656|BY_IF
2000-281-446|1006|6364|24-JAN-2027|23-JAN-2027|77.301651|2000-281-446_1006_268|202547|CONSTRAINED|CONSTRAINED|CONSTRAINED_202547_2025-11-20_0656|BY_IF
2000-281-446|1006|6363|17-JAN-2027|16-JAN-2027|77.301651|2000-281-446_1006_268|202547|CONSTRAINED|CONSTRAINED|CONSTRAINED_202547_2025-11-20_0656|BY_IF
2000-281-446|1006|6362|10-JAN-2027|09-JAN-2027|77.301651|2000-281-446_1006_268|202547|CONSTRAINED|CONSTRAINED|CONSTRAINED_202547_2025-11-20_0656|BY_IF
2000-281-446|1006|6361|03-JAN-2027|02-JAN-2027|77.301651|2000-281-446_1006_268|202547|CONSTRAINED|CONSTRAINED|CONSTRAINED_202547_2025-11-20_0656|BY_IF
2000-281-446|1006|6360|27-DEC-2026|26-DEC-2026|77.301651|2000-281-446_1006_268|202547|CONSTRAINED|CONSTRAINED|CONSTRAINED_202547_2025-11-20_0656|BY_IF
2000-281-446|1006|6359|20-DEC-2026|19-DEC-2026|77.301651|2000-281-446_1006_268|202547|CONSTRAINED|CONSTRAINED|CONSTRAINED_202547_2025-11-20_0656|BY_IF
2000-281-446|1006|6358|13-DEC-2026|12-DEC-2026|77.301651|2000-281-446_1006_268|202547|CONSTRAINED|CONSTRAINED|CONSTRAINED_202547_2025-11-20_0656|BY_IF
2000-281-446|1006|6357|06-DEC-2026|05-DEC-2026|77.301651|2000-281-446_1006_268|202547|CONSTRAINED|CONSTRAINED|CONSTRAINED_202547_2025-11-20_0656|BY_IF
2000-281-446|1006|6356|29-NOV-2026|28-NOV-2026|77.301651|2000-281-446_1006_268|202547|CONSTRAINED|CONSTRAINED|CONSTRAINED_202547_2025-11-20_0656|BY_IF
2000-281-446|1006|6355|22-NOV-2026|21-NOV-2026|77.301651|2000-281-446_1006_268|202547|CONSTRAINED|CONSTRAINED|CONSTRAINED_202547_2025-11-20_0656|BY_IF
2000-281-446|1006|6354|15-NOV-2026|14-NOV-2026|77.301651|2000-281-446_1006_268|202547|CONSTRAINED|CONSTRAINED|CONSTRAINED_202547_2025-11-20_0656|BY_IF
2000-281-446|1006|6353|08-NOV-2026|07-NOV-2026|77.301651|2000-281-446_1006_268|202547|CONSTRAINED|CONSTRAINED|CONSTRAINED_202547_2025-11-20_0656|BY_IF
2000-281-446|1006|6352|01-NOV-2026|31-OCT-2026|77.301651|2000-281-446_1006_268|202547|CONSTRAINED|CONSTRAINED|CONSTRAINED_202547_2025-11-20_0656|BY_IF
2000-281-446|1006|6351|25-OCT-2026|24-OCT-2026|77.301651|2000-281-446_1006_268|202547|CONSTRAINED|CONSTRAINED|CONSTRAINED_202547_2025-11-20_0656|BY_IF
2000-281-446|1006|6350|18-OCT-2026|17-OCT-2026|77.301651|2000-281-446_1006_268|202547|CONSTRAINED|CONSTRAINED|CONSTRAINED_202547_2025-11-20_0656|BY_IF
2000-281-446|1006|6349|11-OCT-2026|10-OCT-2026|77.301651|2000-281-446_1006_268|202547|CONSTRAINED|CONSTRAINED|CONSTRAINED_202547_2025-11-20_0656|BY_IF
2000-281-446|1006|6348|04-OCT-2026|03-OCT-2026|77.301651|2000-281-446_1006_268|202547|CONSTRAINED|CONSTRAINED|CONSTRAINED_202547_2025-11-20_0656|BY_IF
2000-281-446|1006|6347|27-SEP-2026|26-SEP-2026|77.301651|2000-281-446_1006_268|202547|CONSTRAINED|CONSTRAINED|CONSTRAINED_202547_2025-11-20_0656|BY_IF
2000-281-446|1006|6346|20-SEP-2026|19-SEP-2026|77.301651|2000-281-446_1006_268|202547|CONSTRAINED|CONSTRAINED|CONSTRAINED_202547_2025-11-20_0656|BY_IF
2000-281-446|1006|6345|13-SEP-2026|12-SEP-2026|77.301651|2000-281-446_1006_268|202547|CONSTRAINED|CONSTRAINED|CONSTRAINED_202547_2025-11-20_0656|BY_IF
2000-281-446|1006|6344|06-SEP-2026|05-SEP-2026|77.301651|2000-281-446_1006_268|202547|CONSTRAINED|CONSTRAINED|CONSTRAINED_202547_2025-11-20_0656|BY_IF
2000-281-446|1006|6343|30-AUG-2026|29-AUG-2026|77.301651|2000-281-446_1006_268|202547|CONSTRAINED|CONSTRAINED|CONSTRAINED_202547_2025-11-20_0656|BY_IF
2000-281-446|1006|6342|23-AUG-2026|22-AUG-2026|77.301651|2000-281-446_1006_268|202547|CONSTRAINED|CONSTRAINED|CONSTRAINED_202547_2025-11-20_0656|BY_IF
2000-281-446|1006|6341|16-AUG-2026|15-AUG-2026|77.301651|2000-281-446_1006_268|202547|CONSTRAINED|CONSTRAINED|CONSTRAINED_202547_2025-11-20_0656|BY_IF
2000-281-446|1006|6340|09-AUG-2026|08-AUG-2026|77.301651|2000-281-446_1006_268|202547|CONSTRAINED|CONSTRAINED|CONSTRAINED_202547_2025-11-20_0656|BY_IF
2000-281-446|1006|6339|02-AUG-2026|01-AUG-2026|77.301651|2000-281-446_1006_268|202547|CONSTRAINED|CONSTRAINED|CONSTRAINED_202547_2025-11-20_0656|BY_IF
2000-281-446|1006|6338|26-JUL-2026|25-JUL-2026|77.301651|2000-281-446_1006_268|202547|CONSTRAINED|CONSTRAINED|CONSTRAINED_202547_2025-11-20_0656|BY_IF
2000-281-446|1006|6337|19-JUL-2026|18-JUL-2026|77.301651|2000-281-446_1006_268|202547|CONSTRAINED|CONSTRAINED|CONSTRAINED_202547_2025-11-20_0656|BY_IF
2000-281-446|1006|6336|12-JUL-2026|11-JUL-2026|77.301651|2000-281-446_1006_268|202547|CONSTRAINED|CONSTRAINED|CONSTRAINED_202547_2025-11-20_0656|BY_IF
2000-281-446|1006|6335|05-JUL-2026|04-JUL-2026|77.301651|2000-281-446_1006_268|202547|CONSTRAINED|CONSTRAINED|CONSTRAINED_202547_2025-11-20_0656|BY_IF
2000-281-446|1006|6334|28-JUN-2026|27-JUN-2026|77.301651|2000-281-446_1006_268|202547|CONSTRAINED|CONSTRAINED|CONSTRAINED_202547_2025-11-20_0656|BY_IF
2000-281-446|1006|6333|21-JUN-2026|20-JUN-2026|77.301651|2000-281-446_1006_268|202547|CONSTRAINED|CONSTRAINED|CONSTRAINED_202547_2025-11-20_0656|BY_IF
2000-281-446|1006|6332|14-JUN-2026|13-JUN-2026|77.301651|2000-281-446_1006_268|202547|CONSTRAINED|CONSTRAINED|CONSTRAINED_202547_2025-11-20_0656|BY_IF
2000-281-446|1006|6331|07-JUN-2026|06-JUN-2026|77.301651|2000-281-446_1006_268|202547|CONSTRAINED|CONSTRAINED|CONSTRAINED_202547_2025-11-20_0656|BY_IF
2000-281-446|1006|6330|31-MAY-2026|30-MAY-2026|77.301651|2000-281-446_1006_268|202547|CONSTRAINED|CONSTRAINED|CONSTRAINED_202547_2025-11-20_0656|BY_IF
2000-281-446|1006|6329|24-MAY-2026|23-MAY-2026|77.301651|2000-281-446_1006_268|202547|CONSTRAINED|CONSTRAINED|CONSTRAINED_202547_2025-11-20_0656|BY_IF
2000-281-446|1006|6328|17-MAY-2026|16-MAY-2026|77.301651|2000-281-446_1006_268|202547|CONSTRAINED|CONSTRAINED|CONSTRAINED_202547_2025-11-20_0656|BY_IF
2000-281-446|1006|6327|10-MAY-2026|09-MAY-2026|77.301651|2000-281-446_1006_268|202547|CONSTRAINED|CONSTRAINED|CONSTRAINED_202547_2025-11-20_0656|BY_IF
2000-281-446|1006|6326|03-MAY-2026|02-MAY-2026|77.301651|2000-281-446_1006_268|202547|CONSTRAINED|CONSTRAINED|CONSTRAINED_202547_2025-11-20_0656|BY_IF
2000-281-446|1006|6325|26-APR-2026|25-APR-2026|77.301651|2000-281-446_1006_268|202547|CONSTRAINED|CONSTRAINED|CONSTRAINED_202547_2025-11-20_0656|BY_IF
2000-281-446|1006|6324|19-APR-2026|18-APR-2026|77.301651|2000-281-446_1006_268|202547|CONSTRAINED|CONSTRAINED|CONSTRAINED_202547_2025-11-20_0656|BY_IF
2000-281-446|1006|6323|12-APR-2026|11-APR-2026|77.301651|2000-281-446_1006_268|202547|CONSTRAINED|CONSTRAINED|CONSTRAINED_202547_2025-11-20_0656|BY_IF
2000-281-446|1006|6322|05-APR-2026|04-APR-2026|77.301651|2000-281-446_1006_268|202547|CONSTRAINED|CONSTRAINED|CONSTRAINED_202547_2025-11-20_0656|BY_IF
2000-281-446|1006|6321|29-MAR-2026|28-MAR-2026|77.301651|2000-281-446_1006_268|202547|CONSTRAINED|CONSTRAINED|CONSTRAINED_202547_2025-11-20_0656|BY_IF
2000-281-446|1006|6320|22-MAR-2026|21-MAR-2026|77.301651|2000-281-446_1006_268|202547|CONSTRAINED|CONSTRAINED|CONSTRAINED_202547_2025-11-20_0656|BY_IF
2000-281-446|1006|6319|15-MAR-2026|14-MAR-2026|77.301651|2000-281-446_1006_268|202547|CONSTRAINED|CONSTRAINED|CONSTRAINED_202547_2025-11-20_0656|BY_IF
2000-281-446|1006|6318|08-MAR-2026|07-MAR-2026|77.301651|2000-281-446_1006_268|202547|CONSTRAINED|CONSTRAINED|CONSTRAINED_202547_2025-11-20_0656|BY_IF
2000-281-446|1006|6317|01-MAR-2026|28-FEB-2026|77.301651|2000-281-446_1006_268|202547|CONSTRAINED|CONSTRAINED|CONSTRAINED_202547_2025-11-20_0656|BY_IF
2000-281-446|1006|6316|22-FEB-2026|21-FEB-2026|77.301651|2000-281-446_1006_268|202547|CONSTRAINED|CONSTRAINED|CONSTRAINED_202547_2025-11-20_0656|BY_IF
2000-281-446|1006|6315|15-FEB-2026|14-FEB-2026|77.301651|2000-281-446_1006_268|202547|CONSTRAINED|CONSTRAINED|CONSTRAINED_202547_2025-11-20_0656|BY_IF
2000-281-446|1006|6314|08-FEB-2026|07-FEB-2026|77.301651|2000-281-446_1006_268|202547|CONSTRAINED|CONSTRAINED|CONSTRAINED_202547_2025-11-20_0656|BY_IF
2000-281-446|1006|6313|01-FEB-2026|31-JAN-2026|77.301651|2000-281-446_1006_268|202547|CONSTRAINED|CONSTRAINED|CONSTRAINED_202547_2025-11-20_0656|BY_IF
2000-281-446|1006|6312|25-JAN-2026|24-JAN-2026|77.301651|2000-281-446_1006_268|202547|CONSTRAINED|CONSTRAINED|CONSTRAINED_202547_2025-11-20_0656|BY_IF
2000-281-446|1006|6311|18-JAN-2026|17-JAN-2026|77.301651|2000-281-446_1006_268|202547|CONSTRAINED|CONSTRAINED|CONSTRAINED_202547_2025-11-20_0656|BY_IF
2000-281-446|1006|6310|11-JAN-2026|10-JAN-2026|77.301651|2000-281-446_1006_268|202547|CONSTRAINED|CONSTRAINED|CONSTRAINED_202547_2025-11-20_0656|BY_IF
2000-281-446|1006|6309|04-JAN-2026|03-JAN-2026|77.301651|2000-281-446_1006_268|202547|CONSTRAINED|CONSTRAINED|CONSTRAINED_202547_2025-11-20_0656|BY_IF
2000-281-446|1006|6308|28-DEC-2025|27-DEC-2025|77.301651|2000-281-446_1006_268|202547|CONSTRAINED|CONSTRAINED|CONSTRAINED_202547_2025-11-20_0656|BY_IF
2000-281-446|1006|6307|21-DEC-2025|20-DEC-2025|77.301651|2000-281-446_1006_268|202547|CONSTRAINED|CONSTRAINED|CONSTRAINED_202547_2025-11-20_0656|BY_IF
2000-281-446|1006|6306|14-DEC-2025|13-DEC-2025|77.301651|2000-281-446_1006_268|202547|CONSTRAINED|CONSTRAINED|CONSTRAINED_202547_2025-11-20_0656|BY_IF
2000-281-446|1006|6305|07-DEC-2025|06-DEC-2025|50.50375|2000-281-446_1006_268|202547|CONSTRAINED|CONSTRAINED|CONSTRAINED_202547_2025-11-20_0656|BY_IF
2000-281-446|1006|6304|23-NOV-2025|22-NOV-2025|39.166168|2000-281-446_1006_268|202547|CONSTRAINED|CONSTRAINED|CONSTRAINED_202547_2025-11-20_0656|BY_IF
2000-281-446|1006|6303|21-SEP-2025|20-SEP-2025|51.534439|2000-281-446_1006_268|202547|CONSTRAINED|CONSTRAINED|CONSTRAINED_202547_2025-11-20_0656|BY_IF
2000-281-446|1006|6302|31-AUG-2025|30-AUG-2025|10.30689|2000-281-446_1006_268|202547|CONSTRAINED|CONSTRAINED|CONSTRAINED_202547_2025-11-20_0656|BY_IF
2000-281-446|1006|6301|17-AUG-2025|16-AUG-2025|190.677399|2000-281-446_1006_268|202547|CONSTRAINED|CONSTRAINED|CONSTRAINED_202547_2025-11-20_0656|BY_IF
2000-281-446|1006|6300|10-AUG-2025|09-AUG-2025|329.820404|2000-281-446_1006_268|202547|CONSTRAINED|CONSTRAINED|CONSTRAINED_202547_2025-11-20_0656|BY_IF
2000-281-446|1006|6299|27-JUL-2025|26-JUL-2025|376.201385|2000-281-446_1006_268|202547|CONSTRAINED|CONSTRAINED|CONSTRAINED_202547_2025-11-20_0656|BY_IF
2000-281-446|1020|7418|17-AUG-2025|16-AUG-2025|108.222298|2000-281-446_1020_269|202547|CONSTRAINED|CONSTRAINED|CONSTRAINED_202547_2025-11-20_0656|BY_IF
2000-281-446|1020|7417|10-AUG-2025|09-AUG-2025|110.283699|2000-281-446_1020_269|202547|CONSTRAINED|CONSTRAINED|CONSTRAINED_202547_2025-11-20_0656|BY_IF
2000-281-446|1020|7416|03-AUG-2025|02-AUG-2025|293.746307|2000-281-446_1020_269|202547|CONSTRAINED|CONSTRAINED|CONSTRAINED_202547_2025-11-20_0656|BY_IF
2000-281-452|1006|6975|18-JUL-2027|17-JUL-2027|154.603302|2000-281-452_1006_271|202547|CONSTRAINED|CONSTRAINED|CONSTRAINED_202547_2025-11-20_0656|BY_IF
2000-281-452|1006|6974|11-JUL-2027|10-JUL-2027|77.301651|2000-281-452_1006_271|202547|CONSTRAINED|CONSTRAINED|CONSTRAINED_202547_2025-11-20_0656|BY_IF
2000-281-452|1006|6973|04-JUL-2027|03-JUL-2027|77.301651|2000-281-452_1006_271|202547|CONSTRAINED|CONSTRAINED|CONSTRAINED_202547_2025-11-20_0656|BY_IF
2000-281-452|1006|6972|27-JUN-2027|26-JUN-2027|77.301651|2000-281-452_1006_271|202547|CONSTRAINED|CONSTRAINED|CONSTRAINED_202547_2025-11-20_0656|BY_IF
2000-281-452|1006|6971|20-JUN-2027|19-JUN-2027|77.301651|2000-281-452_1006_271|202547|CONSTRAINED|CONSTRAINED|CONSTRAINED_202547_2025-11-20_0656|BY_IF
2000-281-452|1006|6970|13-JUN-2027|12-JUN-2027|77.301651|2000-281-452_1006_271|202547|CONSTRAINED|CONSTRAINED|CONSTRAINED_202547_2025-11-20_0656|BY_IF
2000-281-452|1006|6969|06-JUN-2027|05-JUN-2027|77.301651|2000-281-452_1006_271|202547|CONSTRAINED|CONSTRAINED|CONSTRAINED_202547_2025-11-20_0656|BY_IF
2000-281-452|1006|6968|30-MAY-2027|29-MAY-2027|77.301651|2000-281-452_1006_271|202547|CONSTRAINED|CONSTRAINED|CONSTRAINED_202547_2025-11-20_0656|BY_IF
2000-281-452|1006|6967|23-MAY-2027|22-MAY-2027|77.301651|2000-281-452_1006_271|202547|CONSTRAINED|CONSTRAINED|CONSTRAINED_202547_2025-11-20_0656|BY_IF
2000-281-452|1006|6966|16-MAY-2027|15-MAY-2027|77.301651|2000-281-452_1006_271|202547|CONSTRAINED|CONSTRAINED|CONSTRAINED_202547_2025-11-20_0656|BY_IF
2000-281-452|1006|6965|09-MAY-2027|08-MAY-2027|77.301651|2000-281-452_1006_271|202547|CONSTRAINED|CONSTRAINED|CONSTRAINED_202547_2025-11-20_0656|BY_IF
2000-281-452|1006|6964|02-MAY-2027|01-MAY-2027|77.301651|2000-281-452_1006_271|202547|CONSTRAINED|CONSTRAINED|CONSTRAINED_202547_2025-11-20_0656|BY_IF
2000-281-452|1006|6963|25-APR-2027|24-APR-2027|77.301651|2000-281-452_1006_271|202547|CONSTRAINED|CONSTRAINED|CONSTRAINED_202547_2025-11-20_0656|BY_IF
2000-281-452|1006|6962|18-APR-2027|17-APR-2027|77.301651|2000-281-452_1006_271|202547|CONSTRAINED|CONSTRAINED|CONSTRAINED_202547_2025-11-20_0656|BY_IF
2000-281-452|1006|6961|11-APR-2027|10-APR-2027|77.301651|2000-281-452_1006_271|202547|CONSTRAINED|CONSTRAINED|CONSTRAINED_202547_2025-11-20_0656|BY_IF
2000-281-452|1006|6960|04-APR-2027|03-APR-2027|77.301651|2000-281-452_1006_271|202547|CONSTRAINED|CONSTRAINED|CONSTRAINED_202547_2025-11-20_0656|BY_IF
2000-281-452|1006|6959|28-MAR-2027|27-MAR-2027|77.301651|2000-281-452_1006_271|202547|CONSTRAINED|CONSTRAINED|CONSTRAINED_202547_2025-11-20_0656|BY_IF
2000-281-452|1006|6958|21-MAR-2027|20-MAR-2027|77.301651|2000-281-452_1006_271|202547|CONSTRAINED|CONSTRAINED|CONSTRAINED_202547_2025-11-20_0656|BY_IF
2000-281-452|1006|6957|14-MAR-2027|13-MAR-2027|77.301651|2000-281-452_1006_271|202547|CONSTRAINED|CONSTRAINED|CONSTRAINED_202547_2025-11-20_0656|BY_IF
2000-281-452|1006|6956|07-MAR-2027|06-MAR-2027|77.301651|2000-281-452_1006_271|202547|CONSTRAINED|CONSTRAINED|CONSTRAINED_202547_2025-11-20_0656|BY_IF
2000-281-452|1006|6955|28-FEB-2027|27-FEB-2027|77.301651|2000-281-452_1006_271|202547|CONSTRAINED|CONSTRAINED|CONSTRAINED_202547_2025-11-20_0656|BY_IF
2000-281-452|1006|6954|21-FEB-2027|20-FEB-2027|77.301651|2000-281-452_1006_271|202547|CONSTRAINED|CONSTRAINED|CONSTRAINED_202547_2025-11-20_0656|BY_IF
2000-281-452|1006|6953|14-FEB-2027|13-FEB-2027|77.301651|2000-281-452_1006_271|202547|CONSTRAINED|CONSTRAINED|CONSTRAINED_202547_2025-11-20_0656|BY_IF
2000-281-452|1006|6952|07-FEB-2027|06-FEB-2027|77.301651|2000-281-452_1006_271|202547|CONSTRAINED|CONSTRAINED|CONSTRAINED_202547_2025-11-20_0656|BY_IF
2000-281-452|1006|6951|31-JAN-2027|30-JAN-2027|77.301651|2000-281-452_1006_271|202547|CONSTRAINED|CONSTRAINED|CONSTRAINED_202547_2025-11-20_0656|BY_IF
2000-281-452|1006|6950|24-JAN-2027|23-JAN-2027|77.301651|2000-281-452_1006_271|202547|CONSTRAINED|CONSTRAINED|CONSTRAINED_202547_2025-11-20_0656|BY_IF
2000-281-452|1006|6949|17-JAN-2027|16-JAN-2027|77.301651|2000-281-452_1006_271|202547|CONSTRAINED|CONSTRAINED|CONSTRAINED_202547_2025-11-20_0656|BY_IF
2000-281-452|1006|6948|10-JAN-2027|09-JAN-2027|77.301651|2000-281-452_1006_271|202547|CONSTRAINED|CONSTRAINED|CONSTRAINED_202547_2025-11-20_0656|BY_IF
2000-281-452|1006|6947|03-JAN-2027|02-JAN-2027|77.301651|2000-281-452_1006_271|202547|CONSTRAINED|CONSTRAINED|CONSTRAINED_202547_2025-11-20_0656|BY_IF
2000-281-452|1006|6946|27-DEC-2026|26-DEC-2026|77.301651|2000-281-452_1006_271|202547|CONSTRAINED|CONSTRAINED|CONSTRAINED_202547_2025-11-20_0656|BY_IF
2000-281-452|1006|6945|20-DEC-2026|19-DEC-2026|77.301651|2000-281-452_1006_271|202547|CONSTRAINED|CONSTRAINED|CONSTRAINED_202547_2025-11-20_0656|BY_IF
2000-281-452|1006|6944|13-DEC-2026|12-DEC-2026|77.301651|2000-281-452_1006_271|202547|CONSTRAINED|CONSTRAINED|CONSTRAINED_202547_2025-11-20_0656|BY_IF
2000-281-452|1006|6943|06-DEC-2026|05-DEC-2026|77.301651|2000-281-452_1006_271|202547|CONSTRAINED|CONSTRAINED|CONSTRAINED_202547_2025-11-20_0656|BY_IF
2000-281-452|1006|6942|29-NOV-2026|28-NOV-2026|77.301651|2000-281-452_1006_271|202547|CONSTRAINED|CONSTRAINED|CONSTRAINED_202547_2025-11-20_0656|BY_IF
2000-281-452|1006|6941|22-NOV-2026|21-NOV-2026|77.301651|2000-281-452_1006_271|202547|CONSTRAINED|CONSTRAINED|CONSTRAINED_202547_2025-11-20_0656|BY_IF
2000-281-452|1006|6940|15-NOV-2026|14-NOV-2026|77.301651|2000-281-452_1006_271|202547|CONSTRAINED|CONSTRAINED|CONSTRAINED_202547_2025-11-20_0656|BY_IF
2000-281-452|1006|6939|08-NOV-2026|07-NOV-2026|77.301651|2000-281-452_1006_271|202547|CONSTRAINED|CONSTRAINED|CONSTRAINED_202547_2025-11-20_0656|BY_IF
2000-281-452|1006|6938|01-NOV-2026|31-OCT-2026|77.301651|2000-281-452_1006_271|202547|CONSTRAINED|CONSTRAINED|CONSTRAINED_202547_2025-11-20_0656|BY_IF
2000-281-452|1006|6937|25-OCT-2026|24-OCT-2026|77.301651|2000-281-452_1006_271|202547|CONSTRAINED|CONSTRAINED|CONSTRAINED_202547_2025-11-20_0656|BY_IF
2000-281-452|1006|6936|18-OCT-2026|17-OCT-2026|77.301651|2000-281-452_1006_271|202547|CONSTRAINED|CONSTRAINED|CONSTRAINED_202547_2025-11-20_0656|BY_IF
2000-281-452|1006|6935|11-OCT-2026|10-OCT-2026|77.301651|2000-281-452_1006_271|202547|CONSTRAINED|CONSTRAINED|CONSTRAINED_202547_2025-11-20_0656|BY_IF
2000-281-452|1006|6934|04-OCT-2026|03-OCT-2026|77.301651|2000-281-452_1006_271|202547|CONSTRAINED|CONSTRAINED|CONSTRAINED_202547_2025-11-20_0656|BY_IF
2000-281-452|1006|6933|27-SEP-2026|26-SEP-2026|77.301651|2000-281-452_1006_271|202547|CONSTRAINED|CONSTRAINED|CONSTRAINED_202547_2025-11-20_0656|BY_IF
2000-281-452|1006|6932|20-SEP-2026|19-SEP-2026|77.301651|2000-281-452_1006_271|202547|CONSTRAINED|CONSTRAINED|CONSTRAINED_202547_2025-11-20_0656|BY_IF
2000-281-452|1006|6931|13-SEP-2026|12-SEP-2026|77.301651|2000-281-452_1006_271|202547|CONSTRAINED|CONSTRAINED|CONSTRAINED_202547_2025-11-20_0656|BY_IF
2000-281-452|1006|6930|06-SEP-2026|05-SEP-2026|77.301651|2000-281-452_1006_271|202547|CONSTRAINED|CONSTRAINED|CONSTRAINED_202547_2025-11-20_0656|BY_IF
2000-281-452|1006|6929|30-AUG-2026|29-AUG-2026|77.301651|2000-281-452_1006_271|202547|CONSTRAINED|CONSTRAINED|CONSTRAINED_202547_2025-11-20_0656|BY_IF
2000-281-452|1006|6928|23-AUG-2026|22-AUG-2026|77.301651|2000-281-452_1006_271|202547|CONSTRAINED|CONSTRAINED|CONSTRAINED_202547_2025-11-20_0656|BY_IF
2000-281-452|1006|6927|16-AUG-2026|15-AUG-2026|77.301651|2000-281-452_1006_271|202547|CONSTRAINED|CONSTRAINED|CONSTRAINED_202547_2025-11-20_0656|BY_IF
2000-281-452|1006|6926|09-AUG-2026|08-AUG-2026|77.301651|2000-281-452_1006_271|202547|CONSTRAINED|CONSTRAINED|CONSTRAINED_202547_2025-11-20_0656|BY_IF
2000-281-452|1006|6925|02-AUG-2026|01-AUG-2026|77.301651|2000-281-452_1006_271|202547|CONSTRAINED|CONSTRAINED|CONSTRAINED_202547_2025-11-20_0656|BY_IF
2000-281-452|1006|6924|26-JUL-2026|25-JUL-2026|77.301651|2000-281-452_1006_271|202547|CONSTRAINED|CONSTRAINED|CONSTRAINED_202547_2025-11-20_0656|BY_IF
2000-281-452|1006|6923|19-JUL-2026|18-JUL-2026|77.301651|2000-281-452_1006_271|202547|CONSTRAINED|CONSTRAINED|CONSTRAINED_202547_2025-11-20_0656|BY_IF
2000-281-452|1006|6922|12-JUL-2026|11-JUL-2026|77.301651|2000-281-452_1006_271|202547|CONSTRAINED|CONSTRAINED|CONSTRAINED_202547_2025-11-20_0656|BY_IF
2000-281-452|1006|6921|05-JUL-2026|04-JUL-2026|77.301651|2000-281-452_1006_271|202547|CONSTRAINED|CONSTRAINED|CONSTRAINED_202547_2025-11-20_0656|BY_IF
2000-281-452|1006|6920|28-JUN-2026|27-JUN-2026|77.301651|2000-281-452_1006_271|202547|CONSTRAINED|CONSTRAINED|CONSTRAINED_202547_2025-11-20_0656|BY_IF
2000-281-452|1006|6919|21-JUN-2026|20-JUN-2026|77.301651|2000-281-452_1006_271|202547|CONSTRAINED|CONSTRAINED|CONSTRAINED_202547_2025-11-20_0656|BY_IF
2000-281-452|1006|6918|14-JUN-2026|13-JUN-2026|77.301651|2000-281-452_1006_271|202547|CONSTRAINED|CONSTRAINED|CONSTRAINED_202547_2025-11-20_0656|BY_IF
2000-281-452|1006|6917|07-JUN-2026|06-JUN-2026|77.301651|2000-281-452_1006_271|202547|CONSTRAINED|CONSTRAINED|CONSTRAINED_202547_2025-11-20_0656|BY_IF
2000-281-452|1006|6916|31-MAY-2026|30-MAY-2026|77.301651|2000-281-452_1006_271|202547|CONSTRAINED|CONSTRAINED|CONSTRAINED_202547_2025-11-20_0656|BY_IF
2000-281-452|1006|6915|24-MAY-2026|23-MAY-2026|77.301651|2000-281-452_1006_271|202547|CONSTRAINED|CONSTRAINED|CONSTRAINED_202547_2025-11-20_0656|BY_IF
2000-281-452|1006|6914|17-MAY-2026|16-MAY-2026|77.301651|2000-281-452_1006_271|202547|CONSTRAINED|CONSTRAINED|CONSTRAINED_202547_2025-11-20_0656|BY_IF
2000-281-452|1006|6913|10-MAY-2026|09-MAY-2026|77.301651|2000-281-452_1006_271|202547|CONSTRAINED|CONSTRAINED|CONSTRAINED_202547_2025-11-20_0656|BY_IF
2000-281-452|1006|6912|03-MAY-2026|02-MAY-2026|77.301651|2000-281-452_1006_271|202547|CONSTRAINED|CONSTRAINED|CONSTRAINED_202547_2025-11-20_0656|BY_IF
2000-281-452|1006|6911|26-APR-2026|25-APR-2026|77.301651|2000-281-452_1006_271|202547|CONSTRAINED|CONSTRAINED|CONSTRAINED_202547_2025-11-20_0656|BY_IF
2000-281-452|1006|6910|19-APR-2026|18-APR-2026|77.301651|2000-281-452_1006_271|202547|CONSTRAINED|CONSTRAINED|CONSTRAINED_202547_2025-11-20_0656|BY_IF
2000-281-452|1006|6909|12-APR-2026|11-APR-2026|77.301651|2000-281-452_1006_271|202547|CONSTRAINED|CONSTRAINED|CONSTRAINED_202547_2025-11-20_0656|BY_IF
2000-281-452|1006|6908|05-APR-2026|04-APR-2026|77.301651|2000-281-452_1006_271|202547|CONSTRAINED|CONSTRAINED|CONSTRAINED_202547_2025-11-20_0656|BY_IF
2000-281-452|1006|6907|29-MAR-2026|28-MAR-2026|77.301651|2000-281-452_1006_271|202547|CONSTRAINED|CONSTRAINED|CONSTRAINED_202547_2025-11-20_0656|BY_IF
2000-281-452|1006|6906|22-MAR-2026|21-MAR-2026|77.301651|2000-281-452_1006_271|202547|CONSTRAINED|CONSTRAINED|CONSTRAINED_202547_2025-11-20_0656|BY_IF
2000-281-452|1006|6905|15-MAR-2026|14-MAR-2026|77.301651|2000-281-452_1006_271|202547|CONSTRAINED|CONSTRAINED|CONSTRAINED_202547_2025-11-20_0656|BY_IF
2000-281-452|1006|6904|08-MAR-2026|07-MAR-2026|77.301651|2000-281-452_1006_271|202547|CONSTRAINED|CONSTRAINED|CONSTRAINED_202547_2025-11-20_0656|BY_IF
2000-281-452|1006|6903|01-MAR-2026|28-FEB-2026|77.301651|2000-281-452_1006_271|202547|CONSTRAINED|CONSTRAINED|CONSTRAINED_202547_2025-11-20_0656|BY_IF
2000-281-452|1006|6902|22-FEB-2026|21-FEB-2026|77.301651|2000-281-452_1006_271|202547|CONSTRAINED|CONSTRAINED|CONSTRAINED_202547_2025-11-20_0656|BY_IF
2000-281-452|1006|6901|15-FEB-2026|14-FEB-2026|77.301651|2000-281-452_1006_271|202547|CONSTRAINED|CONSTRAINED|CONSTRAINED_202547_2025-11-20_0656|BY_IF
2000-281-452|1006|6900|08-FEB-2026|07-FEB-2026|77.301651|2000-281-452_1006_271|202547|CONSTRAINED|CONSTRAINED|CONSTRAINED_202547_2025-11-20_0656|BY_IF
2000-281-452|1006|6899|01-FEB-2026|31-JAN-2026|77.301651|2000-281-452_1006_271|202547|CONSTRAINED|CONSTRAINED|CONSTRAINED_202547_2025-11-20_0656|BY_IF
2000-281-452|1006|6898|25-JAN-2026|24-JAN-2026|77.301651|2000-281-452_1006_271|202547|CONSTRAINED|CONSTRAINED|CONSTRAINED_202547_2025-11-20_0656|BY_IF
2000-281-452|1006|6897|18-JAN-2026|17-JAN-2026|77.301651|2000-281-452_1006_271|202547|CONSTRAINED|CONSTRAINED|CONSTRAINED_202547_2025-11-20_0656|BY_IF
2000-281-452|1006|6896|11-JAN-2026|10-JAN-2026|77.301651|2000-281-452_1006_271|202547|CONSTRAINED|CONSTRAINED|CONSTRAINED_202547_2025-11-20_0656|BY_IF
2000-281-452|1006|6895|04-JAN-2026|03-JAN-2026|77.301651|2000-281-452_1006_271|202547|CONSTRAINED|CONSTRAINED|CONSTRAINED_202547_2025-11-20_0656|BY_IF
2000-281-452|1006|6894|28-DEC-2025|27-DEC-2025|77.301651|2000-281-452_1006_271|202547|CONSTRAINED|CONSTRAINED|CONSTRAINED_202547_2025-11-20_0656|BY_IF
2000-281-452|1006|6893|21-DEC-2025|20-DEC-2025|77.301651|2000-281-452_1006_271|202547|CONSTRAINED|CONSTRAINED|CONSTRAINED_202547_2025-11-20_0656|BY_IF
2000-281-452|1006|6892|14-DEC-2025|13-DEC-2025|77.301651|2000-281-452_1006_271|202547|CONSTRAINED|CONSTRAINED|CONSTRAINED_202547_2025-11-20_0656|BY_IF
2000-281-452|1006|6891|07-DEC-2025|06-DEC-2025|50.50375|2000-281-452_1006_271|202547|CONSTRAINED|CONSTRAINED|CONSTRAINED_202547_2025-11-20_0656|BY_IF
2000-281-452|1006|6890|23-NOV-2025|22-NOV-2025|39.166168|2000-281-452_1006_271|202547|CONSTRAINED|CONSTRAINED|CONSTRAINED_202547_2025-11-20_0656|BY_IF
2000-281-452|1006|6889|21-SEP-2025|20-SEP-2025|12.53444|2000-281-452_1006_271|202547|CONSTRAINED|CONSTRAINED|CONSTRAINED_202547_2025-11-20_0656|BY_IF
2000-281-452|1006|6888|31-AUG-2025|30-AUG-2025|10.30689|2000-281-452_1006_271|202547|CONSTRAINED|CONSTRAINED|CONSTRAINED_202547_2025-11-20_0656|BY_IF
2000-281-452|1006|6887|17-AUG-2025|16-AUG-2025|190.677399|2000-281-452_1006_271|202547|CONSTRAINED|CONSTRAINED|CONSTRAINED_202547_2025-11-20_0656|BY_IF
2000-281-452|1006|6886|10-AUG-2025|09-AUG-2025|329.820404|2000-281-452_1006_271|202547|CONSTRAINED|CONSTRAINED|CONSTRAINED_202547_2025-11-20_0656|BY_IF
2000-281-452|1006|6885|27-JUL-2025|26-JUL-2025|195.830902|2000-281-452_1006_271|202547|CONSTRAINED|CONSTRAINED|CONSTRAINED_202547_2025-11-20_0656|BY_IF
2000-281-512|1003|7514|24-AUG-2025|23-AUG-2025|106.598999|2000-281-512_1003_244|202547|CONSTRAINED|CONSTRAINED|CONSTRAINED_202547_2025-11-20_0656|BY_IF
2000-281-512|1003|7513|17-AUG-2025|16-AUG-2025|108.629402|2000-281-512_1003_244|202547|CONSTRAINED|CONSTRAINED|CONSTRAINED_202547_2025-11-20_0656|BY_IF
2000-281-512|1003|7512|10-AUG-2025|09-AUG-2025|289.340088|2000-281-512_1003_244|202547|CONSTRAINED|CONSTRAINED|CONSTRAINED_202547_2025-11-20_0656|BY_IF
2000-281-512|1003|7511|03-AUG-2025|02-AUG-2025|116.751297|2000-281-512_1003_244|202547|CONSTRAINED|CONSTRAINED|CONSTRAINED_202547_2025-11-20_0656|BY_IF
2000-281-512|1006|7403|25-APR-2027|24-APR-2027|76.142128|2000-281-512_1006_245|202547|CONSTRAINED|CONSTRAINED|CONSTRAINED_202547_2025-11-20_0656|BY_IF
2000-281-512|1006|7402|18-APR-2027|17-APR-2027|76.142128|2000-281-512_1006_245|202547|CONSTRAINED|CONSTRAINED|CONSTRAINED_202547_2025-11-20_0656|BY_IF
2000-281-512|1006|7401|11-APR-2027|10-APR-2027|76.142128|2000-281-512_1006_245|202547|CONSTRAINED|CONSTRAINED|CONSTRAINED_202547_2025-11-20_0656|BY_IF
2000-281-512|1006|7400|04-APR-2027|03-APR-2027|76.142128|2000-281-512_1006_245|202547|CONSTRAINED|CONSTRAINED|CONSTRAINED_202547_2025-11-20_0656|BY_IF
2000-281-512|1006|7399|28-MAR-2027|27-MAR-2027|76.142128|2000-281-512_1006_245|202547|CONSTRAINED|CONSTRAINED|CONSTRAINED_202547_2025-11-20_0656|BY_IF
2000-281-512|1006|7398|21-MAR-2027|20-MAR-2027|76.142128|2000-281-512_1006_245|202547|CONSTRAINED|CONSTRAINED|CONSTRAINED_202547_2025-11-20_0656|BY_IF
2000-281-512|1006|7397|14-MAR-2027|13-MAR-2027|76.142128|2000-281-512_1006_245|202547|CONSTRAINED|CONSTRAINED|CONSTRAINED_202547_2025-11-20_0656|BY_IF
2000-281-512|1006|7396|07-MAR-2027|06-MAR-2027|76.142128|2000-281-512_1006_245|202547|CONSTRAINED|CONSTRAINED|CONSTRAINED_202547_2025-11-20_0656|BY_IF
2000-281-512|1006|7395|28-FEB-2027|27-FEB-2027|76.142128|2000-281-512_1006_245|202547|CONSTRAINED|CONSTRAINED|CONSTRAINED_202547_2025-11-20_0656|BY_IF
2000-281-512|1006|7394|21-FEB-2027|20-FEB-2027|76.142128|2000-281-512_1006_245|202547|CONSTRAINED|CONSTRAINED|CONSTRAINED_202547_2025-11-20_0656|BY_IF
2000-281-512|1006|7393|14-FEB-2027|13-FEB-2027|76.142128|2000-281-512_1006_245|202547|CONSTRAINED|CONSTRAINED|CONSTRAINED_202547_2025-11-20_0656|BY_IF
2000-281-512|1006|7392|07-FEB-2027|06-FEB-2027|76.142128|2000-281-512_1006_245|202547|CONSTRAINED|CONSTRAINED|CONSTRAINED_202547_2025-11-20_0656|BY_IF
2000-281-512|1006|7391|31-JAN-2027|30-JAN-2027|76.142128|2000-281-512_1006_245|202547|CONSTRAINED|CONSTRAINED|CONSTRAINED_202547_2025-11-20_0656|BY_IF
2000-281-512|1006|7390|24-JAN-2027|23-JAN-2027|76.142128|2000-281-512_1006_245|202547|CONSTRAINED|CONSTRAINED|CONSTRAINED_202547_2025-11-20_0656|BY_IF
2000-281-512|1006|7389|17-JAN-2027|16-JAN-2027|76.142128|2000-281-512_1006_245|202547|CONSTRAINED|CONSTRAINED|CONSTRAINED_202547_2025-11-20_0656|BY_IF
2000-281-512|1006|7388|10-JAN-2027|09-JAN-2027|76.142128|2000-281-512_1006_245|202547|CONSTRAINED|CONSTRAINED|CONSTRAINED_202547_2025-11-20_0656|BY_IF
2000-281-512|1006|7387|03-JAN-2027|02-JAN-2027|76.142128|2000-281-512_1006_245|202547|CONSTRAINED|CONSTRAINED|CONSTRAINED_202547_2025-11-20_0656|BY_IF
2000-281-512|1006|7386|27-DEC-2026|26-DEC-2026|76.142128|2000-281-512_1006_245|202547|CONSTRAINED|CONSTRAINED|CONSTRAINED_202547_2025-11-20_0656|BY_IF
2000-281-512|1006|7385|20-DEC-2026|19-DEC-2026|76.142128|2000-281-512_1006_245|202547|CONSTRAINED|CONSTRAINED|CONSTRAINED_202547_2025-11-20_0656|BY_IF
2000-281-512|1006|7384|13-DEC-2026|12-DEC-2026|76.142128|2000-281-512_1006_245|202547|CONSTRAINED|CONSTRAINED|CONSTRAINED_202547_2025-11-20_0656|BY_IF
2000-281-512|1006|7383|06-DEC-2026|05-DEC-2026|76.142128|2000-281-512_1006_245|202547|CONSTRAINED|CONSTRAINED|CONSTRAINED_202547_2025-11-20_0656|BY_IF
2000-281-512|1006|7382|29-NOV-2026|28-NOV-2026|76.142128|2000-281-512_1006_245|202547|CONSTRAINED|CONSTRAINED|CONSTRAINED_202547_2025-11-20_0656|BY_IF
2000-281-512|1006|7381|22-NOV-2026|21-NOV-2026|76.142128|2000-281-512_1006_245|202547|CONSTRAINED|CONSTRAINED|CONSTRAINED_202547_2025-11-20_0656|BY_IF
2000-281-512|1006|7380|15-NOV-2026|14-NOV-2026|76.142128|2000-281-512_1006_245|202547|CONSTRAINED|CONSTRAINED|CONSTRAINED_202547_2025-11-20_0656|BY_IF
2000-281-512|1006|7379|08-NOV-2026|07-NOV-2026|76.142128|2000-281-512_1006_245|202547|CONSTRAINED|CONSTRAINED|CONSTRAINED_202547_2025-11-20_0656|BY_IF
2000-281-512|1006|7378|01-NOV-2026|31-OCT-2026|76.142128|2000-281-512_1006_245|202547|CONSTRAINED|CONSTRAINED|CONSTRAINED_202547_2025-11-20_0656|BY_IF
2000-281-512|1006|7377|25-OCT-2026|24-OCT-2026|76.142128|2000-281-512_1006_245|202547|CONSTRAINED|CONSTRAINED|CONSTRAINED_202547_2025-11-20_0656|BY_IF
2000-281-512|1006|7376|18-OCT-2026|17-OCT-2026|76.142128|2000-281-512_1006_245|202547|CONSTRAINED|CONSTRAINED|CONSTRAINED_202547_2025-11-20_0656|BY_IF
2000-281-512|1006|7375|11-OCT-2026|10-OCT-2026|76.142128|2000-281-512_1006_245|202547|CONSTRAINED|CONSTRAINED|CONSTRAINED_202547_2025-11-20_0656|BY_IF
2000-281-512|1006|7374|04-OCT-2026|03-OCT-2026|76.142128|2000-281-512_1006_245|202547|CONSTRAINED|CONSTRAINED|CONSTRAINED_202547_2025-11-20_0656|BY_IF
2000-281-512|1006|7373|27-SEP-2026|26-SEP-2026|76.142128|2000-281-512_1006_245|202547|CONSTRAINED|CONSTRAINED|CONSTRAINED_202547_2025-11-20_0656|BY_IF
2000-281-512|1006|7372|20-SEP-2026|19-SEP-2026|76.142128|2000-281-512_1006_245|202547|CONSTRAINED|CONSTRAINED|CONSTRAINED_202547_2025-11-20_0656|BY_IF
2000-281-512|1006|7371|13-SEP-2026|12-SEP-2026|76.142128|2000-281-512_1006_245|202547|CONSTRAINED|CONSTRAINED|CONSTRAINED_202547_2025-11-20_0656|BY_IF
2000-281-512|1006|7370|06-SEP-2026|05-SEP-2026|76.142128|2000-281-512_1006_245|202547|CONSTRAINED|CONSTRAINED|CONSTRAINED_202547_2025-11-20_0656|BY_IF
2000-281-512|1006|7369|30-AUG-2026|29-AUG-2026|76.142128|2000-281-512_1006_245|202547|CONSTRAINED|CONSTRAINED|CONSTRAINED_202547_2025-11-20_0656|BY_IF
2000-281-512|1006|7368|23-AUG-2026|22-AUG-2026|76.142128|2000-281-512_1006_245|202547|CONSTRAINED|CONSTRAINED|CONSTRAINED_202547_2025-11-20_0656|BY_IF
2000-281-512|1006|7367|16-AUG-2026|15-AUG-2026|76.142128|2000-281-512_1006_245|202547|CONSTRAINED|CONSTRAINED|CONSTRAINED_202547_2025-11-20_0656|BY_IF
2000-281-512|1006|7366|09-AUG-2026|08-AUG-2026|76.142128|2000-281-512_1006_245|202547|CONSTRAINED|CONSTRAINED|CONSTRAINED_202547_2025-11-20_0656|BY_IF
2000-281-512|1006|7365|02-AUG-2026|01-AUG-2026|76.142128|2000-281-512_1006_245|202547|CONSTRAINED|CONSTRAINED|CONSTRAINED_202547_2025-11-20_0656|BY_IF
2000-281-512|1006|7364|26-JUL-2026|25-JUL-2026|76.142128|2000-281-512_1006_245|202547|CONSTRAINED|CONSTRAINED|CONSTRAINED_202547_2025-11-20_0656|BY_IF
2000-281-512|1006|7363|19-JUL-2026|18-JUL-2026|76.142128|2000-281-512_1006_245|202547|CONSTRAINED|CONSTRAINED|CONSTRAINED_202547_2025-11-20_0656|BY_IF
2000-281-512|1006|7362|12-JUL-2026|11-JUL-2026|76.142128|2000-281-512_1006_245|202547|CONSTRAINED|CONSTRAINED|CONSTRAINED_202547_2025-11-20_0656|BY_IF
2000-281-512|1006|7361|05-JUL-2026|04-JUL-2026|76.142128|2000-281-512_1006_245|202547|CONSTRAINED|CONSTRAINED|CONSTRAINED_202547_2025-11-20_0656|BY_IF
2000-281-512|1006|7360|28-JUN-2026|27-JUN-2026|76.142128|2000-281-512_1006_245|202547|CONSTRAINED|CONSTRAINED|CONSTRAINED_202547_2025-11-20_0656|BY_IF
2000-281-512|1006|7359|21-JUN-2026|20-JUN-2026|76.142128|2000-281-512_1006_245|202547|CONSTRAINED|CONSTRAINED|CONSTRAINED_202547_2025-11-20_0656|BY_IF
2000-281-512|1006|7358|14-JUN-2026|13-JUN-2026|76.142128|2000-281-512_1006_245|202547|CONSTRAINED|CONSTRAINED|CONSTRAINED_202547_2025-11-20_0656|BY_IF
2000-281-512|1006|7357|07-JUN-2026|06-JUN-2026|76.142128|2000-281-512_1006_245|202547|CONSTRAINED|CONSTRAINED|CONSTRAINED_202547_2025-11-20_0656|BY_IF
2000-281-512|1006|7356|31-MAY-2026|30-MAY-2026|76.142128|2000-281-512_1006_245|202547|CONSTRAINED|CONSTRAINED|CONSTRAINED_202547_2025-11-20_0656|BY_IF
2000-281-512|1006|7355|24-MAY-2026|23-MAY-2026|76.142128|2000-281-512_1006_245|202547|CONSTRAINED|CONSTRAINED|CONSTRAINED_202547_2025-11-20_0656|BY_IF
2000-281-512|1006|7354|17-MAY-2026|16-MAY-2026|76.142128|2000-281-512_1006_245|202547|CONSTRAINED|CONSTRAINED|CONSTRAINED_202547_2025-11-20_0656|BY_IF
2000-281-512|1006|7353|10-MAY-2026|09-MAY-2026|76.142128|2000-281-512_1006_245|202547|CONSTRAINED|CONSTRAINED|CONSTRAINED_202547_2025-11-20_0656|BY_IF
2000-281-512|1006|7352|03-MAY-2026|02-MAY-2026|76.142128|2000-281-512_1006_245|202547|CONSTRAINED|CONSTRAINED|CONSTRAINED_202547_2025-11-20_0656|BY_IF
2000-281-512|1006|7351|26-APR-2026|25-APR-2026|76.142128|2000-281-512_1006_245|202547|CONSTRAINED|CONSTRAINED|CONSTRAINED_202547_2025-11-20_0656|BY_IF
2000-281-512|1006|7350|19-APR-2026|18-APR-2026|76.142128|2000-281-512_1006_245|202547|CONSTRAINED|CONSTRAINED|CONSTRAINED_202547_2025-11-20_0656|BY_IF
2000-281-512|1006|7349|12-APR-2026|11-APR-2026|76.142128|2000-281-512_1006_245|202547|CONSTRAINED|CONSTRAINED|CONSTRAINED_202547_2025-11-20_0656|BY_IF
2000-281-512|1006|7348|05-APR-2026|04-APR-2026|76.142128|2000-281-512_1006_245|202547|CONSTRAINED|CONSTRAINED|CONSTRAINED_202547_2025-11-20_0656|BY_IF
2000-281-512|1006|7347|29-MAR-2026|28-MAR-2026|76.142128|2000-281-512_1006_245|202547|CONSTRAINED|CONSTRAINED|CONSTRAINED_202547_2025-11-20_0656|BY_IF
2000-281-512|1006|7346|22-MAR-2026|21-MAR-2026|76.142128|2000-281-512_1006_245|202547|CONSTRAINED|CONSTRAINED|CONSTRAINED_202547_2025-11-20_0656|BY_IF
2000-281-512|1006|7345|15-MAR-2026|14-MAR-2026|76.142128|2000-281-512_1006_245|202547|CONSTRAINED|CONSTRAINED|CONSTRAINED_202547_2025-11-20_0656|BY_IF
2000-281-512|1006|7344|08-MAR-2026|07-MAR-2026|76.142128|2000-281-512_1006_245|202547|CONSTRAINED|CONSTRAINED|CONSTRAINED_202547_2025-11-20_0656|BY_IF
2000-281-512|1006|7343|01-MAR-2026|28-FEB-2026|76.142128|2000-281-512_1006_245|202547|CONSTRAINED|CONSTRAINED|CONSTRAINED_202547_2025-11-20_0656|BY_IF
2000-281-512|1006|7342|22-FEB-2026|21-FEB-2026|76.142128|2000-281-512_1006_245|202547|CONSTRAINED|CONSTRAINED|CONSTRAINED_202547_2025-11-20_0656|BY_IF
2000-281-512|1006|7341|15-FEB-2026|14-FEB-2026|76.142128|2000-281-512_1006_245|202547|CONSTRAINED|CONSTRAINED|CONSTRAINED_202547_2025-11-20_0656|BY_IF
2000-281-512|1006|7340|08-FEB-2026|07-FEB-2026|76.142128|2000-281-512_1006_245|202547|CONSTRAINED|CONSTRAINED|CONSTRAINED_202547_2025-11-20_0656|BY_IF
2000-281-512|1006|7339|01-FEB-2026|31-JAN-2026|76.142128|2000-281-512_1006_245|202547|CONSTRAINED|CONSTRAINED|CONSTRAINED_202547_2025-11-20_0656|BY_IF
2000-281-512|1006|7338|25-JAN-2026|24-JAN-2026|76.142128|2000-281-512_1006_245|202547|CONSTRAINED|CONSTRAINED|CONSTRAINED_202547_2025-11-20_0656|BY_IF
2000-281-512|1006|7337|18-JAN-2026|17-JAN-2026|76.142128|2000-281-512_1006_245|202547|CONSTRAINED|CONSTRAINED|CONSTRAINED_202547_2025-11-20_0656|BY_IF
2000-281-512|1006|7336|11-JAN-2026|10-JAN-2026|76.142128|2000-281-512_1006_245|202547|CONSTRAINED|CONSTRAINED|CONSTRAINED_202547_2025-11-20_0656|BY_IF
2000-281-512|1006|7335|04-JAN-2026|03-JAN-2026|76.142128|2000-281-512_1006_245|202547|CONSTRAINED|CONSTRAINED|CONSTRAINED_202547_2025-11-20_0656|BY_IF
2000-281-512|1006|7334|28-DEC-2025|27-DEC-2025|76.142128|2000-281-512_1006_245|202547|CONSTRAINED|CONSTRAINED|CONSTRAINED_202547_2025-11-20_0656|BY_IF
2000-281-512|1006|7333|21-DEC-2025|20-DEC-2025|76.142128|2000-281-512_1006_245|202547|CONSTRAINED|CONSTRAINED|CONSTRAINED_202547_2025-11-20_0656|BY_IF
2000-281-512|1006|7332|14-DEC-2025|13-DEC-2025|76.142128|2000-281-512_1006_245|202547|CONSTRAINED|CONSTRAINED|CONSTRAINED_202547_2025-11-20_0656|BY_IF
2000-281-512|1006|7331|07-DEC-2025|06-DEC-2025|49.746189|2000-281-512_1006_245|202547|CONSTRAINED|CONSTRAINED|CONSTRAINED_202547_2025-11-20_0656|BY_IF
2000-281-512|1006|7330|23-NOV-2025|22-NOV-2025|38.578678|2000-281-512_1006_245|202547|CONSTRAINED|CONSTRAINED|CONSTRAINED_202547_2025-11-20_0656|BY_IF
2000-281-512|1006|7329|21-SEP-2025|20-SEP-2025|50.761421|2000-281-512_1006_245|202547|CONSTRAINED|CONSTRAINED|CONSTRAINED_202547_2025-11-20_0656|BY_IF
2000-281-512|1006|7328|31-AUG-2025|30-AUG-2025|10.15228|2000-281-512_1006_245|202547|CONSTRAINED|CONSTRAINED|CONSTRAINED_202547_2025-11-20_0656|BY_IF
2000-281-512|1006|7327|17-AUG-2025|16-AUG-2025|187.817307|2000-281-512_1006_245|202547|CONSTRAINED|CONSTRAINED|CONSTRAINED_202547_2025-11-20_0656|BY_IF
2000-281-512|1006|7326|10-AUG-2025|09-AUG-2025|324.873108|2000-281-512_1006_245|202547|CONSTRAINED|CONSTRAINED|CONSTRAINED_202547_2025-11-20_0656|BY_IF
2000-281-512|1006|7325|27-JUL-2025|26-JUL-2025|253.807098|2000-281-512_1006_245|202547|CONSTRAINED|CONSTRAINED|CONSTRAINED_202547_2025-11-20_0656|BY_IF
2000-281-512|1006|7415|18-JUL-2027|17-JUL-2027|152.284302|2000-281-512_1006_245|202547|CONSTRAINED|CONSTRAINED|CONSTRAINED_202547_2025-11-20_0656|BY_IF
2000-281-512|1006|7414|11-JUL-2027|10-JUL-2027|76.142128|2000-281-512_1006_245|202547|CONSTRAINED|CONSTRAINED|CONSTRAINED_202547_2025-11-20_0656|BY_IF
2000-281-512|1006|7413|04-JUL-2027|03-JUL-2027|76.142128|2000-281-512_1006_245|202547|CONSTRAINED|CONSTRAINED|CONSTRAINED_202547_2025-11-20_0656|BY_IF
2000-281-512|1006|7412|27-JUN-2027|26-JUN-2027|76.142128|2000-281-512_1006_245|202547|CONSTRAINED|CONSTRAINED|CONSTRAINED_202547_2025-11-20_0656|BY_IF
2000-281-512|1006|7411|20-JUN-2027|19-JUN-2027|76.142128|2000-281-512_1006_245|202547|CONSTRAINED|CONSTRAINED|CONSTRAINED_202547_2025-11-20_0656|BY_IF
2000-281-512|1006|7410|13-JUN-2027|12-JUN-2027|76.142128|2000-281-512_1006_245|202547|CONSTRAINED|CONSTRAINED|CONSTRAINED_202547_2025-11-20_0656|BY_IF
2000-281-512|1006|7409|06-JUN-2027|05-JUN-2027|76.142128|2000-281-512_1006_245|202547|CONSTRAINED|CONSTRAINED|CONSTRAINED_202547_2025-11-20_0656|BY_IF
2000-281-512|1006|7408|30-MAY-2027|29-MAY-2027|76.142128|2000-281-512_1006_245|202547|CONSTRAINED|CONSTRAINED|CONSTRAINED_202547_2025-11-20_0656|BY_IF
2000-281-512|1006|7407|23-MAY-2027|22-MAY-2027|76.142128|2000-281-512_1006_245|202547|CONSTRAINED|CONSTRAINED|CONSTRAINED_202547_2025-11-20_0656|BY_IF
2000-281-512|1006|7406|16-MAY-2027|15-MAY-2027|76.142128|2000-281-512_1006_245|202547|CONSTRAINED|CONSTRAINED|CONSTRAINED_202547_2025-11-20_0656|BY_IF
2000-281-512|1006|7405|09-MAY-2027|08-MAY-2027|76.142128|2000-281-512_1006_245|202547|CONSTRAINED|CONSTRAINED|CONSTRAINED_202547_2025-11-20_0656|BY_IF
2000-281-512|1006|7404|02-MAY-2027|01-MAY-2027|76.142128|2000-281-512_1006_245|202547|CONSTRAINED|CONSTRAINED|CONSTRAINED_202547_2025-11-20_0656|BY_IF
2000-281-514|1006|7606|18-JUL-2027|17-JUL-2027|152.284302|2000-281-514_1006_246|202547|CONSTRAINED|CONSTRAINED|CONSTRAINED_202547_2025-11-20_0656|BY_IF
2000-281-514|1006|7605|11-JUL-2027|10-JUL-2027|76.142128|2000-281-514_1006_246|202547|CONSTRAINED|CONSTRAINED|CONSTRAINED_202547_2025-11-20_0656|BY_IF
2000-281-514|1006|7604|04-JUL-2027|03-JUL-2027|76.142128|2000-281-514_1006_246|202547|CONSTRAINED|CONSTRAINED|CONSTRAINED_202547_2025-11-20_0656|BY_IF
2000-281-514|1006|7603|27-JUN-2027|26-JUN-2027|76.142128|2000-281-514_1006_246|202547|CONSTRAINED|CONSTRAINED|CONSTRAINED_202547_2025-11-20_0656|BY_IF
2000-281-514|1006|7602|20-JUN-2027|19-JUN-2027|76.142128|2000-281-514_1006_246|202547|CONSTRAINED|CONSTRAINED|CONSTRAINED_202547_2025-11-20_0656|BY_IF
2000-281-514|1006|7601|13-JUN-2027|12-JUN-2027|76.142128|2000-281-514_1006_246|202547|CONSTRAINED|CONSTRAINED|CONSTRAINED_202547_2025-11-20_0656|BY_IF
2000-281-514|1006|7600|06-JUN-2027|05-JUN-2027|76.142128|2000-281-514_1006_246|202547|CONSTRAINED|CONSTRAINED|CONSTRAINED_202547_2025-11-20_0656|BY_IF
2000-281-514|1006|7599|30-MAY-2027|29-MAY-2027|76.142128|2000-281-514_1006_246|202547|CONSTRAINED|CONSTRAINED|CONSTRAINED_202547_2025-11-20_0656|BY_IF
2000-281-514|1006|7598|23-MAY-2027|22-MAY-2027|76.142128|2000-281-514_1006_246|202547|CONSTRAINED|CONSTRAINED|CONSTRAINED_202547_2025-11-20_0656|BY_IF
2000-281-514|1006|7597|16-MAY-2027|15-MAY-2027|76.142128|2000-281-514_1006_246|202547|CONSTRAINED|CONSTRAINED|CONSTRAINED_202547_2025-11-20_0656|BY_IF
2000-281-514|1006|7596|09-MAY-2027|08-MAY-2027|76.142128|2000-281-514_1006_246|202547|CONSTRAINED|CONSTRAINED|CONSTRAINED_202547_2025-11-20_0656|BY_IF
2000-281-514|1006|7595|02-MAY-2027|01-MAY-2027|76.142128|2000-281-514_1006_246|202547|CONSTRAINED|CONSTRAINED|CONSTRAINED_202547_2025-11-20_0656|BY_IF
2000-281-514|1006|7594|25-APR-2027|24-APR-2027|76.142128|2000-281-514_1006_246|202547|CONSTRAINED|CONSTRAINED|CONSTRAINED_202547_2025-11-20_0656|BY_IF
2000-281-514|1006|7593|18-APR-2027|17-APR-2027|76.142128|2000-281-514_1006_246|202547|CONSTRAINED|CONSTRAINED|CONSTRAINED_202547_2025-11-20_0656|BY_IF
2000-281-514|1006|7592|11-APR-2027|10-APR-2027|76.142128|2000-281-514_1006_246|202547|CONSTRAINED|CONSTRAINED|CONSTRAINED_202547_2025-11-20_0656|BY_IF
2000-281-514|1006|7591|04-APR-2027|03-APR-2027|76.142128|2000-281-514_1006_246|202547|CONSTRAINED|CONSTRAINED|CONSTRAINED_202547_2025-11-20_0656|BY_IF
2000-281-514|1006|7590|28-MAR-2027|27-MAR-2027|76.142128|2000-281-514_1006_246|202547|CONSTRAINED|CONSTRAINED|CONSTRAINED_202547_2025-11-20_0656|BY_IF
2000-281-514|1006|7589|21-MAR-2027|20-MAR-2027|76.142128|2000-281-514_1006_246|202547|CONSTRAINED|CONSTRAINED|CONSTRAINED_202547_2025-11-20_0656|BY_IF
2000-281-514|1006|7588|14-MAR-2027|13-MAR-2027|76.142128|2000-281-514_1006_246|202547|CONSTRAINED|CONSTRAINED|CONSTRAINED_202547_2025-11-20_0656|BY_IF
2000-281-514|1006|7587|07-MAR-2027|06-MAR-2027|76.142128|2000-281-514_1006_246|202547|CONSTRAINED|CONSTRAINED|CONSTRAINED_202547_2025-11-20_0656|BY_IF
2000-281-514|1006|7586|28-FEB-2027|27-FEB-2027|76.142128|2000-281-514_1006_246|202547|CONSTRAINED|CONSTRAINED|CONSTRAINED_202547_2025-11-20_0656|BY_IF
2000-281-514|1006|7585|21-FEB-2027|20-FEB-2027|76.142128|2000-281-514_1006_246|202547|CONSTRAINED|CONSTRAINED|CONSTRAINED_202547_2025-11-20_0656|BY_IF
2000-281-514|1006|7584|14-FEB-2027|13-FEB-2027|76.142128|2000-281-514_1006_246|202547|CONSTRAINED|CONSTRAINED|CONSTRAINED_202547_2025-11-20_0656|BY_IF
2000-281-514|1006|7583|07-FEB-2027|06-FEB-2027|76.142128|2000-281-514_1006_246|202547|CONSTRAINED|CONSTRAINED|CONSTRAINED_202547_2025-11-20_0656|BY_IF
2000-281-514|1006|7582|31-JAN-2027|30-JAN-2027|76.142128|2000-281-514_1006_246|202547|CONSTRAINED|CONSTRAINED|CONSTRAINED_202547_2025-11-20_0656|BY_IF
2000-281-514|1006|7581|24-JAN-2027|23-JAN-2027|76.142128|2000-281-514_1006_246|202547|CONSTRAINED|CONSTRAINED|CONSTRAINED_202547_2025-11-20_0656|BY_IF
2000-281-514|1006|7580|17-JAN-2027|16-JAN-2027|76.142128|2000-281-514_1006_246|202547|CONSTRAINED|CONSTRAINED|CONSTRAINED_202547_2025-11-20_0656|BY_IF
2000-281-514|1006|7579|10-JAN-2027|09-JAN-2027|76.142128|2000-281-514_1006_246|202547|CONSTRAINED|CONSTRAINED|CONSTRAINED_202547_2025-11-20_0656|BY_IF
2000-281-514|1006|7578|03-JAN-2027|02-JAN-2027|76.142128|2000-281-514_1006_246|202547|CONSTRAINED|CONSTRAINED|CONSTRAINED_202547_2025-11-20_0656|BY_IF
2000-281-514|1006|7577|27-DEC-2026|26-DEC-2026|76.142128|2000-281-514_1006_246|202547|CONSTRAINED|CONSTRAINED|CONSTRAINED_202547_2025-11-20_0656|BY_IF
2000-281-514|1006|7576|20-DEC-2026|19-DEC-2026|76.142128|2000-281-514_1006_246|202547|CONSTRAINED|CONSTRAINED|CONSTRAINED_202547_2025-11-20_0656|BY_IF
2000-281-514|1006|7575|13-DEC-2026|12-DEC-2026|76.142128|2000-281-514_1006_246|202547|CONSTRAINED|CONSTRAINED|CONSTRAINED_202547_2025-11-20_0656|BY_IF
2000-281-514|1006|7574|06-DEC-2026|05-DEC-2026|76.142128|2000-281-514_1006_246|202547|CONSTRAINED|CONSTRAINED|CONSTRAINED_202547_2025-11-20_0656|BY_IF
2000-281-514|1006|7573|29-NOV-2026|28-NOV-2026|76.142128|2000-281-514_1006_246|202547|CONSTRAINED|CONSTRAINED|CONSTRAINED_202547_2025-11-20_0656|BY_IF
2000-281-514|1006|7572|22-NOV-2026|21-NOV-2026|76.142128|2000-281-514_1006_246|202547|CONSTRAINED|CONSTRAINED|CONSTRAINED_202547_2025-11-20_0656|BY_IF
2000-281-514|1006|7571|15-NOV-2026|14-NOV-2026|76.142128|2000-281-514_1006_246|202547|CONSTRAINED|CONSTRAINED|CONSTRAINED_202547_2025-11-20_0656|BY_IF
2000-281-514|1006|7570|08-NOV-2026|07-NOV-2026|76.142128|2000-281-514_1006_246|202547|CONSTRAINED|CONSTRAINED|CONSTRAINED_202547_2025-11-20_0656|BY_IF
2000-281-514|1006|7569|01-NOV-2026|31-OCT-2026|76.142128|2000-281-514_1006_246|202547|CONSTRAINED|CONSTRAINED|CONSTRAINED_202547_2025-11-20_0656|BY_IF
2000-281-514|1006|7568|25-OCT-2026|24-OCT-2026|76.142128|2000-281-514_1006_246|202547|CONSTRAINED|CONSTRAINED|CONSTRAINED_202547_2025-11-20_0656|BY_IF
2000-281-514|1006|7567|18-OCT-2026|17-OCT-2026|76.142128|2000-281-514_1006_246|202547|CONSTRAINED|CONSTRAINED|CONSTRAINED_202547_2025-11-20_0656|BY_IF
2000-281-514|1006|7566|11-OCT-2026|10-OCT-2026|76.142128|2000-281-514_1006_246|202547|CONSTRAINED|CONSTRAINED|CONSTRAINED_202547_2025-11-20_0656|BY_IF
2000-281-514|1006|7565|04-OCT-2026|03-OCT-2026|76.142128|2000-281-514_1006_246|202547|CONSTRAINED|CONSTRAINED|CONSTRAINED_202547_2025-11-20_0656|BY_IF
2000-281-514|1006|7564|27-SEP-2026|26-SEP-2026|76.142128|2000-281-514_1006_246|202547|CONSTRAINED|CONSTRAINED|CONSTRAINED_202547_2025-11-20_0656|BY_IF
2000-281-514|1006|7563|20-SEP-2026|19-SEP-2026|76.142128|2000-281-514_1006_246|202547|CONSTRAINED|CONSTRAINED|CONSTRAINED_202547_2025-11-20_0656|BY_IF
2000-281-514|1006|7562|13-SEP-2026|12-SEP-2026|76.142128|2000-281-514_1006_246|202547|CONSTRAINED|CONSTRAINED|CONSTRAINED_202547_2025-11-20_0656|BY_IF
2000-281-514|1006|7561|06-SEP-2026|05-SEP-2026|76.142128|2000-281-514_1006_246|202547|CONSTRAINED|CONSTRAINED|CONSTRAINED_202547_2025-11-20_0656|BY_IF
2000-281-514|1006|7560|30-AUG-2026|29-AUG-2026|76.142128|2000-281-514_1006_246|202547|CONSTRAINED|CONSTRAINED|CONSTRAINED_202547_2025-11-20_0656|BY_IF
2000-281-514|1006|7559|23-AUG-2026|22-AUG-2026|76.142128|2000-281-514_1006_246|202547|CONSTRAINED|CONSTRAINED|CONSTRAINED_202547_2025-11-20_0656|BY_IF
2000-281-514|1006|7558|16-AUG-2026|15-AUG-2026|76.142128|2000-281-514_1006_246|202547|CONSTRAINED|CONSTRAINED|CONSTRAINED_202547_2025-11-20_0656|BY_IF
2000-281-514|1006|7557|09-AUG-2026|08-AUG-2026|76.142128|2000-281-514_1006_246|202547|CONSTRAINED|CONSTRAINED|CONSTRAINED_202547_2025-11-20_0656|BY_IF
2000-281-514|1006|7556|02-AUG-2026|01-AUG-2026|76.142128|2000-281-514_1006_246|202547|CONSTRAINED|CONSTRAINED|CONSTRAINED_202547_2025-11-20_0656|BY_IF
2000-281-514|1006|7555|26-JUL-2026|25-JUL-2026|76.142128|2000-281-514_1006_246|202547|CONSTRAINED|CONSTRAINED|CONSTRAINED_202547_2025-11-20_0656|BY_IF
2000-281-514|1006|7554|19-JUL-2026|18-JUL-2026|76.142128|2000-281-514_1006_246|202547|CONSTRAINED|CONSTRAINED|CONSTRAINED_202547_2025-11-20_0656|BY_IF
2000-281-514|1006|7553|12-JUL-2026|11-JUL-2026|76.142128|2000-281-514_1006_246|202547|CONSTRAINED|CONSTRAINED|CONSTRAINED_202547_2025-11-20_0656|BY_IF
2000-281-514|1006|7552|05-JUL-2026|04-JUL-2026|76.142128|2000-281-514_1006_246|202547|CONSTRAINED|CONSTRAINED|CONSTRAINED_202547_2025-11-20_0656|BY_IF
2000-281-514|1006|7551|28-JUN-2026|27-JUN-2026|76.142128|2000-281-514_1006_246|202547|CONSTRAINED|CONSTRAINED|CONSTRAINED_202547_2025-11-20_0656|BY_IF
2000-281-514|1006|7550|21-JUN-2026|20-JUN-2026|76.142128|2000-281-514_1006_246|202547|CONSTRAINED|CONSTRAINED|CONSTRAINED_202547_2025-11-20_0656|BY_IF
2000-281-514|1006|7549|14-JUN-2026|13-JUN-2026|76.142128|2000-281-514_1006_246|202547|CONSTRAINED|CONSTRAINED|CONSTRAINED_202547_2025-11-20_0656|BY_IF
2000-281-514|1006|7548|07-JUN-2026|06-JUN-2026|76.142128|2000-281-514_1006_246|202547|CONSTRAINED|CONSTRAINED|CONSTRAINED_202547_2025-11-20_0656|BY_IF
2000-281-514|1006|7547|31-MAY-2026|30-MAY-2026|76.142128|2000-281-514_1006_246|202547|CONSTRAINED|CONSTRAINED|CONSTRAINED_202547_2025-11-20_0656|BY_IF
2000-281-514|1006|7546|24-MAY-2026|23-MAY-2026|76.142128|2000-281-514_1006_246|202547|CONSTRAINED|CONSTRAINED|CONSTRAINED_202547_2025-11-20_0656|BY_IF
2000-281-514|1006|7545|17-MAY-2026|16-MAY-2026|76.142128|2000-281-514_1006_246|202547|CONSTRAINED|CONSTRAINED|CONSTRAINED_202547_2025-11-20_0656|BY_IF
2000-281-514|1006|7544|10-MAY-2026|09-MAY-2026|76.142128|2000-281-514_1006_246|202547|CONSTRAINED|CONSTRAINED|CONSTRAINED_202547_2025-11-20_0656|BY_IF
2000-281-514|1006|7543|03-MAY-2026|02-MAY-2026|76.142128|2000-281-514_1006_246|202547|CONSTRAINED|CONSTRAINED|CONSTRAINED_202547_2025-11-20_0656|BY_IF
2000-281-514|1006|7542|26-APR-2026|25-APR-2026|76.142128|2000-281-514_1006_246|202547|CONSTRAINED|CONSTRAINED|CONSTRAINED_202547_2025-11-20_0656|BY_IF
2000-281-514|1006|7541|19-APR-2026|18-APR-2026|76.142128|2000-281-514_1006_246|202547|CONSTRAINED|CONSTRAINED|CONSTRAINED_202547_2025-11-20_0656|BY_IF
2000-281-514|1006|7540|12-APR-2026|11-APR-2026|76.142128|2000-281-514_1006_246|202547|CONSTRAINED|CONSTRAINED|CONSTRAINED_202547_2025-11-20_0656|BY_IF
2000-281-514|1006|7539|05-APR-2026|04-APR-2026|76.142128|2000-281-514_1006_246|202547|CONSTRAINED|CONSTRAINED|CONSTRAINED_202547_2025-11-20_0656|BY_IF
2000-281-514|1006|7538|29-MAR-2026|28-MAR-2026|76.142128|2000-281-514_1006_246|202547|CONSTRAINED|CONSTRAINED|CONSTRAINED_202547_2025-11-20_0656|BY_IF
2000-281-514|1006|7537|22-MAR-2026|21-MAR-2026|76.142128|2000-281-514_1006_246|202547|CONSTRAINED|CONSTRAINED|CONSTRAINED_202547_2025-11-20_0656|BY_IF
2000-281-514|1006|7536|15-MAR-2026|14-MAR-2026|76.142128|2000-281-514_1006_246|202547|CONSTRAINED|CONSTRAINED|CONSTRAINED_202547_2025-11-20_0656|BY_IF
2000-281-514|1006|7535|08-MAR-2026|07-MAR-2026|76.142128|2000-281-514_1006_246|202547|CONSTRAINED|CONSTRAINED|CONSTRAINED_202547_2025-11-20_0656|BY_IF
2000-281-514|1006|7534|01-MAR-2026|28-FEB-2026|76.142128|2000-281-514_1006_246|202547|CONSTRAINED|CONSTRAINED|CONSTRAINED_202547_2025-11-20_0656|BY_IF
2000-281-514|1006|7533|22-FEB-2026|21-FEB-2026|76.142128|2000-281-514_1006_246|202547|CONSTRAINED|CONSTRAINED|CONSTRAINED_202547_2025-11-20_0656|BY_IF
2000-281-514|1006|7532|15-FEB-2026|14-FEB-2026|76.142128|2000-281-514_1006_246|202547|CONSTRAINED|CONSTRAINED|CONSTRAINED_202547_2025-11-20_0656|BY_IF
2000-281-514|1006|7531|08-FEB-2026|07-FEB-2026|76.142128|2000-281-514_1006_246|202547|CONSTRAINED|CONSTRAINED|CONSTRAINED_202547_2025-11-20_0656|BY_IF
2000-281-514|1006|7530|01-FEB-2026|31-JAN-2026|76.142128|2000-281-514_1006_246|202547|CONSTRAINED|CONSTRAINED|CONSTRAINED_202547_2025-11-20_0656|BY_IF
2000-281-514|1006|7529|25-JAN-2026|24-JAN-2026|76.142128|2000-281-514_1006_246|202547|CONSTRAINED|CONSTRAINED|CONSTRAINED_202547_2025-11-20_0656|BY_IF
2000-281-514|1006|7528|18-JAN-2026|17-JAN-2026|76.142128|2000-281-514_1006_246|202547|CONSTRAINED|CONSTRAINED|CONSTRAINED_202547_2025-11-20_0656|BY_IF
2000-281-514|1006|7527|11-JAN-2026|10-JAN-2026|76.142128|2000-281-514_1006_246|202547|CONSTRAINED|CONSTRAINED|CONSTRAINED_202547_2025-11-20_0656|BY_IF
2000-281-514|1006|7526|04-JAN-2026|03-JAN-2026|76.142128|2000-281-514_1006_246|202547|CONSTRAINED|CONSTRAINED|CONSTRAINED_202547_2025-11-20_0656|BY_IF
2000-281-514|1006|7525|28-DEC-2025|27-DEC-2025|76.142128|2000-281-514_1006_246|202547|CONSTRAINED|CONSTRAINED|CONSTRAINED_202547_2025-11-20_0656|BY_IF
2000-281-514|1006|7524|21-DEC-2025|20-DEC-2025|76.142128|2000-281-514_1006_246|202547|CONSTRAINED|CONSTRAINED|CONSTRAINED_202547_2025-11-20_0656|BY_IF
2000-281-514|1006|7523|14-DEC-2025|13-DEC-2025|76.142128|2000-281-514_1006_246|202547|CONSTRAINED|CONSTRAINED|CONSTRAINED_202547_2025-11-20_0656|BY_IF
2000-281-514|1006|7522|07-DEC-2025|06-DEC-2025|49.746189|2000-281-514_1006_246|202547|CONSTRAINED|CONSTRAINED|CONSTRAINED_202547_2025-11-20_0656|BY_IF
2000-281-514|1006|7521|23-NOV-2025|22-NOV-2025|38.578678|2000-281-514_1006_246|202547|CONSTRAINED|CONSTRAINED|CONSTRAINED_202547_2025-11-20_0656|BY_IF
2000-281-514|1006|7520|21-SEP-2025|20-SEP-2025|12.34642|2000-281-514_1006_246|202547|CONSTRAINED|CONSTRAINED|CONSTRAINED_202547_2025-11-20_0656|BY_IF
2000-281-514|1006|7519|14-SEP-2025|13-SEP-2025|38.415001|2000-281-514_1006_246|202547|CONSTRAINED|CONSTRAINED|CONSTRAINED_202547_2025-11-20_0656|BY_IF
2000-281-514|1006|7518|31-AUG-2025|30-AUG-2025|10.15228|2000-281-514_1006_246|202547|CONSTRAINED|CONSTRAINED|CONSTRAINED_202547_2025-11-20_0656|BY_IF
2000-281-514|1006|7517|17-AUG-2025|16-AUG-2025|187.817307|2000-281-514_1006_246|202547|CONSTRAINED|CONSTRAINED|CONSTRAINED_202547_2025-11-20_0656|BY_IF
2000-281-514|1006|7516|10-AUG-2025|09-AUG-2025|324.873108|2000-281-514_1006_246|202547|CONSTRAINED|CONSTRAINED|CONSTRAINED_202547_2025-11-20_0656|BY_IF
2000-281-514|1006|7515|27-JUL-2025|26-JUL-2025|192.893402|2000-281-514_1006_246|202547|CONSTRAINED|CONSTRAINED|CONSTRAINED_202547_2025-11-20_0656|BY_IF
2000-285-609|1006|5714|18-JUL-2027|17-JUL-2027|154.603302|2000-285-609_1006_437_INTEL FOV-1_COMMON|202547|CONSTRAINED|CONSTRAINED|CONSTRAINED_202547_2025-11-20_0656|BY_IF
2000-285-609|1006|5713|11-JUL-2027|10-JUL-2027|77.301651|2000-285-609_1006_437_INTEL FOV-1_COMMON|202547|CONSTRAINED|CONSTRAINED|CONSTRAINED_202547_2025-11-20_0656|BY_IF
2000-285-609|1006|5712|04-JUL-2027|03-JUL-2027|77.301651|2000-285-609_1006_437_INTEL FOV-1_COMMON|202547|CONSTRAINED|CONSTRAINED|CONSTRAINED_202547_2025-11-20_0656|BY_IF
2000-285-609|1006|5711|27-JUN-2027|26-JUN-2027|77.301651|2000-285-609_1006_437_INTEL FOV-1_COMMON|202547|CONSTRAINED|CONSTRAINED|CONSTRAINED_202547_2025-11-20_0656|BY_IF
2000-285-609|1006|5710|20-JUN-2027|19-JUN-2027|77.301651|2000-285-609_1006_437_INTEL FOV-1_COMMON|202547|CONSTRAINED|CONSTRAINED|CONSTRAINED_202547_2025-11-20_0656|BY_IF
2000-285-609|1006|5709|13-JUN-2027|12-JUN-2027|77.301651|2000-285-609_1006_437_INTEL FOV-1_COMMON|202547|CONSTRAINED|CONSTRAINED|CONSTRAINED_202547_2025-11-20_0656|BY_IF
2000-285-609|1006|5708|06-JUN-2027|05-JUN-2027|77.301651|2000-285-609_1006_437_INTEL FOV-1_COMMON|202547|CONSTRAINED|CONSTRAINED|CONSTRAINED_202547_2025-11-20_0656|BY_IF
2000-285-609|1006|5707|30-MAY-2027|29-MAY-2027|77.301651|2000-285-609_1006_437_INTEL FOV-1_COMMON|202547|CONSTRAINED|CONSTRAINED|CONSTRAINED_202547_2025-11-20_0656|BY_IF
2000-285-609|1006|5706|23-MAY-2027|22-MAY-2027|77.301651|2000-285-609_1006_437_INTEL FOV-1_COMMON|202547|CONSTRAINED|CONSTRAINED|CONSTRAINED_202547_2025-11-20_0656|BY_IF
2000-285-609|1006|5705|16-MAY-2027|15-MAY-2027|77.301651|2000-285-609_1006_437_INTEL FOV-1_COMMON|202547|CONSTRAINED|CONSTRAINED|CONSTRAINED_202547_2025-11-20_0656|BY_IF
2000-285-609|1006|5704|09-MAY-2027|08-MAY-2027|77.301651|2000-285-609_1006_437_INTEL FOV-1_COMMON|202547|CONSTRAINED|CONSTRAINED|CONSTRAINED_202547_2025-11-20_0656|BY_IF
2000-285-609|1006|5703|02-MAY-2027|01-MAY-2027|77.301651|2000-285-609_1006_437_INTEL FOV-1_COMMON|202547|CONSTRAINED|CONSTRAINED|CONSTRAINED_202547_2025-11-20_0656|BY_IF
2000-285-609|1006|5702|25-APR-2027|24-APR-2027|77.301651|2000-285-609_1006_437_INTEL FOV-1_COMMON|202547|CONSTRAINED|CONSTRAINED|CONSTRAINED_202547_2025-11-20_0656|BY_IF
2000-285-609|1006|5701|18-APR-2027|17-APR-2027|77.301651|2000-285-609_1006_437_INTEL FOV-1_COMMON|202547|CONSTRAINED|CONSTRAINED|CONSTRAINED_202547_2025-11-20_0656|BY_IF
2000-285-609|1006|5700|11-APR-2027|10-APR-2027|77.301651|2000-285-609_1006_437_INTEL FOV-1_COMMON|202547|CONSTRAINED|CONSTRAINED|CONSTRAINED_202547_2025-11-20_0656|BY_IF
2000-285-609|1006|5699|04-APR-2027|03-APR-2027|77.301651|2000-285-609_1006_437_INTEL FOV-1_COMMON|202547|CONSTRAINED|CONSTRAINED|CONSTRAINED_202547_2025-11-20_0656|BY_IF
2000-285-609|1006|5698|28-MAR-2027|27-MAR-2027|77.301651|2000-285-609_1006_437_INTEL FOV-1_COMMON|202547|CONSTRAINED|CONSTRAINED|CONSTRAINED_202547_2025-11-20_0656|BY_IF
2000-285-609|1006|5697|21-MAR-2027|20-MAR-2027|77.301651|2000-285-609_1006_437_INTEL FOV-1_COMMON|202547|CONSTRAINED|CONSTRAINED|CONSTRAINED_202547_2025-11-20_0656|BY_IF
2000-285-609|1006|5696|14-MAR-2027|13-MAR-2027|77.301651|2000-285-609_1006_437_INTEL FOV-1_COMMON|202547|CONSTRAINED|CONSTRAINED|CONSTRAINED_202547_2025-11-20_0656|BY_IF
2000-285-609|1006|5695|07-MAR-2027|06-MAR-2027|77.301651|2000-285-609_1006_437_INTEL FOV-1_COMMON|202547|CONSTRAINED|CONSTRAINED|CONSTRAINED_202547_2025-11-20_0656|BY_IF
2000-285-609|1006|5694|28-FEB-2027|27-FEB-2027|77.301651|2000-285-609_1006_437_INTEL FOV-1_COMMON|202547|CONSTRAINED|CONSTRAINED|CONSTRAINED_202547_2025-11-20_0656|BY_IF
2000-285-609|1006|5693|21-FEB-2027|20-FEB-2027|77.301651|2000-285-609_1006_437_INTEL FOV-1_COMMON|202547|CONSTRAINED|CONSTRAINED|CONSTRAINED_202547_2025-11-20_0656|BY_IF
2000-285-609|1006|5692|14-FEB-2027|13-FEB-2027|77.301651|2000-285-609_1006_437_INTEL FOV-1_COMMON|202547|CONSTRAINED|CONSTRAINED|CONSTRAINED_202547_2025-11-20_0656|BY_IF
2000-285-609|1006|5691|07-FEB-2027|06-FEB-2027|77.301651|2000-285-609_1006_437_INTEL FOV-1_COMMON|202547|CONSTRAINED|CONSTRAINED|CONSTRAINED_202547_2025-11-20_0656|BY_IF
2000-285-609|1006|5690|31-JAN-2027|30-JAN-2027|77.301651|2000-285-609_1006_437_INTEL FOV-1_COMMON|202547|CONSTRAINED|CONSTRAINED|CONSTRAINED_202547_2025-11-20_0656|BY_IF
2000-285-609|1006|5689|24-JAN-2027|23-JAN-2027|77.301651|2000-285-609_1006_437_INTEL FOV-1_COMMON|202547|CONSTRAINED|CONSTRAINED|CONSTRAINED_202547_2025-11-20_0656|BY_IF
2000-285-609|1006|5688|17-JAN-2027|16-JAN-2027|77.301651|2000-285-609_1006_437_INTEL FOV-1_COMMON|202547|CONSTRAINED|CONSTRAINED|CONSTRAINED_202547_2025-11-20_0656|BY_IF
2000-285-609|1006|5687|10-JAN-2027|09-JAN-2027|77.301651|2000-285-609_1006_437_INTEL FOV-1_COMMON|202547|CONSTRAINED|CONSTRAINED|CONSTRAINED_202547_2025-11-20_0656|BY_IF
2000-285-609|1006|5686|13-DEC-2026|12-DEC-2026|77.301651|2000-285-609_1006_437_INTEL FOV-1_COMMON|202547|CONSTRAINED|CONSTRAINED|CONSTRAINED_202547_2025-11-20_0656|BY_IF
2000-285-609|1006|5685|18-OCT-2026|17-OCT-2026|68.411652|2000-285-609_1006_437_INTEL FOV-1_COMMON|202547|CONSTRAINED|CONSTRAINED|CONSTRAINED_202547_2025-11-20_0656|BY_IF
2000-285-609|1006|5684|11-OCT-2026|10-OCT-2026|68.411652|2000-285-609_1006_437_INTEL FOV-1_COMMON|202547|CONSTRAINED|CONSTRAINED|CONSTRAINED_202547_2025-11-20_0656|BY_IF
2000-285-609|1006|5683|23-AUG-2026|22-AUG-2026|77.301651|2000-285-609_1006_437_INTEL FOV-1_COMMON|202547|CONSTRAINED|CONSTRAINED|CONSTRAINED_202547_2025-11-20_0656|BY_IF
2000-285-609|1006|5682|09-AUG-2026|08-AUG-2026|54.259151|2000-285-609_1006_437_INTEL FOV-1_COMMON|202547|CONSTRAINED|CONSTRAINED|CONSTRAINED_202547_2025-11-20_0656|BY_IF
2000-285-609|1006|5681|26-JUL-2026|25-JUL-2026|77.301651|2000-285-609_1006_437_INTEL FOV-1_COMMON|202547|CONSTRAINED|CONSTRAINED|CONSTRAINED_202547_2025-11-20_0656|BY_IF
2000-285-609|1006|5680|19-JUL-2026|18-JUL-2026|67.486649|2000-285-609_1006_437_INTEL FOV-1_COMMON|202547|CONSTRAINED|CONSTRAINED|CONSTRAINED_202547_2025-11-20_0656|BY_IF
2000-285-609|1006|5679|12-JUL-2026|11-JUL-2026|77.301651|2000-285-609_1006_437_INTEL FOV-1_COMMON|202547|CONSTRAINED|CONSTRAINED|CONSTRAINED_202547_2025-11-20_0656|BY_IF
2000-285-609|1006|5678|05-JUL-2026|04-JUL-2026|77.301651|2000-285-609_1006_437_INTEL FOV-1_COMMON|202547|CONSTRAINED|CONSTRAINED|CONSTRAINED_202547_2025-11-20_0656|BY_IF
2000-285-609|1006|5677|28-JUN-2026|27-JUN-2026|77.301651|2000-285-609_1006_437_INTEL FOV-1_COMMON|202547|CONSTRAINED|CONSTRAINED|CONSTRAINED_202547_2025-11-20_0656|BY_IF
2000-285-609|1006|5676|21-JUN-2026|20-JUN-2026|72.639153|2000-285-609_1006_437_INTEL FOV-1_COMMON|202547|CONSTRAINED|CONSTRAINED|CONSTRAINED_202547_2025-11-20_0656|BY_IF
2000-285-609|1006|5675|14-JUN-2026|13-JUN-2026|72.639153|2000-285-609_1006_437_INTEL FOV-1_COMMON|202547|CONSTRAINED|CONSTRAINED|CONSTRAINED_202547_2025-11-20_0656|BY_IF
2000-285-609|1006|5674|07-JUN-2026|06-JUN-2026|53.39415|2000-285-609_1006_437_INTEL FOV-1_COMMON|202547|CONSTRAINED|CONSTRAINED|CONSTRAINED_202547_2025-11-20_0656|BY_IF
2000-285-609|1006|5673|24-MAY-2026|23-MAY-2026|72.639153|2000-285-609_1006_437_INTEL FOV-1_COMMON|202547|CONSTRAINED|CONSTRAINED|CONSTRAINED_202547_2025-11-20_0656|BY_IF
2000-285-609|1006|5672|17-MAY-2026|16-MAY-2026|77.301651|2000-285-609_1006_437_INTEL FOV-1_COMMON|202547|CONSTRAINED|CONSTRAINED|CONSTRAINED_202547_2025-11-20_0656|BY_IF
2000-285-609|1006|5671|03-MAY-2026|02-MAY-2026|77.301651|2000-285-609_1006_437_INTEL FOV-1_COMMON|202547|CONSTRAINED|CONSTRAINED|CONSTRAINED_202547_2025-11-20_0656|BY_IF
2000-285-609|1006|5670|19-APR-2026|18-APR-2026|77.301651|2000-285-609_1006_437_INTEL FOV-1_COMMON|202547|CONSTRAINED|CONSTRAINED|CONSTRAINED_202547_2025-11-20_0656|BY_IF
2000-285-609|1006|5669|12-APR-2026|11-APR-2026|77.301651|2000-285-609_1006_437_INTEL FOV-1_COMMON|202547|CONSTRAINED|CONSTRAINED|CONSTRAINED_202547_2025-11-20_0656|BY_IF
2000-285-609|1006|5668|10-AUG-2025|09-AUG-2025|727.253906|2000-285-609_1006_437_INTEL FOV-1_COMMON|202547|CONSTRAINED|CONSTRAINED|CONSTRAINED_202547_2025-11-20_0656|BY_IF
2000-285-609|1006|5667|03-AUG-2025|02-AUG-2025|9.688474|2000-285-609_1006_437_INTEL FOV-1_COMMON|202547|CONSTRAINED|CONSTRAINED|CONSTRAINED_202547_2025-11-20_0656|BY_IF
2000-285-609|1006|5666|27-JUL-2025|26-JUL-2025|458.656494|2000-285-609_1006_437_INTEL FOV-1_COMMON|202547|CONSTRAINED|CONSTRAINED|CONSTRAINED_202547_2025-11-20_0656|BY_IF
2000-285-609|1006|5744|03-JAN-2027|02-JAN-2027|77.301651|2000-285-609_1006_437_INTEL FOV-2_COMMON|202547|CONSTRAINED|CONSTRAINED|CONSTRAINED_202547_2025-11-20_0656|BY_IF
2000-285-609|1006|5743|20-DEC-2026|19-DEC-2026|16.659149|2000-285-609_1006_437_INTEL FOV-2_COMMON|202547|CONSTRAINED|CONSTRAINED|CONSTRAINED_202547_2025-11-20_0656|BY_IF
2000-285-609|1006|5742|06-DEC-2026|05-DEC-2026|46.904148|2000-285-609_1006_437_INTEL FOV-2_COMMON|202547|CONSTRAINED|CONSTRAINED|CONSTRAINED_202547_2025-11-20_0656|BY_IF
2000-285-609|1006|5741|22-NOV-2026|21-NOV-2026|68.411652|2000-285-609_1006_437_INTEL FOV-2_COMMON|202547|CONSTRAINED|CONSTRAINED|CONSTRAINED_202547_2025-11-20_0656|BY_IF
2000-285-609|1006|5740|04-OCT-2026|03-OCT-2026|68.411652|2000-285-609_1006_437_INTEL FOV-2_COMMON|202547|CONSTRAINED|CONSTRAINED|CONSTRAINED_202547_2025-11-20_0656|BY_IF
2000-285-609|1006|5739|27-SEP-2026|26-SEP-2026|66.711647|2000-285-609_1006_437_INTEL FOV-2_COMMON|202547|CONSTRAINED|CONSTRAINED|CONSTRAINED_202547_2025-11-20_0656|BY_IF
2000-285-609|1006|5738|20-SEP-2026|19-SEP-2026|33.649151|2000-285-609_1006_437_INTEL FOV-2_COMMON|202547|CONSTRAINED|CONSTRAINED|CONSTRAINED_202547_2025-11-20_0656|BY_IF
2000-285-609|1006|5737|06-SEP-2026|05-SEP-2026|77.301651|2000-285-609_1006_437_INTEL FOV-2_COMMON|202547|CONSTRAINED|CONSTRAINED|CONSTRAINED_202547_2025-11-20_0656|BY_IF
2000-285-609|1006|5736|30-AUG-2026|29-AUG-2026|77.301651|2000-285-609_1006_437_INTEL FOV-2_COMMON|202547|CONSTRAINED|CONSTRAINED|CONSTRAINED_202547_2025-11-20_0656|BY_IF
2000-285-609|1006|5735|16-AUG-2026|15-AUG-2026|67.486649|2000-285-609_1006_437_INTEL FOV-2_COMMON|202547|CONSTRAINED|CONSTRAINED|CONSTRAINED_202547_2025-11-20_0656|BY_IF
2000-285-609|1006|5734|31-MAY-2026|30-MAY-2026|32.67831|2000-285-609_1006_437_INTEL FOV-2_COMMON|202547|CONSTRAINED|CONSTRAINED|CONSTRAINED_202547_2025-11-20_0656|BY_IF
2000-285-609|1006|5733|10-MAY-2026|09-MAY-2026|54.134151|2000-285-609_1006_437_INTEL FOV-2_COMMON|202547|CONSTRAINED|CONSTRAINED|CONSTRAINED_202547_2025-11-20_0656|BY_IF
2000-285-609|1006|5732|26-APR-2026|25-APR-2026|51.923309|2000-285-609_1006_437_INTEL FOV-2_COMMON|202547|CONSTRAINED|CONSTRAINED|CONSTRAINED_202547_2025-11-20_0656|BY_IF
2000-285-609|1006|5731|29-MAR-2026|28-MAR-2026|65.350807|2000-285-609_1006_437_INTEL FOV-2_COMMON|202547|CONSTRAINED|CONSTRAINED|CONSTRAINED_202547_2025-11-20_0656|BY_IF
2000-285-609|1006|5730|22-MAR-2026|21-MAR-2026|77.301651|2000-285-609_1006_437_INTEL FOV-2_COMMON|202547|CONSTRAINED|CONSTRAINED|CONSTRAINED_202547_2025-11-20_0656|BY_IF
2000-285-609|1006|5729|15-MAR-2026|14-MAR-2026|10.11165|2000-285-609_1006_437_INTEL FOV-2_COMMON|202547|CONSTRAINED|CONSTRAINED|CONSTRAINED_202547_2025-11-20_0656|BY_IF
2000-285-609|1006|5728|08-MAR-2026|07-MAR-2026|58.986649|2000-285-609_1006_437_INTEL FOV-2_COMMON|202547|CONSTRAINED|CONSTRAINED|CONSTRAINED_202547_2025-11-20_0656|BY_IF
2000-285-609|1006|5727|01-MAR-2026|28-FEB-2026|50.20665|2000-285-609_1006_437_INTEL FOV-2_COMMON|202547|CONSTRAINED|CONSTRAINED|CONSTRAINED_202547_2025-11-20_0656|BY_IF
2000-285-609|1006|5726|22-FEB-2026|21-FEB-2026|50.20665|2000-285-609_1006_437_INTEL FOV-2_COMMON|202547|CONSTRAINED|CONSTRAINED|CONSTRAINED_202547_2025-11-20_0656|BY_IF
2000-285-609|1006|5725|15-FEB-2026|14-FEB-2026|50.20665|2000-285-609_1006_437_INTEL FOV-2_COMMON|202547|CONSTRAINED|CONSTRAINED|CONSTRAINED_202547_2025-11-20_0656|BY_IF
2000-285-609|1006|5724|31-AUG-2025|30-AUG-2025|10.30689|2000-285-609_1006_437_INTEL FOV-2_COMMON|202547|CONSTRAINED|CONSTRAINED|CONSTRAINED_202547_2025-11-20_0656|BY_IF
2000-285-609|1006|5723|24-AUG-2025|23-AUG-2025|103.068901|2000-285-609_1006_437_INTEL FOV-2_COMMON|202547|CONSTRAINED|CONSTRAINED|CONSTRAINED_202547_2025-11-20_0656|BY_IF
2000-285-609|1006|5722|17-AUG-2025|16-AUG-2025|388.569611|2000-285-609_1006_437_INTEL FOV-2_COMMON|202547|CONSTRAINED|CONSTRAINED|CONSTRAINED_202547_2025-11-20_0656|BY_IF
2000-285-609|1006|6197|27-DEC-2026|26-DEC-2026|16.659149|2000-285-609_1006_437_INTEL FOV-4_COMMON|202547|CONSTRAINED|CONSTRAINED|CONSTRAINED_202547_2025-11-20_0656|BY_IF
2000-285-609|1006|6196|29-NOV-2026|28-NOV-2026|68.411652|2000-285-609_1006_437_INTEL FOV-4_COMMON|202547|CONSTRAINED|CONSTRAINED|CONSTRAINED_202547_2025-11-20_0656|BY_IF
2000-285-609|1006|6195|15-NOV-2026|14-NOV-2026|29.276649|2000-285-609_1006_437_INTEL FOV-4_COMMON|202547|CONSTRAINED|CONSTRAINED|CONSTRAINED_202547_2025-11-20_0656|BY_IF
2000-285-609|1006|6194|08-NOV-2026|07-NOV-2026|77.301651|2000-285-609_1006_437_INTEL FOV-4_COMMON|202547|CONSTRAINED|CONSTRAINED|CONSTRAINED_202547_2025-11-20_0656|BY_IF
2000-285-609|1006|6193|01-NOV-2026|31-OCT-2026|16.659149|2000-285-609_1006_437_INTEL FOV-4_COMMON|202547|CONSTRAINED|CONSTRAINED|CONSTRAINED_202547_2025-11-20_0656|BY_IF
2000-285-609|1006|6192|25-OCT-2026|24-OCT-2026|68.411652|2000-285-609_1006_437_INTEL FOV-4_COMMON|202547|CONSTRAINED|CONSTRAINED|CONSTRAINED_202547_2025-11-20_0656|BY_IF
2000-285-609|1006|6191|13-SEP-2026|12-SEP-2026|56.69165|2000-285-609_1006_437_INTEL FOV-4_COMMON|202547|CONSTRAINED|CONSTRAINED|CONSTRAINED_202547_2025-11-20_0656|BY_IF
2000-285-609|1006|6190|02-AUG-2026|01-AUG-2026|46.876652|2000-285-609_1006_437_INTEL FOV-4_COMMON|202547|CONSTRAINED|CONSTRAINED|CONSTRAINED_202547_2025-11-20_0656|BY_IF
2000-285-609|1006|6189|31-MAY-2026|30-MAY-2026|25.378349|2000-285-609_1006_437_INTEL FOV-4_COMMON|202547|CONSTRAINED|CONSTRAINED|CONSTRAINED_202547_2025-11-20_0656|BY_IF
2000-285-609|1006|6188|26-APR-2026|25-APR-2026|25.378349|2000-285-609_1006_437_INTEL FOV-4_COMMON|202547|CONSTRAINED|CONSTRAINED|CONSTRAINED_202547_2025-11-20_0656|BY_IF
2000-285-609|1006|6187|05-APR-2026|04-APR-2026|58.056648|2000-285-609_1006_437_INTEL FOV-4_COMMON|202547|CONSTRAINED|CONSTRAINED|CONSTRAINED_202547_2025-11-20_0656|BY_IF
2000-285-609|1006|6186|15-MAR-2026|14-MAR-2026|48.875|2000-285-609_1006_437_INTEL FOV-4_COMMON|202547|CONSTRAINED|CONSTRAINED|CONSTRAINED_202547_2025-11-20_0656|BY_IF
2000-285-609|1006|6185|08-FEB-2026|07-FEB-2026|14.65806|2000-285-609_1006_437_INTEL FOV-4_COMMON|202547|CONSTRAINED|CONSTRAINED|CONSTRAINED_202547_2025-11-20_0656|BY_IF
2000-285-609|1006|6298|27-DEC-2026|26-DEC-2026|21.5075|2000-285-609_1006_437_INTEL FOV-5_COMMON|202547|CONSTRAINED|CONSTRAINED|CONSTRAINED_202547_2025-11-20_0656|BY_IF
2000-285-609|1006|6297|20-DEC-2026|19-DEC-2026|21.5075|2000-285-609_1006_437_INTEL FOV-5_COMMON|202547|CONSTRAINED|CONSTRAINED|CONSTRAINED_202547_2025-11-20_0656|BY_IF
2000-285-609|1006|6296|06-DEC-2026|05-DEC-2026|21.5075|2000-285-609_1006_437_INTEL FOV-5_COMMON|202547|CONSTRAINED|CONSTRAINED|CONSTRAINED_202547_2025-11-20_0656|BY_IF
2000-285-609|1006|6295|01-NOV-2026|31-OCT-2026|21.5075|2000-285-609_1006_437_INTEL FOV-5_COMMON|202547|CONSTRAINED|CONSTRAINED|CONSTRAINED_202547_2025-11-20_0656|BY_IF
2000-285-609|1006|6294|20-SEP-2026|19-SEP-2026|20.610001|2000-285-609_1006_437_INTEL FOV-5_COMMON|202547|CONSTRAINED|CONSTRAINED|CONSTRAINED_202547_2025-11-20_0656|BY_IF
2000-285-609|1006|6293|13-SEP-2026|12-SEP-2026|20.610001|2000-285-609_1006_437_INTEL FOV-5_COMMON|202547|CONSTRAINED|CONSTRAINED|CONSTRAINED_202547_2025-11-20_0656|BY_IF
2000-285-609|1006|6292|02-AUG-2026|01-AUG-2026|20.610001|2000-285-609_1006_437_INTEL FOV-5_COMMON|202547|CONSTRAINED|CONSTRAINED|CONSTRAINED_202547_2025-11-20_0656|BY_IF
2000-285-609|1006|6291|07-JUN-2026|06-JUN-2026|19.245001|2000-285-609_1006_437_INTEL FOV-5_COMMON|202547|CONSTRAINED|CONSTRAINED|CONSTRAINED_202547_2025-11-20_0656|BY_IF
2000-285-609|1006|6290|31-MAY-2026|30-MAY-2026|19.245001|2000-285-609_1006_437_INTEL FOV-5_COMMON|202547|CONSTRAINED|CONSTRAINED|CONSTRAINED_202547_2025-11-20_0656|BY_IF
2000-285-609|1006|6289|05-APR-2026|04-APR-2026|19.245001|2000-285-609_1006_437_INTEL FOV-5_COMMON|202547|CONSTRAINED|CONSTRAINED|CONSTRAINED_202547_2025-11-20_0656|BY_IF
2000-285-609|1006|6288|29-MAR-2026|28-MAR-2026|11.95085|2000-285-609_1006_437_INTEL FOV-5_COMMON|202547|CONSTRAINED|CONSTRAINED|CONSTRAINED_202547_2025-11-20_0656|BY_IF
2000-285-609|1006|6287|15-MAR-2026|14-MAR-2026|18.315001|2000-285-609_1006_437_INTEL FOV-5_COMMON|202547|CONSTRAINED|CONSTRAINED|CONSTRAINED_202547_2025-11-20_0656|BY_IF
2000-285-609|1006|6286|08-MAR-2026|07-MAR-2026|18.315001|2000-285-609_1006_437_INTEL FOV-5_COMMON|202547|CONSTRAINED|CONSTRAINED|CONSTRAINED_202547_2025-11-20_0656|BY_IF
2000-285-609|1006|6285|01-MAR-2026|28-FEB-2026|18.315001|2000-285-609_1006_437_INTEL FOV-5_COMMON|202547|CONSTRAINED|CONSTRAINED|CONSTRAINED_202547_2025-11-20_0656|BY_IF
2000-285-609|1006|6284|22-FEB-2026|21-FEB-2026|18.315001|2000-285-609_1006_437_INTEL FOV-5_COMMON|202547|CONSTRAINED|CONSTRAINED|CONSTRAINED_202547_2025-11-20_0656|BY_IF
2000-285-609|1006|6283|15-FEB-2026|14-FEB-2026|18.315001|2000-285-609_1006_437_INTEL FOV-5_COMMON|202547|CONSTRAINED|CONSTRAINED|CONSTRAINED_202547_2025-11-20_0656|BY_IF
2000-285-609|1006|6282|08-FEB-2026|07-FEB-2026|18.315001|2000-285-609_1006_437_INTEL FOV-5_COMMON|202547|CONSTRAINED|CONSTRAINED|CONSTRAINED_202547_2025-11-20_0656|BY_IF
2000-285-609|1006|5661|06-DEC-2026|05-DEC-2026|8.89|2000-285-609_1006_437_INTEL FOV-6_COMMON|202547|CONSTRAINED|CONSTRAINED|CONSTRAINED_202547_2025-11-20_0656|BY_IF
2000-285-609|1006|5660|29-NOV-2026|28-NOV-2026|8.89|2000-285-609_1006_437_INTEL FOV-6_COMMON|202547|CONSTRAINED|CONSTRAINED|CONSTRAINED_202547_2025-11-20_0656|BY_IF
2000-285-609|1006|5659|22-NOV-2026|21-NOV-2026|8.89|2000-285-609_1006_437_INTEL FOV-6_COMMON|202547|CONSTRAINED|CONSTRAINED|CONSTRAINED_202547_2025-11-20_0656|BY_IF
2000-285-609|1006|5658|15-NOV-2026|14-NOV-2026|8.89|2000-285-609_1006_437_INTEL FOV-6_COMMON|202547|CONSTRAINED|CONSTRAINED|CONSTRAINED_202547_2025-11-20_0656|BY_IF
2000-285-609|1006|5657|25-OCT-2026|24-OCT-2026|8.89|2000-285-609_1006_437_INTEL FOV-6_COMMON|202547|CONSTRAINED|CONSTRAINED|CONSTRAINED_202547_2025-11-20_0656|BY_IF
2000-285-609|1006|5656|18-OCT-2026|17-OCT-2026|8.89|2000-285-609_1006_437_INTEL FOV-6_COMMON|202547|CONSTRAINED|CONSTRAINED|CONSTRAINED_202547_2025-11-20_0656|BY_IF
2000-285-609|1006|5655|11-OCT-2026|10-OCT-2026|8.89|2000-285-609_1006_437_INTEL FOV-6_COMMON|202547|CONSTRAINED|CONSTRAINED|CONSTRAINED_202547_2025-11-20_0656|BY_IF
2000-285-609|1006|5654|04-OCT-2026|03-OCT-2026|8.89|2000-285-609_1006_437_INTEL FOV-6_COMMON|202547|CONSTRAINED|CONSTRAINED|CONSTRAINED_202547_2025-11-20_0656|BY_IF
2000-285-609|1006|5653|27-SEP-2026|26-SEP-2026|10.59|2000-285-609_1006_437_INTEL FOV-6_COMMON|202547|CONSTRAINED|CONSTRAINED|CONSTRAINED_202547_2025-11-20_0656|BY_IF
2000-285-609|1006|5652|16-AUG-2026|15-AUG-2026|9.815|2000-285-609_1006_437_INTEL FOV-6_COMMON|202547|CONSTRAINED|CONSTRAINED|CONSTRAINED_202547_2025-11-20_0656|BY_IF
2000-285-609|1006|5651|02-AUG-2026|01-AUG-2026|9.815|2000-285-609_1006_437_INTEL FOV-6_COMMON|202547|CONSTRAINED|CONSTRAINED|CONSTRAINED_202547_2025-11-20_0656|BY_IF
2000-285-609|1006|5650|19-JUL-2026|18-JUL-2026|9.815|2000-285-609_1006_437_INTEL FOV-6_COMMON|202547|CONSTRAINED|CONSTRAINED|CONSTRAINED_202547_2025-11-20_0656|BY_IF
2000-285-609|1006|5649|21-JUN-2026|20-JUN-2026|4.6625|2000-285-609_1006_437_INTEL FOV-6_COMMON|202547|CONSTRAINED|CONSTRAINED|CONSTRAINED_202547_2025-11-20_0656|BY_IF
2000-285-609|1006|5648|14-JUN-2026|13-JUN-2026|4.6625|2000-285-609_1006_437_INTEL FOV-6_COMMON|202547|CONSTRAINED|CONSTRAINED|CONSTRAINED_202547_2025-11-20_0656|BY_IF
2000-285-609|1006|5647|07-JUN-2026|06-JUN-2026|4.6625|2000-285-609_1006_437_INTEL FOV-6_COMMON|202547|CONSTRAINED|CONSTRAINED|CONSTRAINED_202547_2025-11-20_0656|BY_IF
2000-285-609|1006|5646|24-MAY-2026|23-MAY-2026|4.6625|2000-285-609_1006_437_INTEL FOV-6_COMMON|202547|CONSTRAINED|CONSTRAINED|CONSTRAINED_202547_2025-11-20_0656|BY_IF
2000-285-609|1006|5645|01-MAR-2026|28-FEB-2026|8.78|2000-285-609_1006_437_INTEL FOV-6_COMMON|202547|CONSTRAINED|CONSTRAINED|CONSTRAINED_202547_2025-11-20_0656|BY_IF
2000-285-609|1006|5644|22-FEB-2026|21-FEB-2026|8.78|2000-285-609_1006_437_INTEL FOV-6_COMMON|202547|CONSTRAINED|CONSTRAINED|CONSTRAINED_202547_2025-11-20_0656|BY_IF
2000-285-609|1006|5643|15-FEB-2026|14-FEB-2026|8.78|2000-285-609_1006_437_INTEL FOV-6_COMMON|202547|CONSTRAINED|CONSTRAINED|CONSTRAINED_202547_2025-11-20_0656|BY_IF
2000-285-609|1006|5642|08-FEB-2026|07-FEB-2026|8.78|2000-285-609_1006_437_INTEL FOV-6_COMMON|202547|CONSTRAINED|CONSTRAINED|CONSTRAINED_202547_2025-11-20_0656|BY_IF
2000-285-609|1006|5721|27-DEC-2026|26-DEC-2026|39.134998|2000-285-609_1006_437_INTEL FOV-7_COMMON|202547|CONSTRAINED|CONSTRAINED|CONSTRAINED_202547_2025-11-20_0656|BY_IF
2000-285-609|1006|5720|20-DEC-2026|19-DEC-2026|39.134998|2000-285-609_1006_437_INTEL FOV-7_COMMON|202547|CONSTRAINED|CONSTRAINED|CONSTRAINED_202547_2025-11-20_0656|BY_IF
2000-285-609|1006|5719|15-NOV-2026|14-NOV-2026|39.134998|2000-285-609_1006_437_INTEL FOV-7_COMMON|202547|CONSTRAINED|CONSTRAINED|CONSTRAINED_202547_2025-11-20_0656|BY_IF
2000-285-609|1006|5718|01-NOV-2026|31-OCT-2026|39.134998|2000-285-609_1006_437_INTEL FOV-7_COMMON|202547|CONSTRAINED|CONSTRAINED|CONSTRAINED_202547_2025-11-20_0656|BY_IF
2000-285-609|1006|5717|20-SEP-2026|19-SEP-2026|23.0425|2000-285-609_1006_437_INTEL FOV-7_COMMON|202547|CONSTRAINED|CONSTRAINED|CONSTRAINED_202547_2025-11-20_0656|BY_IF
2000-285-609|1006|5716|09-AUG-2026|08-AUG-2026|23.0425|2000-285-609_1006_437_INTEL FOV-7_COMMON|202547|CONSTRAINED|CONSTRAINED|CONSTRAINED_202547_2025-11-20_0656|BY_IF
2000-285-609|1006|5715|10-MAY-2026|09-MAY-2026|23.1675|2000-285-609_1006_437_INTEL FOV-7_COMMON|202547|CONSTRAINED|CONSTRAINED|CONSTRAINED_202547_2025-11-20_0656|BY_IF
2000-285-610|1006|5006|18-JUL-2027|17-JUL-2027|150|2000-285-610_1006_424|202547|CONSTRAINED|CONSTRAINED|CONSTRAINED_202547_2025-11-20_0656|BY_IF
2000-285-610|1006|5005|11-JUL-2027|10-JUL-2027|75|2000-285-610_1006_424|202547|CONSTRAINED|CONSTRAINED|CONSTRAINED_202547_2025-11-20_0656|BY_IF
2000-285-610|1006|5004|04-JUL-2027|03-JUL-2027|75|2000-285-610_1006_424|202547|CONSTRAINED|CONSTRAINED|CONSTRAINED_202547_2025-11-20_0656|BY_IF
2000-285-610|1006|5003|27-JUN-2027|26-JUN-2027|75|2000-285-610_1006_424|202547|CONSTRAINED|CONSTRAINED|CONSTRAINED_202547_2025-11-20_0656|BY_IF
2000-285-610|1006|5002|20-JUN-2027|19-JUN-2027|75|2000-285-610_1006_424|202547|CONSTRAINED|CONSTRAINED|CONSTRAINED_202547_2025-11-20_0656|BY_IF
2000-285-610|1006|5001|13-JUN-2027|12-JUN-2027|75|2000-285-610_1006_424|202547|CONSTRAINED|CONSTRAINED|CONSTRAINED_202547_2025-11-20_0656|BY_IF
2000-285-610|1006|5000|06-JUN-2027|05-JUN-2027|75|2000-285-610_1006_424|202547|CONSTRAINED|CONSTRAINED|CONSTRAINED_202547_2025-11-20_0656|BY_IF
2000-285-610|1006|4999|30-MAY-2027|29-MAY-2027|75|2000-285-610_1006_424|202547|CONSTRAINED|CONSTRAINED|CONSTRAINED_202547_2025-11-20_0656|BY_IF
2000-285-610|1006|4998|23-MAY-2027|22-MAY-2027|75|2000-285-610_1006_424|202547|CONSTRAINED|CONSTRAINED|CONSTRAINED_202547_2025-11-20_0656|BY_IF
2000-285-610|1006|4997|16-MAY-2027|15-MAY-2027|75|2000-285-610_1006_424|202547|CONSTRAINED|CONSTRAINED|CONSTRAINED_202547_2025-11-20_0656|BY_IF
2000-285-610|1006|4996|09-MAY-2027|08-MAY-2027|75|2000-285-610_1006_424|202547|CONSTRAINED|CONSTRAINED|CONSTRAINED_202547_2025-11-20_0656|BY_IF
2000-285-610|1006|4995|02-MAY-2027|01-MAY-2027|75|2000-285-610_1006_424|202547|CONSTRAINED|CONSTRAINED|CONSTRAINED_202547_2025-11-20_0656|BY_IF
2000-285-610|1006|4994|25-APR-2027|24-APR-2027|75|2000-285-610_1006_424|202547|CONSTRAINED|CONSTRAINED|CONSTRAINED_202547_2025-11-20_0656|BY_IF
2000-285-610|1006|4993|18-APR-2027|17-APR-2027|75|2000-285-610_1006_424|202547|CONSTRAINED|CONSTRAINED|CONSTRAINED_202547_2025-11-20_0656|BY_IF
2000-285-610|1006|4992|11-APR-2027|10-APR-2027|75|2000-285-610_1006_424|202547|CONSTRAINED|CONSTRAINED|CONSTRAINED_202547_2025-11-20_0656|BY_IF
2000-285-610|1006|4991|04-APR-2027|03-APR-2027|75|2000-285-610_1006_424|202547|CONSTRAINED|CONSTRAINED|CONSTRAINED_202547_2025-11-20_0656|BY_IF
2000-285-610|1006|4990|28-MAR-2027|27-MAR-2027|75|2000-285-610_1006_424|202547|CONSTRAINED|CONSTRAINED|CONSTRAINED_202547_2025-11-20_0656|BY_IF
2000-285-610|1006|4989|21-MAR-2027|20-MAR-2027|75|2000-285-610_1006_424|202547|CONSTRAINED|CONSTRAINED|CONSTRAINED_202547_2025-11-20_0656|BY_IF
2000-285-610|1006|4988|14-MAR-2027|13-MAR-2027|75|2000-285-610_1006_424|202547|CONSTRAINED|CONSTRAINED|CONSTRAINED_202547_2025-11-20_0656|BY_IF
2000-285-610|1006|4987|07-MAR-2027|06-MAR-2027|75|2000-285-610_1006_424|202547|CONSTRAINED|CONSTRAINED|CONSTRAINED_202547_2025-11-20_0656|BY_IF
2000-285-610|1006|4986|28-FEB-2027|27-FEB-2027|75|2000-285-610_1006_424|202547|CONSTRAINED|CONSTRAINED|CONSTRAINED_202547_2025-11-20_0656|BY_IF
2000-285-610|1006|4985|21-FEB-2027|20-FEB-2027|75|2000-285-610_1006_424|202547|CONSTRAINED|CONSTRAINED|CONSTRAINED_202547_2025-11-20_0656|BY_IF
2000-285-610|1006|4984|14-FEB-2027|13-FEB-2027|75|2000-285-610_1006_424|202547|CONSTRAINED|CONSTRAINED|CONSTRAINED_202547_2025-11-20_0656|BY_IF
2000-285-610|1006|4983|07-FEB-2027|06-FEB-2027|75|2000-285-610_1006_424|202547|CONSTRAINED|CONSTRAINED|CONSTRAINED_202547_2025-11-20_0656|BY_IF
2000-285-610|1006|4982|31-JAN-2027|30-JAN-2027|75|2000-285-610_1006_424|202547|CONSTRAINED|CONSTRAINED|CONSTRAINED_202547_2025-11-20_0656|BY_IF
2000-285-610|1006|4981|24-JAN-2027|23-JAN-2027|75|2000-285-610_1006_424|202547|CONSTRAINED|CONSTRAINED|CONSTRAINED_202547_2025-11-20_0656|BY_IF
2000-285-610|1006|4980|17-JAN-2027|16-JAN-2027|75|2000-285-610_1006_424|202547|CONSTRAINED|CONSTRAINED|CONSTRAINED_202547_2025-11-20_0656|BY_IF
2000-285-610|1006|4979|10-JAN-2027|09-JAN-2027|75|2000-285-610_1006_424|202547|CONSTRAINED|CONSTRAINED|CONSTRAINED_202547_2025-11-20_0656|BY_IF
2000-285-610|1006|4978|03-JAN-2027|02-JAN-2027|75|2000-285-610_1006_424|202547|CONSTRAINED|CONSTRAINED|CONSTRAINED_202547_2025-11-20_0656|BY_IF
2000-285-610|1006|4977|27-DEC-2026|26-DEC-2026|75|2000-285-610_1006_424|202547|CONSTRAINED|CONSTRAINED|CONSTRAINED_202547_2025-11-20_0656|BY_IF
2000-285-610|1006|4976|20-DEC-2026|19-DEC-2026|75|2000-285-610_1006_424|202547|CONSTRAINED|CONSTRAINED|CONSTRAINED_202547_2025-11-20_0656|BY_IF
2000-285-610|1006|4975|13-DEC-2026|12-DEC-2026|75|2000-285-610_1006_424|202547|CONSTRAINED|CONSTRAINED|CONSTRAINED_202547_2025-11-20_0656|BY_IF
2000-285-610|1006|4974|06-DEC-2026|05-DEC-2026|75|2000-285-610_1006_424|202547|CONSTRAINED|CONSTRAINED|CONSTRAINED_202547_2025-11-20_0656|BY_IF
2000-285-610|1006|4973|29-NOV-2026|28-NOV-2026|75|2000-285-610_1006_424|202547|CONSTRAINED|CONSTRAINED|CONSTRAINED_202547_2025-11-20_0656|BY_IF
2000-285-610|1006|4972|22-NOV-2026|21-NOV-2026|75|2000-285-610_1006_424|202547|CONSTRAINED|CONSTRAINED|CONSTRAINED_202547_2025-11-20_0656|BY_IF
2000-285-610|1006|4971|15-NOV-2026|14-NOV-2026|75|2000-285-610_1006_424|202547|CONSTRAINED|CONSTRAINED|CONSTRAINED_202547_2025-11-20_0656|BY_IF
2000-285-610|1006|4970|08-NOV-2026|07-NOV-2026|75|2000-285-610_1006_424|202547|CONSTRAINED|CONSTRAINED|CONSTRAINED_202547_2025-11-20_0656|BY_IF
2000-285-610|1006|4969|01-NOV-2026|31-OCT-2026|75|2000-285-610_1006_424|202547|CONSTRAINED|CONSTRAINED|CONSTRAINED_202547_2025-11-20_0656|BY_IF
2000-285-610|1006|4968|25-OCT-2026|24-OCT-2026|75|2000-285-610_1006_424|202547|CONSTRAINED|CONSTRAINED|CONSTRAINED_202547_2025-11-20_0656|BY_IF
2000-285-610|1006|4967|18-OCT-2026|17-OCT-2026|75|2000-285-610_1006_424|202547|CONSTRAINED|CONSTRAINED|CONSTRAINED_202547_2025-11-20_0656|BY_IF
2000-285-610|1006|4966|11-OCT-2026|10-OCT-2026|75|2000-285-610_1006_424|202547|CONSTRAINED|CONSTRAINED|CONSTRAINED_202547_2025-11-20_0656|BY_IF
2000-285-610|1006|4965|04-OCT-2026|03-OCT-2026|75|2000-285-610_1006_424|202547|CONSTRAINED|CONSTRAINED|CONSTRAINED_202547_2025-11-20_0656|BY_IF
2000-285-610|1006|4964|27-SEP-2026|26-SEP-2026|75|2000-285-610_1006_424|202547|CONSTRAINED|CONSTRAINED|CONSTRAINED_202547_2025-11-20_0656|BY_IF
2000-285-610|1006|4963|20-SEP-2026|19-SEP-2026|75|2000-285-610_1006_424|202547|CONSTRAINED|CONSTRAINED|CONSTRAINED_202547_2025-11-20_0656|BY_IF
2000-285-610|1006|4962|13-SEP-2026|12-SEP-2026|75|2000-285-610_1006_424|202547|CONSTRAINED|CONSTRAINED|CONSTRAINED_202547_2025-11-20_0656|BY_IF
2000-285-610|1006|4961|06-SEP-2026|05-SEP-2026|75|2000-285-610_1006_424|202547|CONSTRAINED|CONSTRAINED|CONSTRAINED_202547_2025-11-20_0656|BY_IF
2000-285-610|1006|4960|30-AUG-2026|29-AUG-2026|75|2000-285-610_1006_424|202547|CONSTRAINED|CONSTRAINED|CONSTRAINED_202547_2025-11-20_0656|BY_IF
2000-285-610|1006|4959|23-AUG-2026|22-AUG-2026|75|2000-285-610_1006_424|202547|CONSTRAINED|CONSTRAINED|CONSTRAINED_202547_2025-11-20_0656|BY_IF
2000-285-610|1006|4958|16-AUG-2026|15-AUG-2026|75|2000-285-610_1006_424|202547|CONSTRAINED|CONSTRAINED|CONSTRAINED_202547_2025-11-20_0656|BY_IF
2000-285-610|1006|4957|09-AUG-2026|08-AUG-2026|75|2000-285-610_1006_424|202547|CONSTRAINED|CONSTRAINED|CONSTRAINED_202547_2025-11-20_0656|BY_IF
2000-285-610|1006|4956|02-AUG-2026|01-AUG-2026|75|2000-285-610_1006_424|202547|CONSTRAINED|CONSTRAINED|CONSTRAINED_202547_2025-11-20_0656|BY_IF
2000-285-610|1006|4955|26-JUL-2026|25-JUL-2026|75|2000-285-610_1006_424|202547|CONSTRAINED|CONSTRAINED|CONSTRAINED_202547_2025-11-20_0656|BY_IF
2000-285-610|1006|4954|19-JUL-2026|18-JUL-2026|75|2000-285-610_1006_424|202547|CONSTRAINED|CONSTRAINED|CONSTRAINED_202547_2025-11-20_0656|BY_IF
2000-285-610|1006|4953|12-JUL-2026|11-JUL-2026|75|2000-285-610_1006_424|202547|CONSTRAINED|CONSTRAINED|CONSTRAINED_202547_2025-11-20_0656|BY_IF
2000-285-610|1006|4952|05-JUL-2026|04-JUL-2026|75|2000-285-610_1006_424|202547|CONSTRAINED|CONSTRAINED|CONSTRAINED_202547_2025-11-20_0656|BY_IF
2000-285-610|1006|4951|28-JUN-2026|27-JUN-2026|75|2000-285-610_1006_424|202547|CONSTRAINED|CONSTRAINED|CONSTRAINED_202547_2025-11-20_0656|BY_IF
2000-285-610|1006|4950|21-JUN-2026|20-JUN-2026|75|2000-285-610_1006_424|202547|CONSTRAINED|CONSTRAINED|CONSTRAINED_202547_2025-11-20_0656|BY_IF
2000-285-610|1006|4949|14-JUN-2026|13-JUN-2026|75|2000-285-610_1006_424|202547|CONSTRAINED|CONSTRAINED|CONSTRAINED_202547_2025-11-20_0656|BY_IF
2000-285-610|1006|4948|07-JUN-2026|06-JUN-2026|75|2000-285-610_1006_424|202547|CONSTRAINED|CONSTRAINED|CONSTRAINED_202547_2025-11-20_0656|BY_IF
2000-285-610|1006|4947|31-MAY-2026|30-MAY-2026|75|2000-285-610_1006_424|202547|CONSTRAINED|CONSTRAINED|CONSTRAINED_202547_2025-11-20_0656|BY_IF
2000-285-610|1006|4946|24-MAY-2026|23-MAY-2026|75|2000-285-610_1006_424|202547|CONSTRAINED|CONSTRAINED|CONSTRAINED_202547_2025-11-20_0656|BY_IF
2000-285-610|1006|4945|17-MAY-2026|16-MAY-2026|75|2000-285-610_1006_424|202547|CONSTRAINED|CONSTRAINED|CONSTRAINED_202547_2025-11-20_0656|BY_IF
2000-285-610|1006|4944|10-MAY-2026|09-MAY-2026|75|2000-285-610_1006_424|202547|CONSTRAINED|CONSTRAINED|CONSTRAINED_202547_2025-11-20_0656|BY_IF
2000-285-610|1006|4943|03-MAY-2026|02-MAY-2026|75|2000-285-610_1006_424|202547|CONSTRAINED|CONSTRAINED|CONSTRAINED_202547_2025-11-20_0656|BY_IF
2000-285-610|1006|4942|26-APR-2026|25-APR-2026|75|2000-285-610_1006_424|202547|CONSTRAINED|CONSTRAINED|CONSTRAINED_202547_2025-11-20_0656|BY_IF
2000-285-610|1006|4941|19-APR-2026|18-APR-2026|75|2000-285-610_1006_424|202547|CONSTRAINED|CONSTRAINED|CONSTRAINED_202547_2025-11-20_0656|BY_IF
2000-285-610|1006|4940|12-APR-2026|11-APR-2026|75|2000-285-610_1006_424|202547|CONSTRAINED|CONSTRAINED|CONSTRAINED_202547_2025-11-20_0656|BY_IF
2000-285-610|1006|4939|05-APR-2026|04-APR-2026|75|2000-285-610_1006_424|202547|CONSTRAINED|CONSTRAINED|CONSTRAINED_202547_2025-11-20_0656|BY_IF
2000-285-610|1006|4938|29-MAR-2026|28-MAR-2026|75|2000-285-610_1006_424|202547|CONSTRAINED|CONSTRAINED|CONSTRAINED_202547_2025-11-20_0656|BY_IF
2000-285-610|1006|4937|22-MAR-2026|21-MAR-2026|75|2000-285-610_1006_424|202547|CONSTRAINED|CONSTRAINED|CONSTRAINED_202547_2025-11-20_0656|BY_IF
2000-285-610|1006|4936|15-MAR-2026|14-MAR-2026|75|2000-285-610_1006_424|202547|CONSTRAINED|CONSTRAINED|CONSTRAINED_202547_2025-11-20_0656|BY_IF
2000-285-610|1006|4935|08-MAR-2026|07-MAR-2026|75|2000-285-610_1006_424|202547|CONSTRAINED|CONSTRAINED|CONSTRAINED_202547_2025-11-20_0656|BY_IF
2000-285-610|1006|4934|01-MAR-2026|28-FEB-2026|75|2000-285-610_1006_424|202547|CONSTRAINED|CONSTRAINED|CONSTRAINED_202547_2025-11-20_0656|BY_IF
2000-285-610|1006|4933|22-FEB-2026|21-FEB-2026|75|2000-285-610_1006_424|202547|CONSTRAINED|CONSTRAINED|CONSTRAINED_202547_2025-11-20_0656|BY_IF
2000-285-610|1006|4932|15-FEB-2026|14-FEB-2026|75|2000-285-610_1006_424|202547|CONSTRAINED|CONSTRAINED|CONSTRAINED_202547_2025-11-20_0656|BY_IF
2000-285-610|1006|4931|08-FEB-2026|07-FEB-2026|40.509861|2000-285-610_1006_424|202547|CONSTRAINED|CONSTRAINED|CONSTRAINED_202547_2025-11-20_0656|BY_IF
2000-285-610|1006|4930|14-SEP-2025|13-SEP-2025|733.490112|2000-285-610_1006_424|202547|CONSTRAINED|CONSTRAINED|CONSTRAINED_202547_2025-11-20_0656|BY_IF
2000-285-610|1006|4929|31-AUG-2025|30-AUG-2025|10|2000-285-610_1006_424|202547|CONSTRAINED|CONSTRAINED|CONSTRAINED_202547_2025-11-20_0656|BY_IF
2000-285-610|1006|4928|24-AUG-2025|23-AUG-2025|100|2000-285-610_1006_424|202547|CONSTRAINED|CONSTRAINED|CONSTRAINED_202547_2025-11-20_0656|BY_IF
2000-285-610|1006|4927|17-AUG-2025|16-AUG-2025|377|2000-285-610_1006_424|202547|CONSTRAINED|CONSTRAINED|CONSTRAINED_202547_2025-11-20_0656|BY_IF
2000-285-610|1006|4926|10-AUG-2025|09-AUG-2025|705.599976|2000-285-610_1006_424|202547|CONSTRAINED|CONSTRAINED|CONSTRAINED_202547_2025-11-20_0656|BY_IF
2000-285-610|1006|4925|03-AUG-2025|02-AUG-2025|9.4|2000-285-610_1006_424|202547|CONSTRAINED|CONSTRAINED|CONSTRAINED_202547_2025-11-20_0656|BY_IF
2000-285-610|1006|4924|27-JUL-2025|26-JUL-2025|445|2000-285-610_1006_424|202547|CONSTRAINED|CONSTRAINED|CONSTRAINED_202547_2025-11-20_0656|BY_IF
2000-285-677|1003|5180|09-AUG-2025|09-AUG-2025|111.963097|2000-285-677_1003_435_C4 ONLY_COMMON|202547|CONSTRAINED|CONSTRAINED|CONSTRAINED_202547_2025-11-20_0656|BY_IF
2000-285-677|1003|5179|02-AUG-2025|02-AUG-2025|251.132294|2000-285-677_1003_435_C4 ONLY_COMMON|202547|CONSTRAINED|CONSTRAINED|CONSTRAINED_202547_2025-11-20_0656|BY_IF
2000-285-677|1003|5178|26-JUL-2025|26-JUL-2025|120.334198|2000-285-677_1003_435_C4 ONLY_COMMON|202547|CONSTRAINED|CONSTRAINED|CONSTRAINED_202547_2025-11-20_0656|BY_IF
2000-285-677|1006|7789|24-JUL-2027|24-JUL-2027|78.478828|2000-285-677_1006_434_C4 ONLY_COMMON|202547|CONSTRAINED|CONSTRAINED|CONSTRAINED_202547_2025-11-20_0656|BY_IF
2000-285-677|1006|7788|17-JUL-2027|17-JUL-2027|78.478828|2000-285-677_1006_434_C4 ONLY_COMMON|202547|CONSTRAINED|CONSTRAINED|CONSTRAINED_202547_2025-11-20_0656|BY_IF
2000-285-677|1006|7787|10-JUL-2027|10-JUL-2027|78.478828|2000-285-677_1006_434_C4 ONLY_COMMON|202547|CONSTRAINED|CONSTRAINED|CONSTRAINED_202547_2025-11-20_0656|BY_IF
2000-285-677|1006|7786|03-JUL-2027|03-JUL-2027|78.478828|2000-285-677_1006_434_C4 ONLY_COMMON|202547|CONSTRAINED|CONSTRAINED|CONSTRAINED_202547_2025-11-20_0656|BY_IF
2000-285-677|1006|7785|26-JUN-2027|26-JUN-2027|78.478828|2000-285-677_1006_434_C4 ONLY_COMMON|202547|CONSTRAINED|CONSTRAINED|CONSTRAINED_202547_2025-11-20_0656|BY_IF
2000-285-677|1006|7784|19-JUN-2027|19-JUN-2027|78.478828|2000-285-677_1006_434_C4 ONLY_COMMON|202547|CONSTRAINED|CONSTRAINED|CONSTRAINED_202547_2025-11-20_0656|BY_IF
2000-285-677|1006|7783|12-JUN-2027|12-JUN-2027|78.478828|2000-285-677_1006_434_C4 ONLY_COMMON|202547|CONSTRAINED|CONSTRAINED|CONSTRAINED_202547_2025-11-20_0656|BY_IF
2000-285-677|1006|7782|05-JUN-2027|05-JUN-2027|78.478828|2000-285-677_1006_434_C4 ONLY_COMMON|202547|CONSTRAINED|CONSTRAINED|CONSTRAINED_202547_2025-11-20_0656|BY_IF
2000-285-677|1006|7781|29-MAY-2027|29-MAY-2027|78.478828|2000-285-677_1006_434_C4 ONLY_COMMON|202547|CONSTRAINED|CONSTRAINED|CONSTRAINED_202547_2025-11-20_0656|BY_IF
2000-285-677|1006|7780|22-MAY-2027|22-MAY-2027|78.478828|2000-285-677_1006_434_C4 ONLY_COMMON|202547|CONSTRAINED|CONSTRAINED|CONSTRAINED_202547_2025-11-20_0656|BY_IF
2000-285-677|1006|7779|15-MAY-2027|15-MAY-2027|78.478828|2000-285-677_1006_434_C4 ONLY_COMMON|202547|CONSTRAINED|CONSTRAINED|CONSTRAINED_202547_2025-11-20_0656|BY_IF
2000-285-677|1006|7778|08-MAY-2027|08-MAY-2027|78.478828|2000-285-677_1006_434_C4 ONLY_COMMON|202547|CONSTRAINED|CONSTRAINED|CONSTRAINED_202547_2025-11-20_0656|BY_IF
2000-285-677|1006|7777|01-MAY-2027|01-MAY-2027|78.478828|2000-285-677_1006_434_C4 ONLY_COMMON|202547|CONSTRAINED|CONSTRAINED|CONSTRAINED_202547_2025-11-20_0656|BY_IF
2000-285-677|1006|7776|24-APR-2027|24-APR-2027|78.478828|2000-285-677_1006_434_C4 ONLY_COMMON|202547|CONSTRAINED|CONSTRAINED|CONSTRAINED_202547_2025-11-20_0656|BY_IF
2000-285-677|1006|7775|17-APR-2027|17-APR-2027|78.478828|2000-285-677_1006_434_C4 ONLY_COMMON|202547|CONSTRAINED|CONSTRAINED|CONSTRAINED_202547_2025-11-20_0656|BY_IF
2000-285-677|1006|7774|10-APR-2027|10-APR-2027|78.478828|2000-285-677_1006_434_C4 ONLY_COMMON|202547|CONSTRAINED|CONSTRAINED|CONSTRAINED_202547_2025-11-20_0656|BY_IF
2000-285-677|1006|7773|03-APR-2027|03-APR-2027|78.478828|2000-285-677_1006_434_C4 ONLY_COMMON|202547|CONSTRAINED|CONSTRAINED|CONSTRAINED_202547_2025-11-20_0656|BY_IF
2000-285-677|1006|7772|27-MAR-2027|27-MAR-2027|78.478828|2000-285-677_1006_434_C4 ONLY_COMMON|202547|CONSTRAINED|CONSTRAINED|CONSTRAINED_202547_2025-11-20_0656|BY_IF
2000-285-677|1006|7771|20-MAR-2027|20-MAR-2027|78.478828|2000-285-677_1006_434_C4 ONLY_COMMON|202547|CONSTRAINED|CONSTRAINED|CONSTRAINED_202547_2025-11-20_0656|BY_IF
2000-285-677|1006|7770|13-MAR-2027|13-MAR-2027|78.478828|2000-285-677_1006_434_C4 ONLY_COMMON|202547|CONSTRAINED|CONSTRAINED|CONSTRAINED_202547_2025-11-20_0656|BY_IF
2000-285-677|1006|7769|06-MAR-2027|06-MAR-2027|78.478828|2000-285-677_1006_434_C4 ONLY_COMMON|202547|CONSTRAINED|CONSTRAINED|CONSTRAINED_202547_2025-11-20_0656|BY_IF
2000-285-677|1006|7768|27-FEB-2027|27-FEB-2027|78.478828|2000-285-677_1006_434_C4 ONLY_COMMON|202547|CONSTRAINED|CONSTRAINED|CONSTRAINED_202547_2025-11-20_0656|BY_IF
2000-285-677|1006|7767|20-FEB-2027|20-FEB-2027|78.478828|2000-285-677_1006_434_C4 ONLY_COMMON|202547|CONSTRAINED|CONSTRAINED|CONSTRAINED_202547_2025-11-20_0656|BY_IF
2000-285-677|1006|7766|13-FEB-2027|13-FEB-2027|78.478828|2000-285-677_1006_434_C4 ONLY_COMMON|202547|CONSTRAINED|CONSTRAINED|CONSTRAINED_202547_2025-11-20_0656|BY_IF
2000-285-677|1006|7765|06-FEB-2027|06-FEB-2027|78.478828|2000-285-677_1006_434_C4 ONLY_COMMON|202547|CONSTRAINED|CONSTRAINED|CONSTRAINED_202547_2025-11-20_0656|BY_IF
2000-285-677|1006|7764|30-JAN-2027|30-JAN-2027|78.478828|2000-285-677_1006_434_C4 ONLY_COMMON|202547|CONSTRAINED|CONSTRAINED|CONSTRAINED_202547_2025-11-20_0656|BY_IF
2000-285-677|1006|7763|23-JAN-2027|23-JAN-2027|78.478828|2000-285-677_1006_434_C4 ONLY_COMMON|202547|CONSTRAINED|CONSTRAINED|CONSTRAINED_202547_2025-11-20_0656|BY_IF
2000-285-677|1006|7762|16-JAN-2027|16-JAN-2027|78.478828|2000-285-677_1006_434_C4 ONLY_COMMON|202547|CONSTRAINED|CONSTRAINED|CONSTRAINED_202547_2025-11-20_0656|BY_IF
2000-285-677|1006|7761|09-JAN-2027|09-JAN-2027|78.478828|2000-285-677_1006_434_C4 ONLY_COMMON|202547|CONSTRAINED|CONSTRAINED|CONSTRAINED_202547_2025-11-20_0656|BY_IF
2000-285-677|1006|7760|02-JAN-2027|02-JAN-2027|78.478828|2000-285-677_1006_434_C4 ONLY_COMMON|202547|CONSTRAINED|CONSTRAINED|CONSTRAINED_202547_2025-11-20_0656|BY_IF
2000-285-677|1006|7759|26-DEC-2026|26-DEC-2026|78.478828|2000-285-677_1006_434_C4 ONLY_COMMON|202547|CONSTRAINED|CONSTRAINED|CONSTRAINED_202547_2025-11-20_0656|BY_IF
2000-285-677|1006|7758|19-DEC-2026|19-DEC-2026|78.478828|2000-285-677_1006_434_C4 ONLY_COMMON|202547|CONSTRAINED|CONSTRAINED|CONSTRAINED_202547_2025-11-20_0656|BY_IF
2000-285-677|1006|7757|12-DEC-2026|12-DEC-2026|78.478828|2000-285-677_1006_434_C4 ONLY_COMMON|202547|CONSTRAINED|CONSTRAINED|CONSTRAINED_202547_2025-11-20_0656|BY_IF
2000-285-677|1006|7756|05-DEC-2026|05-DEC-2026|78.478828|2000-285-677_1006_434_C4 ONLY_COMMON|202547|CONSTRAINED|CONSTRAINED|CONSTRAINED_202547_2025-11-20_0656|BY_IF
2000-285-677|1006|7755|28-NOV-2026|28-NOV-2026|78.478828|2000-285-677_1006_434_C4 ONLY_COMMON|202547|CONSTRAINED|CONSTRAINED|CONSTRAINED_202547_2025-11-20_0656|BY_IF
2000-285-677|1006|7754|21-NOV-2026|21-NOV-2026|78.478828|2000-285-677_1006_434_C4 ONLY_COMMON|202547|CONSTRAINED|CONSTRAINED|CONSTRAINED_202547_2025-11-20_0656|BY_IF
2000-285-677|1006|7753|14-NOV-2026|14-NOV-2026|78.478828|2000-285-677_1006_434_C4 ONLY_COMMON|202547|CONSTRAINED|CONSTRAINED|CONSTRAINED_202547_2025-11-20_0656|BY_IF
2000-285-677|1006|7752|07-NOV-2026|07-NOV-2026|78.478828|2000-285-677_1006_434_C4 ONLY_COMMON|202547|CONSTRAINED|CONSTRAINED|CONSTRAINED_202547_2025-11-20_0656|BY_IF
2000-285-677|1006|7751|31-OCT-2026|31-OCT-2026|78.478828|2000-285-677_1006_434_C4 ONLY_COMMON|202547|CONSTRAINED|CONSTRAINED|CONSTRAINED_202547_2025-11-20_0656|BY_IF
2000-285-677|1006|7750|24-OCT-2026|24-OCT-2026|78.478828|2000-285-677_1006_434_C4 ONLY_COMMON|202547|CONSTRAINED|CONSTRAINED|CONSTRAINED_202547_2025-11-20_0656|BY_IF
2000-285-677|1006|7749|17-OCT-2026|17-OCT-2026|78.478828|2000-285-677_1006_434_C4 ONLY_COMMON|202547|CONSTRAINED|CONSTRAINED|CONSTRAINED_202547_2025-11-20_0656|BY_IF
2000-285-677|1006|7748|10-OCT-2026|10-OCT-2026|78.478828|2000-285-677_1006_434_C4 ONLY_COMMON|202547|CONSTRAINED|CONSTRAINED|CONSTRAINED_202547_2025-11-20_0656|BY_IF
2000-285-677|1006|7747|03-OCT-2026|03-OCT-2026|78.478828|2000-285-677_1006_434_C4 ONLY_COMMON|202547|CONSTRAINED|CONSTRAINED|CONSTRAINED_202547_2025-11-20_0656|BY_IF
2000-285-677|1006|7746|26-SEP-2026|26-SEP-2026|78.478828|2000-285-677_1006_434_C4 ONLY_COMMON|202547|CONSTRAINED|CONSTRAINED|CONSTRAINED_202547_2025-11-20_0656|BY_IF
2000-285-677|1006|7745|19-SEP-2026|19-SEP-2026|78.478828|2000-285-677_1006_434_C4 ONLY_COMMON|202547|CONSTRAINED|CONSTRAINED|CONSTRAINED_202547_2025-11-20_0656|BY_IF
2000-285-677|1006|7744|12-SEP-2026|12-SEP-2026|78.478828|2000-285-677_1006_434_C4 ONLY_COMMON|202547|CONSTRAINED|CONSTRAINED|CONSTRAINED_202547_2025-11-20_0656|BY_IF
2000-285-677|1006|7743|05-SEP-2026|05-SEP-2026|78.478828|2000-285-677_1006_434_C4 ONLY_COMMON|202547|CONSTRAINED|CONSTRAINED|CONSTRAINED_202547_2025-11-20_0656|BY_IF
2000-285-677|1006|7742|29-AUG-2026|29-AUG-2026|78.478828|2000-285-677_1006_434_C4 ONLY_COMMON|202547|CONSTRAINED|CONSTRAINED|CONSTRAINED_202547_2025-11-20_0656|BY_IF
2000-285-677|1006|7741|22-AUG-2026|22-AUG-2026|78.478828|2000-285-677_1006_434_C4 ONLY_COMMON|202547|CONSTRAINED|CONSTRAINED|CONSTRAINED_202547_2025-11-20_0656|BY_IF
2000-285-677|1006|7740|15-AUG-2026|15-AUG-2026|78.478828|2000-285-677_1006_434_C4 ONLY_COMMON|202547|CONSTRAINED|CONSTRAINED|CONSTRAINED_202547_2025-11-20_0656|BY_IF
2000-285-677|1006|7739|08-AUG-2026|08-AUG-2026|78.478828|2000-285-677_1006_434_C4 ONLY_COMMON|202547|CONSTRAINED|CONSTRAINED|CONSTRAINED_202547_2025-11-20_0656|BY_IF
2000-285-677|1006|7738|01-AUG-2026|01-AUG-2026|78.478828|2000-285-677_1006_434_C4 ONLY_COMMON|202547|CONSTRAINED|CONSTRAINED|CONSTRAINED_202547_2025-11-20_0656|BY_IF
2000-285-677|1006|7737|25-JUL-2026|25-JUL-2026|78.478828|2000-285-677_1006_434_C4 ONLY_COMMON|202547|CONSTRAINED|CONSTRAINED|CONSTRAINED_202547_2025-11-20_0656|BY_IF
2000-285-677|1006|7736|18-JUL-2026|18-JUL-2026|78.478828|2000-285-677_1006_434_C4 ONLY_COMMON|202547|CONSTRAINED|CONSTRAINED|CONSTRAINED_202547_2025-11-20_0656|BY_IF
2000-285-677|1006|7735|11-JUL-2026|11-JUL-2026|78.478828|2000-285-677_1006_434_C4 ONLY_COMMON|202547|CONSTRAINED|CONSTRAINED|CONSTRAINED_202547_2025-11-20_0656|BY_IF
2000-285-677|1006|7734|04-JUL-2026|04-JUL-2026|78.478828|2000-285-677_1006_434_C4 ONLY_COMMON|202547|CONSTRAINED|CONSTRAINED|CONSTRAINED_202547_2025-11-20_0656|BY_IF
2000-285-677|1006|7733|27-JUN-2026|27-JUN-2026|78.478828|2000-285-677_1006_434_C4 ONLY_COMMON|202547|CONSTRAINED|CONSTRAINED|CONSTRAINED_202547_2025-11-20_0656|BY_IF
2000-285-677|1006|7732|20-JUN-2026|20-JUN-2026|78.478828|2000-285-677_1006_434_C4 ONLY_COMMON|202547|CONSTRAINED|CONSTRAINED|CONSTRAINED_202547_2025-11-20_0656|BY_IF
2000-285-677|1006|7731|13-JUN-2026|13-JUN-2026|78.478828|2000-285-677_1006_434_C4 ONLY_COMMON|202547|CONSTRAINED|CONSTRAINED|CONSTRAINED_202547_2025-11-20_0656|BY_IF
2000-285-677|1006|7730|06-JUN-2026|06-JUN-2026|78.478828|2000-285-677_1006_434_C4 ONLY_COMMON|202547|CONSTRAINED|CONSTRAINED|CONSTRAINED_202547_2025-11-20_0656|BY_IF
2000-285-677|1006|7729|30-MAY-2026|30-MAY-2026|78.478828|2000-285-677_1006_434_C4 ONLY_COMMON|202547|CONSTRAINED|CONSTRAINED|CONSTRAINED_202547_2025-11-20_0656|BY_IF
2000-285-677|1006|7728|23-MAY-2026|23-MAY-2026|78.478828|2000-285-677_1006_434_C4 ONLY_COMMON|202547|CONSTRAINED|CONSTRAINED|CONSTRAINED_202547_2025-11-20_0656|BY_IF
2000-285-677|1006|7727|16-MAY-2026|16-MAY-2026|78.478828|2000-285-677_1006_434_C4 ONLY_COMMON|202547|CONSTRAINED|CONSTRAINED|CONSTRAINED_202547_2025-11-20_0656|BY_IF
2000-285-677|1006|7726|09-MAY-2026|09-MAY-2026|78.478828|2000-285-677_1006_434_C4 ONLY_COMMON|202547|CONSTRAINED|CONSTRAINED|CONSTRAINED_202547_2025-11-20_0656|BY_IF
2000-285-677|1006|7725|02-MAY-2026|02-MAY-2026|78.478828|2000-285-677_1006_434_C4 ONLY_COMMON|202547|CONSTRAINED|CONSTRAINED|CONSTRAINED_202547_2025-11-20_0656|BY_IF
2000-285-677|1006|7724|25-APR-2026|25-APR-2026|78.478828|2000-285-677_1006_434_C4 ONLY_COMMON|202547|CONSTRAINED|CONSTRAINED|CONSTRAINED_202547_2025-11-20_0656|BY_IF
2000-285-677|1006|7723|18-APR-2026|18-APR-2026|78.478828|2000-285-677_1006_434_C4 ONLY_COMMON|202547|CONSTRAINED|CONSTRAINED|CONSTRAINED_202547_2025-11-20_0656|BY_IF
2000-285-677|1006|7722|11-APR-2026|11-APR-2026|78.478828|2000-285-677_1006_434_C4 ONLY_COMMON|202547|CONSTRAINED|CONSTRAINED|CONSTRAINED_202547_2025-11-20_0656|BY_IF
2000-285-677|1006|7721|04-APR-2026|04-APR-2026|78.478828|2000-285-677_1006_434_C4 ONLY_COMMON|202547|CONSTRAINED|CONSTRAINED|CONSTRAINED_202547_2025-11-20_0656|BY_IF
2000-285-677|1006|7720|28-MAR-2026|28-MAR-2026|78.478828|2000-285-677_1006_434_C4 ONLY_COMMON|202547|CONSTRAINED|CONSTRAINED|CONSTRAINED_202547_2025-11-20_0656|BY_IF
2000-285-677|1006|7719|21-MAR-2026|21-MAR-2026|78.478828|2000-285-677_1006_434_C4 ONLY_COMMON|202547|CONSTRAINED|CONSTRAINED|CONSTRAINED_202547_2025-11-20_0656|BY_IF
2000-285-677|1006|7718|14-MAR-2026|14-MAR-2026|78.478828|2000-285-677_1006_434_C4 ONLY_COMMON|202547|CONSTRAINED|CONSTRAINED|CONSTRAINED_202547_2025-11-20_0656|BY_IF
2000-285-677|1006|7717|07-MAR-2026|07-MAR-2026|78.478828|2000-285-677_1006_434_C4 ONLY_COMMON|202547|CONSTRAINED|CONSTRAINED|CONSTRAINED_202547_2025-11-20_0656|BY_IF
2000-285-677|1006|7716|28-FEB-2026|28-FEB-2026|78.478828|2000-285-677_1006_434_C4 ONLY_COMMON|202547|CONSTRAINED|CONSTRAINED|CONSTRAINED_202547_2025-11-20_0656|BY_IF
2000-285-677|1006|7715|21-FEB-2026|21-FEB-2026|78.478828|2000-285-677_1006_434_C4 ONLY_COMMON|202547|CONSTRAINED|CONSTRAINED|CONSTRAINED_202547_2025-11-20_0656|BY_IF
2000-285-677|1006|7714|14-FEB-2026|14-FEB-2026|78.478828|2000-285-677_1006_434_C4 ONLY_COMMON|202547|CONSTRAINED|CONSTRAINED|CONSTRAINED_202547_2025-11-20_0656|BY_IF
2000-285-677|1006|7713|07-FEB-2026|07-FEB-2026|78.478828|2000-285-677_1006_434_C4 ONLY_COMMON|202547|CONSTRAINED|CONSTRAINED|CONSTRAINED_202547_2025-11-20_0656|BY_IF
2000-285-677|1006|7712|31-JAN-2026|31-JAN-2026|78.478828|2000-285-677_1006_434_C4 ONLY_COMMON|202547|CONSTRAINED|CONSTRAINED|CONSTRAINED_202547_2025-11-20_0656|BY_IF
2000-285-677|1006|7711|24-JAN-2026|24-JAN-2026|78.478828|2000-285-677_1006_434_C4 ONLY_COMMON|202547|CONSTRAINED|CONSTRAINED|CONSTRAINED_202547_2025-11-20_0656|BY_IF
2000-285-677|1006|7710|17-JAN-2026|17-JAN-2026|78.478828|2000-285-677_1006_434_C4 ONLY_COMMON|202547|CONSTRAINED|CONSTRAINED|CONSTRAINED_202547_2025-11-20_0656|BY_IF
2000-285-677|1006|7709|10-JAN-2026|10-JAN-2026|78.478828|2000-285-677_1006_434_C4 ONLY_COMMON|202547|CONSTRAINED|CONSTRAINED|CONSTRAINED_202547_2025-11-20_0656|BY_IF
2000-285-677|1006|7708|03-JAN-2026|03-JAN-2026|78.478828|2000-285-677_1006_434_C4 ONLY_COMMON|202547|CONSTRAINED|CONSTRAINED|CONSTRAINED_202547_2025-11-20_0656|BY_IF
2000-285-677|1006|7707|27-DEC-2025|27-DEC-2025|78.478828|2000-285-677_1006_434_C4 ONLY_COMMON|202547|CONSTRAINED|CONSTRAINED|CONSTRAINED_202547_2025-11-20_0656|BY_IF
2000-285-677|1006|7706|20-DEC-2025|20-DEC-2025|78.478828|2000-285-677_1006_434_C4 ONLY_COMMON|202547|CONSTRAINED|CONSTRAINED|CONSTRAINED_202547_2025-11-20_0656|BY_IF
2000-285-677|1006|7705|13-DEC-2025|13-DEC-2025|78.478828|2000-285-677_1006_434_C4 ONLY_COMMON|202547|CONSTRAINED|CONSTRAINED|CONSTRAINED_202547_2025-11-20_0656|BY_IF
2000-285-677|1006|7704|06-DEC-2025|06-DEC-2025|51.272839|2000-285-677_1006_434_C4 ONLY_COMMON|202547|CONSTRAINED|CONSTRAINED|CONSTRAINED_202547_2025-11-20_0656|BY_IF
2000-285-677|1006|7703|22-NOV-2025|22-NOV-2025|39.762611|2000-285-677_1006_434_C4 ONLY_COMMON|202547|CONSTRAINED|CONSTRAINED|CONSTRAINED_202547_2025-11-20_0656|BY_IF
2000-285-677|1006|7702|20-SEP-2025|20-SEP-2025|52.319221|2000-285-677_1006_434_C4 ONLY_COMMON|202547|CONSTRAINED|CONSTRAINED|CONSTRAINED_202547_2025-11-20_0656|BY_IF
2000-285-677|1006|7701|30-AUG-2025|30-AUG-2025|10.46384|2000-285-677_1006_434_C4 ONLY_COMMON|202547|CONSTRAINED|CONSTRAINED|CONSTRAINED_202547_2025-11-20_0656|BY_IF
2000-285-677|1006|7700|16-AUG-2025|16-AUG-2025|303.451508|2000-285-677_1006_434_C4 ONLY_COMMON|202547|CONSTRAINED|CONSTRAINED|CONSTRAINED_202547_2025-11-20_0656|BY_IF
2000-285-677|1006|7699|09-AUG-2025|09-AUG-2025|381.930298|2000-285-677_1006_434_C4 ONLY_COMMON|202547|CONSTRAINED|CONSTRAINED|CONSTRAINED_202547_2025-11-20_0656|BY_IF
2000-285-677|1006|7698|26-JUL-2025|26-JUL-2025|272.059998|2000-285-677_1006_434_C4 ONLY_COMMON|202547|CONSTRAINED|CONSTRAINED|CONSTRAINED_202547_2025-11-20_0656|BY_IF
2000-285-678|1006|7510|24-JUL-2027|24-JUL-2027|76.142128|2000-285-678_1006_420|202547|CONSTRAINED|CONSTRAINED|CONSTRAINED_202547_2025-11-20_0656|BY_IF
2000-285-678|1006|7509|17-JUL-2027|17-JUL-2027|76.142128|2000-285-678_1006_420|202547|CONSTRAINED|CONSTRAINED|CONSTRAINED_202547_2025-11-20_0656|BY_IF
2000-285-678|1006|7508|10-JUL-2027|10-JUL-2027|76.142128|2000-285-678_1006_420|202547|CONSTRAINED|CONSTRAINED|CONSTRAINED_202547_2025-11-20_0656|BY_IF
2000-285-678|1006|7507|03-JUL-2027|03-JUL-2027|76.142128|2000-285-678_1006_420|202547|CONSTRAINED|CONSTRAINED|CONSTRAINED_202547_2025-11-20_0656|BY_IF
2000-285-678|1006|7506|26-JUN-2027|26-JUN-2027|76.142128|2000-285-678_1006_420|202547|CONSTRAINED|CONSTRAINED|CONSTRAINED_202547_2025-11-20_0656|BY_IF
2000-285-678|1006|7505|19-JUN-2027|19-JUN-2027|76.142128|2000-285-678_1006_420|202547|CONSTRAINED|CONSTRAINED|CONSTRAINED_202547_2025-11-20_0656|BY_IF
2000-285-678|1006|7504|12-JUN-2027|12-JUN-2027|76.142128|2000-285-678_1006_420|202547|CONSTRAINED|CONSTRAINED|CONSTRAINED_202547_2025-11-20_0656|BY_IF
2000-285-678|1006|7503|05-JUN-2027|05-JUN-2027|76.142128|2000-285-678_1006_420|202547|CONSTRAINED|CONSTRAINED|CONSTRAINED_202547_2025-11-20_0656|BY_IF
2000-285-678|1006|7502|29-MAY-2027|29-MAY-2027|76.142128|2000-285-678_1006_420|202547|CONSTRAINED|CONSTRAINED|CONSTRAINED_202547_2025-11-20_0656|BY_IF
2000-285-678|1006|7501|22-MAY-2027|22-MAY-2027|76.142128|2000-285-678_1006_420|202547|CONSTRAINED|CONSTRAINED|CONSTRAINED_202547_2025-11-20_0656|BY_IF
2000-285-678|1006|7500|15-MAY-2027|15-MAY-2027|76.142128|2000-285-678_1006_420|202547|CONSTRAINED|CONSTRAINED|CONSTRAINED_202547_2025-11-20_0656|BY_IF
2000-285-678|1006|7499|08-MAY-2027|08-MAY-2027|76.142128|2000-285-678_1006_420|202547|CONSTRAINED|CONSTRAINED|CONSTRAINED_202547_2025-11-20_0656|BY_IF
2000-285-678|1006|7498|01-MAY-2027|01-MAY-2027|76.142128|2000-285-678_1006_420|202547|CONSTRAINED|CONSTRAINED|CONSTRAINED_202547_2025-11-20_0656|BY_IF
2000-285-678|1006|7497|24-APR-2027|24-APR-2027|76.142128|2000-285-678_1006_420|202547|CONSTRAINED|CONSTRAINED|CONSTRAINED_202547_2025-11-20_0656|BY_IF
2000-285-678|1006|7496|17-APR-2027|17-APR-2027|76.142128|2000-285-678_1006_420|202547|CONSTRAINED|CONSTRAINED|CONSTRAINED_202547_2025-11-20_0656|BY_IF
2000-285-678|1006|7495|10-APR-2027|10-APR-2027|76.142128|2000-285-678_1006_420|202547|CONSTRAINED|CONSTRAINED|CONSTRAINED_202547_2025-11-20_0656|BY_IF
2000-285-678|1006|7494|03-APR-2027|03-APR-2027|76.142128|2000-285-678_1006_420|202547|CONSTRAINED|CONSTRAINED|CONSTRAINED_202547_2025-11-20_0656|BY_IF
2000-285-678|1006|7493|27-MAR-2027|27-MAR-2027|76.142128|2000-285-678_1006_420|202547|CONSTRAINED|CONSTRAINED|CONSTRAINED_202547_2025-11-20_0656|BY_IF
2000-285-678|1006|7492|20-MAR-2027|20-MAR-2027|76.142128|2000-285-678_1006_420|202547|CONSTRAINED|CONSTRAINED|CONSTRAINED_202547_2025-11-20_0656|BY_IF
2000-285-678|1006|7491|13-MAR-2027|13-MAR-2027|76.142128|2000-285-678_1006_420|202547|CONSTRAINED|CONSTRAINED|CONSTRAINED_202547_2025-11-20_0656|BY_IF
2000-285-678|1006|7490|06-MAR-2027|06-MAR-2027|76.142128|2000-285-678_1006_420|202547|CONSTRAINED|CONSTRAINED|CONSTRAINED_202547_2025-11-20_0656|BY_IF
2000-285-678|1006|7489|27-FEB-2027|27-FEB-2027|76.142128|2000-285-678_1006_420|202547|CONSTRAINED|CONSTRAINED|CONSTRAINED_202547_2025-11-20_0656|BY_IF
2000-285-678|1006|7488|20-FEB-2027|20-FEB-2027|76.142128|2000-285-678_1006_420|202547|CONSTRAINED|CONSTRAINED|CONSTRAINED_202547_2025-11-20_0656|BY_IF
2000-285-678|1006|7487|13-FEB-2027|13-FEB-2027|76.142128|2000-285-678_1006_420|202547|CONSTRAINED|CONSTRAINED|CONSTRAINED_202547_2025-11-20_0656|BY_IF
2000-285-678|1006|7486|06-FEB-2027|06-FEB-2027|76.142128|2000-285-678_1006_420|202547|CONSTRAINED|CONSTRAINED|CONSTRAINED_202547_2025-11-20_0656|BY_IF
2000-285-678|1006|7485|30-JAN-2027|30-JAN-2027|76.142128|2000-285-678_1006_420|202547|CONSTRAINED|CONSTRAINED|CONSTRAINED_202547_2025-11-20_0656|BY_IF
2000-285-678|1006|7484|23-JAN-2027|23-JAN-2027|76.142128|2000-285-678_1006_420|202547|CONSTRAINED|CONSTRAINED|CONSTRAINED_202547_2025-11-20_0656|BY_IF
2000-285-678|1006|7483|16-JAN-2027|16-JAN-2027|76.142128|2000-285-678_1006_420|202547|CONSTRAINED|CONSTRAINED|CONSTRAINED_202547_2025-11-20_0656|BY_IF
2000-285-678|1006|7482|09-JAN-2027|09-JAN-2027|76.142128|2000-285-678_1006_420|202547|CONSTRAINED|CONSTRAINED|CONSTRAINED_202547_2025-11-20_0656|BY_IF
2000-285-678|1006|7481|02-JAN-2027|02-JAN-2027|76.142128|2000-285-678_1006_420|202547|CONSTRAINED|CONSTRAINED|CONSTRAINED_202547_2025-11-20_0656|BY_IF
2000-285-678|1006|7480|26-DEC-2026|26-DEC-2026|76.142128|2000-285-678_1006_420|202547|CONSTRAINED|CONSTRAINED|CONSTRAINED_202547_2025-11-20_0656|BY_IF
2000-285-678|1006|7479|19-DEC-2026|19-DEC-2026|76.142128|2000-285-678_1006_420|202547|CONSTRAINED|CONSTRAINED|CONSTRAINED_202547_2025-11-20_0656|BY_IF
2000-285-678|1006|7478|12-DEC-2026|12-DEC-2026|76.142128|2000-285-678_1006_420|202547|CONSTRAINED|CONSTRAINED|CONSTRAINED_202547_2025-11-20_0656|BY_IF
2000-285-678|1006|7477|05-DEC-2026|05-DEC-2026|76.142128|2000-285-678_1006_420|202547|CONSTRAINED|CONSTRAINED|CONSTRAINED_202547_2025-11-20_0656|BY_IF
2000-285-678|1006|7476|28-NOV-2026|28-NOV-2026|76.142128|2000-285-678_1006_420|202547|CONSTRAINED|CONSTRAINED|CONSTRAINED_202547_2025-11-20_0656|BY_IF
2000-285-678|1006|7475|21-NOV-2026|21-NOV-2026|76.142128|2000-285-678_1006_420|202547|CONSTRAINED|CONSTRAINED|CONSTRAINED_202547_2025-11-20_0656|BY_IF
2000-285-678|1006|7474|14-NOV-2026|14-NOV-2026|76.142128|2000-285-678_1006_420|202547|CONSTRAINED|CONSTRAINED|CONSTRAINED_202547_2025-11-20_0656|BY_IF
2000-285-678|1006|7473|07-NOV-2026|07-NOV-2026|76.142128|2000-285-678_1006_420|202547|CONSTRAINED|CONSTRAINED|CONSTRAINED_202547_2025-11-20_0656|BY_IF
2000-285-678|1006|7472|31-OCT-2026|31-OCT-2026|76.142128|2000-285-678_1006_420|202547|CONSTRAINED|CONSTRAINED|CONSTRAINED_202547_2025-11-20_0656|BY_IF
2000-285-678|1006|7471|24-OCT-2026|24-OCT-2026|76.142128|2000-285-678_1006_420|202547|CONSTRAINED|CONSTRAINED|CONSTRAINED_202547_2025-11-20_0656|BY_IF
2000-285-678|1006|7470|17-OCT-2026|17-OCT-2026|76.142128|2000-285-678_1006_420|202547|CONSTRAINED|CONSTRAINED|CONSTRAINED_202547_2025-11-20_0656|BY_IF
2000-285-678|1006|7469|10-OCT-2026|10-OCT-2026|76.142128|2000-285-678_1006_420|202547|CONSTRAINED|CONSTRAINED|CONSTRAINED_202547_2025-11-20_0656|BY_IF
2000-285-678|1006|7468|03-OCT-2026|03-OCT-2026|76.142128|2000-285-678_1006_420|202547|CONSTRAINED|CONSTRAINED|CONSTRAINED_202547_2025-11-20_0656|BY_IF
2000-285-678|1006|7467|26-SEP-2026|26-SEP-2026|76.142128|2000-285-678_1006_420|202547|CONSTRAINED|CONSTRAINED|CONSTRAINED_202547_2025-11-20_0656|BY_IF
2000-285-678|1006|7466|19-SEP-2026|19-SEP-2026|76.142128|2000-285-678_1006_420|202547|CONSTRAINED|CONSTRAINED|CONSTRAINED_202547_2025-11-20_0656|BY_IF
2000-285-678|1006|7465|12-SEP-2026|12-SEP-2026|76.142128|2000-285-678_1006_420|202547|CONSTRAINED|CONSTRAINED|CONSTRAINED_202547_2025-11-20_0656|BY_IF
2000-285-678|1006|7464|05-SEP-2026|05-SEP-2026|76.142128|2000-285-678_1006_420|202547|CONSTRAINED|CONSTRAINED|CONSTRAINED_202547_2025-11-20_0656|BY_IF
2000-285-678|1006|7463|29-AUG-2026|29-AUG-2026|76.142128|2000-285-678_1006_420|202547|CONSTRAINED|CONSTRAINED|CONSTRAINED_202547_2025-11-20_0656|BY_IF
2000-285-678|1006|7462|22-AUG-2026|22-AUG-2026|76.142128|2000-285-678_1006_420|202547|CONSTRAINED|CONSTRAINED|CONSTRAINED_202547_2025-11-20_0656|BY_IF
2000-285-678|1006|7461|15-AUG-2026|15-AUG-2026|76.142128|2000-285-678_1006_420|202547|CONSTRAINED|CONSTRAINED|CONSTRAINED_202547_2025-11-20_0656|BY_IF
2000-285-678|1006|7460|08-AUG-2026|08-AUG-2026|76.142128|2000-285-678_1006_420|202547|CONSTRAINED|CONSTRAINED|CONSTRAINED_202547_2025-11-20_0656|BY_IF
2000-285-678|1006|7459|01-AUG-2026|01-AUG-2026|76.142128|2000-285-678_1006_420|202547|CONSTRAINED|CONSTRAINED|CONSTRAINED_202547_2025-11-20_0656|BY_IF
2000-285-678|1006|7458|25-JUL-2026|25-JUL-2026|76.142128|2000-285-678_1006_420|202547|CONSTRAINED|CONSTRAINED|CONSTRAINED_202547_2025-11-20_0656|BY_IF
2000-285-678|1006|7457|18-JUL-2026|18-JUL-2026|76.142128|2000-285-678_1006_420|202547|CONSTRAINED|CONSTRAINED|CONSTRAINED_202547_2025-11-20_0656|BY_IF
2000-285-678|1006|7456|11-JUL-2026|11-JUL-2026|76.142128|2000-285-678_1006_420|202547|CONSTRAINED|CONSTRAINED|CONSTRAINED_202547_2025-11-20_0656|BY_IF
2000-285-678|1006|7455|04-JUL-2026|04-JUL-2026|76.142128|2000-285-678_1006_420|202547|CONSTRAINED|CONSTRAINED|CONSTRAINED_202547_2025-11-20_0656|BY_IF
2000-285-678|1006|7454|27-JUN-2026|27-JUN-2026|76.142128|2000-285-678_1006_420|202547|CONSTRAINED|CONSTRAINED|CONSTRAINED_202547_2025-11-20_0656|BY_IF
2000-285-678|1006|7453|20-JUN-2026|20-JUN-2026|76.142128|2000-285-678_1006_420|202547|CONSTRAINED|CONSTRAINED|CONSTRAINED_202547_2025-11-20_0656|BY_IF
2000-285-678|1006|7452|13-JUN-2026|13-JUN-2026|76.142128|2000-285-678_1006_420|202547|CONSTRAINED|CONSTRAINED|CONSTRAINED_202547_2025-11-20_0656|BY_IF
2000-285-678|1006|7451|06-JUN-2026|06-JUN-2026|76.142128|2000-285-678_1006_420|202547|CONSTRAINED|CONSTRAINED|CONSTRAINED_202547_2025-11-20_0656|BY_IF
2000-285-678|1006|7450|30-MAY-2026|30-MAY-2026|76.142128|2000-285-678_1006_420|202547|CONSTRAINED|CONSTRAINED|CONSTRAINED_202547_2025-11-20_0656|BY_IF
2000-285-678|1006|7449|23-MAY-2026|23-MAY-2026|76.142128|2000-285-678_1006_420|202547|CONSTRAINED|CONSTRAINED|CONSTRAINED_202547_2025-11-20_0656|BY_IF
2000-285-678|1006|7448|16-MAY-2026|16-MAY-2026|76.142128|2000-285-678_1006_420|202547|CONSTRAINED|CONSTRAINED|CONSTRAINED_202547_2025-11-20_0656|BY_IF
2000-285-678|1006|7447|09-MAY-2026|09-MAY-2026|76.142128|2000-285-678_1006_420|202547|CONSTRAINED|CONSTRAINED|CONSTRAINED_202547_2025-11-20_0656|BY_IF
2000-285-678|1006|7446|02-MAY-2026|02-MAY-2026|76.142128|2000-285-678_1006_420|202547|CONSTRAINED|CONSTRAINED|CONSTRAINED_202547_2025-11-20_0656|BY_IF
2000-285-678|1006|7445|25-APR-2026|25-APR-2026|76.142128|2000-285-678_1006_420|202547|CONSTRAINED|CONSTRAINED|CONSTRAINED_202547_2025-11-20_0656|BY_IF
2000-285-678|1006|7444|18-APR-2026|18-APR-2026|76.142128|2000-285-678_1006_420|202547|CONSTRAINED|CONSTRAINED|CONSTRAINED_202547_2025-11-20_0656|BY_IF
2000-285-678|1006|7443|11-APR-2026|11-APR-2026|76.142128|2000-285-678_1006_420|202547|CONSTRAINED|CONSTRAINED|CONSTRAINED_202547_2025-11-20_0656|BY_IF
2000-285-678|1006|7442|04-APR-2026|04-APR-2026|76.142128|2000-285-678_1006_420|202547|CONSTRAINED|CONSTRAINED|CONSTRAINED_202547_2025-11-20_0656|BY_IF
2000-285-678|1006|7441|28-MAR-2026|28-MAR-2026|76.142128|2000-285-678_1006_420|202547|CONSTRAINED|CONSTRAINED|CONSTRAINED_202547_2025-11-20_0656|BY_IF
2000-285-678|1006|7440|21-MAR-2026|21-MAR-2026|76.142128|2000-285-678_1006_420|202547|CONSTRAINED|CONSTRAINED|CONSTRAINED_202547_2025-11-20_0656|BY_IF
2000-285-678|1006|7439|14-MAR-2026|14-MAR-2026|76.142128|2000-285-678_1006_420|202547|CONSTRAINED|CONSTRAINED|CONSTRAINED_202547_2025-11-20_0656|BY_IF
2000-285-678|1006|7438|07-MAR-2026|07-MAR-2026|76.142128|2000-285-678_1006_420|202547|CONSTRAINED|CONSTRAINED|CONSTRAINED_202547_2025-11-20_0656|BY_IF
2000-285-678|1006|7437|28-FEB-2026|28-FEB-2026|76.142128|2000-285-678_1006_420|202547|CONSTRAINED|CONSTRAINED|CONSTRAINED_202547_2025-11-20_0656|BY_IF
2000-285-678|1006|7436|21-FEB-2026|21-FEB-2026|76.142128|2000-285-678_1006_420|202547|CONSTRAINED|CONSTRAINED|CONSTRAINED_202547_2025-11-20_0656|BY_IF
2000-285-678|1006|7435|14-FEB-2026|14-FEB-2026|76.142128|2000-285-678_1006_420|202547|CONSTRAINED|CONSTRAINED|CONSTRAINED_202547_2025-11-20_0656|BY_IF
2000-285-678|1006|7434|07-FEB-2026|07-FEB-2026|76.142128|2000-285-678_1006_420|202547|CONSTRAINED|CONSTRAINED|CONSTRAINED_202547_2025-11-20_0656|BY_IF
2000-285-678|1006|7433|31-JAN-2026|31-JAN-2026|76.142128|2000-285-678_1006_420|202547|CONSTRAINED|CONSTRAINED|CONSTRAINED_202547_2025-11-20_0656|BY_IF
2000-285-678|1006|7432|24-JAN-2026|24-JAN-2026|76.142128|2000-285-678_1006_420|202547|CONSTRAINED|CONSTRAINED|CONSTRAINED_202547_2025-11-20_0656|BY_IF
2000-285-678|1006|7431|17-JAN-2026|17-JAN-2026|76.142128|2000-285-678_1006_420|202547|CONSTRAINED|CONSTRAINED|CONSTRAINED_202547_2025-11-20_0656|BY_IF
2000-285-678|1006|7430|10-JAN-2026|10-JAN-2026|76.142128|2000-285-678_1006_420|202547|CONSTRAINED|CONSTRAINED|CONSTRAINED_202547_2025-11-20_0656|BY_IF
2000-285-678|1006|7429|03-JAN-2026|03-JAN-2026|76.142128|2000-285-678_1006_420|202547|CONSTRAINED|CONSTRAINED|CONSTRAINED_202547_2025-11-20_0656|BY_IF
2000-285-678|1006|7428|27-DEC-2025|27-DEC-2025|76.142128|2000-285-678_1006_420|202547|CONSTRAINED|CONSTRAINED|CONSTRAINED_202547_2025-11-20_0656|BY_IF
2000-285-678|1006|7427|20-DEC-2025|20-DEC-2025|76.142128|2000-285-678_1006_420|202547|CONSTRAINED|CONSTRAINED|CONSTRAINED_202547_2025-11-20_0656|BY_IF
2000-285-678|1006|7426|13-DEC-2025|13-DEC-2025|76.142128|2000-285-678_1006_420|202547|CONSTRAINED|CONSTRAINED|CONSTRAINED_202547_2025-11-20_0656|BY_IF
2000-285-678|1006|7425|06-DEC-2025|06-DEC-2025|49.746189|2000-285-678_1006_420|202547|CONSTRAINED|CONSTRAINED|CONSTRAINED_202547_2025-11-20_0656|BY_IF
2000-285-678|1006|7424|22-NOV-2025|22-NOV-2025|38.578678|2000-285-678_1006_420|202547|CONSTRAINED|CONSTRAINED|CONSTRAINED_202547_2025-11-20_0656|BY_IF
2000-285-678|1006|7423|20-SEP-2025|20-SEP-2025|50.761421|2000-285-678_1006_420|202547|CONSTRAINED|CONSTRAINED|CONSTRAINED_202547_2025-11-20_0656|BY_IF
2000-285-678|1006|7422|30-AUG-2025|30-AUG-2025|10.15228|2000-285-678_1006_420|202547|CONSTRAINED|CONSTRAINED|CONSTRAINED_202547_2025-11-20_0656|BY_IF
2000-285-678|1006|7421|16-AUG-2025|16-AUG-2025|187.817307|2000-285-678_1006_420|202547|CONSTRAINED|CONSTRAINED|CONSTRAINED_202547_2025-11-20_0656|BY_IF
2000-285-678|1006|7420|09-AUG-2025|09-AUG-2025|370.558411|2000-285-678_1006_420|202547|CONSTRAINED|CONSTRAINED|CONSTRAINED_202547_2025-11-20_0656|BY_IF
2000-285-678|1006|7419|26-JUL-2025|26-JUL-2025|263.959412|2000-285-678_1006_420|202547|CONSTRAINED|CONSTRAINED|CONSTRAINED_202547_2025-11-20_0656|BY_IF
2000-285-678|1020|5665|23-AUG-2025|23-AUG-2025|106.598999|2000-285-678_1020_421|202547|CONSTRAINED|CONSTRAINED|CONSTRAINED_202547_2025-11-20_0656|BY_IF
2000-285-678|1020|5664|16-AUG-2025|16-AUG-2025|108.629402|2000-285-678_1020_421|202547|CONSTRAINED|CONSTRAINED|CONSTRAINED_202547_2025-11-20_0656|BY_IF
2000-285-678|1020|5663|09-AUG-2025|09-AUG-2025|243.6548|2000-285-678_1020_421|202547|CONSTRAINED|CONSTRAINED|CONSTRAINED_202547_2025-11-20_0656|BY_IF
2000-285-678|1020|5662|02-AUG-2025|02-AUG-2025|116.751297|2000-285-678_1020_421|202547|CONSTRAINED|CONSTRAINED|CONSTRAINED_202547_2025-11-20_0656|BY_IF
2000-288-671|1003|2189|10-JUL-2027|10-JUL-2027|38.071072|2000-288-671_1003_211|202547|CONSTRAINED|CONSTRAINED|CONSTRAINED_202547_2025-11-20_0656|BY_IF
2000-288-671|1003|2188|03-JUL-2027|03-JUL-2027|38.071072|2000-288-671_1003_211|202547|CONSTRAINED|CONSTRAINED|CONSTRAINED_202547_2025-11-20_0656|BY_IF
2000-288-671|1003|2187|26-JUN-2027|26-JUN-2027|38.071072|2000-288-671_1003_211|202547|CONSTRAINED|CONSTRAINED|CONSTRAINED_202547_2025-11-20_0656|BY_IF
2000-288-671|1003|2186|19-JUN-2027|19-JUN-2027|38.071072|2000-288-671_1003_211|202547|CONSTRAINED|CONSTRAINED|CONSTRAINED_202547_2025-11-20_0656|BY_IF
2000-288-671|1003|2185|12-JUN-2027|12-JUN-2027|38.071072|2000-288-671_1003_211|202547|CONSTRAINED|CONSTRAINED|CONSTRAINED_202547_2025-11-20_0656|BY_IF
2000-288-671|1003|2184|05-JUN-2027|05-JUN-2027|38.071072|2000-288-671_1003_211|202547|CONSTRAINED|CONSTRAINED|CONSTRAINED_202547_2025-11-20_0656|BY_IF
2000-288-671|1003|2183|29-MAY-2027|29-MAY-2027|38.071072|2000-288-671_1003_211|202547|CONSTRAINED|CONSTRAINED|CONSTRAINED_202547_2025-11-20_0656|BY_IF
2000-288-671|1003|2182|22-MAY-2027|22-MAY-2027|38.071072|2000-288-671_1003_211|202547|CONSTRAINED|CONSTRAINED|CONSTRAINED_202547_2025-11-20_0656|BY_IF
2000-288-671|1003|2181|15-MAY-2027|15-MAY-2027|38.071072|2000-288-671_1003_211|202547|CONSTRAINED|CONSTRAINED|CONSTRAINED_202547_2025-11-20_0656|BY_IF
2000-288-671|1003|2180|08-MAY-2027|08-MAY-2027|38.071072|2000-288-671_1003_211|202547|CONSTRAINED|CONSTRAINED|CONSTRAINED_202547_2025-11-20_0656|BY_IF
2000-288-671|1003|2179|01-MAY-2027|01-MAY-2027|38.071072|2000-288-671_1003_211|202547|CONSTRAINED|CONSTRAINED|CONSTRAINED_202547_2025-11-20_0656|BY_IF
2000-288-671|1003|2178|24-APR-2027|24-APR-2027|38.071072|2000-288-671_1003_211|202547|CONSTRAINED|CONSTRAINED|CONSTRAINED_202547_2025-11-20_0656|BY_IF
2000-288-671|1003|2177|17-APR-2027|17-APR-2027|38.071072|2000-288-671_1003_211|202547|CONSTRAINED|CONSTRAINED|CONSTRAINED_202547_2025-11-20_0656|BY_IF
2000-288-671|1003|2176|10-APR-2027|10-APR-2027|38.071072|2000-288-671_1003_211|202547|CONSTRAINED|CONSTRAINED|CONSTRAINED_202547_2025-11-20_0656|BY_IF
2000-288-671|1003|2175|03-APR-2027|03-APR-2027|38.071072|2000-288-671_1003_211|202547|CONSTRAINED|CONSTRAINED|CONSTRAINED_202547_2025-11-20_0656|BY_IF
2000-288-671|1003|2174|27-MAR-2027|27-MAR-2027|38.071072|2000-288-671_1003_211|202547|CONSTRAINED|CONSTRAINED|CONSTRAINED_202547_2025-11-20_0656|BY_IF
2000-288-671|1003|2173|20-MAR-2027|20-MAR-2027|38.071072|2000-288-671_1003_211|202547|CONSTRAINED|CONSTRAINED|CONSTRAINED_202547_2025-11-20_0656|BY_IF
2000-288-671|1003|2172|13-MAR-2027|13-MAR-2027|38.071072|2000-288-671_1003_211|202547|CONSTRAINED|CONSTRAINED|CONSTRAINED_202547_2025-11-20_0656|BY_IF
2000-288-671|1003|2171|06-MAR-2027|06-MAR-2027|38.071072|2000-288-671_1003_211|202547|CONSTRAINED|CONSTRAINED|CONSTRAINED_202547_2025-11-20_0656|BY_IF
2000-288-671|1003|2170|27-FEB-2027|27-FEB-2027|38.071072|2000-288-671_1003_211|202547|CONSTRAINED|CONSTRAINED|CONSTRAINED_202547_2025-11-20_0656|BY_IF
2000-288-671|1003|2169|20-FEB-2027|20-FEB-2027|38.071072|2000-288-671_1003_211|202547|CONSTRAINED|CONSTRAINED|CONSTRAINED_202547_2025-11-20_0656|BY_IF
2000-288-671|1003|2168|13-FEB-2027|13-FEB-2027|38.071072|2000-288-671_1003_211|202547|CONSTRAINED|CONSTRAINED|CONSTRAINED_202547_2025-11-20_0656|BY_IF
2000-288-671|1003|2167|06-FEB-2027|06-FEB-2027|38.071072|2000-288-671_1003_211|202547|CONSTRAINED|CONSTRAINED|CONSTRAINED_202547_2025-11-20_0656|BY_IF
2000-288-671|1003|2166|30-JAN-2027|30-JAN-2027|38.071072|2000-288-671_1003_211|202547|CONSTRAINED|CONSTRAINED|CONSTRAINED_202547_2025-11-20_0656|BY_IF
2000-288-671|1003|2165|23-JAN-2027|23-JAN-2027|38.071072|2000-288-671_1003_211|202547|CONSTRAINED|CONSTRAINED|CONSTRAINED_202547_2025-11-20_0656|BY_IF
2000-288-671|1003|2164|16-JAN-2027|16-JAN-2027|38.071072|2000-288-671_1003_211|202547|CONSTRAINED|CONSTRAINED|CONSTRAINED_202547_2025-11-20_0656|BY_IF
2000-288-671|1003|2163|09-JAN-2027|09-JAN-2027|38.071072|2000-288-671_1003_211|202547|CONSTRAINED|CONSTRAINED|CONSTRAINED_202547_2025-11-20_0656|BY_IF
2000-288-671|1003|2162|02-JAN-2027|02-JAN-2027|38.071072|2000-288-671_1003_211|202547|CONSTRAINED|CONSTRAINED|CONSTRAINED_202547_2025-11-20_0656|BY_IF
2000-288-671|1003|2161|26-DEC-2026|26-DEC-2026|38.071072|2000-288-671_1003_211|202547|CONSTRAINED|CONSTRAINED|CONSTRAINED_202547_2025-11-20_0656|BY_IF
2000-288-671|1003|2160|19-DEC-2026|19-DEC-2026|38.071072|2000-288-671_1003_211|202547|CONSTRAINED|CONSTRAINED|CONSTRAINED_202547_2025-11-20_0656|BY_IF
2000-288-671|1003|2159|12-DEC-2026|12-DEC-2026|38.071072|2000-288-671_1003_211|202547|CONSTRAINED|CONSTRAINED|CONSTRAINED_202547_2025-11-20_0656|BY_IF
2000-288-671|1003|2158|05-DEC-2026|05-DEC-2026|38.071072|2000-288-671_1003_211|202547|CONSTRAINED|CONSTRAINED|CONSTRAINED_202547_2025-11-20_0656|BY_IF
2000-288-671|1003|2157|28-NOV-2026|28-NOV-2026|38.071072|2000-288-671_1003_211|202547|CONSTRAINED|CONSTRAINED|CONSTRAINED_202547_2025-11-20_0656|BY_IF
2000-288-671|1003|2156|21-NOV-2026|21-NOV-2026|38.071072|2000-288-671_1003_211|202547|CONSTRAINED|CONSTRAINED|CONSTRAINED_202547_2025-11-20_0656|BY_IF
2000-288-671|1003|2155|14-NOV-2026|14-NOV-2026|38.071072|2000-288-671_1003_211|202547|CONSTRAINED|CONSTRAINED|CONSTRAINED_202547_2025-11-20_0656|BY_IF
2000-288-671|1003|2154|07-NOV-2026|07-NOV-2026|38.071072|2000-288-671_1003_211|202547|CONSTRAINED|CONSTRAINED|CONSTRAINED_202547_2025-11-20_0656|BY_IF
2000-288-671|1003|2153|31-OCT-2026|31-OCT-2026|38.071072|2000-288-671_1003_211|202547|CONSTRAINED|CONSTRAINED|CONSTRAINED_202547_2025-11-20_0656|BY_IF
2000-288-671|1003|2152|24-OCT-2026|24-OCT-2026|38.071072|2000-288-671_1003_211|202547|CONSTRAINED|CONSTRAINED|CONSTRAINED_202547_2025-11-20_0656|BY_IF
2000-288-671|1003|2151|17-OCT-2026|17-OCT-2026|38.071072|2000-288-671_1003_211|202547|CONSTRAINED|CONSTRAINED|CONSTRAINED_202547_2025-11-20_0656|BY_IF
2000-288-671|1003|2150|10-OCT-2026|10-OCT-2026|38.071072|2000-288-671_1003_211|202547|CONSTRAINED|CONSTRAINED|CONSTRAINED_202547_2025-11-20_0656|BY_IF
2000-288-671|1003|2149|03-OCT-2026|03-OCT-2026|38.071072|2000-288-671_1003_211|202547|CONSTRAINED|CONSTRAINED|CONSTRAINED_202547_2025-11-20_0656|BY_IF
2000-288-671|1003|2148|26-SEP-2026|26-SEP-2026|38.071072|2000-288-671_1003_211|202547|CONSTRAINED|CONSTRAINED|CONSTRAINED_202547_2025-11-20_0656|BY_IF
2000-288-671|1003|2147|19-SEP-2026|19-SEP-2026|38.071072|2000-288-671_1003_211|202547|CONSTRAINED|CONSTRAINED|CONSTRAINED_202547_2025-11-20_0656|BY_IF
2000-288-671|1003|2146|12-SEP-2026|12-SEP-2026|38.071072|2000-288-671_1003_211|202547|CONSTRAINED|CONSTRAINED|CONSTRAINED_202547_2025-11-20_0656|BY_IF
2000-288-671|1003|2145|05-SEP-2026|05-SEP-2026|38.071072|2000-288-671_1003_211|202547|CONSTRAINED|CONSTRAINED|CONSTRAINED_202547_2025-11-20_0656|BY_IF
2000-288-671|1003|2144|29-AUG-2026|29-AUG-2026|38.071072|2000-288-671_1003_211|202547|CONSTRAINED|CONSTRAINED|CONSTRAINED_202547_2025-11-20_0656|BY_IF
2000-288-671|1003|2143|22-AUG-2026|22-AUG-2026|38.071072|2000-288-671_1003_211|202547|CONSTRAINED|CONSTRAINED|CONSTRAINED_202547_2025-11-20_0656|BY_IF
2000-288-671|1003|2142|15-AUG-2026|15-AUG-2026|38.071072|2000-288-671_1003_211|202547|CONSTRAINED|CONSTRAINED|CONSTRAINED_202547_2025-11-20_0656|BY_IF
2000-288-671|1003|2141|08-AUG-2026|08-AUG-2026|38.071072|2000-288-671_1003_211|202547|CONSTRAINED|CONSTRAINED|CONSTRAINED_202547_2025-11-20_0656|BY_IF
2000-288-671|1003|2140|01-AUG-2026|01-AUG-2026|38.071072|2000-288-671_1003_211|202547|CONSTRAINED|CONSTRAINED|CONSTRAINED_202547_2025-11-20_0656|BY_IF
2000-288-671|1003|2139|25-JUL-2026|25-JUL-2026|38.071072|2000-288-671_1003_211|202547|CONSTRAINED|CONSTRAINED|CONSTRAINED_202547_2025-11-20_0656|BY_IF
2000-288-671|1003|2138|18-JUL-2026|18-JUL-2026|38.071072|2000-288-671_1003_211|202547|CONSTRAINED|CONSTRAINED|CONSTRAINED_202547_2025-11-20_0656|BY_IF
2000-288-671|1003|2137|11-JUL-2026|11-JUL-2026|38.071072|2000-288-671_1003_211|202547|CONSTRAINED|CONSTRAINED|CONSTRAINED_202547_2025-11-20_0656|BY_IF
2000-288-671|1003|2136|04-JUL-2026|04-JUL-2026|38.071072|2000-288-671_1003_211|202547|CONSTRAINED|CONSTRAINED|CONSTRAINED_202547_2025-11-20_0656|BY_IF
2000-288-671|1003|2135|27-JUN-2026|27-JUN-2026|38.071072|2000-288-671_1003_211|202547|CONSTRAINED|CONSTRAINED|CONSTRAINED_202547_2025-11-20_0656|BY_IF
2000-288-671|1003|2134|20-JUN-2026|20-JUN-2026|38.071072|2000-288-671_1003_211|202547|CONSTRAINED|CONSTRAINED|CONSTRAINED_202547_2025-11-20_0656|BY_IF
2000-288-671|1003|2133|13-JUN-2026|13-JUN-2026|38.071072|2000-288-671_1003_211|202547|CONSTRAINED|CONSTRAINED|CONSTRAINED_202547_2025-11-20_0656|BY_IF
2000-288-671|1003|2132|06-JUN-2026|06-JUN-2026|38.071072|2000-288-671_1003_211|202547|CONSTRAINED|CONSTRAINED|CONSTRAINED_202547_2025-11-20_0656|BY_IF
2000-288-671|1003|2131|30-MAY-2026|30-MAY-2026|38.071072|2000-288-671_1003_211|202547|CONSTRAINED|CONSTRAINED|CONSTRAINED_202547_2025-11-20_0656|BY_IF
2000-288-671|1003|2130|23-MAY-2026|23-MAY-2026|38.071072|2000-288-671_1003_211|202547|CONSTRAINED|CONSTRAINED|CONSTRAINED_202547_2025-11-20_0656|BY_IF
2000-288-671|1003|2129|16-MAY-2026|16-MAY-2026|38.071072|2000-288-671_1003_211|202547|CONSTRAINED|CONSTRAINED|CONSTRAINED_202547_2025-11-20_0656|BY_IF
2000-288-671|1003|2128|09-MAY-2026|09-MAY-2026|38.071072|2000-288-671_1003_211|202547|CONSTRAINED|CONSTRAINED|CONSTRAINED_202547_2025-11-20_0656|BY_IF
2000-288-671|1003|2127|02-MAY-2026|02-MAY-2026|38.071072|2000-288-671_1003_211|202547|CONSTRAINED|CONSTRAINED|CONSTRAINED_202547_2025-11-20_0656|BY_IF
2000-288-671|1003|2126|25-APR-2026|25-APR-2026|38.071072|2000-288-671_1003_211|202547|CONSTRAINED|CONSTRAINED|CONSTRAINED_202547_2025-11-20_0656|BY_IF
2000-288-671|1003|2125|18-APR-2026|18-APR-2026|38.071072|2000-288-671_1003_211|202547|CONSTRAINED|CONSTRAINED|CONSTRAINED_202547_2025-11-20_0656|BY_IF
2000-288-671|1003|2124|11-APR-2026|11-APR-2026|38.071072|2000-288-671_1003_211|202547|CONSTRAINED|CONSTRAINED|CONSTRAINED_202547_2025-11-20_0656|BY_IF
2000-288-671|1003|2123|04-APR-2026|04-APR-2026|38.071072|2000-288-671_1003_211|202547|CONSTRAINED|CONSTRAINED|CONSTRAINED_202547_2025-11-20_0656|BY_IF
2000-288-671|1003|2122|28-MAR-2026|28-MAR-2026|38.071072|2000-288-671_1003_211|202547|CONSTRAINED|CONSTRAINED|CONSTRAINED_202547_2025-11-20_0656|BY_IF
2000-288-671|1003|2121|21-MAR-2026|21-MAR-2026|38.071072|2000-288-671_1003_211|202547|CONSTRAINED|CONSTRAINED|CONSTRAINED_202547_2025-11-20_0656|BY_IF
2000-288-671|1003|2120|14-MAR-2026|14-MAR-2026|38.071072|2000-288-671_1003_211|202547|CONSTRAINED|CONSTRAINED|CONSTRAINED_202547_2025-11-20_0656|BY_IF
2000-288-671|1003|2119|07-MAR-2026|07-MAR-2026|38.071072|2000-288-671_1003_211|202547|CONSTRAINED|CONSTRAINED|CONSTRAINED_202547_2025-11-20_0656|BY_IF
2000-288-671|1003|2118|28-FEB-2026|28-FEB-2026|38.071072|2000-288-671_1003_211|202547|CONSTRAINED|CONSTRAINED|CONSTRAINED_202547_2025-11-20_0656|BY_IF
2000-288-671|1003|2117|21-FEB-2026|21-FEB-2026|38.071072|2000-288-671_1003_211|202547|CONSTRAINED|CONSTRAINED|CONSTRAINED_202547_2025-11-20_0656|BY_IF
2000-288-671|1003|2116|14-FEB-2026|14-FEB-2026|38.071072|2000-288-671_1003_211|202547|CONSTRAINED|CONSTRAINED|CONSTRAINED_202547_2025-11-20_0656|BY_IF
2000-288-671|1003|2115|07-FEB-2026|07-FEB-2026|38.071072|2000-288-671_1003_211|202547|CONSTRAINED|CONSTRAINED|CONSTRAINED_202547_2025-11-20_0656|BY_IF
2000-288-671|1003|2114|31-JAN-2026|31-JAN-2026|38.071072|2000-288-671_1003_211|202547|CONSTRAINED|CONSTRAINED|CONSTRAINED_202547_2025-11-20_0656|BY_IF
2000-288-671|1003|2113|24-JAN-2026|24-JAN-2026|38.071072|2000-288-671_1003_211|202547|CONSTRAINED|CONSTRAINED|CONSTRAINED_202547_2025-11-20_0656|BY_IF
2000-288-671|1003|2112|17-JAN-2026|17-JAN-2026|38.071072|2000-288-671_1003_211|202547|CONSTRAINED|CONSTRAINED|CONSTRAINED_202547_2025-11-20_0656|BY_IF
2000-288-671|1003|2111|10-JAN-2026|10-JAN-2026|27.411169|2000-288-671_1003_211|202547|CONSTRAINED|CONSTRAINED|CONSTRAINED_202547_2025-11-20_0656|BY_IF
2000-288-671|1003|2110|03-JAN-2026|03-JAN-2026|25.380711|2000-288-671_1003_211|202547|CONSTRAINED|CONSTRAINED|CONSTRAINED_202547_2025-11-20_0656|BY_IF
2000-288-671|1003|2109|27-DEC-2025|27-DEC-2025|25.380711|2000-288-671_1003_211|202547|CONSTRAINED|CONSTRAINED|CONSTRAINED_202547_2025-11-20_0656|BY_IF
2000-288-671|1003|2108|20-DEC-2025|20-DEC-2025|25.380711|2000-288-671_1003_211|202547|CONSTRAINED|CONSTRAINED|CONSTRAINED_202547_2025-11-20_0656|BY_IF
2000-288-671|1003|2107|13-DEC-2025|13-DEC-2025|25.380711|2000-288-671_1003_211|202547|CONSTRAINED|CONSTRAINED|CONSTRAINED_202547_2025-11-20_0656|BY_IF
2000-288-671|1003|2106|06-DEC-2025|06-DEC-2025|25.380711|2000-288-671_1003_211|202547|CONSTRAINED|CONSTRAINED|CONSTRAINED_202547_2025-11-20_0656|BY_IF
2000-288-671|1003|2105|29-NOV-2025|29-NOV-2025|25.380711|2000-288-671_1003_211|202547|CONSTRAINED|CONSTRAINED|CONSTRAINED_202547_2025-11-20_0656|BY_IF
2000-288-671|1003|2104|22-NOV-2025|22-NOV-2025|25.380711|2000-288-671_1003_211|202547|CONSTRAINED|CONSTRAINED|CONSTRAINED_202547_2025-11-20_0656|BY_IF
2000-288-671|1003|2103|15-NOV-2025|15-NOV-2025|25.380711|2000-288-671_1003_211|202547|CONSTRAINED|CONSTRAINED|CONSTRAINED_202547_2025-11-20_0656|BY_IF
2000-288-671|1003|2102|08-NOV-2025|08-NOV-2025|25.380711|2000-288-671_1003_211|202547|CONSTRAINED|CONSTRAINED|CONSTRAINED_202547_2025-11-20_0656|BY_IF
2000-288-671|1003|2101|01-NOV-2025|01-NOV-2025|25.380711|2000-288-671_1003_211|202547|CONSTRAINED|CONSTRAINED|CONSTRAINED_202547_2025-11-20_0656|BY_IF
2000-288-671|1003|2100|25-OCT-2025|25-OCT-2025|38.071072|2000-288-671_1003_211|202547|CONSTRAINED|CONSTRAINED|CONSTRAINED_202547_2025-11-20_0656|BY_IF
2000-288-671|1003|2099|18-OCT-2025|18-OCT-2025|38.071072|2000-288-671_1003_211|202547|CONSTRAINED|CONSTRAINED|CONSTRAINED_202547_2025-11-20_0656|BY_IF
2000-288-671|1003|2098|11-OCT-2025|11-OCT-2025|38.071072|2000-288-671_1003_211|202547|CONSTRAINED|CONSTRAINED|CONSTRAINED_202547_2025-11-20_0656|BY_IF
2000-288-671|1003|2097|04-OCT-2025|04-OCT-2025|38.071072|2000-288-671_1003_211|202547|CONSTRAINED|CONSTRAINED|CONSTRAINED_202547_2025-11-20_0656|BY_IF
2000-288-671|1003|2096|27-SEP-2025|27-SEP-2025|38.071072|2000-288-671_1003_211|202547|CONSTRAINED|CONSTRAINED|CONSTRAINED_202547_2025-11-20_0656|BY_IF
2000-288-671|1003|2095|20-SEP-2025|20-SEP-2025|38.071072|2000-288-671_1003_211|202547|CONSTRAINED|CONSTRAINED|CONSTRAINED_202547_2025-11-20_0656|BY_IF
2000-288-671|1003|2094|13-SEP-2025|13-SEP-2025|38.071072|2000-288-671_1003_211|202547|CONSTRAINED|CONSTRAINED|CONSTRAINED_202547_2025-11-20_0656|BY_IF
2000-288-671|1003|2093|06-SEP-2025|06-SEP-2025|38.071072|2000-288-671_1003_211|202547|CONSTRAINED|CONSTRAINED|CONSTRAINED_202547_2025-11-20_0656|BY_IF
2000-288-671|1003|2092|30-AUG-2025|30-AUG-2025|38.071072|2000-288-671_1003_211|202547|CONSTRAINED|CONSTRAINED|CONSTRAINED_202547_2025-11-20_0656|BY_IF
2000-288-671|1003|2091|23-AUG-2025|23-AUG-2025|38.071072|2000-288-671_1003_211|202547|CONSTRAINED|CONSTRAINED|CONSTRAINED_202547_2025-11-20_0656|BY_IF
2000-288-671|1003|2090|16-AUG-2025|16-AUG-2025|38.071072|2000-288-671_1003_211|202547|CONSTRAINED|CONSTRAINED|CONSTRAINED_202547_2025-11-20_0656|BY_IF
2000-288-671|1003|2089|09-AUG-2025|09-AUG-2025|38.071072|2000-288-671_1003_211|202547|CONSTRAINED|CONSTRAINED|CONSTRAINED_202547_2025-11-20_0656|BY_IF
2000-288-671|1003|2088|02-AUG-2025|02-AUG-2025|38.071072|2000-288-671_1003_211|202547|CONSTRAINED|CONSTRAINED|CONSTRAINED_202547_2025-11-20_0656|BY_IF
2000-288-671|1006|57|10-JAN-2026|10-JAN-2026|27.17391|2000-288-671_1006_210|202547|CONSTRAINED|CONSTRAINED|CONSTRAINED_202547_2025-11-20_0656|BY_IF
2000-288-671|1006|56|03-JAN-2026|03-JAN-2026|27.17391|2000-288-671_1006_210|202547|CONSTRAINED|CONSTRAINED|CONSTRAINED_202547_2025-11-20_0656|BY_IF
2000-288-671|1006|55|27-DEC-2025|27-DEC-2025|27.17391|2000-288-671_1006_210|202547|CONSTRAINED|CONSTRAINED|CONSTRAINED_202547_2025-11-20_0656|BY_IF
2000-288-671|1006|54|20-DEC-2025|20-DEC-2025|27.17391|2000-288-671_1006_210|202547|CONSTRAINED|CONSTRAINED|CONSTRAINED_202547_2025-11-20_0656|BY_IF
2000-288-671|1006|53|13-DEC-2025|13-DEC-2025|27.17391|2000-288-671_1006_210|202547|CONSTRAINED|CONSTRAINED|CONSTRAINED_202547_2025-11-20_0656|BY_IF
2000-288-671|1006|52|06-DEC-2025|06-DEC-2025|27.17391|2000-288-671_1006_210|202547|CONSTRAINED|CONSTRAINED|CONSTRAINED_202547_2025-11-20_0656|BY_IF
2000-288-671|1006|51|29-NOV-2025|29-NOV-2025|27.17391|2000-288-671_1006_210|202547|CONSTRAINED|CONSTRAINED|CONSTRAINED_202547_2025-11-20_0656|BY_IF
2000-288-671|1006|50|22-NOV-2025|22-NOV-2025|27.17391|2000-288-671_1006_210|202547|CONSTRAINED|CONSTRAINED|CONSTRAINED_202547_2025-11-20_0656|BY_IF
2000-288-671|1006|49|15-NOV-2025|15-NOV-2025|27.17391|2000-288-671_1006_210|202547|CONSTRAINED|CONSTRAINED|CONSTRAINED_202547_2025-11-20_0656|BY_IF
2000-288-671|1006|48|08-NOV-2025|08-NOV-2025|27.17391|2000-288-671_1006_210|202547|CONSTRAINED|CONSTRAINED|CONSTRAINED_202547_2025-11-20_0656|BY_IF
2000-288-671|1006|47|01-NOV-2025|01-NOV-2025|27.17391|2000-288-671_1006_210|202547|CONSTRAINED|CONSTRAINED|CONSTRAINED_202547_2025-11-20_0656|BY_IF
2000-288-671|1006|46|25-OCT-2025|25-OCT-2025|27.17391|2000-288-671_1006_210|202547|CONSTRAINED|CONSTRAINED|CONSTRAINED_202547_2025-11-20_0656|BY_IF
2000-288-671|1006|45|18-OCT-2025|18-OCT-2025|27.17391|2000-288-671_1006_210|202547|CONSTRAINED|CONSTRAINED|CONSTRAINED_202547_2025-11-20_0656|BY_IF
2000-288-671|1006|44|11-OCT-2025|11-OCT-2025|27.17391|2000-288-671_1006_210|202547|CONSTRAINED|CONSTRAINED|CONSTRAINED_202547_2025-11-20_0656|BY_IF
2000-288-671|1006|43|04-OCT-2025|04-OCT-2025|27.17391|2000-288-671_1006_210|202547|CONSTRAINED|CONSTRAINED|CONSTRAINED_202547_2025-11-20_0656|BY_IF
2000-288-671|1006|42|27-SEP-2025|27-SEP-2025|34.782612|2000-288-671_1006_210|202547|CONSTRAINED|CONSTRAINED|CONSTRAINED_202547_2025-11-20_0656|BY_IF
2000-288-671|1006|41|20-SEP-2025|20-SEP-2025|40.760872|2000-288-671_1006_210|202547|CONSTRAINED|CONSTRAINED|CONSTRAINED_202547_2025-11-20_0656|BY_IF
2000-288-671|1006|40|13-SEP-2025|13-SEP-2025|40.760872|2000-288-671_1006_210|202547|CONSTRAINED|CONSTRAINED|CONSTRAINED_202547_2025-11-20_0656|BY_IF
2000-288-671|1006|39|06-SEP-2025|06-SEP-2025|40.760872|2000-288-671_1006_210|202547|CONSTRAINED|CONSTRAINED|CONSTRAINED_202547_2025-11-20_0656|BY_IF
2000-288-671|1006|38|30-AUG-2025|30-AUG-2025|40.760872|2000-288-671_1006_210|202547|CONSTRAINED|CONSTRAINED|CONSTRAINED_202547_2025-11-20_0656|BY_IF
2000-288-671|1006|37|23-AUG-2025|23-AUG-2025|40.760872|2000-288-671_1006_210|202547|CONSTRAINED|CONSTRAINED|CONSTRAINED_202547_2025-11-20_0656|BY_IF
2000-288-671|1006|36|16-AUG-2025|16-AUG-2025|40.760872|2000-288-671_1006_210|202547|CONSTRAINED|CONSTRAINED|CONSTRAINED_202547_2025-11-20_0656|BY_IF
2000-288-671|1006|35|09-AUG-2025|09-AUG-2025|40.760872|2000-288-671_1006_210|202547|CONSTRAINED|CONSTRAINED|CONSTRAINED_202547_2025-11-20_0656|BY_IF
2000-288-671|1006|34|02-AUG-2025|02-AUG-2025|40.760872|2000-288-671_1006_210|202547|CONSTRAINED|CONSTRAINED|CONSTRAINED_202547_2025-11-20_0656|BY_IF
2000-288-671|1006|135|10-JUL-2027|10-JUL-2027|40.760872|2000-288-671_1006_210|202547|CONSTRAINED|CONSTRAINED|CONSTRAINED_202547_2025-11-20_0656|BY_IF
2000-288-671|1006|134|03-JUL-2027|03-JUL-2027|40.760872|2000-288-671_1006_210|202547|CONSTRAINED|CONSTRAINED|CONSTRAINED_202547_2025-11-20_0656|BY_IF
2000-288-671|1006|133|26-JUN-2027|26-JUN-2027|40.760872|2000-288-671_1006_210|202547|CONSTRAINED|CONSTRAINED|CONSTRAINED_202547_2025-11-20_0656|BY_IF
2000-288-671|1006|132|19-JUN-2027|19-JUN-2027|40.760872|2000-288-671_1006_210|202547|CONSTRAINED|CONSTRAINED|CONSTRAINED_202547_2025-11-20_0656|BY_IF
2000-288-671|1006|131|12-JUN-2027|12-JUN-2027|40.760872|2000-288-671_1006_210|202547|CONSTRAINED|CONSTRAINED|CONSTRAINED_202547_2025-11-20_0656|BY_IF
2000-288-671|1006|130|05-JUN-2027|05-JUN-2027|40.760872|2000-288-671_1006_210|202547|CONSTRAINED|CONSTRAINED|CONSTRAINED_202547_2025-11-20_0656|BY_IF
2000-288-671|1006|129|29-MAY-2027|29-MAY-2027|40.760872|2000-288-671_1006_210|202547|CONSTRAINED|CONSTRAINED|CONSTRAINED_202547_2025-11-20_0656|BY_IF
2000-288-671|1006|128|22-MAY-2027|22-MAY-2027|40.760872|2000-288-671_1006_210|202547|CONSTRAINED|CONSTRAINED|CONSTRAINED_202547_2025-11-20_0656|BY_IF
2000-288-671|1006|127|15-MAY-2027|15-MAY-2027|40.760872|2000-288-671_1006_210|202547|CONSTRAINED|CONSTRAINED|CONSTRAINED_202547_2025-11-20_0656|BY_IF
2000-288-671|1006|126|08-MAY-2027|08-MAY-2027|40.760872|2000-288-671_1006_210|202547|CONSTRAINED|CONSTRAINED|CONSTRAINED_202547_2025-11-20_0656|BY_IF
2000-288-671|1006|125|01-MAY-2027|01-MAY-2027|40.760872|2000-288-671_1006_210|202547|CONSTRAINED|CONSTRAINED|CONSTRAINED_202547_2025-11-20_0656|BY_IF
2000-288-671|1006|124|24-APR-2027|24-APR-2027|40.760872|2000-288-671_1006_210|202547|CONSTRAINED|CONSTRAINED|CONSTRAINED_202547_2025-11-20_0656|BY_IF
2000-288-671|1006|123|17-APR-2027|17-APR-2027|40.760872|2000-288-671_1006_210|202547|CONSTRAINED|CONSTRAINED|CONSTRAINED_202547_2025-11-20_0656|BY_IF
2000-288-671|1006|122|10-APR-2027|10-APR-2027|40.760872|2000-288-671_1006_210|202547|CONSTRAINED|CONSTRAINED|CONSTRAINED_202547_2025-11-20_0656|BY_IF
2000-288-671|1006|121|03-APR-2027|03-APR-2027|40.760872|2000-288-671_1006_210|202547|CONSTRAINED|CONSTRAINED|CONSTRAINED_202547_2025-11-20_0656|BY_IF
2000-288-671|1006|120|27-MAR-2027|27-MAR-2027|40.760872|2000-288-671_1006_210|202547|CONSTRAINED|CONSTRAINED|CONSTRAINED_202547_2025-11-20_0656|BY_IF
2000-288-671|1006|119|20-MAR-2027|20-MAR-2027|40.760872|2000-288-671_1006_210|202547|CONSTRAINED|CONSTRAINED|CONSTRAINED_202547_2025-11-20_0656|BY_IF
2000-288-671|1006|118|13-MAR-2027|13-MAR-2027|40.760872|2000-288-671_1006_210|202547|CONSTRAINED|CONSTRAINED|CONSTRAINED_202547_2025-11-20_0656|BY_IF
2000-288-671|1006|117|06-MAR-2027|06-MAR-2027|40.760872|2000-288-671_1006_210|202547|CONSTRAINED|CONSTRAINED|CONSTRAINED_202547_2025-11-20_0656|BY_IF
2000-288-671|1006|116|27-FEB-2027|27-FEB-2027|40.760872|2000-288-671_1006_210|202547|CONSTRAINED|CONSTRAINED|CONSTRAINED_202547_2025-11-20_0656|BY_IF
2000-288-671|1006|115|20-FEB-2027|20-FEB-2027|40.760872|2000-288-671_1006_210|202547|CONSTRAINED|CONSTRAINED|CONSTRAINED_202547_2025-11-20_0656|BY_IF
2000-288-671|1006|114|13-FEB-2027|13-FEB-2027|40.760872|2000-288-671_1006_210|202547|CONSTRAINED|CONSTRAINED|CONSTRAINED_202547_2025-11-20_0656|BY_IF
2000-288-671|1006|113|06-FEB-2027|06-FEB-2027|40.760872|2000-288-671_1006_210|202547|CONSTRAINED|CONSTRAINED|CONSTRAINED_202547_2025-11-20_0656|BY_IF
2000-288-671|1006|112|30-JAN-2027|30-JAN-2027|40.760872|2000-288-671_1006_210|202547|CONSTRAINED|CONSTRAINED|CONSTRAINED_202547_2025-11-20_0656|BY_IF
2000-288-671|1006|111|23-JAN-2027|23-JAN-2027|40.760872|2000-288-671_1006_210|202547|CONSTRAINED|CONSTRAINED|CONSTRAINED_202547_2025-11-20_0656|BY_IF
2000-288-671|1006|110|16-JAN-2027|16-JAN-2027|40.760872|2000-288-671_1006_210|202547|CONSTRAINED|CONSTRAINED|CONSTRAINED_202547_2025-11-20_0656|BY_IF
2000-288-671|1006|109|09-JAN-2027|09-JAN-2027|40.760872|2000-288-671_1006_210|202547|CONSTRAINED|CONSTRAINED|CONSTRAINED_202547_2025-11-20_0656|BY_IF
2000-288-671|1006|108|02-JAN-2027|02-JAN-2027|40.760872|2000-288-671_1006_210|202547|CONSTRAINED|CONSTRAINED|CONSTRAINED_202547_2025-11-20_0656|BY_IF
2000-288-671|1006|107|26-DEC-2026|26-DEC-2026|40.760872|2000-288-671_1006_210|202547|CONSTRAINED|CONSTRAINED|CONSTRAINED_202547_2025-11-20_0656|BY_IF
2000-288-671|1006|106|19-DEC-2026|19-DEC-2026|40.760872|2000-288-671_1006_210|202547|CONSTRAINED|CONSTRAINED|CONSTRAINED_202547_2025-11-20_0656|BY_IF
2000-288-671|1006|105|12-DEC-2026|12-DEC-2026|40.760872|2000-288-671_1006_210|202547|CONSTRAINED|CONSTRAINED|CONSTRAINED_202547_2025-11-20_0656|BY_IF
2000-288-671|1006|104|05-DEC-2026|05-DEC-2026|40.760872|2000-288-671_1006_210|202547|CONSTRAINED|CONSTRAINED|CONSTRAINED_202547_2025-11-20_0656|BY_IF
2000-288-671|1006|103|28-NOV-2026|28-NOV-2026|40.760872|2000-288-671_1006_210|202547|CONSTRAINED|CONSTRAINED|CONSTRAINED_202547_2025-11-20_0656|BY_IF
2000-288-671|1006|102|21-NOV-2026|21-NOV-2026|40.760872|2000-288-671_1006_210|202547|CONSTRAINED|CONSTRAINED|CONSTRAINED_202547_2025-11-20_0656|BY_IF
2000-288-671|1006|101|14-NOV-2026|14-NOV-2026|40.760872|2000-288-671_1006_210|202547|CONSTRAINED|CONSTRAINED|CONSTRAINED_202547_2025-11-20_0656|BY_IF
2000-288-671|1006|100|07-NOV-2026|07-NOV-2026|40.760872|2000-288-671_1006_210|202547|CONSTRAINED|CONSTRAINED|CONSTRAINED_202547_2025-11-20_0656|BY_IF
2000-288-671|1006|99|31-OCT-2026|31-OCT-2026|40.760872|2000-288-671_1006_210|202547|CONSTRAINED|CONSTRAINED|CONSTRAINED_202547_2025-11-20_0656|BY_IF
2000-288-671|1006|98|24-OCT-2026|24-OCT-2026|40.760872|2000-288-671_1006_210|202547|CONSTRAINED|CONSTRAINED|CONSTRAINED_202547_2025-11-20_0656|BY_IF
2000-288-671|1006|97|17-OCT-2026|17-OCT-2026|40.760872|2000-288-671_1006_210|202547|CONSTRAINED|CONSTRAINED|CONSTRAINED_202547_2025-11-20_0656|BY_IF
2000-288-671|1006|96|10-OCT-2026|10-OCT-2026|40.760872|2000-288-671_1006_210|202547|CONSTRAINED|CONSTRAINED|CONSTRAINED_202547_2025-11-20_0656|BY_IF
2000-288-671|1006|95|03-OCT-2026|03-OCT-2026|40.760872|2000-288-671_1006_210|202547|CONSTRAINED|CONSTRAINED|CONSTRAINED_202547_2025-11-20_0656|BY_IF
2000-288-671|1006|94|26-SEP-2026|26-SEP-2026|40.760872|2000-288-671_1006_210|202547|CONSTRAINED|CONSTRAINED|CONSTRAINED_202547_2025-11-20_0656|BY_IF
2000-288-671|1006|93|19-SEP-2026|19-SEP-2026|40.760872|2000-288-671_1006_210|202547|CONSTRAINED|CONSTRAINED|CONSTRAINED_202547_2025-11-20_0656|BY_IF
2000-288-671|1006|92|12-SEP-2026|12-SEP-2026|40.760872|2000-288-671_1006_210|202547|CONSTRAINED|CONSTRAINED|CONSTRAINED_202547_2025-11-20_0656|BY_IF
2000-288-671|1006|91|05-SEP-2026|05-SEP-2026|40.760872|2000-288-671_1006_210|202547|CONSTRAINED|CONSTRAINED|CONSTRAINED_202547_2025-11-20_0656|BY_IF
2000-288-671|1006|90|29-AUG-2026|29-AUG-2026|40.760872|2000-288-671_1006_210|202547|CONSTRAINED|CONSTRAINED|CONSTRAINED_202547_2025-11-20_0656|BY_IF
2000-288-671|1006|89|22-AUG-2026|22-AUG-2026|40.760872|2000-288-671_1006_210|202547|CONSTRAINED|CONSTRAINED|CONSTRAINED_202547_2025-11-20_0656|BY_IF
2000-288-671|1006|88|15-AUG-2026|15-AUG-2026|40.760872|2000-288-671_1006_210|202547|CONSTRAINED|CONSTRAINED|CONSTRAINED_202547_2025-11-20_0656|BY_IF
2000-288-671|1006|87|08-AUG-2026|08-AUG-2026|40.760872|2000-288-671_1006_210|202547|CONSTRAINED|CONSTRAINED|CONSTRAINED_202547_2025-11-20_0656|BY_IF
2000-288-671|1006|86|01-AUG-2026|01-AUG-2026|40.760872|2000-288-671_1006_210|202547|CONSTRAINED|CONSTRAINED|CONSTRAINED_202547_2025-11-20_0656|BY_IF
2000-288-671|1006|85|25-JUL-2026|25-JUL-2026|40.760872|2000-288-671_1006_210|202547|CONSTRAINED|CONSTRAINED|CONSTRAINED_202547_2025-11-20_0656|BY_IF
2000-288-671|1006|84|18-JUL-2026|18-JUL-2026|40.760872|2000-288-671_1006_210|202547|CONSTRAINED|CONSTRAINED|CONSTRAINED_202547_2025-11-20_0656|BY_IF
2000-288-671|1006|83|11-JUL-2026|11-JUL-2026|40.760872|2000-288-671_1006_210|202547|CONSTRAINED|CONSTRAINED|CONSTRAINED_202547_2025-11-20_0656|BY_IF
2000-288-671|1006|82|04-JUL-2026|04-JUL-2026|40.760872|2000-288-671_1006_210|202547|CONSTRAINED|CONSTRAINED|CONSTRAINED_202547_2025-11-20_0656|BY_IF
2000-288-671|1006|81|27-JUN-2026|27-JUN-2026|40.760872|2000-288-671_1006_210|202547|CONSTRAINED|CONSTRAINED|CONSTRAINED_202547_2025-11-20_0656|BY_IF
2000-288-671|1006|80|20-JUN-2026|20-JUN-2026|40.760872|2000-288-671_1006_210|202547|CONSTRAINED|CONSTRAINED|CONSTRAINED_202547_2025-11-20_0656|BY_IF
2000-288-671|1006|79|13-JUN-2026|13-JUN-2026|40.760872|2000-288-671_1006_210|202547|CONSTRAINED|CONSTRAINED|CONSTRAINED_202547_2025-11-20_0656|BY_IF
2000-288-671|1006|78|06-JUN-2026|06-JUN-2026|40.760872|2000-288-671_1006_210|202547|CONSTRAINED|CONSTRAINED|CONSTRAINED_202547_2025-11-20_0656|BY_IF
2000-288-671|1006|77|30-MAY-2026|30-MAY-2026|40.760872|2000-288-671_1006_210|202547|CONSTRAINED|CONSTRAINED|CONSTRAINED_202547_2025-11-20_0656|BY_IF
2000-288-671|1006|76|23-MAY-2026|23-MAY-2026|40.760872|2000-288-671_1006_210|202547|CONSTRAINED|CONSTRAINED|CONSTRAINED_202547_2025-11-20_0656|BY_IF
2000-288-671|1006|75|16-MAY-2026|16-MAY-2026|40.760872|2000-288-671_1006_210|202547|CONSTRAINED|CONSTRAINED|CONSTRAINED_202547_2025-11-20_0656|BY_IF
2000-288-671|1006|74|09-MAY-2026|09-MAY-2026|40.760872|2000-288-671_1006_210|202547|CONSTRAINED|CONSTRAINED|CONSTRAINED_202547_2025-11-20_0656|BY_IF
2000-288-671|1006|73|02-MAY-2026|02-MAY-2026|40.760872|2000-288-671_1006_210|202547|CONSTRAINED|CONSTRAINED|CONSTRAINED_202547_2025-11-20_0656|BY_IF
2000-288-671|1006|72|25-APR-2026|25-APR-2026|40.760872|2000-288-671_1006_210|202547|CONSTRAINED|CONSTRAINED|CONSTRAINED_202547_2025-11-20_0656|BY_IF
2000-288-671|1006|71|18-APR-2026|18-APR-2026|40.760872|2000-288-671_1006_210|202547|CONSTRAINED|CONSTRAINED|CONSTRAINED_202547_2025-11-20_0656|BY_IF
2000-288-671|1006|70|11-APR-2026|11-APR-2026|40.760872|2000-288-671_1006_210|202547|CONSTRAINED|CONSTRAINED|CONSTRAINED_202547_2025-11-20_0656|BY_IF
2000-288-671|1006|69|04-APR-2026|04-APR-2026|40.760872|2000-288-671_1006_210|202547|CONSTRAINED|CONSTRAINED|CONSTRAINED_202547_2025-11-20_0656|BY_IF
2000-288-671|1006|68|28-MAR-2026|28-MAR-2026|40.760872|2000-288-671_1006_210|202547|CONSTRAINED|CONSTRAINED|CONSTRAINED_202547_2025-11-20_0656|BY_IF
2000-288-671|1006|67|21-MAR-2026|21-MAR-2026|40.760872|2000-288-671_1006_210|202547|CONSTRAINED|CONSTRAINED|CONSTRAINED_202547_2025-11-20_0656|BY_IF
2000-288-671|1006|66|14-MAR-2026|14-MAR-2026|40.760872|2000-288-671_1006_210|202547|CONSTRAINED|CONSTRAINED|CONSTRAINED_202547_2025-11-20_0656|BY_IF
2000-288-671|1006|65|07-MAR-2026|07-MAR-2026|40.760872|2000-288-671_1006_210|202547|CONSTRAINED|CONSTRAINED|CONSTRAINED_202547_2025-11-20_0656|BY_IF
2000-288-671|1006|64|28-FEB-2026|28-FEB-2026|40.760872|2000-288-671_1006_210|202547|CONSTRAINED|CONSTRAINED|CONSTRAINED_202547_2025-11-20_0656|BY_IF
2000-288-671|1006|63|21-FEB-2026|21-FEB-2026|40.760872|2000-288-671_1006_210|202547|CONSTRAINED|CONSTRAINED|CONSTRAINED_202547_2025-11-20_0656|BY_IF
2000-288-671|1006|62|14-FEB-2026|14-FEB-2026|40.760872|2000-288-671_1006_210|202547|CONSTRAINED|CONSTRAINED|CONSTRAINED_202547_2025-11-20_0656|BY_IF
2000-288-671|1006|61|07-FEB-2026|07-FEB-2026|40.760872|2000-288-671_1006_210|202547|CONSTRAINED|CONSTRAINED|CONSTRAINED_202547_2025-11-20_0656|BY_IF
2000-288-671|1006|60|31-JAN-2026|31-JAN-2026|40.760872|2000-288-671_1006_210|202547|CONSTRAINED|CONSTRAINED|CONSTRAINED_202547_2025-11-20_0656|BY_IF
2000-288-671|1006|59|24-JAN-2026|24-JAN-2026|40.760872|2000-288-671_1006_210|202547|CONSTRAINED|CONSTRAINED|CONSTRAINED_202547_2025-11-20_0656|BY_IF
2000-288-671|1006|58|17-JAN-2026|17-JAN-2026|32.06522|2000-288-671_1006_210|202547|CONSTRAINED|CONSTRAINED|CONSTRAINED_202547_2025-11-20_0656|BY_IF
2000-291-742|1004|4051|10-JUL-2027|03-JUL-2027|154.603302|2000-291-742_1004_162|202547|CONSTRAINED|CONSTRAINED|CONSTRAINED_202547_2025-11-20_0656|BY_IF
2000-291-742|1004|4050|03-JUL-2027|26-JUN-2027|77.301651|2000-291-742_1004_162|202547|CONSTRAINED|CONSTRAINED|CONSTRAINED_202547_2025-11-20_0656|BY_IF
2000-291-742|1004|4049|26-JUN-2027|19-JUN-2027|77.301651|2000-291-742_1004_162|202547|CONSTRAINED|CONSTRAINED|CONSTRAINED_202547_2025-11-20_0656|BY_IF
2000-291-742|1004|4048|19-JUN-2027|12-JUN-2027|77.301651|2000-291-742_1004_162|202547|CONSTRAINED|CONSTRAINED|CONSTRAINED_202547_2025-11-20_0656|BY_IF
2000-291-742|1004|4047|12-JUN-2027|05-JUN-2027|77.301651|2000-291-742_1004_162|202547|CONSTRAINED|CONSTRAINED|CONSTRAINED_202547_2025-11-20_0656|BY_IF
2000-291-742|1004|4046|05-JUN-2027|29-MAY-2027|77.301651|2000-291-742_1004_162|202547|CONSTRAINED|CONSTRAINED|CONSTRAINED_202547_2025-11-20_0656|BY_IF
2000-291-742|1004|4045|29-MAY-2027|22-MAY-2027|77.301651|2000-291-742_1004_162|202547|CONSTRAINED|CONSTRAINED|CONSTRAINED_202547_2025-11-20_0656|BY_IF
2000-291-742|1004|4044|22-MAY-2027|15-MAY-2027|77.301651|2000-291-742_1004_162|202547|CONSTRAINED|CONSTRAINED|CONSTRAINED_202547_2025-11-20_0656|BY_IF
2000-291-742|1004|4043|15-MAY-2027|08-MAY-2027|77.301651|2000-291-742_1004_162|202547|CONSTRAINED|CONSTRAINED|CONSTRAINED_202547_2025-11-20_0656|BY_IF
2000-291-742|1004|4042|08-MAY-2027|01-MAY-2027|77.301651|2000-291-742_1004_162|202547|CONSTRAINED|CONSTRAINED|CONSTRAINED_202547_2025-11-20_0656|BY_IF
2000-291-742|1004|4041|01-MAY-2027|24-APR-2027|77.301651|2000-291-742_1004_162|202547|CONSTRAINED|CONSTRAINED|CONSTRAINED_202547_2025-11-20_0656|BY_IF
2000-291-742|1004|4040|24-APR-2027|17-APR-2027|77.301651|2000-291-742_1004_162|202547|CONSTRAINED|CONSTRAINED|CONSTRAINED_202547_2025-11-20_0656|BY_IF
2000-291-742|1004|4039|17-APR-2027|10-APR-2027|77.301651|2000-291-742_1004_162|202547|CONSTRAINED|CONSTRAINED|CONSTRAINED_202547_2025-11-20_0656|BY_IF
2000-291-742|1004|4038|10-APR-2027|03-APR-2027|77.301651|2000-291-742_1004_162|202547|CONSTRAINED|CONSTRAINED|CONSTRAINED_202547_2025-11-20_0656|BY_IF
2000-291-742|1004|4037|03-APR-2027|27-MAR-2027|77.301651|2000-291-742_1004_162|202547|CONSTRAINED|CONSTRAINED|CONSTRAINED_202547_2025-11-20_0656|BY_IF
2000-291-742|1004|4036|27-MAR-2027|20-MAR-2027|77.301651|2000-291-742_1004_162|202547|CONSTRAINED|CONSTRAINED|CONSTRAINED_202547_2025-11-20_0656|BY_IF
2000-291-742|1004|4035|20-MAR-2027|13-MAR-2027|77.301651|2000-291-742_1004_162|202547|CONSTRAINED|CONSTRAINED|CONSTRAINED_202547_2025-11-20_0656|BY_IF
2000-291-742|1004|4034|13-MAR-2027|06-MAR-2027|77.301651|2000-291-742_1004_162|202547|CONSTRAINED|CONSTRAINED|CONSTRAINED_202547_2025-11-20_0656|BY_IF
2000-291-742|1004|4033|06-MAR-2027|27-FEB-2027|77.301651|2000-291-742_1004_162|202547|CONSTRAINED|CONSTRAINED|CONSTRAINED_202547_2025-11-20_0656|BY_IF
2000-291-742|1004|4032|27-FEB-2027|20-FEB-2027|77.301651|2000-291-742_1004_162|202547|CONSTRAINED|CONSTRAINED|CONSTRAINED_202547_2025-11-20_0656|BY_IF
2000-291-742|1004|4031|20-FEB-2027|13-FEB-2027|77.301651|2000-291-742_1004_162|202547|CONSTRAINED|CONSTRAINED|CONSTRAINED_202547_2025-11-20_0656|BY_IF
2000-291-742|1004|4030|13-FEB-2027|06-FEB-2027|77.301651|2000-291-742_1004_162|202547|CONSTRAINED|CONSTRAINED|CONSTRAINED_202547_2025-11-20_0656|BY_IF
2000-291-742|1004|4029|06-FEB-2027|30-JAN-2027|77.301651|2000-291-742_1004_162|202547|CONSTRAINED|CONSTRAINED|CONSTRAINED_202547_2025-11-20_0656|BY_IF
2000-291-742|1004|4028|30-JAN-2027|23-JAN-2027|77.301651|2000-291-742_1004_162|202547|CONSTRAINED|CONSTRAINED|CONSTRAINED_202547_2025-11-20_0656|BY_IF
2000-291-742|1004|4027|23-JAN-2027|16-JAN-2027|77.301651|2000-291-742_1004_162|202547|CONSTRAINED|CONSTRAINED|CONSTRAINED_202547_2025-11-20_0656|BY_IF
2000-291-742|1004|4026|16-JAN-2027|09-JAN-2027|77.301651|2000-291-742_1004_162|202547|CONSTRAINED|CONSTRAINED|CONSTRAINED_202547_2025-11-20_0656|BY_IF
2000-291-742|1004|4025|09-JAN-2027|02-JAN-2027|77.301651|2000-291-742_1004_162|202547|CONSTRAINED|CONSTRAINED|CONSTRAINED_202547_2025-11-20_0656|BY_IF
2000-291-742|1004|4024|02-JAN-2027|26-DEC-2026|77.301651|2000-291-742_1004_162|202547|CONSTRAINED|CONSTRAINED|CONSTRAINED_202547_2025-11-20_0656|BY_IF
2000-291-742|1004|4023|26-DEC-2026|19-DEC-2026|77.301651|2000-291-742_1004_162|202547|CONSTRAINED|CONSTRAINED|CONSTRAINED_202547_2025-11-20_0656|BY_IF
2000-291-742|1004|4022|19-DEC-2026|12-DEC-2026|77.301651|2000-291-742_1004_162|202547|CONSTRAINED|CONSTRAINED|CONSTRAINED_202547_2025-11-20_0656|BY_IF
2000-291-742|1004|4021|12-DEC-2026|05-DEC-2026|77.301651|2000-291-742_1004_162|202547|CONSTRAINED|CONSTRAINED|CONSTRAINED_202547_2025-11-20_0656|BY_IF
2000-291-742|1004|4020|05-DEC-2026|28-NOV-2026|77.301651|2000-291-742_1004_162|202547|CONSTRAINED|CONSTRAINED|CONSTRAINED_202547_2025-11-20_0656|BY_IF
2000-291-742|1004|4019|28-NOV-2026|21-NOV-2026|77.301651|2000-291-742_1004_162|202547|CONSTRAINED|CONSTRAINED|CONSTRAINED_202547_2025-11-20_0656|BY_IF
2000-291-742|1004|4018|21-NOV-2026|14-NOV-2026|77.301651|2000-291-742_1004_162|202547|CONSTRAINED|CONSTRAINED|CONSTRAINED_202547_2025-11-20_0656|BY_IF
2000-291-742|1004|4017|14-NOV-2026|07-NOV-2026|77.301651|2000-291-742_1004_162|202547|CONSTRAINED|CONSTRAINED|CONSTRAINED_202547_2025-11-20_0656|BY_IF
2000-291-742|1004|4016|07-NOV-2026|31-OCT-2026|77.301651|2000-291-742_1004_162|202547|CONSTRAINED|CONSTRAINED|CONSTRAINED_202547_2025-11-20_0656|BY_IF
2000-291-742|1004|4015|31-OCT-2026|24-OCT-2026|77.301651|2000-291-742_1004_162|202547|CONSTRAINED|CONSTRAINED|CONSTRAINED_202547_2025-11-20_0656|BY_IF
2000-291-742|1004|4014|24-OCT-2026|17-OCT-2026|77.301651|2000-291-742_1004_162|202547|CONSTRAINED|CONSTRAINED|CONSTRAINED_202547_2025-11-20_0656|BY_IF
2000-291-742|1004|4013|17-OCT-2026|10-OCT-2026|77.301651|2000-291-742_1004_162|202547|CONSTRAINED|CONSTRAINED|CONSTRAINED_202547_2025-11-20_0656|BY_IF
2000-291-742|1004|4012|10-OCT-2026|03-OCT-2026|77.301651|2000-291-742_1004_162|202547|CONSTRAINED|CONSTRAINED|CONSTRAINED_202547_2025-11-20_0656|BY_IF
2000-291-742|1004|4011|03-OCT-2026|26-SEP-2026|77.301651|2000-291-742_1004_162|202547|CONSTRAINED|CONSTRAINED|CONSTRAINED_202547_2025-11-20_0656|BY_IF
2000-291-742|1004|4010|26-SEP-2026|19-SEP-2026|77.301651|2000-291-742_1004_162|202547|CONSTRAINED|CONSTRAINED|CONSTRAINED_202547_2025-11-20_0656|BY_IF
2000-291-742|1004|4009|19-SEP-2026|12-SEP-2026|77.301651|2000-291-742_1004_162|202547|CONSTRAINED|CONSTRAINED|CONSTRAINED_202547_2025-11-20_0656|BY_IF
2000-291-742|1004|4008|12-SEP-2026|05-SEP-2026|77.301651|2000-291-742_1004_162|202547|CONSTRAINED|CONSTRAINED|CONSTRAINED_202547_2025-11-20_0656|BY_IF
2000-291-742|1004|4007|05-SEP-2026|29-AUG-2026|77.301651|2000-291-742_1004_162|202547|CONSTRAINED|CONSTRAINED|CONSTRAINED_202547_2025-11-20_0656|BY_IF
2000-291-742|1004|4006|29-AUG-2026|22-AUG-2026|77.301651|2000-291-742_1004_162|202547|CONSTRAINED|CONSTRAINED|CONSTRAINED_202547_2025-11-20_0656|BY_IF
2000-291-742|1004|4005|22-AUG-2026|15-AUG-2026|77.301651|2000-291-742_1004_162|202547|CONSTRAINED|CONSTRAINED|CONSTRAINED_202547_2025-11-20_0656|BY_IF
2000-291-742|1004|4004|15-AUG-2026|08-AUG-2026|77.301651|2000-291-742_1004_162|202547|CONSTRAINED|CONSTRAINED|CONSTRAINED_202547_2025-11-20_0656|BY_IF
2000-291-742|1004|4003|08-AUG-2026|01-AUG-2026|77.301651|2000-291-742_1004_162|202547|CONSTRAINED|CONSTRAINED|CONSTRAINED_202547_2025-11-20_0656|BY_IF
2000-291-742|1004|4002|01-AUG-2026|25-JUL-2026|77.301651|2000-291-742_1004_162|202547|CONSTRAINED|CONSTRAINED|CONSTRAINED_202547_2025-11-20_0656|BY_IF
2000-291-742|1004|4001|25-JUL-2026|18-JUL-2026|77.301651|2000-291-742_1004_162|202547|CONSTRAINED|CONSTRAINED|CONSTRAINED_202547_2025-11-20_0656|BY_IF
2000-291-742|1004|4000|18-JUL-2026|11-JUL-2026|77.301651|2000-291-742_1004_162|202547|CONSTRAINED|CONSTRAINED|CONSTRAINED_202547_2025-11-20_0656|BY_IF
2000-291-742|1004|3999|11-JUL-2026|04-JUL-2026|77.301651|2000-291-742_1004_162|202547|CONSTRAINED|CONSTRAINED|CONSTRAINED_202547_2025-11-20_0656|BY_IF
2000-291-742|1004|3998|04-JUL-2026|27-JUN-2026|77.301651|2000-291-742_1004_162|202547|CONSTRAINED|CONSTRAINED|CONSTRAINED_202547_2025-11-20_0656|BY_IF
2000-291-742|1004|3997|27-JUN-2026|20-JUN-2026|77.301651|2000-291-742_1004_162|202547|CONSTRAINED|CONSTRAINED|CONSTRAINED_202547_2025-11-20_0656|BY_IF
2000-291-742|1004|3996|20-JUN-2026|13-JUN-2026|77.301651|2000-291-742_1004_162|202547|CONSTRAINED|CONSTRAINED|CONSTRAINED_202547_2025-11-20_0656|BY_IF
2000-291-742|1004|3995|13-JUN-2026|06-JUN-2026|77.301651|2000-291-742_1004_162|202547|CONSTRAINED|CONSTRAINED|CONSTRAINED_202547_2025-11-20_0656|BY_IF
2000-291-742|1004|3994|06-JUN-2026|30-MAY-2026|77.301651|2000-291-742_1004_162|202547|CONSTRAINED|CONSTRAINED|CONSTRAINED_202547_2025-11-20_0656|BY_IF
2000-291-742|1004|3993|30-MAY-2026|23-MAY-2026|77.301651|2000-291-742_1004_162|202547|CONSTRAINED|CONSTRAINED|CONSTRAINED_202547_2025-11-20_0656|BY_IF
2000-291-742|1004|3992|23-MAY-2026|16-MAY-2026|77.301651|2000-291-742_1004_162|202547|CONSTRAINED|CONSTRAINED|CONSTRAINED_202547_2025-11-20_0656|BY_IF
2000-291-742|1004|3991|16-MAY-2026|09-MAY-2026|77.301651|2000-291-742_1004_162|202547|CONSTRAINED|CONSTRAINED|CONSTRAINED_202547_2025-11-20_0656|BY_IF
2000-291-742|1004|3990|09-MAY-2026|02-MAY-2026|77.301651|2000-291-742_1004_162|202547|CONSTRAINED|CONSTRAINED|CONSTRAINED_202547_2025-11-20_0656|BY_IF
2000-291-742|1004|3989|02-MAY-2026|25-APR-2026|77.301651|2000-291-742_1004_162|202547|CONSTRAINED|CONSTRAINED|CONSTRAINED_202547_2025-11-20_0656|BY_IF
2000-291-742|1004|3988|25-APR-2026|18-APR-2026|77.301651|2000-291-742_1004_162|202547|CONSTRAINED|CONSTRAINED|CONSTRAINED_202547_2025-11-20_0656|BY_IF
2000-291-742|1004|3987|18-APR-2026|11-APR-2026|77.301651|2000-291-742_1004_162|202547|CONSTRAINED|CONSTRAINED|CONSTRAINED_202547_2025-11-20_0656|BY_IF
2000-291-742|1004|3986|11-APR-2026|04-APR-2026|77.301651|2000-291-742_1004_162|202547|CONSTRAINED|CONSTRAINED|CONSTRAINED_202547_2025-11-20_0656|BY_IF
2000-291-742|1004|3985|04-APR-2026|28-MAR-2026|77.301651|2000-291-742_1004_162|202547|CONSTRAINED|CONSTRAINED|CONSTRAINED_202547_2025-11-20_0656|BY_IF
2000-291-742|1004|3984|28-MAR-2026|21-MAR-2026|77.301651|2000-291-742_1004_162|202547|CONSTRAINED|CONSTRAINED|CONSTRAINED_202547_2025-11-20_0656|BY_IF
2000-291-742|1004|3983|21-MAR-2026|14-MAR-2026|77.301651|2000-291-742_1004_162|202547|CONSTRAINED|CONSTRAINED|CONSTRAINED_202547_2025-11-20_0656|BY_IF
2000-291-742|1004|3982|14-MAR-2026|07-MAR-2026|77.301651|2000-291-742_1004_162|202547|CONSTRAINED|CONSTRAINED|CONSTRAINED_202547_2025-11-20_0656|BY_IF
2000-291-742|1004|3981|07-MAR-2026|28-FEB-2026|77.301651|2000-291-742_1004_162|202547|CONSTRAINED|CONSTRAINED|CONSTRAINED_202547_2025-11-20_0656|BY_IF
2000-291-742|1004|3980|28-FEB-2026|21-FEB-2026|77.301651|2000-291-742_1004_162|202547|CONSTRAINED|CONSTRAINED|CONSTRAINED_202547_2025-11-20_0656|BY_IF
2000-291-742|1004|3979|21-FEB-2026|14-FEB-2026|77.301651|2000-291-742_1004_162|202547|CONSTRAINED|CONSTRAINED|CONSTRAINED_202547_2025-11-20_0656|BY_IF
2000-291-742|1004|3978|14-FEB-2026|07-FEB-2026|77.301651|2000-291-742_1004_162|202547|CONSTRAINED|CONSTRAINED|CONSTRAINED_202547_2025-11-20_0656|BY_IF
2000-291-742|1004|3977|07-FEB-2026|31-JAN-2026|77.301651|2000-291-742_1004_162|202547|CONSTRAINED|CONSTRAINED|CONSTRAINED_202547_2025-11-20_0656|BY_IF
2000-291-742|1004|3976|31-JAN-2026|24-JAN-2026|77.301651|2000-291-742_1004_162|202547|CONSTRAINED|CONSTRAINED|CONSTRAINED_202547_2025-11-20_0656|BY_IF
2000-291-742|1004|3975|24-JAN-2026|17-JAN-2026|77.301651|2000-291-742_1004_162|202547|CONSTRAINED|CONSTRAINED|CONSTRAINED_202547_2025-11-20_0656|BY_IF
2000-291-742|1004|3974|17-JAN-2026|10-JAN-2026|65.315918|2000-291-742_1004_162|202547|CONSTRAINED|CONSTRAINED|CONSTRAINED_202547_2025-11-20_0656|BY_IF
2000-291-742|1004|3973|16-AUG-2025|09-AUG-2025|10.30689|2000-291-742_1004_162|202547|CONSTRAINED|CONSTRAINED|CONSTRAINED_202547_2025-11-20_0656|BY_IF
2000-291-742|1004|3972|09-AUG-2025|02-AUG-2025|283.439392|2000-291-742_1004_162|202547|CONSTRAINED|CONSTRAINED|CONSTRAINED_202547_2025-11-20_0656|BY_IF
2000-291-742|1004|3971|02-AUG-2025|26-JUL-2025|716.328613|2000-291-742_1004_162|202547|CONSTRAINED|CONSTRAINED|CONSTRAINED_202547_2025-11-20_0656|BY_IF
2000-291-749|1004|3755|09-AUG-2025|02-AUG-2025|283.439392|2000-291-749_1004_161|202547|CONSTRAINED|CONSTRAINED|CONSTRAINED_202547_2025-11-20_0656|BY_IF
2000-291-749|1004|3754|02-AUG-2025|26-JUL-2025|773.016479|2000-291-749_1004_161|202547|CONSTRAINED|CONSTRAINED|CONSTRAINED_202547_2025-11-20_0656|BY_IF
2000-293-667|1006|6743|18-JUL-2027|17-JUL-2027|154.603302|2000-293-667_1006_430|202547|CONSTRAINED|CONSTRAINED|CONSTRAINED_202547_2025-11-20_0656|BY_IF
2000-293-667|1006|6742|11-JUL-2027|10-JUL-2027|77.301651|2000-293-667_1006_430|202547|CONSTRAINED|CONSTRAINED|CONSTRAINED_202547_2025-11-20_0656|BY_IF
2000-293-667|1006|6741|04-JUL-2027|03-JUL-2027|77.301651|2000-293-667_1006_430|202547|CONSTRAINED|CONSTRAINED|CONSTRAINED_202547_2025-11-20_0656|BY_IF
2000-293-667|1006|6740|27-JUN-2027|26-JUN-2027|77.301651|2000-293-667_1006_430|202547|CONSTRAINED|CONSTRAINED|CONSTRAINED_202547_2025-11-20_0656|BY_IF
2000-293-667|1006|6739|20-JUN-2027|19-JUN-2027|77.301651|2000-293-667_1006_430|202547|CONSTRAINED|CONSTRAINED|CONSTRAINED_202547_2025-11-20_0656|BY_IF
2000-293-667|1006|6738|13-JUN-2027|12-JUN-2027|77.301651|2000-293-667_1006_430|202547|CONSTRAINED|CONSTRAINED|CONSTRAINED_202547_2025-11-20_0656|BY_IF
2000-293-667|1006|6737|06-JUN-2027|05-JUN-2027|77.301651|2000-293-667_1006_430|202547|CONSTRAINED|CONSTRAINED|CONSTRAINED_202547_2025-11-20_0656|BY_IF
2000-293-667|1006|6736|30-MAY-2027|29-MAY-2027|77.301651|2000-293-667_1006_430|202547|CONSTRAINED|CONSTRAINED|CONSTRAINED_202547_2025-11-20_0656|BY_IF
2000-293-667|1006|6735|23-MAY-2027|22-MAY-2027|77.301651|2000-293-667_1006_430|202547|CONSTRAINED|CONSTRAINED|CONSTRAINED_202547_2025-11-20_0656|BY_IF
2000-293-667|1006|6734|16-MAY-2027|15-MAY-2027|77.301651|2000-293-667_1006_430|202547|CONSTRAINED|CONSTRAINED|CONSTRAINED_202547_2025-11-20_0656|BY_IF
2000-293-667|1006|6733|09-MAY-2027|08-MAY-2027|77.301651|2000-293-667_1006_430|202547|CONSTRAINED|CONSTRAINED|CONSTRAINED_202547_2025-11-20_0656|BY_IF
2000-293-667|1006|6732|02-MAY-2027|01-MAY-2027|77.301651|2000-293-667_1006_430|202547|CONSTRAINED|CONSTRAINED|CONSTRAINED_202547_2025-11-20_0656|BY_IF
2000-293-667|1006|6731|25-APR-2027|24-APR-2027|77.301651|2000-293-667_1006_430|202547|CONSTRAINED|CONSTRAINED|CONSTRAINED_202547_2025-11-20_0656|BY_IF
2000-293-667|1006|6730|18-APR-2027|17-APR-2027|77.301651|2000-293-667_1006_430|202547|CONSTRAINED|CONSTRAINED|CONSTRAINED_202547_2025-11-20_0656|BY_IF
2000-293-667|1006|6729|11-APR-2027|10-APR-2027|77.301651|2000-293-667_1006_430|202547|CONSTRAINED|CONSTRAINED|CONSTRAINED_202547_2025-11-20_0656|BY_IF
2000-293-667|1006|6728|04-APR-2027|03-APR-2027|77.301651|2000-293-667_1006_430|202547|CONSTRAINED|CONSTRAINED|CONSTRAINED_202547_2025-11-20_0656|BY_IF
2000-293-667|1006|6727|28-MAR-2027|27-MAR-2027|77.301651|2000-293-667_1006_430|202547|CONSTRAINED|CONSTRAINED|CONSTRAINED_202547_2025-11-20_0656|BY_IF
2000-293-667|1006|6726|21-MAR-2027|20-MAR-2027|77.301651|2000-293-667_1006_430|202547|CONSTRAINED|CONSTRAINED|CONSTRAINED_202547_2025-11-20_0656|BY_IF
2000-293-667|1006|6725|14-MAR-2027|13-MAR-2027|77.301651|2000-293-667_1006_430|202547|CONSTRAINED|CONSTRAINED|CONSTRAINED_202547_2025-11-20_0656|BY_IF
2000-293-667|1006|6724|07-MAR-2027|06-MAR-2027|77.301651|2000-293-667_1006_430|202547|CONSTRAINED|CONSTRAINED|CONSTRAINED_202547_2025-11-20_0656|BY_IF
2000-293-667|1006|6723|28-FEB-2027|27-FEB-2027|77.301651|2000-293-667_1006_430|202547|CONSTRAINED|CONSTRAINED|CONSTRAINED_202547_2025-11-20_0656|BY_IF
2000-293-667|1006|6722|21-FEB-2027|20-FEB-2027|77.301651|2000-293-667_1006_430|202547|CONSTRAINED|CONSTRAINED|CONSTRAINED_202547_2025-11-20_0656|BY_IF
2000-293-667|1006|6721|14-FEB-2027|13-FEB-2027|77.301651|2000-293-667_1006_430|202547|CONSTRAINED|CONSTRAINED|CONSTRAINED_202547_2025-11-20_0656|BY_IF
2000-293-667|1006|6720|07-FEB-2027|06-FEB-2027|77.301651|2000-293-667_1006_430|202547|CONSTRAINED|CONSTRAINED|CONSTRAINED_202547_2025-11-20_0656|BY_IF
2000-293-667|1006|6719|31-JAN-2027|30-JAN-2027|77.301651|2000-293-667_1006_430|202547|CONSTRAINED|CONSTRAINED|CONSTRAINED_202547_2025-11-20_0656|BY_IF
2000-293-667|1006|6718|24-JAN-2027|23-JAN-2027|77.301651|2000-293-667_1006_430|202547|CONSTRAINED|CONSTRAINED|CONSTRAINED_202547_2025-11-20_0656|BY_IF
2000-293-667|1006|6717|17-JAN-2027|16-JAN-2027|77.301651|2000-293-667_1006_430|202547|CONSTRAINED|CONSTRAINED|CONSTRAINED_202547_2025-11-20_0656|BY_IF
2000-293-667|1006|6716|10-JAN-2027|09-JAN-2027|77.301651|2000-293-667_1006_430|202547|CONSTRAINED|CONSTRAINED|CONSTRAINED_202547_2025-11-20_0656|BY_IF
2000-293-667|1006|6715|03-JAN-2027|02-JAN-2027|77.301651|2000-293-667_1006_430|202547|CONSTRAINED|CONSTRAINED|CONSTRAINED_202547_2025-11-20_0656|BY_IF
2000-293-667|1006|6714|27-DEC-2026|26-DEC-2026|77.301651|2000-293-667_1006_430|202547|CONSTRAINED|CONSTRAINED|CONSTRAINED_202547_2025-11-20_0656|BY_IF
2000-293-667|1006|6713|20-DEC-2026|19-DEC-2026|77.301651|2000-293-667_1006_430|202547|CONSTRAINED|CONSTRAINED|CONSTRAINED_202547_2025-11-20_0656|BY_IF
2000-293-667|1006|6712|13-DEC-2026|12-DEC-2026|77.301651|2000-293-667_1006_430|202547|CONSTRAINED|CONSTRAINED|CONSTRAINED_202547_2025-11-20_0656|BY_IF
2000-293-667|1006|6711|06-DEC-2026|05-DEC-2026|77.301651|2000-293-667_1006_430|202547|CONSTRAINED|CONSTRAINED|CONSTRAINED_202547_2025-11-20_0656|BY_IF
2000-293-667|1006|6710|29-NOV-2026|28-NOV-2026|77.301651|2000-293-667_1006_430|202547|CONSTRAINED|CONSTRAINED|CONSTRAINED_202547_2025-11-20_0656|BY_IF
2000-293-667|1006|6709|22-NOV-2026|21-NOV-2026|77.301651|2000-293-667_1006_430|202547|CONSTRAINED|CONSTRAINED|CONSTRAINED_202547_2025-11-20_0656|BY_IF
2000-293-667|1006|6708|15-NOV-2026|14-NOV-2026|77.301651|2000-293-667_1006_430|202547|CONSTRAINED|CONSTRAINED|CONSTRAINED_202547_2025-11-20_0656|BY_IF
2000-293-667|1006|6707|08-NOV-2026|07-NOV-2026|77.301651|2000-293-667_1006_430|202547|CONSTRAINED|CONSTRAINED|CONSTRAINED_202547_2025-11-20_0656|BY_IF
2000-293-667|1006|6706|01-NOV-2026|31-OCT-2026|77.301651|2000-293-667_1006_430|202547|CONSTRAINED|CONSTRAINED|CONSTRAINED_202547_2025-11-20_0656|BY_IF
2000-293-667|1006|6705|25-OCT-2026|24-OCT-2026|77.301651|2000-293-667_1006_430|202547|CONSTRAINED|CONSTRAINED|CONSTRAINED_202547_2025-11-20_0656|BY_IF
2000-293-667|1006|6704|18-OCT-2026|17-OCT-2026|77.301651|2000-293-667_1006_430|202547|CONSTRAINED|CONSTRAINED|CONSTRAINED_202547_2025-11-20_0656|BY_IF
2000-293-667|1006|6703|11-OCT-2026|10-OCT-2026|77.301651|2000-293-667_1006_430|202547|CONSTRAINED|CONSTRAINED|CONSTRAINED_202547_2025-11-20_0656|BY_IF
2000-293-667|1006|6702|04-OCT-2026|03-OCT-2026|77.301651|2000-293-667_1006_430|202547|CONSTRAINED|CONSTRAINED|CONSTRAINED_202547_2025-11-20_0656|BY_IF
2000-293-667|1006|6701|27-SEP-2026|26-SEP-2026|77.301651|2000-293-667_1006_430|202547|CONSTRAINED|CONSTRAINED|CONSTRAINED_202547_2025-11-20_0656|BY_IF
2000-293-667|1006|6700|20-SEP-2026|19-SEP-2026|77.301651|2000-293-667_1006_430|202547|CONSTRAINED|CONSTRAINED|CONSTRAINED_202547_2025-11-20_0656|BY_IF
2000-293-667|1006|6699|13-SEP-2026|12-SEP-2026|77.301651|2000-293-667_1006_430|202547|CONSTRAINED|CONSTRAINED|CONSTRAINED_202547_2025-11-20_0656|BY_IF
2000-293-667|1006|6698|06-SEP-2026|05-SEP-2026|77.301651|2000-293-667_1006_430|202547|CONSTRAINED|CONSTRAINED|CONSTRAINED_202547_2025-11-20_0656|BY_IF
2000-293-667|1006|6697|30-AUG-2026|29-AUG-2026|77.301651|2000-293-667_1006_430|202547|CONSTRAINED|CONSTRAINED|CONSTRAINED_202547_2025-11-20_0656|BY_IF
2000-293-667|1006|6696|23-AUG-2026|22-AUG-2026|77.301651|2000-293-667_1006_430|202547|CONSTRAINED|CONSTRAINED|CONSTRAINED_202547_2025-11-20_0656|BY_IF
2000-293-667|1006|6695|16-AUG-2026|15-AUG-2026|77.301651|2000-293-667_1006_430|202547|CONSTRAINED|CONSTRAINED|CONSTRAINED_202547_2025-11-20_0656|BY_IF
2000-293-667|1006|6694|09-AUG-2026|08-AUG-2026|77.301651|2000-293-667_1006_430|202547|CONSTRAINED|CONSTRAINED|CONSTRAINED_202547_2025-11-20_0656|BY_IF
2000-293-667|1006|6693|02-AUG-2026|01-AUG-2026|77.301651|2000-293-667_1006_430|202547|CONSTRAINED|CONSTRAINED|CONSTRAINED_202547_2025-11-20_0656|BY_IF
2000-293-667|1006|6692|26-JUL-2026|25-JUL-2026|77.301651|2000-293-667_1006_430|202547|CONSTRAINED|CONSTRAINED|CONSTRAINED_202547_2025-11-20_0656|BY_IF
2000-293-667|1006|6691|19-JUL-2026|18-JUL-2026|77.301651|2000-293-667_1006_430|202547|CONSTRAINED|CONSTRAINED|CONSTRAINED_202547_2025-11-20_0656|BY_IF
2000-293-667|1006|6690|12-JUL-2026|11-JUL-2026|77.301651|2000-293-667_1006_430|202547|CONSTRAINED|CONSTRAINED|CONSTRAINED_202547_2025-11-20_0656|BY_IF
2000-293-667|1006|6689|05-JUL-2026|04-JUL-2026|77.301651|2000-293-667_1006_430|202547|CONSTRAINED|CONSTRAINED|CONSTRAINED_202547_2025-11-20_0656|BY_IF
2000-293-667|1006|6688|28-JUN-2026|27-JUN-2026|77.301651|2000-293-667_1006_430|202547|CONSTRAINED|CONSTRAINED|CONSTRAINED_202547_2025-11-20_0656|BY_IF
2000-293-667|1006|6687|21-JUN-2026|20-JUN-2026|77.301651|2000-293-667_1006_430|202547|CONSTRAINED|CONSTRAINED|CONSTRAINED_202547_2025-11-20_0656|BY_IF
2000-293-667|1006|6686|14-JUN-2026|13-JUN-2026|77.301651|2000-293-667_1006_430|202547|CONSTRAINED|CONSTRAINED|CONSTRAINED_202547_2025-11-20_0656|BY_IF
2000-293-667|1006|6685|07-JUN-2026|06-JUN-2026|77.301651|2000-293-667_1006_430|202547|CONSTRAINED|CONSTRAINED|CONSTRAINED_202547_2025-11-20_0656|BY_IF
2000-293-667|1006|6684|31-MAY-2026|30-MAY-2026|77.301651|2000-293-667_1006_430|202547|CONSTRAINED|CONSTRAINED|CONSTRAINED_202547_2025-11-20_0656|BY_IF
2000-293-667|1006|6683|24-MAY-2026|23-MAY-2026|77.301651|2000-293-667_1006_430|202547|CONSTRAINED|CONSTRAINED|CONSTRAINED_202547_2025-11-20_0656|BY_IF
2000-293-667|1006|6682|17-MAY-2026|16-MAY-2026|77.301651|2000-293-667_1006_430|202547|CONSTRAINED|CONSTRAINED|CONSTRAINED_202547_2025-11-20_0656|BY_IF
2000-293-667|1006|6681|10-MAY-2026|09-MAY-2026|77.301651|2000-293-667_1006_430|202547|CONSTRAINED|CONSTRAINED|CONSTRAINED_202547_2025-11-20_0656|BY_IF
2000-293-667|1006|6680|03-MAY-2026|02-MAY-2026|77.301651|2000-293-667_1006_430|202547|CONSTRAINED|CONSTRAINED|CONSTRAINED_202547_2025-11-20_0656|BY_IF
2000-293-667|1006|6679|26-APR-2026|25-APR-2026|77.301651|2000-293-667_1006_430|202547|CONSTRAINED|CONSTRAINED|CONSTRAINED_202547_2025-11-20_0656|BY_IF
2000-293-667|1006|6678|19-APR-2026|18-APR-2026|77.301651|2000-293-667_1006_430|202547|CONSTRAINED|CONSTRAINED|CONSTRAINED_202547_2025-11-20_0656|BY_IF
2000-293-667|1006|6677|12-APR-2026|11-APR-2026|77.301651|2000-293-667_1006_430|202547|CONSTRAINED|CONSTRAINED|CONSTRAINED_202547_2025-11-20_0656|BY_IF
2000-293-667|1006|6676|05-APR-2026|04-APR-2026|77.301651|2000-293-667_1006_430|202547|CONSTRAINED|CONSTRAINED|CONSTRAINED_202547_2025-11-20_0656|BY_IF
2000-293-667|1006|6675|29-MAR-2026|28-MAR-2026|77.301651|2000-293-667_1006_430|202547|CONSTRAINED|CONSTRAINED|CONSTRAINED_202547_2025-11-20_0656|BY_IF
2000-293-667|1006|6674|22-MAR-2026|21-MAR-2026|77.301651|2000-293-667_1006_430|202547|CONSTRAINED|CONSTRAINED|CONSTRAINED_202547_2025-11-20_0656|BY_IF
2000-293-667|1006|6673|15-MAR-2026|14-MAR-2026|77.301651|2000-293-667_1006_430|202547|CONSTRAINED|CONSTRAINED|CONSTRAINED_202547_2025-11-20_0656|BY_IF
2000-293-667|1006|6672|08-MAR-2026|07-MAR-2026|77.301651|2000-293-667_1006_430|202547|CONSTRAINED|CONSTRAINED|CONSTRAINED_202547_2025-11-20_0656|BY_IF
2000-293-667|1006|6671|01-MAR-2026|28-FEB-2026|77.301651|2000-293-667_1006_430|202547|CONSTRAINED|CONSTRAINED|CONSTRAINED_202547_2025-11-20_0656|BY_IF
2000-293-667|1006|6670|22-FEB-2026|21-FEB-2026|77.301651|2000-293-667_1006_430|202547|CONSTRAINED|CONSTRAINED|CONSTRAINED_202547_2025-11-20_0656|BY_IF
2000-293-667|1006|6669|15-FEB-2026|14-FEB-2026|77.301651|2000-293-667_1006_430|202547|CONSTRAINED|CONSTRAINED|CONSTRAINED_202547_2025-11-20_0656|BY_IF
2000-293-667|1006|6668|08-FEB-2026|07-FEB-2026|52.919231|2000-293-667_1006_430|202547|CONSTRAINED|CONSTRAINED|CONSTRAINED_202547_2025-11-20_0656|BY_IF
2000-293-667|1006|6667|31-AUG-2025|30-AUG-2025|10.30689|2000-293-667_1006_430|202547|CONSTRAINED|CONSTRAINED|CONSTRAINED_202547_2025-11-20_0656|BY_IF
2000-293-667|1006|6666|24-AUG-2025|23-AUG-2025|108.222298|2000-293-667_1006_430|202547|CONSTRAINED|CONSTRAINED|CONSTRAINED_202547_2025-11-20_0656|BY_IF
2000-293-667|1006|6665|17-AUG-2025|16-AUG-2025|300.96109|2000-293-667_1006_430|202547|CONSTRAINED|CONSTRAINED|CONSTRAINED_202547_2025-11-20_0656|BY_IF
2000-293-667|1006|6664|10-AUG-2025|09-AUG-2025|623.566711|2000-293-667_1006_430|202547|CONSTRAINED|CONSTRAINED|CONSTRAINED_202547_2025-11-20_0656|BY_IF
2000-293-667|1006|6663|27-JUL-2025|26-JUL-2025|386.508301|2000-293-667_1006_430|202547|CONSTRAINED|CONSTRAINED|CONSTRAINED_202547_2025-11-20_0656|BY_IF
2000-293-669|1006|7053|20-JUN-2027|19-JUN-2027|76.142128|2000-293-669_1006_423|202547|CONSTRAINED|CONSTRAINED|CONSTRAINED_202547_2025-11-20_0656|BY_IF
2000-293-669|1006|7052|13-JUN-2027|12-JUN-2027|76.142128|2000-293-669_1006_423|202547|CONSTRAINED|CONSTRAINED|CONSTRAINED_202547_2025-11-20_0656|BY_IF
2000-293-669|1006|7051|06-JUN-2027|05-JUN-2027|76.142128|2000-293-669_1006_423|202547|CONSTRAINED|CONSTRAINED|CONSTRAINED_202547_2025-11-20_0656|BY_IF
2000-293-669|1006|7050|30-MAY-2027|29-MAY-2027|76.142128|2000-293-669_1006_423|202547|CONSTRAINED|CONSTRAINED|CONSTRAINED_202547_2025-11-20_0656|BY_IF
2000-293-669|1006|7049|23-MAY-2027|22-MAY-2027|76.142128|2000-293-669_1006_423|202547|CONSTRAINED|CONSTRAINED|CONSTRAINED_202547_2025-11-20_0656|BY_IF
2000-293-669|1006|7048|16-MAY-2027|15-MAY-2027|76.142128|2000-293-669_1006_423|202547|CONSTRAINED|CONSTRAINED|CONSTRAINED_202547_2025-11-20_0656|BY_IF
2000-293-669|1006|7047|09-MAY-2027|08-MAY-2027|76.142128|2000-293-669_1006_423|202547|CONSTRAINED|CONSTRAINED|CONSTRAINED_202547_2025-11-20_0656|BY_IF
2000-293-669|1006|7046|02-MAY-2027|01-MAY-2027|76.142128|2000-293-669_1006_423|202547|CONSTRAINED|CONSTRAINED|CONSTRAINED_202547_2025-11-20_0656|BY_IF
2000-293-669|1006|7045|25-APR-2027|24-APR-2027|76.142128|2000-293-669_1006_423|202547|CONSTRAINED|CONSTRAINED|CONSTRAINED_202547_2025-11-20_0656|BY_IF
2000-293-669|1006|7044|18-APR-2027|17-APR-2027|76.142128|2000-293-669_1006_423|202547|CONSTRAINED|CONSTRAINED|CONSTRAINED_202547_2025-11-20_0656|BY_IF
2000-293-669|1006|7043|11-APR-2027|10-APR-2027|76.142128|2000-293-669_1006_423|202547|CONSTRAINED|CONSTRAINED|CONSTRAINED_202547_2025-11-20_0656|BY_IF
2000-293-669|1006|7042|04-APR-2027|03-APR-2027|76.142128|2000-293-669_1006_423|202547|CONSTRAINED|CONSTRAINED|CONSTRAINED_202547_2025-11-20_0656|BY_IF
2000-293-669|1006|7041|28-MAR-2027|27-MAR-2027|76.142128|2000-293-669_1006_423|202547|CONSTRAINED|CONSTRAINED|CONSTRAINED_202547_2025-11-20_0656|BY_IF
2000-293-669|1006|7040|21-MAR-2027|20-MAR-2027|76.142128|2000-293-669_1006_423|202547|CONSTRAINED|CONSTRAINED|CONSTRAINED_202547_2025-11-20_0656|BY_IF
2000-293-669|1006|7039|14-MAR-2027|13-MAR-2027|76.142128|2000-293-669_1006_423|202547|CONSTRAINED|CONSTRAINED|CONSTRAINED_202547_2025-11-20_0656|BY_IF
2000-293-669|1006|7038|07-MAR-2027|06-MAR-2027|76.142128|2000-293-669_1006_423|202547|CONSTRAINED|CONSTRAINED|CONSTRAINED_202547_2025-11-20_0656|BY_IF
2000-293-669|1006|7037|28-FEB-2027|27-FEB-2027|76.142128|2000-293-669_1006_423|202547|CONSTRAINED|CONSTRAINED|CONSTRAINED_202547_2025-11-20_0656|BY_IF
2000-293-669|1006|7036|21-FEB-2027|20-FEB-2027|76.142128|2000-293-669_1006_423|202547|CONSTRAINED|CONSTRAINED|CONSTRAINED_202547_2025-11-20_0656|BY_IF
2000-293-669|1006|7035|14-FEB-2027|13-FEB-2027|76.142128|2000-293-669_1006_423|202547|CONSTRAINED|CONSTRAINED|CONSTRAINED_202547_2025-11-20_0656|BY_IF
2000-293-669|1006|7034|07-FEB-2027|06-FEB-2027|76.142128|2000-293-669_1006_423|202547|CONSTRAINED|CONSTRAINED|CONSTRAINED_202547_2025-11-20_0656|BY_IF
2000-293-669|1006|7033|31-JAN-2027|30-JAN-2027|76.142128|2000-293-669_1006_423|202547|CONSTRAINED|CONSTRAINED|CONSTRAINED_202547_2025-11-20_0656|BY_IF
2000-293-669|1006|7032|24-JAN-2027|23-JAN-2027|76.142128|2000-293-669_1006_423|202547|CONSTRAINED|CONSTRAINED|CONSTRAINED_202547_2025-11-20_0656|BY_IF
2000-293-669|1006|7031|17-JAN-2027|16-JAN-2027|76.142128|2000-293-669_1006_423|202547|CONSTRAINED|CONSTRAINED|CONSTRAINED_202547_2025-11-20_0656|BY_IF
2000-293-669|1006|7030|10-JAN-2027|09-JAN-2027|76.142128|2000-293-669_1006_423|202547|CONSTRAINED|CONSTRAINED|CONSTRAINED_202547_2025-11-20_0656|BY_IF
2000-293-669|1006|7029|03-JAN-2027|02-JAN-2027|76.142128|2000-293-669_1006_423|202547|CONSTRAINED|CONSTRAINED|CONSTRAINED_202547_2025-11-20_0656|BY_IF
2000-293-669|1006|7028|27-DEC-2026|26-DEC-2026|76.142128|2000-293-669_1006_423|202547|CONSTRAINED|CONSTRAINED|CONSTRAINED_202547_2025-11-20_0656|BY_IF
2000-293-669|1006|7027|20-DEC-2026|19-DEC-2026|76.142128|2000-293-669_1006_423|202547|CONSTRAINED|CONSTRAINED|CONSTRAINED_202547_2025-11-20_0656|BY_IF
2000-293-669|1006|7026|13-DEC-2026|12-DEC-2026|76.142128|2000-293-669_1006_423|202547|CONSTRAINED|CONSTRAINED|CONSTRAINED_202547_2025-11-20_0656|BY_IF
2000-293-669|1006|7025|06-DEC-2026|05-DEC-2026|76.142128|2000-293-669_1006_423|202547|CONSTRAINED|CONSTRAINED|CONSTRAINED_202547_2025-11-20_0656|BY_IF
2000-293-669|1006|7024|29-NOV-2026|28-NOV-2026|76.142128|2000-293-669_1006_423|202547|CONSTRAINED|CONSTRAINED|CONSTRAINED_202547_2025-11-20_0656|BY_IF
2000-293-669|1006|7023|22-NOV-2026|21-NOV-2026|76.142128|2000-293-669_1006_423|202547|CONSTRAINED|CONSTRAINED|CONSTRAINED_202547_2025-11-20_0656|BY_IF
2000-293-669|1006|7022|15-NOV-2026|14-NOV-2026|76.142128|2000-293-669_1006_423|202547|CONSTRAINED|CONSTRAINED|CONSTRAINED_202547_2025-11-20_0656|BY_IF
2000-293-669|1006|7021|08-NOV-2026|07-NOV-2026|76.142128|2000-293-669_1006_423|202547|CONSTRAINED|CONSTRAINED|CONSTRAINED_202547_2025-11-20_0656|BY_IF
2000-293-669|1006|7020|01-NOV-2026|31-OCT-2026|76.142128|2000-293-669_1006_423|202547|CONSTRAINED|CONSTRAINED|CONSTRAINED_202547_2025-11-20_0656|BY_IF
2000-293-669|1006|7019|25-OCT-2026|24-OCT-2026|76.142128|2000-293-669_1006_423|202547|CONSTRAINED|CONSTRAINED|CONSTRAINED_202547_2025-11-20_0656|BY_IF
2000-293-669|1006|7018|18-OCT-2026|17-OCT-2026|76.142128|2000-293-669_1006_423|202547|CONSTRAINED|CONSTRAINED|CONSTRAINED_202547_2025-11-20_0656|BY_IF
2000-293-669|1006|7017|11-OCT-2026|10-OCT-2026|76.142128|2000-293-669_1006_423|202547|CONSTRAINED|CONSTRAINED|CONSTRAINED_202547_2025-11-20_0656|BY_IF
2000-293-669|1006|7016|04-OCT-2026|03-OCT-2026|76.142128|2000-293-669_1006_423|202547|CONSTRAINED|CONSTRAINED|CONSTRAINED_202547_2025-11-20_0656|BY_IF
2000-293-669|1006|7015|27-SEP-2026|26-SEP-2026|76.142128|2000-293-669_1006_423|202547|CONSTRAINED|CONSTRAINED|CONSTRAINED_202547_2025-11-20_0656|BY_IF
2000-293-669|1006|7014|20-SEP-2026|19-SEP-2026|76.142128|2000-293-669_1006_423|202547|CONSTRAINED|CONSTRAINED|CONSTRAINED_202547_2025-11-20_0656|BY_IF
2000-293-669|1006|7013|13-SEP-2026|12-SEP-2026|76.142128|2000-293-669_1006_423|202547|CONSTRAINED|CONSTRAINED|CONSTRAINED_202547_2025-11-20_0656|BY_IF
2000-293-669|1006|7012|06-SEP-2026|05-SEP-2026|76.142128|2000-293-669_1006_423|202547|CONSTRAINED|CONSTRAINED|CONSTRAINED_202547_2025-11-20_0656|BY_IF
2000-293-669|1006|7011|30-AUG-2026|29-AUG-2026|76.142128|2000-293-669_1006_423|202547|CONSTRAINED|CONSTRAINED|CONSTRAINED_202547_2025-11-20_0656|BY_IF
2000-293-669|1006|7010|23-AUG-2026|22-AUG-2026|76.142128|2000-293-669_1006_423|202547|CONSTRAINED|CONSTRAINED|CONSTRAINED_202547_2025-11-20_0656|BY_IF
2000-293-669|1006|7009|16-AUG-2026|15-AUG-2026|76.142128|2000-293-669_1006_423|202547|CONSTRAINED|CONSTRAINED|CONSTRAINED_202547_2025-11-20_0656|BY_IF
2000-293-669|1006|7008|09-AUG-2026|08-AUG-2026|76.142128|2000-293-669_1006_423|202547|CONSTRAINED|CONSTRAINED|CONSTRAINED_202547_2025-11-20_0656|BY_IF
2000-293-669|1006|7007|02-AUG-2026|01-AUG-2026|76.142128|2000-293-669_1006_423|202547|CONSTRAINED|CONSTRAINED|CONSTRAINED_202547_2025-11-20_0656|BY_IF
2000-293-669|1006|7006|26-JUL-2026|25-JUL-2026|76.142128|2000-293-669_1006_423|202547|CONSTRAINED|CONSTRAINED|CONSTRAINED_202547_2025-11-20_0656|BY_IF
2000-293-669|1006|7005|19-JUL-2026|18-JUL-2026|76.142128|2000-293-669_1006_423|202547|CONSTRAINED|CONSTRAINED|CONSTRAINED_202547_2025-11-20_0656|BY_IF
2000-293-669|1006|7004|12-JUL-2026|11-JUL-2026|76.142128|2000-293-669_1006_423|202547|CONSTRAINED|CONSTRAINED|CONSTRAINED_202547_2025-11-20_0656|BY_IF
2000-293-669|1006|7003|05-JUL-2026|04-JUL-2026|76.142128|2000-293-669_1006_423|202547|CONSTRAINED|CONSTRAINED|CONSTRAINED_202547_2025-11-20_0656|BY_IF
2000-293-669|1006|7002|28-JUN-2026|27-JUN-2026|76.142128|2000-293-669_1006_423|202547|CONSTRAINED|CONSTRAINED|CONSTRAINED_202547_2025-11-20_0656|BY_IF
2000-293-669|1006|7001|21-JUN-2026|20-JUN-2026|76.142128|2000-293-669_1006_423|202547|CONSTRAINED|CONSTRAINED|CONSTRAINED_202547_2025-11-20_0656|BY_IF
2000-293-669|1006|7000|14-JUN-2026|13-JUN-2026|76.142128|2000-293-669_1006_423|202547|CONSTRAINED|CONSTRAINED|CONSTRAINED_202547_2025-11-20_0656|BY_IF
2000-293-669|1006|6999|07-JUN-2026|06-JUN-2026|76.142128|2000-293-669_1006_423|202547|CONSTRAINED|CONSTRAINED|CONSTRAINED_202547_2025-11-20_0656|BY_IF
2000-293-669|1006|6998|31-MAY-2026|30-MAY-2026|76.142128|2000-293-669_1006_423|202547|CONSTRAINED|CONSTRAINED|CONSTRAINED_202547_2025-11-20_0656|BY_IF
2000-293-669|1006|6997|24-MAY-2026|23-MAY-2026|76.142128|2000-293-669_1006_423|202547|CONSTRAINED|CONSTRAINED|CONSTRAINED_202547_2025-11-20_0656|BY_IF
2000-293-669|1006|6996|17-MAY-2026|16-MAY-2026|76.142128|2000-293-669_1006_423|202547|CONSTRAINED|CONSTRAINED|CONSTRAINED_202547_2025-11-20_0656|BY_IF
2000-293-669|1006|6995|10-MAY-2026|09-MAY-2026|76.142128|2000-293-669_1006_423|202547|CONSTRAINED|CONSTRAINED|CONSTRAINED_202547_2025-11-20_0656|BY_IF
2000-293-669|1006|6994|03-MAY-2026|02-MAY-2026|76.142128|2000-293-669_1006_423|202547|CONSTRAINED|CONSTRAINED|CONSTRAINED_202547_2025-11-20_0656|BY_IF
2000-293-669|1006|6993|26-APR-2026|25-APR-2026|76.142128|2000-293-669_1006_423|202547|CONSTRAINED|CONSTRAINED|CONSTRAINED_202547_2025-11-20_0656|BY_IF
2000-293-669|1006|6992|19-APR-2026|18-APR-2026|76.142128|2000-293-669_1006_423|202547|CONSTRAINED|CONSTRAINED|CONSTRAINED_202547_2025-11-20_0656|BY_IF
2000-293-669|1006|6991|12-APR-2026|11-APR-2026|76.142128|2000-293-669_1006_423|202547|CONSTRAINED|CONSTRAINED|CONSTRAINED_202547_2025-11-20_0656|BY_IF
2000-293-669|1006|6990|05-APR-2026|04-APR-2026|76.142128|2000-293-669_1006_423|202547|CONSTRAINED|CONSTRAINED|CONSTRAINED_202547_2025-11-20_0656|BY_IF
2000-293-669|1006|6989|29-MAR-2026|28-MAR-2026|76.142128|2000-293-669_1006_423|202547|CONSTRAINED|CONSTRAINED|CONSTRAINED_202547_2025-11-20_0656|BY_IF
2000-293-669|1006|6988|22-MAR-2026|21-MAR-2026|76.142128|2000-293-669_1006_423|202547|CONSTRAINED|CONSTRAINED|CONSTRAINED_202547_2025-11-20_0656|BY_IF
2000-293-669|1006|6987|15-MAR-2026|14-MAR-2026|76.142128|2000-293-669_1006_423|202547|CONSTRAINED|CONSTRAINED|CONSTRAINED_202547_2025-11-20_0656|BY_IF
2000-293-669|1006|6986|08-MAR-2026|07-MAR-2026|76.142128|2000-293-669_1006_423|202547|CONSTRAINED|CONSTRAINED|CONSTRAINED_202547_2025-11-20_0656|BY_IF
2000-293-669|1006|6985|01-MAR-2026|28-FEB-2026|76.142128|2000-293-669_1006_423|202547|CONSTRAINED|CONSTRAINED|CONSTRAINED_202547_2025-11-20_0656|BY_IF
2000-293-669|1006|6984|22-FEB-2026|21-FEB-2026|76.142128|2000-293-669_1006_423|202547|CONSTRAINED|CONSTRAINED|CONSTRAINED_202547_2025-11-20_0656|BY_IF
2000-293-669|1006|6983|15-FEB-2026|14-FEB-2026|76.142128|2000-293-669_1006_423|202547|CONSTRAINED|CONSTRAINED|CONSTRAINED_202547_2025-11-20_0656|BY_IF
2000-293-669|1006|6982|08-FEB-2026|07-FEB-2026|52.125439|2000-293-669_1006_423|202547|CONSTRAINED|CONSTRAINED|CONSTRAINED_202547_2025-11-20_0656|BY_IF
2000-293-669|1006|6981|14-SEP-2025|13-SEP-2025|772.23999|2000-293-669_1006_423|202547|CONSTRAINED|CONSTRAINED|CONSTRAINED_202547_2025-11-20_0656|BY_IF
2000-293-669|1006|6980|31-AUG-2025|30-AUG-2025|10.15228|2000-293-669_1006_423|202547|CONSTRAINED|CONSTRAINED|CONSTRAINED_202547_2025-11-20_0656|BY_IF
2000-293-669|1006|6979|24-AUG-2025|23-AUG-2025|106.598999|2000-293-669_1006_423|202547|CONSTRAINED|CONSTRAINED|CONSTRAINED_202547_2025-11-20_0656|BY_IF
2000-293-669|1006|6978|17-AUG-2025|16-AUG-2025|296.446686|2000-293-669_1006_423|202547|CONSTRAINED|CONSTRAINED|CONSTRAINED_202547_2025-11-20_0656|BY_IF
2000-293-669|1006|6977|10-AUG-2025|09-AUG-2025|614.213196|2000-293-669_1006_423|202547|CONSTRAINED|CONSTRAINED|CONSTRAINED_202547_2025-11-20_0656|BY_IF
2000-293-669|1006|6976|27-JUL-2025|26-JUL-2025|380.710693|2000-293-669_1006_423|202547|CONSTRAINED|CONSTRAINED|CONSTRAINED_202547_2025-11-20_0656|BY_IF
2000-293-669|1006|7057|18-JUL-2027|17-JUL-2027|152.284302|2000-293-669_1006_423|202547|CONSTRAINED|CONSTRAINED|CONSTRAINED_202547_2025-11-20_0656|BY_IF
2000-293-669|1006|7056|11-JUL-2027|10-JUL-2027|76.142128|2000-293-669_1006_423|202547|CONSTRAINED|CONSTRAINED|CONSTRAINED_202547_2025-11-20_0656|BY_IF
2000-293-669|1006|7055|04-JUL-2027|03-JUL-2027|76.142128|2000-293-669_1006_423|202547|CONSTRAINED|CONSTRAINED|CONSTRAINED_202547_2025-11-20_0656|BY_IF
2000-293-669|1006|7054|27-JUN-2027|26-JUN-2027|76.142128|2000-293-669_1006_423|202547|CONSTRAINED|CONSTRAINED|CONSTRAINED_202547_2025-11-20_0656|BY_IF
2000-293-673|1006|6570|18-JUL-2027|17-JUL-2027|152.284302|2000-293-673_1006_419|202547|CONSTRAINED|CONSTRAINED|CONSTRAINED_202547_2025-11-20_0656|BY_IF
2000-293-673|1006|6569|11-JUL-2027|10-JUL-2027|76.142128|2000-293-673_1006_419|202547|CONSTRAINED|CONSTRAINED|CONSTRAINED_202547_2025-11-20_0656|BY_IF
2000-293-673|1006|6568|04-JUL-2027|03-JUL-2027|76.142128|2000-293-673_1006_419|202547|CONSTRAINED|CONSTRAINED|CONSTRAINED_202547_2025-11-20_0656|BY_IF
2000-293-673|1006|6567|27-JUN-2027|26-JUN-2027|76.142128|2000-293-673_1006_419|202547|CONSTRAINED|CONSTRAINED|CONSTRAINED_202547_2025-11-20_0656|BY_IF
2000-293-673|1006|6566|20-JUN-2027|19-JUN-2027|76.142128|2000-293-673_1006_419|202547|CONSTRAINED|CONSTRAINED|CONSTRAINED_202547_2025-11-20_0656|BY_IF
2000-293-673|1006|6565|13-JUN-2027|12-JUN-2027|76.142128|2000-293-673_1006_419|202547|CONSTRAINED|CONSTRAINED|CONSTRAINED_202547_2025-11-20_0656|BY_IF
2000-293-673|1006|6564|06-JUN-2027|05-JUN-2027|76.142128|2000-293-673_1006_419|202547|CONSTRAINED|CONSTRAINED|CONSTRAINED_202547_2025-11-20_0656|BY_IF
2000-293-673|1006|6563|30-MAY-2027|29-MAY-2027|76.142128|2000-293-673_1006_419|202547|CONSTRAINED|CONSTRAINED|CONSTRAINED_202547_2025-11-20_0656|BY_IF
2000-293-673|1006|6562|23-MAY-2027|22-MAY-2027|76.142128|2000-293-673_1006_419|202547|CONSTRAINED|CONSTRAINED|CONSTRAINED_202547_2025-11-20_0656|BY_IF
2000-293-673|1006|6561|16-MAY-2027|15-MAY-2027|76.142128|2000-293-673_1006_419|202547|CONSTRAINED|CONSTRAINED|CONSTRAINED_202547_2025-11-20_0656|BY_IF
2000-293-673|1006|6560|09-MAY-2027|08-MAY-2027|76.142128|2000-293-673_1006_419|202547|CONSTRAINED|CONSTRAINED|CONSTRAINED_202547_2025-11-20_0656|BY_IF
2000-293-673|1006|6559|02-MAY-2027|01-MAY-2027|76.142128|2000-293-673_1006_419|202547|CONSTRAINED|CONSTRAINED|CONSTRAINED_202547_2025-11-20_0656|BY_IF
2000-293-673|1006|6558|25-APR-2027|24-APR-2027|76.142128|2000-293-673_1006_419|202547|CONSTRAINED|CONSTRAINED|CONSTRAINED_202547_2025-11-20_0656|BY_IF
2000-293-673|1006|6557|18-APR-2027|17-APR-2027|76.142128|2000-293-673_1006_419|202547|CONSTRAINED|CONSTRAINED|CONSTRAINED_202547_2025-11-20_0656|BY_IF
2000-293-673|1006|6556|11-APR-2027|10-APR-2027|76.142128|2000-293-673_1006_419|202547|CONSTRAINED|CONSTRAINED|CONSTRAINED_202547_2025-11-20_0656|BY_IF
2000-293-673|1006|6555|04-APR-2027|03-APR-2027|76.142128|2000-293-673_1006_419|202547|CONSTRAINED|CONSTRAINED|CONSTRAINED_202547_2025-11-20_0656|BY_IF
2000-293-673|1006|6554|28-MAR-2027|27-MAR-2027|76.142128|2000-293-673_1006_419|202547|CONSTRAINED|CONSTRAINED|CONSTRAINED_202547_2025-11-20_0656|BY_IF
2000-293-673|1006|6553|21-MAR-2027|20-MAR-2027|76.142128|2000-293-673_1006_419|202547|CONSTRAINED|CONSTRAINED|CONSTRAINED_202547_2025-11-20_0656|BY_IF
2000-293-673|1006|6552|14-MAR-2027|13-MAR-2027|76.142128|2000-293-673_1006_419|202547|CONSTRAINED|CONSTRAINED|CONSTRAINED_202547_2025-11-20_0656|BY_IF
2000-293-673|1006|6551|07-MAR-2027|06-MAR-2027|76.142128|2000-293-673_1006_419|202547|CONSTRAINED|CONSTRAINED|CONSTRAINED_202547_2025-11-20_0656|BY_IF
2000-293-673|1006|6550|28-FEB-2027|27-FEB-2027|76.142128|2000-293-673_1006_419|202547|CONSTRAINED|CONSTRAINED|CONSTRAINED_202547_2025-11-20_0656|BY_IF
2000-293-673|1006|6549|21-FEB-2027|20-FEB-2027|76.142128|2000-293-673_1006_419|202547|CONSTRAINED|CONSTRAINED|CONSTRAINED_202547_2025-11-20_0656|BY_IF
2000-293-673|1006|6548|14-FEB-2027|13-FEB-2027|76.142128|2000-293-673_1006_419|202547|CONSTRAINED|CONSTRAINED|CONSTRAINED_202547_2025-11-20_0656|BY_IF
2000-293-673|1006|6547|07-FEB-2027|06-FEB-2027|76.142128|2000-293-673_1006_419|202547|CONSTRAINED|CONSTRAINED|CONSTRAINED_202547_2025-11-20_0656|BY_IF
2000-293-673|1006|6546|31-JAN-2027|30-JAN-2027|76.142128|2000-293-673_1006_419|202547|CONSTRAINED|CONSTRAINED|CONSTRAINED_202547_2025-11-20_0656|BY_IF
2000-293-673|1006|6545|24-JAN-2027|23-JAN-2027|76.142128|2000-293-673_1006_419|202547|CONSTRAINED|CONSTRAINED|CONSTRAINED_202547_2025-11-20_0656|BY_IF
2000-293-673|1006|6544|17-JAN-2027|16-JAN-2027|76.142128|2000-293-673_1006_419|202547|CONSTRAINED|CONSTRAINED|CONSTRAINED_202547_2025-11-20_0656|BY_IF
2000-293-673|1006|6543|10-JAN-2027|09-JAN-2027|76.142128|2000-293-673_1006_419|202547|CONSTRAINED|CONSTRAINED|CONSTRAINED_202547_2025-11-20_0656|BY_IF
2000-293-673|1006|6542|03-JAN-2027|02-JAN-2027|76.142128|2000-293-673_1006_419|202547|CONSTRAINED|CONSTRAINED|CONSTRAINED_202547_2025-11-20_0656|BY_IF
2000-293-673|1006|6541|27-DEC-2026|26-DEC-2026|76.142128|2000-293-673_1006_419|202547|CONSTRAINED|CONSTRAINED|CONSTRAINED_202547_2025-11-20_0656|BY_IF
2000-293-673|1006|6540|20-DEC-2026|19-DEC-2026|76.142128|2000-293-673_1006_419|202547|CONSTRAINED|CONSTRAINED|CONSTRAINED_202547_2025-11-20_0656|BY_IF
2000-293-673|1006|6539|13-DEC-2026|12-DEC-2026|76.142128|2000-293-673_1006_419|202547|CONSTRAINED|CONSTRAINED|CONSTRAINED_202547_2025-11-20_0656|BY_IF
2000-293-673|1006|6538|06-DEC-2026|05-DEC-2026|76.142128|2000-293-673_1006_419|202547|CONSTRAINED|CONSTRAINED|CONSTRAINED_202547_2025-11-20_0656|BY_IF
2000-293-673|1006|6537|29-NOV-2026|28-NOV-2026|76.142128|2000-293-673_1006_419|202547|CONSTRAINED|CONSTRAINED|CONSTRAINED_202547_2025-11-20_0656|BY_IF
2000-293-673|1006|6536|22-NOV-2026|21-NOV-2026|76.142128|2000-293-673_1006_419|202547|CONSTRAINED|CONSTRAINED|CONSTRAINED_202547_2025-11-20_0656|BY_IF
2000-293-673|1006|6535|15-NOV-2026|14-NOV-2026|76.142128|2000-293-673_1006_419|202547|CONSTRAINED|CONSTRAINED|CONSTRAINED_202547_2025-11-20_0656|BY_IF
2000-293-673|1006|6534|08-NOV-2026|07-NOV-2026|76.142128|2000-293-673_1006_419|202547|CONSTRAINED|CONSTRAINED|CONSTRAINED_202547_2025-11-20_0656|BY_IF
2000-293-673|1006|6533|01-NOV-2026|31-OCT-2026|76.142128|2000-293-673_1006_419|202547|CONSTRAINED|CONSTRAINED|CONSTRAINED_202547_2025-11-20_0656|BY_IF
2000-293-673|1006|6532|25-OCT-2026|24-OCT-2026|76.142128|2000-293-673_1006_419|202547|CONSTRAINED|CONSTRAINED|CONSTRAINED_202547_2025-11-20_0656|BY_IF
2000-293-673|1006|6531|18-OCT-2026|17-OCT-2026|76.142128|2000-293-673_1006_419|202547|CONSTRAINED|CONSTRAINED|CONSTRAINED_202547_2025-11-20_0656|BY_IF
2000-293-673|1006|6530|11-OCT-2026|10-OCT-2026|76.142128|2000-293-673_1006_419|202547|CONSTRAINED|CONSTRAINED|CONSTRAINED_202547_2025-11-20_0656|BY_IF
2000-293-673|1006|6529|04-OCT-2026|03-OCT-2026|76.142128|2000-293-673_1006_419|202547|CONSTRAINED|CONSTRAINED|CONSTRAINED_202547_2025-11-20_0656|BY_IF
2000-293-673|1006|6528|27-SEP-2026|26-SEP-2026|76.142128|2000-293-673_1006_419|202547|CONSTRAINED|CONSTRAINED|CONSTRAINED_202547_2025-11-20_0656|BY_IF
2000-293-673|1006|6527|20-SEP-2026|19-SEP-2026|76.142128|2000-293-673_1006_419|202547|CONSTRAINED|CONSTRAINED|CONSTRAINED_202547_2025-11-20_0656|BY_IF
2000-293-673|1006|6526|13-SEP-2026|12-SEP-2026|76.142128|2000-293-673_1006_419|202547|CONSTRAINED|CONSTRAINED|CONSTRAINED_202547_2025-11-20_0656|BY_IF
2000-293-673|1006|6525|06-SEP-2026|05-SEP-2026|76.142128|2000-293-673_1006_419|202547|CONSTRAINED|CONSTRAINED|CONSTRAINED_202547_2025-11-20_0656|BY_IF
2000-293-673|1006|6524|30-AUG-2026|29-AUG-2026|76.142128|2000-293-673_1006_419|202547|CONSTRAINED|CONSTRAINED|CONSTRAINED_202547_2025-11-20_0656|BY_IF
2000-293-673|1006|6523|23-AUG-2026|22-AUG-2026|76.142128|2000-293-673_1006_419|202547|CONSTRAINED|CONSTRAINED|CONSTRAINED_202547_2025-11-20_0656|BY_IF
2000-293-673|1006|6522|16-AUG-2026|15-AUG-2026|76.142128|2000-293-673_1006_419|202547|CONSTRAINED|CONSTRAINED|CONSTRAINED_202547_2025-11-20_0656|BY_IF
2000-293-673|1006|6521|09-AUG-2026|08-AUG-2026|76.142128|2000-293-673_1006_419|202547|CONSTRAINED|CONSTRAINED|CONSTRAINED_202547_2025-11-20_0656|BY_IF
2000-293-673|1006|6520|02-AUG-2026|01-AUG-2026|76.142128|2000-293-673_1006_419|202547|CONSTRAINED|CONSTRAINED|CONSTRAINED_202547_2025-11-20_0656|BY_IF
2000-293-673|1006|6519|26-JUL-2026|25-JUL-2026|76.142128|2000-293-673_1006_419|202547|CONSTRAINED|CONSTRAINED|CONSTRAINED_202547_2025-11-20_0656|BY_IF
2000-293-673|1006|6518|19-JUL-2026|18-JUL-2026|76.142128|2000-293-673_1006_419|202547|CONSTRAINED|CONSTRAINED|CONSTRAINED_202547_2025-11-20_0656|BY_IF
2000-293-673|1006|6517|12-JUL-2026|11-JUL-2026|76.142128|2000-293-673_1006_419|202547|CONSTRAINED|CONSTRAINED|CONSTRAINED_202547_2025-11-20_0656|BY_IF
2000-293-673|1006|6516|05-JUL-2026|04-JUL-2026|76.142128|2000-293-673_1006_419|202547|CONSTRAINED|CONSTRAINED|CONSTRAINED_202547_2025-11-20_0656|BY_IF
2000-293-673|1006|6515|28-JUN-2026|27-JUN-2026|76.142128|2000-293-673_1006_419|202547|CONSTRAINED|CONSTRAINED|CONSTRAINED_202547_2025-11-20_0656|BY_IF
2000-293-673|1006|6514|21-JUN-2026|20-JUN-2026|76.142128|2000-293-673_1006_419|202547|CONSTRAINED|CONSTRAINED|CONSTRAINED_202547_2025-11-20_0656|BY_IF
2000-293-673|1006|6513|14-JUN-2026|13-JUN-2026|76.142128|2000-293-673_1006_419|202547|CONSTRAINED|CONSTRAINED|CONSTRAINED_202547_2025-11-20_0656|BY_IF
2000-293-673|1006|6512|07-JUN-2026|06-JUN-2026|76.142128|2000-293-673_1006_419|202547|CONSTRAINED|CONSTRAINED|CONSTRAINED_202547_2025-11-20_0656|BY_IF
2000-293-673|1006|6511|31-MAY-2026|30-MAY-2026|76.142128|2000-293-673_1006_419|202547|CONSTRAINED|CONSTRAINED|CONSTRAINED_202547_2025-11-20_0656|BY_IF
2000-293-673|1006|6510|24-MAY-2026|23-MAY-2026|76.142128|2000-293-673_1006_419|202547|CONSTRAINED|CONSTRAINED|CONSTRAINED_202547_2025-11-20_0656|BY_IF
2000-293-673|1006|6509|17-MAY-2026|16-MAY-2026|76.142128|2000-293-673_1006_419|202547|CONSTRAINED|CONSTRAINED|CONSTRAINED_202547_2025-11-20_0656|BY_IF
2000-293-673|1006|6508|10-MAY-2026|09-MAY-2026|76.142128|2000-293-673_1006_419|202547|CONSTRAINED|CONSTRAINED|CONSTRAINED_202547_2025-11-20_0656|BY_IF
2000-293-673|1006|6507|03-MAY-2026|02-MAY-2026|76.142128|2000-293-673_1006_419|202547|CONSTRAINED|CONSTRAINED|CONSTRAINED_202547_2025-11-20_0656|BY_IF
2000-293-673|1006|6506|26-APR-2026|25-APR-2026|76.142128|2000-293-673_1006_419|202547|CONSTRAINED|CONSTRAINED|CONSTRAINED_202547_2025-11-20_0656|BY_IF
2000-293-673|1006|6505|19-APR-2026|18-APR-2026|76.142128|2000-293-673_1006_419|202547|CONSTRAINED|CONSTRAINED|CONSTRAINED_202547_2025-11-20_0656|BY_IF
2000-293-673|1006|6504|12-APR-2026|11-APR-2026|76.142128|2000-293-673_1006_419|202547|CONSTRAINED|CONSTRAINED|CONSTRAINED_202547_2025-11-20_0656|BY_IF
2000-293-673|1006|6503|05-APR-2026|04-APR-2026|76.142128|2000-293-673_1006_419|202547|CONSTRAINED|CONSTRAINED|CONSTRAINED_202547_2025-11-20_0656|BY_IF
2000-293-673|1006|6502|29-MAR-2026|28-MAR-2026|76.142128|2000-293-673_1006_419|202547|CONSTRAINED|CONSTRAINED|CONSTRAINED_202547_2025-11-20_0656|BY_IF
2000-293-673|1006|6501|22-MAR-2026|21-MAR-2026|76.142128|2000-293-673_1006_419|202547|CONSTRAINED|CONSTRAINED|CONSTRAINED_202547_2025-11-20_0656|BY_IF
2000-293-673|1006|6500|15-MAR-2026|14-MAR-2026|76.142128|2000-293-673_1006_419|202547|CONSTRAINED|CONSTRAINED|CONSTRAINED_202547_2025-11-20_0656|BY_IF
2000-293-673|1006|6499|08-MAR-2026|07-MAR-2026|76.142128|2000-293-673_1006_419|202547|CONSTRAINED|CONSTRAINED|CONSTRAINED_202547_2025-11-20_0656|BY_IF
2000-293-673|1006|6498|01-MAR-2026|28-FEB-2026|76.142128|2000-293-673_1006_419|202547|CONSTRAINED|CONSTRAINED|CONSTRAINED_202547_2025-11-20_0656|BY_IF
2000-293-673|1006|6497|22-FEB-2026|21-FEB-2026|76.142128|2000-293-673_1006_419|202547|CONSTRAINED|CONSTRAINED|CONSTRAINED_202547_2025-11-20_0656|BY_IF
2000-293-673|1006|6496|15-FEB-2026|14-FEB-2026|76.142128|2000-293-673_1006_419|202547|CONSTRAINED|CONSTRAINED|CONSTRAINED_202547_2025-11-20_0656|BY_IF
2000-293-673|1006|6495|08-FEB-2026|07-FEB-2026|76.142128|2000-293-673_1006_419|202547|CONSTRAINED|CONSTRAINED|CONSTRAINED_202547_2025-11-20_0656|BY_IF
2000-293-673|1006|6494|01-FEB-2026|31-JAN-2026|76.142128|2000-293-673_1006_419|202547|CONSTRAINED|CONSTRAINED|CONSTRAINED_202547_2025-11-20_0656|BY_IF
2000-293-673|1006|6493|25-JAN-2026|24-JAN-2026|76.142128|2000-293-673_1006_419|202547|CONSTRAINED|CONSTRAINED|CONSTRAINED_202547_2025-11-20_0656|BY_IF
2000-293-673|1006|6492|18-JAN-2026|17-JAN-2026|76.142128|2000-293-673_1006_419|202547|CONSTRAINED|CONSTRAINED|CONSTRAINED_202547_2025-11-20_0656|BY_IF
2000-293-673|1006|6491|11-JAN-2026|10-JAN-2026|76.142128|2000-293-673_1006_419|202547|CONSTRAINED|CONSTRAINED|CONSTRAINED_202547_2025-11-20_0656|BY_IF
2000-293-673|1006|6490|04-JAN-2026|03-JAN-2026|76.142128|2000-293-673_1006_419|202547|CONSTRAINED|CONSTRAINED|CONSTRAINED_202547_2025-11-20_0656|BY_IF
2000-293-673|1006|6489|28-DEC-2025|27-DEC-2025|76.142128|2000-293-673_1006_419|202547|CONSTRAINED|CONSTRAINED|CONSTRAINED_202547_2025-11-20_0656|BY_IF
2000-293-673|1006|6488|21-DEC-2025|20-DEC-2025|76.142128|2000-293-673_1006_419|202547|CONSTRAINED|CONSTRAINED|CONSTRAINED_202547_2025-11-20_0656|BY_IF
2000-293-673|1006|6487|14-DEC-2025|13-DEC-2025|76.142128|2000-293-673_1006_419|202547|CONSTRAINED|CONSTRAINED|CONSTRAINED_202547_2025-11-20_0656|BY_IF
2000-293-673|1006|6486|07-DEC-2025|06-DEC-2025|13.00629|2000-293-673_1006_419|202547|CONSTRAINED|CONSTRAINED|CONSTRAINED_202547_2025-11-20_0656|BY_IF
2000-293-673|1006|6485|14-SEP-2025|13-SEP-2025|126.080002|2000-293-673_1006_419|202547|CONSTRAINED|CONSTRAINED|CONSTRAINED_202547_2025-11-20_0656|BY_IF
2000-293-673|1006|6484|31-AUG-2025|30-AUG-2025|10.15228|2000-293-673_1006_419|202547|CONSTRAINED|CONSTRAINED|CONSTRAINED_202547_2025-11-20_0656|BY_IF
2000-293-673|1006|6483|24-AUG-2025|23-AUG-2025|106.598999|2000-293-673_1006_419|202547|CONSTRAINED|CONSTRAINED|CONSTRAINED_202547_2025-11-20_0656|BY_IF
2000-293-673|1006|6482|17-AUG-2025|16-AUG-2025|296.446686|2000-293-673_1006_419|202547|CONSTRAINED|CONSTRAINED|CONSTRAINED_202547_2025-11-20_0656|BY_IF
2000-293-673|1006|6481|10-AUG-2025|09-AUG-2025|614.213196|2000-293-673_1006_419|202547|CONSTRAINED|CONSTRAINED|CONSTRAINED_202547_2025-11-20_0656|BY_IF
2000-293-673|1006|6480|27-JUL-2025|26-JUL-2025|380.710693|2000-293-673_1006_419|202547|CONSTRAINED|CONSTRAINED|CONSTRAINED_202547_2025-11-20_0656|BY_IF
2000-293-678|1006|5550|18-JUL-2027|17-JUL-2027|154.603302|2000-293-678_1006_427|202547|CONSTRAINED|CONSTRAINED|CONSTRAINED_202547_2025-11-20_0656|BY_IF
2000-293-678|1006|5549|11-JUL-2027|10-JUL-2027|77.301651|2000-293-678_1006_427|202547|CONSTRAINED|CONSTRAINED|CONSTRAINED_202547_2025-11-20_0656|BY_IF
2000-293-678|1006|5548|04-JUL-2027|03-JUL-2027|77.301651|2000-293-678_1006_427|202547|CONSTRAINED|CONSTRAINED|CONSTRAINED_202547_2025-11-20_0656|BY_IF
2000-293-678|1006|5547|27-JUN-2027|26-JUN-2027|77.301651|2000-293-678_1006_427|202547|CONSTRAINED|CONSTRAINED|CONSTRAINED_202547_2025-11-20_0656|BY_IF
2000-293-678|1006|5546|20-JUN-2027|19-JUN-2027|77.301651|2000-293-678_1006_427|202547|CONSTRAINED|CONSTRAINED|CONSTRAINED_202547_2025-11-20_0656|BY_IF
2000-293-678|1006|5545|13-JUN-2027|12-JUN-2027|77.301651|2000-293-678_1006_427|202547|CONSTRAINED|CONSTRAINED|CONSTRAINED_202547_2025-11-20_0656|BY_IF
2000-293-678|1006|5544|06-JUN-2027|05-JUN-2027|77.301651|2000-293-678_1006_427|202547|CONSTRAINED|CONSTRAINED|CONSTRAINED_202547_2025-11-20_0656|BY_IF
2000-293-678|1006|5543|30-MAY-2027|29-MAY-2027|77.301651|2000-293-678_1006_427|202547|CONSTRAINED|CONSTRAINED|CONSTRAINED_202547_2025-11-20_0656|BY_IF
2000-293-678|1006|5542|23-MAY-2027|22-MAY-2027|77.301651|2000-293-678_1006_427|202547|CONSTRAINED|CONSTRAINED|CONSTRAINED_202547_2025-11-20_0656|BY_IF
2000-293-678|1006|5541|16-MAY-2027|15-MAY-2027|77.301651|2000-293-678_1006_427|202547|CONSTRAINED|CONSTRAINED|CONSTRAINED_202547_2025-11-20_0656|BY_IF
2000-293-678|1006|5540|09-MAY-2027|08-MAY-2027|77.301651|2000-293-678_1006_427|202547|CONSTRAINED|CONSTRAINED|CONSTRAINED_202547_2025-11-20_0656|BY_IF
2000-293-678|1006|5539|02-MAY-2027|01-MAY-2027|77.301651|2000-293-678_1006_427|202547|CONSTRAINED|CONSTRAINED|CONSTRAINED_202547_2025-11-20_0656|BY_IF
2000-293-678|1006|5538|25-APR-2027|24-APR-2027|77.301651|2000-293-678_1006_427|202547|CONSTRAINED|CONSTRAINED|CONSTRAINED_202547_2025-11-20_0656|BY_IF
2000-293-678|1006|5537|18-APR-2027|17-APR-2027|77.301651|2000-293-678_1006_427|202547|CONSTRAINED|CONSTRAINED|CONSTRAINED_202547_2025-11-20_0656|BY_IF
2000-293-678|1006|5536|11-APR-2027|10-APR-2027|77.301651|2000-293-678_1006_427|202547|CONSTRAINED|CONSTRAINED|CONSTRAINED_202547_2025-11-20_0656|BY_IF
2000-293-678|1006|5535|04-APR-2027|03-APR-2027|77.301651|2000-293-678_1006_427|202547|CONSTRAINED|CONSTRAINED|CONSTRAINED_202547_2025-11-20_0656|BY_IF
2000-293-678|1006|5534|28-MAR-2027|27-MAR-2027|77.301651|2000-293-678_1006_427|202547|CONSTRAINED|CONSTRAINED|CONSTRAINED_202547_2025-11-20_0656|BY_IF
2000-293-678|1006|5533|21-MAR-2027|20-MAR-2027|77.301651|2000-293-678_1006_427|202547|CONSTRAINED|CONSTRAINED|CONSTRAINED_202547_2025-11-20_0656|BY_IF
2000-293-678|1006|5532|14-MAR-2027|13-MAR-2027|77.301651|2000-293-678_1006_427|202547|CONSTRAINED|CONSTRAINED|CONSTRAINED_202547_2025-11-20_0656|BY_IF
2000-293-678|1006|5531|07-MAR-2027|06-MAR-2027|77.301651|2000-293-678_1006_427|202547|CONSTRAINED|CONSTRAINED|CONSTRAINED_202547_2025-11-20_0656|BY_IF
2000-293-678|1006|5530|28-FEB-2027|27-FEB-2027|77.301651|2000-293-678_1006_427|202547|CONSTRAINED|CONSTRAINED|CONSTRAINED_202547_2025-11-20_0656|BY_IF
2000-293-678|1006|5529|21-FEB-2027|20-FEB-2027|77.301651|2000-293-678_1006_427|202547|CONSTRAINED|CONSTRAINED|CONSTRAINED_202547_2025-11-20_0656|BY_IF
2000-293-678|1006|5528|14-FEB-2027|13-FEB-2027|77.301651|2000-293-678_1006_427|202547|CONSTRAINED|CONSTRAINED|CONSTRAINED_202547_2025-11-20_0656|BY_IF
2000-293-678|1006|5527|07-FEB-2027|06-FEB-2027|77.301651|2000-293-678_1006_427|202547|CONSTRAINED|CONSTRAINED|CONSTRAINED_202547_2025-11-20_0656|BY_IF
2000-293-678|1006|5526|31-JAN-2027|30-JAN-2027|77.301651|2000-293-678_1006_427|202547|CONSTRAINED|CONSTRAINED|CONSTRAINED_202547_2025-11-20_0656|BY_IF
2000-293-678|1006|5525|24-JAN-2027|23-JAN-2027|77.301651|2000-293-678_1006_427|202547|CONSTRAINED|CONSTRAINED|CONSTRAINED_202547_2025-11-20_0656|BY_IF
2000-293-678|1006|5524|17-JAN-2027|16-JAN-2027|77.301651|2000-293-678_1006_427|202547|CONSTRAINED|CONSTRAINED|CONSTRAINED_202547_2025-11-20_0656|BY_IF
2000-293-678|1006|5523|10-JAN-2027|09-JAN-2027|77.301651|2000-293-678_1006_427|202547|CONSTRAINED|CONSTRAINED|CONSTRAINED_202547_2025-11-20_0656|BY_IF
2000-293-678|1006|5522|03-JAN-2027|02-JAN-2027|77.301651|2000-293-678_1006_427|202547|CONSTRAINED|CONSTRAINED|CONSTRAINED_202547_2025-11-20_0656|BY_IF
2000-293-678|1006|5521|27-DEC-2026|26-DEC-2026|77.301651|2000-293-678_1006_427|202547|CONSTRAINED|CONSTRAINED|CONSTRAINED_202547_2025-11-20_0656|BY_IF
2000-293-678|1006|5520|20-DEC-2026|19-DEC-2026|77.301651|2000-293-678_1006_427|202547|CONSTRAINED|CONSTRAINED|CONSTRAINED_202547_2025-11-20_0656|BY_IF
2000-293-678|1006|5519|13-DEC-2026|12-DEC-2026|77.301651|2000-293-678_1006_427|202547|CONSTRAINED|CONSTRAINED|CONSTRAINED_202547_2025-11-20_0656|BY_IF
2000-293-678|1006|5518|06-DEC-2026|05-DEC-2026|77.301651|2000-293-678_1006_427|202547|CONSTRAINED|CONSTRAINED|CONSTRAINED_202547_2025-11-20_0656|BY_IF
2000-293-678|1006|5517|29-NOV-2026|28-NOV-2026|77.301651|2000-293-678_1006_427|202547|CONSTRAINED|CONSTRAINED|CONSTRAINED_202547_2025-11-20_0656|BY_IF
2000-293-678|1006|5516|22-NOV-2026|21-NOV-2026|77.301651|2000-293-678_1006_427|202547|CONSTRAINED|CONSTRAINED|CONSTRAINED_202547_2025-11-20_0656|BY_IF
2000-293-678|1006|5515|15-NOV-2026|14-NOV-2026|77.301651|2000-293-678_1006_427|202547|CONSTRAINED|CONSTRAINED|CONSTRAINED_202547_2025-11-20_0656|BY_IF
2000-293-678|1006|5514|08-NOV-2026|07-NOV-2026|77.301651|2000-293-678_1006_427|202547|CONSTRAINED|CONSTRAINED|CONSTRAINED_202547_2025-11-20_0656|BY_IF
2000-293-678|1006|5513|01-NOV-2026|31-OCT-2026|77.301651|2000-293-678_1006_427|202547|CONSTRAINED|CONSTRAINED|CONSTRAINED_202547_2025-11-20_0656|BY_IF
2000-293-678|1006|5512|25-OCT-2026|24-OCT-2026|77.301651|2000-293-678_1006_427|202547|CONSTRAINED|CONSTRAINED|CONSTRAINED_202547_2025-11-20_0656|BY_IF
2000-293-678|1006|5511|18-OCT-2026|17-OCT-2026|77.301651|2000-293-678_1006_427|202547|CONSTRAINED|CONSTRAINED|CONSTRAINED_202547_2025-11-20_0656|BY_IF
2000-293-678|1006|5510|11-OCT-2026|10-OCT-2026|77.301651|2000-293-678_1006_427|202547|CONSTRAINED|CONSTRAINED|CONSTRAINED_202547_2025-11-20_0656|BY_IF
2000-293-678|1006|5509|04-OCT-2026|03-OCT-2026|77.301651|2000-293-678_1006_427|202547|CONSTRAINED|CONSTRAINED|CONSTRAINED_202547_2025-11-20_0656|BY_IF
2000-293-678|1006|5508|27-SEP-2026|26-SEP-2026|77.301651|2000-293-678_1006_427|202547|CONSTRAINED|CONSTRAINED|CONSTRAINED_202547_2025-11-20_0656|BY_IF
2000-293-678|1006|5507|20-SEP-2026|19-SEP-2026|77.301651|2000-293-678_1006_427|202547|CONSTRAINED|CONSTRAINED|CONSTRAINED_202547_2025-11-20_0656|BY_IF
2000-293-678|1006|5506|13-SEP-2026|12-SEP-2026|77.301651|2000-293-678_1006_427|202547|CONSTRAINED|CONSTRAINED|CONSTRAINED_202547_2025-11-20_0656|BY_IF
2000-293-678|1006|5505|06-SEP-2026|05-SEP-2026|77.301651|2000-293-678_1006_427|202547|CONSTRAINED|CONSTRAINED|CONSTRAINED_202547_2025-11-20_0656|BY_IF
2000-293-678|1006|5504|30-AUG-2026|29-AUG-2026|77.301651|2000-293-678_1006_427|202547|CONSTRAINED|CONSTRAINED|CONSTRAINED_202547_2025-11-20_0656|BY_IF
2000-293-678|1006|5503|23-AUG-2026|22-AUG-2026|77.301651|2000-293-678_1006_427|202547|CONSTRAINED|CONSTRAINED|CONSTRAINED_202547_2025-11-20_0656|BY_IF
2000-293-678|1006|5502|16-AUG-2026|15-AUG-2026|77.301651|2000-293-678_1006_427|202547|CONSTRAINED|CONSTRAINED|CONSTRAINED_202547_2025-11-20_0656|BY_IF
2000-293-678|1006|5501|09-AUG-2026|08-AUG-2026|77.301651|2000-293-678_1006_427|202547|CONSTRAINED|CONSTRAINED|CONSTRAINED_202547_2025-11-20_0656|BY_IF
2000-293-678|1006|5500|02-AUG-2026|01-AUG-2026|77.301651|2000-293-678_1006_427|202547|CONSTRAINED|CONSTRAINED|CONSTRAINED_202547_2025-11-20_0656|BY_IF
2000-293-678|1006|5499|26-JUL-2026|25-JUL-2026|77.301651|2000-293-678_1006_427|202547|CONSTRAINED|CONSTRAINED|CONSTRAINED_202547_2025-11-20_0656|BY_IF
2000-293-678|1006|5498|19-JUL-2026|18-JUL-2026|77.301651|2000-293-678_1006_427|202547|CONSTRAINED|CONSTRAINED|CONSTRAINED_202547_2025-11-20_0656|BY_IF
2000-293-678|1006|5497|12-JUL-2026|11-JUL-2026|77.301651|2000-293-678_1006_427|202547|CONSTRAINED|CONSTRAINED|CONSTRAINED_202547_2025-11-20_0656|BY_IF
2000-293-678|1006|5496|05-JUL-2026|04-JUL-2026|77.301651|2000-293-678_1006_427|202547|CONSTRAINED|CONSTRAINED|CONSTRAINED_202547_2025-11-20_0656|BY_IF
2000-293-678|1006|5495|28-JUN-2026|27-JUN-2026|77.301651|2000-293-678_1006_427|202547|CONSTRAINED|CONSTRAINED|CONSTRAINED_202547_2025-11-20_0656|BY_IF
2000-293-678|1006|5494|21-JUN-2026|20-JUN-2026|77.301651|2000-293-678_1006_427|202547|CONSTRAINED|CONSTRAINED|CONSTRAINED_202547_2025-11-20_0656|BY_IF
2000-293-678|1006|5493|14-JUN-2026|13-JUN-2026|77.301651|2000-293-678_1006_427|202547|CONSTRAINED|CONSTRAINED|CONSTRAINED_202547_2025-11-20_0656|BY_IF
2000-293-678|1006|5492|07-JUN-2026|06-JUN-2026|77.301651|2000-293-678_1006_427|202547|CONSTRAINED|CONSTRAINED|CONSTRAINED_202547_2025-11-20_0656|BY_IF
2000-293-678|1006|5491|31-MAY-2026|30-MAY-2026|77.301651|2000-293-678_1006_427|202547|CONSTRAINED|CONSTRAINED|CONSTRAINED_202547_2025-11-20_0656|BY_IF
2000-293-678|1006|5490|24-MAY-2026|23-MAY-2026|77.301651|2000-293-678_1006_427|202547|CONSTRAINED|CONSTRAINED|CONSTRAINED_202547_2025-11-20_0656|BY_IF
2000-293-678|1006|5489|17-MAY-2026|16-MAY-2026|77.301651|2000-293-678_1006_427|202547|CONSTRAINED|CONSTRAINED|CONSTRAINED_202547_2025-11-20_0656|BY_IF
2000-293-678|1006|5488|10-MAY-2026|09-MAY-2026|77.301651|2000-293-678_1006_427|202547|CONSTRAINED|CONSTRAINED|CONSTRAINED_202547_2025-11-20_0656|BY_IF
2000-293-678|1006|5487|03-MAY-2026|02-MAY-2026|77.301651|2000-293-678_1006_427|202547|CONSTRAINED|CONSTRAINED|CONSTRAINED_202547_2025-11-20_0656|BY_IF
2000-293-678|1006|5486|26-APR-2026|25-APR-2026|77.301651|2000-293-678_1006_427|202547|CONSTRAINED|CONSTRAINED|CONSTRAINED_202547_2025-11-20_0656|BY_IF
2000-293-678|1006|5485|19-APR-2026|18-APR-2026|77.301651|2000-293-678_1006_427|202547|CONSTRAINED|CONSTRAINED|CONSTRAINED_202547_2025-11-20_0656|BY_IF
2000-293-678|1006|5484|12-APR-2026|11-APR-2026|77.301651|2000-293-678_1006_427|202547|CONSTRAINED|CONSTRAINED|CONSTRAINED_202547_2025-11-20_0656|BY_IF
2000-293-678|1006|5483|05-APR-2026|04-APR-2026|77.301651|2000-293-678_1006_427|202547|CONSTRAINED|CONSTRAINED|CONSTRAINED_202547_2025-11-20_0656|BY_IF
2000-293-678|1006|5482|29-MAR-2026|28-MAR-2026|77.301651|2000-293-678_1006_427|202547|CONSTRAINED|CONSTRAINED|CONSTRAINED_202547_2025-11-20_0656|BY_IF
2000-293-678|1006|5481|22-MAR-2026|21-MAR-2026|77.301651|2000-293-678_1006_427|202547|CONSTRAINED|CONSTRAINED|CONSTRAINED_202547_2025-11-20_0656|BY_IF
2000-293-678|1006|5480|15-MAR-2026|14-MAR-2026|77.301651|2000-293-678_1006_427|202547|CONSTRAINED|CONSTRAINED|CONSTRAINED_202547_2025-11-20_0656|BY_IF
2000-293-678|1006|5479|08-MAR-2026|07-MAR-2026|77.301651|2000-293-678_1006_427|202547|CONSTRAINED|CONSTRAINED|CONSTRAINED_202547_2025-11-20_0656|BY_IF
2000-293-678|1006|5478|01-MAR-2026|28-FEB-2026|77.301651|2000-293-678_1006_427|202547|CONSTRAINED|CONSTRAINED|CONSTRAINED_202547_2025-11-20_0656|BY_IF
2000-293-678|1006|5477|22-FEB-2026|21-FEB-2026|77.301651|2000-293-678_1006_427|202547|CONSTRAINED|CONSTRAINED|CONSTRAINED_202547_2025-11-20_0656|BY_IF
2000-293-678|1006|5476|15-FEB-2026|14-FEB-2026|77.301651|2000-293-678_1006_427|202547|CONSTRAINED|CONSTRAINED|CONSTRAINED_202547_2025-11-20_0656|BY_IF
2000-293-678|1006|5475|08-FEB-2026|07-FEB-2026|77.301651|2000-293-678_1006_427|202547|CONSTRAINED|CONSTRAINED|CONSTRAINED_202547_2025-11-20_0656|BY_IF
2000-293-678|1006|5474|01-FEB-2026|31-JAN-2026|77.301651|2000-293-678_1006_427|202547|CONSTRAINED|CONSTRAINED|CONSTRAINED_202547_2025-11-20_0656|BY_IF
2000-293-678|1006|5473|25-JAN-2026|24-JAN-2026|77.301651|2000-293-678_1006_427|202547|CONSTRAINED|CONSTRAINED|CONSTRAINED_202547_2025-11-20_0656|BY_IF
2000-293-678|1006|5472|18-JAN-2026|17-JAN-2026|77.301651|2000-293-678_1006_427|202547|CONSTRAINED|CONSTRAINED|CONSTRAINED_202547_2025-11-20_0656|BY_IF
2000-293-678|1006|5471|11-JAN-2026|10-JAN-2026|77.301651|2000-293-678_1006_427|202547|CONSTRAINED|CONSTRAINED|CONSTRAINED_202547_2025-11-20_0656|BY_IF
2000-293-678|1006|5470|04-JAN-2026|03-JAN-2026|77.301651|2000-293-678_1006_427|202547|CONSTRAINED|CONSTRAINED|CONSTRAINED_202547_2025-11-20_0656|BY_IF
2000-293-678|1006|5469|28-DEC-2025|27-DEC-2025|77.301651|2000-293-678_1006_427|202547|CONSTRAINED|CONSTRAINED|CONSTRAINED_202547_2025-11-20_0656|BY_IF
2000-293-678|1006|5468|21-DEC-2025|20-DEC-2025|77.301651|2000-293-678_1006_427|202547|CONSTRAINED|CONSTRAINED|CONSTRAINED_202547_2025-11-20_0656|BY_IF
2000-293-678|1006|5467|14-DEC-2025|13-DEC-2025|77.301651|2000-293-678_1006_427|202547|CONSTRAINED|CONSTRAINED|CONSTRAINED_202547_2025-11-20_0656|BY_IF
2000-293-678|1006|5466|07-DEC-2025|06-DEC-2025|13.20435|2000-293-678_1006_427|202547|CONSTRAINED|CONSTRAINED|CONSTRAINED_202547_2025-11-20_0656|BY_IF
2000-293-678|1006|5465|31-AUG-2025|30-AUG-2025|10.30689|2000-293-678_1006_427|202547|CONSTRAINED|CONSTRAINED|CONSTRAINED_202547_2025-11-20_0656|BY_IF
2000-293-678|1006|5464|24-AUG-2025|23-AUG-2025|108.222298|2000-293-678_1006_427|202547|CONSTRAINED|CONSTRAINED|CONSTRAINED_202547_2025-11-20_0656|BY_IF
2000-293-678|1006|5463|17-AUG-2025|16-AUG-2025|300.96109|2000-293-678_1006_427|202547|CONSTRAINED|CONSTRAINED|CONSTRAINED_202547_2025-11-20_0656|BY_IF
2000-293-678|1006|5462|10-AUG-2025|09-AUG-2025|623.566711|2000-293-678_1006_427|202547|CONSTRAINED|CONSTRAINED|CONSTRAINED_202547_2025-11-20_0656|BY_IF
2000-293-678|1006|5461|27-JUL-2025|26-JUL-2025|386.508301|2000-293-678_1006_427|202547|CONSTRAINED|CONSTRAINED|CONSTRAINED_202547_2025-11-20_0656|BY_IF
2000-293-724|1017|3040|24-JUL-2027|24-JUL-2027|76.142128|2000-293-724_1017_397|202547|CONSTRAINED|CONSTRAINED|CONSTRAINED_202547_2025-11-20_0656|BY_IF
2000-293-724|1017|3039|17-JUL-2027|17-JUL-2027|76.142128|2000-293-724_1017_397|202547|CONSTRAINED|CONSTRAINED|CONSTRAINED_202547_2025-11-20_0656|BY_IF
2000-293-724|1017|3038|10-JUL-2027|10-JUL-2027|76.142128|2000-293-724_1017_397|202547|CONSTRAINED|CONSTRAINED|CONSTRAINED_202547_2025-11-20_0656|BY_IF
2000-293-724|1017|3037|03-JUL-2027|03-JUL-2027|76.142128|2000-293-724_1017_397|202547|CONSTRAINED|CONSTRAINED|CONSTRAINED_202547_2025-11-20_0656|BY_IF
2000-293-724|1017|3036|26-JUN-2027|26-JUN-2027|76.142128|2000-293-724_1017_397|202547|CONSTRAINED|CONSTRAINED|CONSTRAINED_202547_2025-11-20_0656|BY_IF
2000-293-724|1017|3035|19-JUN-2027|19-JUN-2027|76.142128|2000-293-724_1017_397|202547|CONSTRAINED|CONSTRAINED|CONSTRAINED_202547_2025-11-20_0656|BY_IF
2000-293-724|1017|3034|12-JUN-2027|12-JUN-2027|76.142128|2000-293-724_1017_397|202547|CONSTRAINED|CONSTRAINED|CONSTRAINED_202547_2025-11-20_0656|BY_IF
2000-293-724|1017|3033|05-JUN-2027|05-JUN-2027|76.142128|2000-293-724_1017_397|202547|CONSTRAINED|CONSTRAINED|CONSTRAINED_202547_2025-11-20_0656|BY_IF
2000-293-724|1017|3032|29-MAY-2027|29-MAY-2027|76.142128|2000-293-724_1017_397|202547|CONSTRAINED|CONSTRAINED|CONSTRAINED_202547_2025-11-20_0656|BY_IF
2000-293-724|1017|3031|22-MAY-2027|22-MAY-2027|76.142128|2000-293-724_1017_397|202547|CONSTRAINED|CONSTRAINED|CONSTRAINED_202547_2025-11-20_0656|BY_IF
2000-293-724|1017|3030|15-MAY-2027|15-MAY-2027|76.142128|2000-293-724_1017_397|202547|CONSTRAINED|CONSTRAINED|CONSTRAINED_202547_2025-11-20_0656|BY_IF
2000-293-724|1017|3029|08-MAY-2027|08-MAY-2027|76.142128|2000-293-724_1017_397|202547|CONSTRAINED|CONSTRAINED|CONSTRAINED_202547_2025-11-20_0656|BY_IF
2000-293-724|1017|3028|01-MAY-2027|01-MAY-2027|76.142128|2000-293-724_1017_397|202547|CONSTRAINED|CONSTRAINED|CONSTRAINED_202547_2025-11-20_0656|BY_IF
2000-293-724|1017|3027|24-APR-2027|24-APR-2027|76.142128|2000-293-724_1017_397|202547|CONSTRAINED|CONSTRAINED|CONSTRAINED_202547_2025-11-20_0656|BY_IF
2000-293-724|1017|3026|17-APR-2027|17-APR-2027|76.142128|2000-293-724_1017_397|202547|CONSTRAINED|CONSTRAINED|CONSTRAINED_202547_2025-11-20_0656|BY_IF
2000-293-724|1017|3025|10-APR-2027|10-APR-2027|76.142128|2000-293-724_1017_397|202547|CONSTRAINED|CONSTRAINED|CONSTRAINED_202547_2025-11-20_0656|BY_IF
2000-293-724|1017|3024|03-APR-2027|03-APR-2027|76.142128|2000-293-724_1017_397|202547|CONSTRAINED|CONSTRAINED|CONSTRAINED_202547_2025-11-20_0656|BY_IF
2000-293-724|1017|3023|27-MAR-2027|27-MAR-2027|76.142128|2000-293-724_1017_397|202547|CONSTRAINED|CONSTRAINED|CONSTRAINED_202547_2025-11-20_0656|BY_IF
2000-293-724|1017|3022|20-MAR-2027|20-MAR-2027|76.142128|2000-293-724_1017_397|202547|CONSTRAINED|CONSTRAINED|CONSTRAINED_202547_2025-11-20_0656|BY_IF
2000-293-724|1017|3021|13-MAR-2027|13-MAR-2027|76.142128|2000-293-724_1017_397|202547|CONSTRAINED|CONSTRAINED|CONSTRAINED_202547_2025-11-20_0656|BY_IF
2000-293-724|1017|3020|06-MAR-2027|06-MAR-2027|76.142128|2000-293-724_1017_397|202547|CONSTRAINED|CONSTRAINED|CONSTRAINED_202547_2025-11-20_0656|BY_IF
2000-293-724|1017|3019|27-FEB-2027|27-FEB-2027|76.142128|2000-293-724_1017_397|202547|CONSTRAINED|CONSTRAINED|CONSTRAINED_202547_2025-11-20_0656|BY_IF
2000-293-724|1017|3018|20-FEB-2027|20-FEB-2027|76.142128|2000-293-724_1017_397|202547|CONSTRAINED|CONSTRAINED|CONSTRAINED_202547_2025-11-20_0656|BY_IF
2000-293-724|1017|3017|13-FEB-2027|13-FEB-2027|76.142128|2000-293-724_1017_397|202547|CONSTRAINED|CONSTRAINED|CONSTRAINED_202547_2025-11-20_0656|BY_IF
2000-293-724|1017|3016|06-FEB-2027|06-FEB-2027|76.142128|2000-293-724_1017_397|202547|CONSTRAINED|CONSTRAINED|CONSTRAINED_202547_2025-11-20_0656|BY_IF
2000-293-724|1017|3015|30-JAN-2027|30-JAN-2027|76.142128|2000-293-724_1017_397|202547|CONSTRAINED|CONSTRAINED|CONSTRAINED_202547_2025-11-20_0656|BY_IF
2000-293-724|1017|3014|23-JAN-2027|23-JAN-2027|76.142128|2000-293-724_1017_397|202547|CONSTRAINED|CONSTRAINED|CONSTRAINED_202547_2025-11-20_0656|BY_IF
2000-293-724|1017|3013|16-JAN-2027|16-JAN-2027|76.142128|2000-293-724_1017_397|202547|CONSTRAINED|CONSTRAINED|CONSTRAINED_202547_2025-11-20_0656|BY_IF
2000-293-724|1017|3012|09-JAN-2027|09-JAN-2027|76.142128|2000-293-724_1017_397|202547|CONSTRAINED|CONSTRAINED|CONSTRAINED_202547_2025-11-20_0656|BY_IF
2000-293-724|1017|3011|02-JAN-2027|02-JAN-2027|76.142128|2000-293-724_1017_397|202547|CONSTRAINED|CONSTRAINED|CONSTRAINED_202547_2025-11-20_0656|BY_IF
2000-293-724|1017|3010|26-DEC-2026|26-DEC-2026|76.142128|2000-293-724_1017_397|202547|CONSTRAINED|CONSTRAINED|CONSTRAINED_202547_2025-11-20_0656|BY_IF
2000-293-724|1017|3009|19-DEC-2026|19-DEC-2026|76.142128|2000-293-724_1017_397|202547|CONSTRAINED|CONSTRAINED|CONSTRAINED_202547_2025-11-20_0656|BY_IF
2000-293-724|1017|3008|12-DEC-2026|12-DEC-2026|76.142128|2000-293-724_1017_397|202547|CONSTRAINED|CONSTRAINED|CONSTRAINED_202547_2025-11-20_0656|BY_IF
2000-293-724|1017|3007|05-DEC-2026|05-DEC-2026|76.142128|2000-293-724_1017_397|202547|CONSTRAINED|CONSTRAINED|CONSTRAINED_202547_2025-11-20_0656|BY_IF
2000-293-724|1017|3006|28-NOV-2026|28-NOV-2026|76.142128|2000-293-724_1017_397|202547|CONSTRAINED|CONSTRAINED|CONSTRAINED_202547_2025-11-20_0656|BY_IF
2000-293-724|1017|3005|21-NOV-2026|21-NOV-2026|76.142128|2000-293-724_1017_397|202547|CONSTRAINED|CONSTRAINED|CONSTRAINED_202547_2025-11-20_0656|BY_IF
2000-293-724|1017|3004|14-NOV-2026|14-NOV-2026|76.142128|2000-293-724_1017_397|202547|CONSTRAINED|CONSTRAINED|CONSTRAINED_202547_2025-11-20_0656|BY_IF
2000-293-724|1017|3003|07-NOV-2026|07-NOV-2026|76.142128|2000-293-724_1017_397|202547|CONSTRAINED|CONSTRAINED|CONSTRAINED_202547_2025-11-20_0656|BY_IF
2000-293-724|1017|3002|31-OCT-2026|31-OCT-2026|76.142128|2000-293-724_1017_397|202547|CONSTRAINED|CONSTRAINED|CONSTRAINED_202547_2025-11-20_0656|BY_IF
2000-293-724|1017|3001|24-OCT-2026|24-OCT-2026|76.142128|2000-293-724_1017_397|202547|CONSTRAINED|CONSTRAINED|CONSTRAINED_202547_2025-11-20_0656|BY_IF
2000-293-724|1017|3000|17-OCT-2026|17-OCT-2026|76.142128|2000-293-724_1017_397|202547|CONSTRAINED|CONSTRAINED|CONSTRAINED_202547_2025-11-20_0656|BY_IF
2000-293-724|1017|2999|10-OCT-2026|10-OCT-2026|76.142128|2000-293-724_1017_397|202547|CONSTRAINED|CONSTRAINED|CONSTRAINED_202547_2025-11-20_0656|BY_IF
2000-293-724|1017|2998|03-OCT-2026|03-OCT-2026|76.142128|2000-293-724_1017_397|202547|CONSTRAINED|CONSTRAINED|CONSTRAINED_202547_2025-11-20_0656|BY_IF
2000-293-724|1017|2997|26-SEP-2026|26-SEP-2026|76.142128|2000-293-724_1017_397|202547|CONSTRAINED|CONSTRAINED|CONSTRAINED_202547_2025-11-20_0656|BY_IF
2000-293-724|1017|2996|19-SEP-2026|19-SEP-2026|76.142128|2000-293-724_1017_397|202547|CONSTRAINED|CONSTRAINED|CONSTRAINED_202547_2025-11-20_0656|BY_IF
2000-293-724|1017|2995|12-SEP-2026|12-SEP-2026|76.142128|2000-293-724_1017_397|202547|CONSTRAINED|CONSTRAINED|CONSTRAINED_202547_2025-11-20_0656|BY_IF
2000-293-724|1017|2994|05-SEP-2026|05-SEP-2026|76.142128|2000-293-724_1017_397|202547|CONSTRAINED|CONSTRAINED|CONSTRAINED_202547_2025-11-20_0656|BY_IF
2000-293-724|1017|2993|29-AUG-2026|29-AUG-2026|76.142128|2000-293-724_1017_397|202547|CONSTRAINED|CONSTRAINED|CONSTRAINED_202547_2025-11-20_0656|BY_IF
2000-293-724|1017|2992|22-AUG-2026|22-AUG-2026|76.142128|2000-293-724_1017_397|202547|CONSTRAINED|CONSTRAINED|CONSTRAINED_202547_2025-11-20_0656|BY_IF
2000-293-724|1017|2991|15-AUG-2026|15-AUG-2026|76.142128|2000-293-724_1017_397|202547|CONSTRAINED|CONSTRAINED|CONSTRAINED_202547_2025-11-20_0656|BY_IF
2000-293-724|1017|2990|08-AUG-2026|08-AUG-2026|76.142128|2000-293-724_1017_397|202547|CONSTRAINED|CONSTRAINED|CONSTRAINED_202547_2025-11-20_0656|BY_IF
2000-293-724|1017|2989|01-AUG-2026|01-AUG-2026|76.142128|2000-293-724_1017_397|202547|CONSTRAINED|CONSTRAINED|CONSTRAINED_202547_2025-11-20_0656|BY_IF
2000-293-724|1017|2988|25-JUL-2026|25-JUL-2026|76.142128|2000-293-724_1017_397|202547|CONSTRAINED|CONSTRAINED|CONSTRAINED_202547_2025-11-20_0656|BY_IF
2000-293-724|1017|2987|18-JUL-2026|18-JUL-2026|76.142128|2000-293-724_1017_397|202547|CONSTRAINED|CONSTRAINED|CONSTRAINED_202547_2025-11-20_0656|BY_IF
2000-293-724|1017|2986|11-JUL-2026|11-JUL-2026|76.142128|2000-293-724_1017_397|202547|CONSTRAINED|CONSTRAINED|CONSTRAINED_202547_2025-11-20_0656|BY_IF
2000-293-724|1017|2985|04-JUL-2026|04-JUL-2026|76.142128|2000-293-724_1017_397|202547|CONSTRAINED|CONSTRAINED|CONSTRAINED_202547_2025-11-20_0656|BY_IF
2000-293-724|1017|2984|27-JUN-2026|27-JUN-2026|76.142128|2000-293-724_1017_397|202547|CONSTRAINED|CONSTRAINED|CONSTRAINED_202547_2025-11-20_0656|BY_IF
2000-293-724|1017|2983|20-JUN-2026|20-JUN-2026|76.142128|2000-293-724_1017_397|202547|CONSTRAINED|CONSTRAINED|CONSTRAINED_202547_2025-11-20_0656|BY_IF
2000-293-724|1017|2982|13-JUN-2026|13-JUN-2026|76.142128|2000-293-724_1017_397|202547|CONSTRAINED|CONSTRAINED|CONSTRAINED_202547_2025-11-20_0656|BY_IF
2000-293-724|1017|2981|06-JUN-2026|06-JUN-2026|76.142128|2000-293-724_1017_397|202547|CONSTRAINED|CONSTRAINED|CONSTRAINED_202547_2025-11-20_0656|BY_IF
2000-293-724|1017|2980|30-MAY-2026|30-MAY-2026|76.142128|2000-293-724_1017_397|202547|CONSTRAINED|CONSTRAINED|CONSTRAINED_202547_2025-11-20_0656|BY_IF
2000-293-724|1017|2979|23-MAY-2026|23-MAY-2026|76.142128|2000-293-724_1017_397|202547|CONSTRAINED|CONSTRAINED|CONSTRAINED_202547_2025-11-20_0656|BY_IF
2000-293-724|1017|2978|16-MAY-2026|16-MAY-2026|76.142128|2000-293-724_1017_397|202547|CONSTRAINED|CONSTRAINED|CONSTRAINED_202547_2025-11-20_0656|BY_IF
2000-293-724|1017|2977|09-MAY-2026|09-MAY-2026|76.142128|2000-293-724_1017_397|202547|CONSTRAINED|CONSTRAINED|CONSTRAINED_202547_2025-11-20_0656|BY_IF
2000-293-724|1017|2976|02-MAY-2026|02-MAY-2026|76.142128|2000-293-724_1017_397|202547|CONSTRAINED|CONSTRAINED|CONSTRAINED_202547_2025-11-20_0656|BY_IF
2000-293-724|1017|2975|25-APR-2026|25-APR-2026|76.142128|2000-293-724_1017_397|202547|CONSTRAINED|CONSTRAINED|CONSTRAINED_202547_2025-11-20_0656|BY_IF
2000-293-724|1017|2974|18-APR-2026|18-APR-2026|76.142128|2000-293-724_1017_397|202547|CONSTRAINED|CONSTRAINED|CONSTRAINED_202547_2025-11-20_0656|BY_IF
2000-293-724|1017|2973|11-APR-2026|11-APR-2026|76.142128|2000-293-724_1017_397|202547|CONSTRAINED|CONSTRAINED|CONSTRAINED_202547_2025-11-20_0656|BY_IF
2000-293-724|1017|2972|04-APR-2026|04-APR-2026|76.142128|2000-293-724_1017_397|202547|CONSTRAINED|CONSTRAINED|CONSTRAINED_202547_2025-11-20_0656|BY_IF
2000-293-724|1017|2971|28-MAR-2026|28-MAR-2026|76.142128|2000-293-724_1017_397|202547|CONSTRAINED|CONSTRAINED|CONSTRAINED_202547_2025-11-20_0656|BY_IF
2000-293-724|1017|2970|21-MAR-2026|21-MAR-2026|76.142128|2000-293-724_1017_397|202547|CONSTRAINED|CONSTRAINED|CONSTRAINED_202547_2025-11-20_0656|BY_IF
2000-293-724|1017|2969|14-MAR-2026|14-MAR-2026|76.142128|2000-293-724_1017_397|202547|CONSTRAINED|CONSTRAINED|CONSTRAINED_202547_2025-11-20_0656|BY_IF
2000-293-724|1017|2968|07-MAR-2026|07-MAR-2026|76.142128|2000-293-724_1017_397|202547|CONSTRAINED|CONSTRAINED|CONSTRAINED_202547_2025-11-20_0656|BY_IF
2000-293-724|1017|2967|28-FEB-2026|28-FEB-2026|76.142128|2000-293-724_1017_397|202547|CONSTRAINED|CONSTRAINED|CONSTRAINED_202547_2025-11-20_0656|BY_IF
2000-293-724|1017|2966|21-FEB-2026|21-FEB-2026|76.142128|2000-293-724_1017_397|202547|CONSTRAINED|CONSTRAINED|CONSTRAINED_202547_2025-11-20_0656|BY_IF
2000-293-724|1017|2965|14-FEB-2026|14-FEB-2026|76.142128|2000-293-724_1017_397|202547|CONSTRAINED|CONSTRAINED|CONSTRAINED_202547_2025-11-20_0656|BY_IF
2000-293-724|1017|2964|07-FEB-2026|07-FEB-2026|76.142128|2000-293-724_1017_397|202547|CONSTRAINED|CONSTRAINED|CONSTRAINED_202547_2025-11-20_0656|BY_IF
2000-293-724|1017|2963|31-JAN-2026|31-JAN-2026|76.142128|2000-293-724_1017_397|202547|CONSTRAINED|CONSTRAINED|CONSTRAINED_202547_2025-11-20_0656|BY_IF
2000-293-724|1017|2962|24-JAN-2026|24-JAN-2026|76.142128|2000-293-724_1017_397|202547|CONSTRAINED|CONSTRAINED|CONSTRAINED_202547_2025-11-20_0656|BY_IF
2000-293-724|1017|2961|17-JAN-2026|17-JAN-2026|76.142128|2000-293-724_1017_397|202547|CONSTRAINED|CONSTRAINED|CONSTRAINED_202547_2025-11-20_0656|BY_IF
2000-293-724|1017|2960|10-JAN-2026|10-JAN-2026|76.142128|2000-293-724_1017_397|202547|CONSTRAINED|CONSTRAINED|CONSTRAINED_202547_2025-11-20_0656|BY_IF
2000-293-724|1017|2959|03-JAN-2026|03-JAN-2026|76.142128|2000-293-724_1017_397|202547|CONSTRAINED|CONSTRAINED|CONSTRAINED_202547_2025-11-20_0656|BY_IF
2000-293-724|1017|2958|27-DEC-2025|27-DEC-2025|76.142128|2000-293-724_1017_397|202547|CONSTRAINED|CONSTRAINED|CONSTRAINED_202547_2025-11-20_0656|BY_IF
2000-293-724|1017|2957|20-DEC-2025|20-DEC-2025|76.142128|2000-293-724_1017_397|202547|CONSTRAINED|CONSTRAINED|CONSTRAINED_202547_2025-11-20_0656|BY_IF
2000-293-724|1017|2956|13-DEC-2025|13-DEC-2025|76.142128|2000-293-724_1017_397|202547|CONSTRAINED|CONSTRAINED|CONSTRAINED_202547_2025-11-20_0656|BY_IF
2000-293-724|1017|2955|06-DEC-2025|06-DEC-2025|49.746189|2000-293-724_1017_397|202547|CONSTRAINED|CONSTRAINED|CONSTRAINED_202547_2025-11-20_0656|BY_IF
2000-293-724|1017|2954|22-NOV-2025|22-NOV-2025|38.578678|2000-293-724_1017_397|202547|CONSTRAINED|CONSTRAINED|CONSTRAINED_202547_2025-11-20_0656|BY_IF
2000-293-724|1017|2953|20-SEP-2025|20-SEP-2025|50.761421|2000-293-724_1017_397|202547|CONSTRAINED|CONSTRAINED|CONSTRAINED_202547_2025-11-20_0656|BY_IF
2000-293-724|1017|2952|30-AUG-2025|30-AUG-2025|10.15228|2000-293-724_1017_397|202547|CONSTRAINED|CONSTRAINED|CONSTRAINED_202547_2025-11-20_0656|BY_IF
2000-293-724|1017|2951|23-AUG-2025|23-AUG-2025|106.598999|2000-293-724_1017_397|202547|CONSTRAINED|CONSTRAINED|CONSTRAINED_202547_2025-11-20_0656|BY_IF
2000-293-724|1017|2950|16-AUG-2025|16-AUG-2025|296.446686|2000-293-724_1017_397|202547|CONSTRAINED|CONSTRAINED|CONSTRAINED_202547_2025-11-20_0656|BY_IF
2000-293-724|1017|2949|09-AUG-2025|09-AUG-2025|614.213196|2000-293-724_1017_397|202547|CONSTRAINED|CONSTRAINED|CONSTRAINED_202547_2025-11-20_0656|BY_IF
2000-293-724|1017|2948|02-AUG-2025|02-AUG-2025|365.482208|2000-293-724_1017_397|202547|CONSTRAINED|CONSTRAINED|CONSTRAINED_202547_2025-11-20_0656|BY_IF
2000-293-736|1004|2286|18-JUL-2027|17-JUL-2027|90.355324|2000-293-736_1004_378|202547|CONSTRAINED|CONSTRAINED|CONSTRAINED_202547_2025-11-20_0656|BY_IF
2000-293-736|1004|2285|11-JUL-2027|10-JUL-2027|138.071106|2000-293-736_1004_378|202547|CONSTRAINED|CONSTRAINED|CONSTRAINED_202547_2025-11-20_0656|BY_IF
2000-293-736|1004|2284|04-JUL-2027|03-JUL-2027|76.142128|2000-293-736_1004_378|202547|CONSTRAINED|CONSTRAINED|CONSTRAINED_202547_2025-11-20_0656|BY_IF
2000-293-736|1004|2283|27-JUN-2027|26-JUN-2027|76.142128|2000-293-736_1004_378|202547|CONSTRAINED|CONSTRAINED|CONSTRAINED_202547_2025-11-20_0656|BY_IF
2000-293-736|1004|2282|20-JUN-2027|19-JUN-2027|76.142128|2000-293-736_1004_378|202547|CONSTRAINED|CONSTRAINED|CONSTRAINED_202547_2025-11-20_0656|BY_IF
2000-293-736|1004|2281|13-JUN-2027|12-JUN-2027|76.142128|2000-293-736_1004_378|202547|CONSTRAINED|CONSTRAINED|CONSTRAINED_202547_2025-11-20_0656|BY_IF
2000-293-736|1004|2280|06-JUN-2027|05-JUN-2027|76.142128|2000-293-736_1004_378|202547|CONSTRAINED|CONSTRAINED|CONSTRAINED_202547_2025-11-20_0656|BY_IF
2000-293-736|1004|2279|30-MAY-2027|29-MAY-2027|76.142128|2000-293-736_1004_378|202547|CONSTRAINED|CONSTRAINED|CONSTRAINED_202547_2025-11-20_0656|BY_IF
2000-293-736|1004|2278|23-MAY-2027|22-MAY-2027|76.142128|2000-293-736_1004_378|202547|CONSTRAINED|CONSTRAINED|CONSTRAINED_202547_2025-11-20_0656|BY_IF
2000-293-736|1004|2277|16-MAY-2027|15-MAY-2027|76.142128|2000-293-736_1004_378|202547|CONSTRAINED|CONSTRAINED|CONSTRAINED_202547_2025-11-20_0656|BY_IF
2000-293-736|1004|2276|09-MAY-2027|08-MAY-2027|76.142128|2000-293-736_1004_378|202547|CONSTRAINED|CONSTRAINED|CONSTRAINED_202547_2025-11-20_0656|BY_IF
2000-293-736|1004|2275|02-MAY-2027|01-MAY-2027|76.142128|2000-293-736_1004_378|202547|CONSTRAINED|CONSTRAINED|CONSTRAINED_202547_2025-11-20_0656|BY_IF
2000-293-736|1004|2274|25-APR-2027|24-APR-2027|76.142128|2000-293-736_1004_378|202547|CONSTRAINED|CONSTRAINED|CONSTRAINED_202547_2025-11-20_0656|BY_IF
2000-293-736|1004|2273|18-APR-2027|17-APR-2027|76.142128|2000-293-736_1004_378|202547|CONSTRAINED|CONSTRAINED|CONSTRAINED_202547_2025-11-20_0656|BY_IF
2000-293-736|1004|2272|11-APR-2027|10-APR-2027|76.142128|2000-293-736_1004_378|202547|CONSTRAINED|CONSTRAINED|CONSTRAINED_202547_2025-11-20_0656|BY_IF
2000-293-736|1004|2271|04-APR-2027|03-APR-2027|76.142128|2000-293-736_1004_378|202547|CONSTRAINED|CONSTRAINED|CONSTRAINED_202547_2025-11-20_0656|BY_IF
2000-293-736|1004|2270|28-MAR-2027|27-MAR-2027|76.142128|2000-293-736_1004_378|202547|CONSTRAINED|CONSTRAINED|CONSTRAINED_202547_2025-11-20_0656|BY_IF
2000-293-736|1004|2269|21-MAR-2027|20-MAR-2027|76.142128|2000-293-736_1004_378|202547|CONSTRAINED|CONSTRAINED|CONSTRAINED_202547_2025-11-20_0656|BY_IF
2000-293-736|1004|2268|14-MAR-2027|13-MAR-2027|76.142128|2000-293-736_1004_378|202547|CONSTRAINED|CONSTRAINED|CONSTRAINED_202547_2025-11-20_0656|BY_IF
2000-293-736|1004|2267|07-MAR-2027|06-MAR-2027|76.142128|2000-293-736_1004_378|202547|CONSTRAINED|CONSTRAINED|CONSTRAINED_202547_2025-11-20_0656|BY_IF
2000-293-736|1004|2266|28-FEB-2027|27-FEB-2027|76.142128|2000-293-736_1004_378|202547|CONSTRAINED|CONSTRAINED|CONSTRAINED_202547_2025-11-20_0656|BY_IF
2000-293-736|1004|2265|21-FEB-2027|20-FEB-2027|76.142128|2000-293-736_1004_378|202547|CONSTRAINED|CONSTRAINED|CONSTRAINED_202547_2025-11-20_0656|BY_IF
2000-293-736|1004|2264|14-FEB-2027|13-FEB-2027|76.142128|2000-293-736_1004_378|202547|CONSTRAINED|CONSTRAINED|CONSTRAINED_202547_2025-11-20_0656|BY_IF
2000-293-736|1004|2263|07-FEB-2027|06-FEB-2027|76.142128|2000-293-736_1004_378|202547|CONSTRAINED|CONSTRAINED|CONSTRAINED_202547_2025-11-20_0656|BY_IF
2000-293-736|1004|2262|31-JAN-2027|30-JAN-2027|76.142128|2000-293-736_1004_378|202547|CONSTRAINED|CONSTRAINED|CONSTRAINED_202547_2025-11-20_0656|BY_IF
2000-293-736|1004|2261|24-JAN-2027|23-JAN-2027|76.142128|2000-293-736_1004_378|202547|CONSTRAINED|CONSTRAINED|CONSTRAINED_202547_2025-11-20_0656|BY_IF
2000-293-736|1004|2260|17-JAN-2027|16-JAN-2027|76.142128|2000-293-736_1004_378|202547|CONSTRAINED|CONSTRAINED|CONSTRAINED_202547_2025-11-20_0656|BY_IF
2000-293-736|1004|2259|10-JAN-2027|09-JAN-2027|76.142128|2000-293-736_1004_378|202547|CONSTRAINED|CONSTRAINED|CONSTRAINED_202547_2025-11-20_0656|BY_IF
2000-293-736|1004|2258|03-JAN-2027|02-JAN-2027|76.142128|2000-293-736_1004_378|202547|CONSTRAINED|CONSTRAINED|CONSTRAINED_202547_2025-11-20_0656|BY_IF
2000-293-736|1004|2257|27-DEC-2026|26-DEC-2026|76.142128|2000-293-736_1004_378|202547|CONSTRAINED|CONSTRAINED|CONSTRAINED_202547_2025-11-20_0656|BY_IF
2000-293-736|1004|2256|20-DEC-2026|19-DEC-2026|76.142128|2000-293-736_1004_378|202547|CONSTRAINED|CONSTRAINED|CONSTRAINED_202547_2025-11-20_0656|BY_IF
2000-293-736|1004|2255|13-DEC-2026|12-DEC-2026|76.142128|2000-293-736_1004_378|202547|CONSTRAINED|CONSTRAINED|CONSTRAINED_202547_2025-11-20_0656|BY_IF
2000-293-736|1004|2254|06-DEC-2026|05-DEC-2026|76.142128|2000-293-736_1004_378|202547|CONSTRAINED|CONSTRAINED|CONSTRAINED_202547_2025-11-20_0656|BY_IF
2000-293-736|1004|2253|29-NOV-2026|28-NOV-2026|76.142128|2000-293-736_1004_378|202547|CONSTRAINED|CONSTRAINED|CONSTRAINED_202547_2025-11-20_0656|BY_IF
2000-293-736|1004|2252|22-NOV-2026|21-NOV-2026|76.142128|2000-293-736_1004_378|202547|CONSTRAINED|CONSTRAINED|CONSTRAINED_202547_2025-11-20_0656|BY_IF
2000-293-736|1004|2251|15-NOV-2026|14-NOV-2026|76.142128|2000-293-736_1004_378|202547|CONSTRAINED|CONSTRAINED|CONSTRAINED_202547_2025-11-20_0656|BY_IF
2000-293-736|1004|2250|08-NOV-2026|07-NOV-2026|76.142128|2000-293-736_1004_378|202547|CONSTRAINED|CONSTRAINED|CONSTRAINED_202547_2025-11-20_0656|BY_IF
2000-293-736|1004|2249|01-NOV-2026|31-OCT-2026|76.142128|2000-293-736_1004_378|202547|CONSTRAINED|CONSTRAINED|CONSTRAINED_202547_2025-11-20_0656|BY_IF
2000-293-736|1004|2248|25-OCT-2026|24-OCT-2026|76.142128|2000-293-736_1004_378|202547|CONSTRAINED|CONSTRAINED|CONSTRAINED_202547_2025-11-20_0656|BY_IF
2000-293-736|1004|2247|18-OCT-2026|17-OCT-2026|76.142128|2000-293-736_1004_378|202547|CONSTRAINED|CONSTRAINED|CONSTRAINED_202547_2025-11-20_0656|BY_IF
2000-293-736|1004|2246|11-OCT-2026|10-OCT-2026|76.142128|2000-293-736_1004_378|202547|CONSTRAINED|CONSTRAINED|CONSTRAINED_202547_2025-11-20_0656|BY_IF
2000-293-736|1004|2245|04-OCT-2026|03-OCT-2026|76.142128|2000-293-736_1004_378|202547|CONSTRAINED|CONSTRAINED|CONSTRAINED_202547_2025-11-20_0656|BY_IF
2000-293-736|1004|2244|27-SEP-2026|26-SEP-2026|76.142128|2000-293-736_1004_378|202547|CONSTRAINED|CONSTRAINED|CONSTRAINED_202547_2025-11-20_0656|BY_IF
2000-293-736|1004|2243|20-SEP-2026|19-SEP-2026|76.142128|2000-293-736_1004_378|202547|CONSTRAINED|CONSTRAINED|CONSTRAINED_202547_2025-11-20_0656|BY_IF
2000-293-736|1004|2242|13-SEP-2026|12-SEP-2026|76.142128|2000-293-736_1004_378|202547|CONSTRAINED|CONSTRAINED|CONSTRAINED_202547_2025-11-20_0656|BY_IF
2000-293-736|1004|2241|06-SEP-2026|05-SEP-2026|76.142128|2000-293-736_1004_378|202547|CONSTRAINED|CONSTRAINED|CONSTRAINED_202547_2025-11-20_0656|BY_IF
2000-293-736|1004|2240|30-AUG-2026|29-AUG-2026|76.142128|2000-293-736_1004_378|202547|CONSTRAINED|CONSTRAINED|CONSTRAINED_202547_2025-11-20_0656|BY_IF
2000-293-736|1004|2239|23-AUG-2026|22-AUG-2026|76.142128|2000-293-736_1004_378|202547|CONSTRAINED|CONSTRAINED|CONSTRAINED_202547_2025-11-20_0656|BY_IF
2000-293-736|1004|2238|16-AUG-2026|15-AUG-2026|76.142128|2000-293-736_1004_378|202547|CONSTRAINED|CONSTRAINED|CONSTRAINED_202547_2025-11-20_0656|BY_IF
2000-293-736|1004|2237|09-AUG-2026|08-AUG-2026|76.142128|2000-293-736_1004_378|202547|CONSTRAINED|CONSTRAINED|CONSTRAINED_202547_2025-11-20_0656|BY_IF
2000-293-736|1004|2236|02-AUG-2026|01-AUG-2026|76.142128|2000-293-736_1004_378|202547|CONSTRAINED|CONSTRAINED|CONSTRAINED_202547_2025-11-20_0656|BY_IF
2000-293-736|1004|2235|26-JUL-2026|25-JUL-2026|76.142128|2000-293-736_1004_378|202547|CONSTRAINED|CONSTRAINED|CONSTRAINED_202547_2025-11-20_0656|BY_IF
2000-293-736|1004|2234|19-JUL-2026|18-JUL-2026|76.142128|2000-293-736_1004_378|202547|CONSTRAINED|CONSTRAINED|CONSTRAINED_202547_2025-11-20_0656|BY_IF
2000-293-736|1004|2233|12-JUL-2026|11-JUL-2026|76.142128|2000-293-736_1004_378|202547|CONSTRAINED|CONSTRAINED|CONSTRAINED_202547_2025-11-20_0656|BY_IF
2000-293-736|1004|2232|05-JUL-2026|04-JUL-2026|76.142128|2000-293-736_1004_378|202547|CONSTRAINED|CONSTRAINED|CONSTRAINED_202547_2025-11-20_0656|BY_IF
2000-293-736|1004|2231|28-JUN-2026|27-JUN-2026|76.142128|2000-293-736_1004_378|202547|CONSTRAINED|CONSTRAINED|CONSTRAINED_202547_2025-11-20_0656|BY_IF
2000-293-736|1004|2230|21-JUN-2026|20-JUN-2026|76.142128|2000-293-736_1004_378|202547|CONSTRAINED|CONSTRAINED|CONSTRAINED_202547_2025-11-20_0656|BY_IF
2000-293-736|1004|2229|14-JUN-2026|13-JUN-2026|76.142128|2000-293-736_1004_378|202547|CONSTRAINED|CONSTRAINED|CONSTRAINED_202547_2025-11-20_0656|BY_IF
2000-293-736|1004|2228|07-JUN-2026|06-JUN-2026|76.142128|2000-293-736_1004_378|202547|CONSTRAINED|CONSTRAINED|CONSTRAINED_202547_2025-11-20_0656|BY_IF
2000-293-736|1004|2227|31-MAY-2026|30-MAY-2026|76.142128|2000-293-736_1004_378|202547|CONSTRAINED|CONSTRAINED|CONSTRAINED_202547_2025-11-20_0656|BY_IF
2000-293-736|1004|2226|24-MAY-2026|23-MAY-2026|76.142128|2000-293-736_1004_378|202547|CONSTRAINED|CONSTRAINED|CONSTRAINED_202547_2025-11-20_0656|BY_IF
2000-293-736|1004|2225|17-MAY-2026|16-MAY-2026|76.142128|2000-293-736_1004_378|202547|CONSTRAINED|CONSTRAINED|CONSTRAINED_202547_2025-11-20_0656|BY_IF
2000-293-736|1004|2224|10-MAY-2026|09-MAY-2026|76.142128|2000-293-736_1004_378|202547|CONSTRAINED|CONSTRAINED|CONSTRAINED_202547_2025-11-20_0656|BY_IF
2000-293-736|1004|2223|03-MAY-2026|02-MAY-2026|76.142128|2000-293-736_1004_378|202547|CONSTRAINED|CONSTRAINED|CONSTRAINED_202547_2025-11-20_0656|BY_IF
2000-293-736|1004|2222|26-APR-2026|25-APR-2026|76.142128|2000-293-736_1004_378|202547|CONSTRAINED|CONSTRAINED|CONSTRAINED_202547_2025-11-20_0656|BY_IF
2000-293-736|1004|2221|19-APR-2026|18-APR-2026|76.142128|2000-293-736_1004_378|202547|CONSTRAINED|CONSTRAINED|CONSTRAINED_202547_2025-11-20_0656|BY_IF
2000-293-736|1004|2220|12-APR-2026|11-APR-2026|76.142128|2000-293-736_1004_378|202547|CONSTRAINED|CONSTRAINED|CONSTRAINED_202547_2025-11-20_0656|BY_IF
2000-293-736|1004|2219|05-APR-2026|04-APR-2026|76.142128|2000-293-736_1004_378|202547|CONSTRAINED|CONSTRAINED|CONSTRAINED_202547_2025-11-20_0656|BY_IF
2000-293-736|1004|2218|29-MAR-2026|28-MAR-2026|76.142128|2000-293-736_1004_378|202547|CONSTRAINED|CONSTRAINED|CONSTRAINED_202547_2025-11-20_0656|BY_IF
2000-293-736|1004|2217|22-MAR-2026|21-MAR-2026|76.142128|2000-293-736_1004_378|202547|CONSTRAINED|CONSTRAINED|CONSTRAINED_202547_2025-11-20_0656|BY_IF
2000-293-736|1004|2216|15-MAR-2026|14-MAR-2026|76.142128|2000-293-736_1004_378|202547|CONSTRAINED|CONSTRAINED|CONSTRAINED_202547_2025-11-20_0656|BY_IF
2000-293-736|1004|2215|08-MAR-2026|07-MAR-2026|76.142128|2000-293-736_1004_378|202547|CONSTRAINED|CONSTRAINED|CONSTRAINED_202547_2025-11-20_0656|BY_IF
2000-293-736|1004|2214|01-MAR-2026|28-FEB-2026|76.142128|2000-293-736_1004_378|202547|CONSTRAINED|CONSTRAINED|CONSTRAINED_202547_2025-11-20_0656|BY_IF
2000-293-736|1004|2213|22-FEB-2026|21-FEB-2026|76.142128|2000-293-736_1004_378|202547|CONSTRAINED|CONSTRAINED|CONSTRAINED_202547_2025-11-20_0656|BY_IF
2000-293-736|1004|2212|15-FEB-2026|14-FEB-2026|76.142128|2000-293-736_1004_378|202547|CONSTRAINED|CONSTRAINED|CONSTRAINED_202547_2025-11-20_0656|BY_IF
2000-293-736|1004|2211|08-FEB-2026|07-FEB-2026|76.142128|2000-293-736_1004_378|202547|CONSTRAINED|CONSTRAINED|CONSTRAINED_202547_2025-11-20_0656|BY_IF
2000-293-736|1004|2210|01-FEB-2026|31-JAN-2026|76.142128|2000-293-736_1004_378|202547|CONSTRAINED|CONSTRAINED|CONSTRAINED_202547_2025-11-20_0656|BY_IF
2000-293-736|1004|2209|25-JAN-2026|24-JAN-2026|76.142128|2000-293-736_1004_378|202547|CONSTRAINED|CONSTRAINED|CONSTRAINED_202547_2025-11-20_0656|BY_IF
2000-293-736|1004|2208|18-JAN-2026|17-JAN-2026|76.142128|2000-293-736_1004_378|202547|CONSTRAINED|CONSTRAINED|CONSTRAINED_202547_2025-11-20_0656|BY_IF
2000-293-736|1004|2207|11-JAN-2026|10-JAN-2026|76.142128|2000-293-736_1004_378|202547|CONSTRAINED|CONSTRAINED|CONSTRAINED_202547_2025-11-20_0656|BY_IF
2000-293-736|1004|2206|04-JAN-2026|03-JAN-2026|76.142128|2000-293-736_1004_378|202547|CONSTRAINED|CONSTRAINED|CONSTRAINED_202547_2025-11-20_0656|BY_IF
2000-293-736|1004|2205|28-DEC-2025|27-DEC-2025|76.142128|2000-293-736_1004_378|202547|CONSTRAINED|CONSTRAINED|CONSTRAINED_202547_2025-11-20_0656|BY_IF
2000-293-736|1004|2204|21-DEC-2025|20-DEC-2025|76.142128|2000-293-736_1004_378|202547|CONSTRAINED|CONSTRAINED|CONSTRAINED_202547_2025-11-20_0656|BY_IF
2000-293-736|1004|2203|14-DEC-2025|13-DEC-2025|76.142128|2000-293-736_1004_378|202547|CONSTRAINED|CONSTRAINED|CONSTRAINED_202547_2025-11-20_0656|BY_IF
2000-293-736|1004|2202|07-DEC-2025|06-DEC-2025|49.746189|2000-293-736_1004_378|202547|CONSTRAINED|CONSTRAINED|CONSTRAINED_202547_2025-11-20_0656|BY_IF
2000-293-736|1004|2201|23-NOV-2025|22-NOV-2025|38.578678|2000-293-736_1004_378|202547|CONSTRAINED|CONSTRAINED|CONSTRAINED_202547_2025-11-20_0656|BY_IF
2000-293-736|1004|2200|21-SEP-2025|20-SEP-2025|50.761421|2000-293-736_1004_378|202547|CONSTRAINED|CONSTRAINED|CONSTRAINED_202547_2025-11-20_0656|BY_IF
2000-293-736|1004|2199|31-AUG-2025|30-AUG-2025|10.15228|2000-293-736_1004_378|202547|CONSTRAINED|CONSTRAINED|CONSTRAINED_202547_2025-11-20_0656|BY_IF
2000-293-736|1004|2198|24-AUG-2025|23-AUG-2025|106.598999|2000-293-736_1004_378|202547|CONSTRAINED|CONSTRAINED|CONSTRAINED_202547_2025-11-20_0656|BY_IF
2000-293-736|1004|2197|17-AUG-2025|16-AUG-2025|296.446686|2000-293-736_1004_378|202547|CONSTRAINED|CONSTRAINED|CONSTRAINED_202547_2025-11-20_0656|BY_IF
2000-293-736|1004|2196|10-AUG-2025|09-AUG-2025|476.14209|2000-293-736_1004_378|202547|CONSTRAINED|CONSTRAINED|CONSTRAINED_202547_2025-11-20_0656|BY_IF
2000-293-736|1004|2195|03-AUG-2025|02-AUG-2025|138.071106|2000-293-736_1004_378|202547|CONSTRAINED|CONSTRAINED|CONSTRAINED_202547_2025-11-20_0656|BY_IF
2000-293-736|1004|2194|27-JUL-2025|26-JUL-2025|370.558411|2000-293-736_1004_378|202547|CONSTRAINED|CONSTRAINED|CONSTRAINED_202547_2025-11-20_0656|BY_IF
2000-311-262|1004|2293|18-JUL-2027|17-JUL-2027|47.71574|2000-311-262_1004_390|202547|CONSTRAINED|CONSTRAINED|CONSTRAINED_202547_2025-11-20_0656|BY_IF
2000-311-262|1004|2292|04-JUL-2027|03-JUL-2027|30.45685|2000-311-262_1004_390|202547|CONSTRAINED|CONSTRAINED|CONSTRAINED_202547_2025-11-20_0656|BY_IF
2000-311-262|1004|2291|31-AUG-2025|30-AUG-2025|10.15228|2000-311-262_1004_390|202547|CONSTRAINED|CONSTRAINED|CONSTRAINED_202547_2025-11-20_0656|BY_IF
2000-311-262|1004|2290|17-AUG-2025|16-AUG-2025|380.710693|2000-311-262_1004_390|202547|CONSTRAINED|CONSTRAINED|CONSTRAINED_202547_2025-11-20_0656|BY_IF
2000-311-262|1004|2289|10-AUG-2025|09-AUG-2025|489.340088|2000-311-262_1004_390|202547|CONSTRAINED|CONSTRAINED|CONSTRAINED_202547_2025-11-20_0656|BY_IF
2000-311-262|1004|2288|03-AUG-2025|02-AUG-2025|340.101501|2000-311-262_1004_390|202547|CONSTRAINED|CONSTRAINED|CONSTRAINED_202547_2025-11-20_0656|BY_IF
2000-311-262|1004|2287|27-JUL-2025|26-JUL-2025|365.482208|2000-311-262_1004_390|202547|CONSTRAINED|CONSTRAINED|CONSTRAINED_202547_2025-11-20_0656|BY_IF
2001-001-001|1004|2340|18-JUL-2027|17-JUL-2027|47.000011|2001-001-001_1004_388|202547|CONSTRAINED|CONSTRAINED|CONSTRAINED_202547_2025-11-20_0656|BY_IF
2001-001-001|1004|2339|04-JUL-2027|03-JUL-2027|29.99999|2001-001-001_1004_388|202547|CONSTRAINED|CONSTRAINED|CONSTRAINED_202547_2025-11-20_0656|BY_IF
2001-001-001|1004|2338|31-AUG-2025|30-AUG-2025|10|2001-001-001_1004_388|202547|CONSTRAINED|CONSTRAINED|CONSTRAINED_202547_2025-11-20_0656|BY_IF
2001-001-001|1004|2337|17-AUG-2025|16-AUG-2025|275|2001-001-001_1004_388|202547|CONSTRAINED|CONSTRAINED|CONSTRAINED_202547_2025-11-20_0656|BY_IF
2001-001-001|1004|2336|10-AUG-2025|09-AUG-2025|380|2001-001-001_1004_388|202547|CONSTRAINED|CONSTRAINED|CONSTRAINED_202547_2025-11-20_0656|BY_IF
2001-001-001|1004|2335|27-JUL-2025|26-JUL-2025|220|2001-001-001_1004_388|202547|CONSTRAINED|CONSTRAINED|CONSTRAINED_202547_2025-11-20_0656|BY_IF
2001-001-001|1011|2444|24-AUG-2025|23-AUG-2025|100|2001-001-001_1011_389|202547|CONSTRAINED|CONSTRAINED|CONSTRAINED_202547_2025-11-20_0656|BY_IF
2001-001-001|1011|2443|17-AUG-2025|16-AUG-2025|102|2001-001-001_1011_389|202547|CONSTRAINED|CONSTRAINED|CONSTRAINED_202547_2025-11-20_0656|BY_IF
2001-001-001|1011|2442|10-AUG-2025|09-AUG-2025|335|2001-001-001_1011_389|202547|CONSTRAINED|CONSTRAINED|CONSTRAINED_202547_2025-11-20_0656|BY_IF
2001-001-001|1011|2441|03-AUG-2025|02-AUG-2025|140|2001-001-001_1011_389|202547|CONSTRAINED|CONSTRAINED|CONSTRAINED_202547_2025-11-20_0656|BY_IF
2001-001-002|1006|7241|24-JUL-2027|24-JUL-2027|77.301651|2001-001-002_1006_428|202547|CONSTRAINED|CONSTRAINED|CONSTRAINED_202547_2025-11-20_0656|BY_IF
2001-001-002|1006|7240|17-JUL-2027|17-JUL-2027|77.301651|2001-001-002_1006_428|202547|CONSTRAINED|CONSTRAINED|CONSTRAINED_202547_2025-11-20_0656|BY_IF
2001-001-002|1006|7239|10-JUL-2027|10-JUL-2027|77.301651|2001-001-002_1006_428|202547|CONSTRAINED|CONSTRAINED|CONSTRAINED_202547_2025-11-20_0656|BY_IF
2001-001-002|1006|7238|03-JUL-2027|03-JUL-2027|77.301651|2001-001-002_1006_428|202547|CONSTRAINED|CONSTRAINED|CONSTRAINED_202547_2025-11-20_0656|BY_IF
2001-001-002|1006|7237|26-JUN-2027|26-JUN-2027|77.301651|2001-001-002_1006_428|202547|CONSTRAINED|CONSTRAINED|CONSTRAINED_202547_2025-11-20_0656|BY_IF
2001-001-002|1006|7236|19-JUN-2027|19-JUN-2027|77.301651|2001-001-002_1006_428|202547|CONSTRAINED|CONSTRAINED|CONSTRAINED_202547_2025-11-20_0656|BY_IF
2001-001-002|1006|7235|12-JUN-2027|12-JUN-2027|77.301651|2001-001-002_1006_428|202547|CONSTRAINED|CONSTRAINED|CONSTRAINED_202547_2025-11-20_0656|BY_IF
2001-001-002|1006|7234|05-JUN-2027|05-JUN-2027|77.301651|2001-001-002_1006_428|202547|CONSTRAINED|CONSTRAINED|CONSTRAINED_202547_2025-11-20_0656|BY_IF
2001-001-002|1006|7233|29-MAY-2027|29-MAY-2027|77.301651|2001-001-002_1006_428|202547|CONSTRAINED|CONSTRAINED|CONSTRAINED_202547_2025-11-20_0656|BY_IF
2001-001-002|1006|7232|22-MAY-2027|22-MAY-2027|77.301651|2001-001-002_1006_428|202547|CONSTRAINED|CONSTRAINED|CONSTRAINED_202547_2025-11-20_0656|BY_IF
2001-001-002|1006|7231|15-MAY-2027|15-MAY-2027|77.301651|2001-001-002_1006_428|202547|CONSTRAINED|CONSTRAINED|CONSTRAINED_202547_2025-11-20_0656|BY_IF
2001-001-002|1006|7230|08-MAY-2027|08-MAY-2027|77.301651|2001-001-002_1006_428|202547|CONSTRAINED|CONSTRAINED|CONSTRAINED_202547_2025-11-20_0656|BY_IF
2001-001-002|1006|7229|01-MAY-2027|01-MAY-2027|77.301651|2001-001-002_1006_428|202547|CONSTRAINED|CONSTRAINED|CONSTRAINED_202547_2025-11-20_0656|BY_IF
2001-001-002|1006|7228|24-APR-2027|24-APR-2027|77.301651|2001-001-002_1006_428|202547|CONSTRAINED|CONSTRAINED|CONSTRAINED_202547_2025-11-20_0656|BY_IF
2001-001-002|1006|7227|17-APR-2027|17-APR-2027|77.301651|2001-001-002_1006_428|202547|CONSTRAINED|CONSTRAINED|CONSTRAINED_202547_2025-11-20_0656|BY_IF
2001-001-002|1006|7226|10-APR-2027|10-APR-2027|77.301651|2001-001-002_1006_428|202547|CONSTRAINED|CONSTRAINED|CONSTRAINED_202547_2025-11-20_0656|BY_IF
2001-001-002|1006|7225|03-APR-2027|03-APR-2027|77.301651|2001-001-002_1006_428|202547|CONSTRAINED|CONSTRAINED|CONSTRAINED_202547_2025-11-20_0656|BY_IF
2001-001-002|1006|7224|27-MAR-2027|27-MAR-2027|77.301651|2001-001-002_1006_428|202547|CONSTRAINED|CONSTRAINED|CONSTRAINED_202547_2025-11-20_0656|BY_IF
2001-001-002|1006|7223|20-MAR-2027|20-MAR-2027|77.301651|2001-001-002_1006_428|202547|CONSTRAINED|CONSTRAINED|CONSTRAINED_202547_2025-11-20_0656|BY_IF
2001-001-002|1006|7222|13-MAR-2027|13-MAR-2027|77.301651|2001-001-002_1006_428|202547|CONSTRAINED|CONSTRAINED|CONSTRAINED_202547_2025-11-20_0656|BY_IF
2001-001-002|1006|7221|06-MAR-2027|06-MAR-2027|77.301651|2001-001-002_1006_428|202547|CONSTRAINED|CONSTRAINED|CONSTRAINED_202547_2025-11-20_0656|BY_IF
2001-001-002|1006|7220|27-FEB-2027|27-FEB-2027|77.301651|2001-001-002_1006_428|202547|CONSTRAINED|CONSTRAINED|CONSTRAINED_202547_2025-11-20_0656|BY_IF
2001-001-002|1006|7219|20-FEB-2027|20-FEB-2027|77.301651|2001-001-002_1006_428|202547|CONSTRAINED|CONSTRAINED|CONSTRAINED_202547_2025-11-20_0656|BY_IF
2001-001-002|1006|7218|13-FEB-2027|13-FEB-2027|77.301651|2001-001-002_1006_428|202547|CONSTRAINED|CONSTRAINED|CONSTRAINED_202547_2025-11-20_0656|BY_IF
2001-001-002|1006|7217|06-FEB-2027|06-FEB-2027|77.301651|2001-001-002_1006_428|202547|CONSTRAINED|CONSTRAINED|CONSTRAINED_202547_2025-11-20_0656|BY_IF
2001-001-002|1006|7216|30-JAN-2027|30-JAN-2027|77.301651|2001-001-002_1006_428|202547|CONSTRAINED|CONSTRAINED|CONSTRAINED_202547_2025-11-20_0656|BY_IF
2001-001-002|1006|7215|23-JAN-2027|23-JAN-2027|77.301651|2001-001-002_1006_428|202547|CONSTRAINED|CONSTRAINED|CONSTRAINED_202547_2025-11-20_0656|BY_IF
2001-001-002|1006|7214|16-JAN-2027|16-JAN-2027|77.301651|2001-001-002_1006_428|202547|CONSTRAINED|CONSTRAINED|CONSTRAINED_202547_2025-11-20_0656|BY_IF
2001-001-002|1006|7213|09-JAN-2027|09-JAN-2027|77.301651|2001-001-002_1006_428|202547|CONSTRAINED|CONSTRAINED|CONSTRAINED_202547_2025-11-20_0656|BY_IF
2001-001-002|1006|7212|02-JAN-2027|02-JAN-2027|77.301651|2001-001-002_1006_428|202547|CONSTRAINED|CONSTRAINED|CONSTRAINED_202547_2025-11-20_0656|BY_IF
2001-001-002|1006|7211|26-DEC-2026|26-DEC-2026|77.301651|2001-001-002_1006_428|202547|CONSTRAINED|CONSTRAINED|CONSTRAINED_202547_2025-11-20_0656|BY_IF
2001-001-002|1006|7210|19-DEC-2026|19-DEC-2026|77.301651|2001-001-002_1006_428|202547|CONSTRAINED|CONSTRAINED|CONSTRAINED_202547_2025-11-20_0656|BY_IF
2001-001-002|1006|7209|12-DEC-2026|12-DEC-2026|77.301651|2001-001-002_1006_428|202547|CONSTRAINED|CONSTRAINED|CONSTRAINED_202547_2025-11-20_0656|BY_IF
2001-001-002|1006|7208|05-DEC-2026|05-DEC-2026|77.301651|2001-001-002_1006_428|202547|CONSTRAINED|CONSTRAINED|CONSTRAINED_202547_2025-11-20_0656|BY_IF
2001-001-002|1006|7207|28-NOV-2026|28-NOV-2026|77.301651|2001-001-002_1006_428|202547|CONSTRAINED|CONSTRAINED|CONSTRAINED_202547_2025-11-20_0656|BY_IF
2001-001-002|1006|7206|21-NOV-2026|21-NOV-2026|77.301651|2001-001-002_1006_428|202547|CONSTRAINED|CONSTRAINED|CONSTRAINED_202547_2025-11-20_0656|BY_IF
2001-001-002|1006|7205|14-NOV-2026|14-NOV-2026|77.301651|2001-001-002_1006_428|202547|CONSTRAINED|CONSTRAINED|CONSTRAINED_202547_2025-11-20_0656|BY_IF
2001-001-002|1006|7204|07-NOV-2026|07-NOV-2026|77.301651|2001-001-002_1006_428|202547|CONSTRAINED|CONSTRAINED|CONSTRAINED_202547_2025-11-20_0656|BY_IF
2001-001-002|1006|7203|31-OCT-2026|31-OCT-2026|77.301651|2001-001-002_1006_428|202547|CONSTRAINED|CONSTRAINED|CONSTRAINED_202547_2025-11-20_0656|BY_IF
2001-001-002|1006|7202|24-OCT-2026|24-OCT-2026|77.301651|2001-001-002_1006_428|202547|CONSTRAINED|CONSTRAINED|CONSTRAINED_202547_2025-11-20_0656|BY_IF
2001-001-002|1006|7201|17-OCT-2026|17-OCT-2026|77.301651|2001-001-002_1006_428|202547|CONSTRAINED|CONSTRAINED|CONSTRAINED_202547_2025-11-20_0656|BY_IF
2001-001-002|1006|7200|10-OCT-2026|10-OCT-2026|77.301651|2001-001-002_1006_428|202547|CONSTRAINED|CONSTRAINED|CONSTRAINED_202547_2025-11-20_0656|BY_IF
2001-001-002|1006|7199|03-OCT-2026|03-OCT-2026|77.301651|2001-001-002_1006_428|202547|CONSTRAINED|CONSTRAINED|CONSTRAINED_202547_2025-11-20_0656|BY_IF
2001-001-002|1006|7198|26-SEP-2026|26-SEP-2026|77.301651|2001-001-002_1006_428|202547|CONSTRAINED|CONSTRAINED|CONSTRAINED_202547_2025-11-20_0656|BY_IF
2001-001-002|1006|7197|19-SEP-2026|19-SEP-2026|77.301651|2001-001-002_1006_428|202547|CONSTRAINED|CONSTRAINED|CONSTRAINED_202547_2025-11-20_0656|BY_IF
2001-001-002|1006|7196|12-SEP-2026|12-SEP-2026|77.301651|2001-001-002_1006_428|202547|CONSTRAINED|CONSTRAINED|CONSTRAINED_202547_2025-11-20_0656|BY_IF
2001-001-002|1006|7195|05-SEP-2026|05-SEP-2026|77.301651|2001-001-002_1006_428|202547|CONSTRAINED|CONSTRAINED|CONSTRAINED_202547_2025-11-20_0656|BY_IF
2001-001-002|1006|7194|29-AUG-2026|29-AUG-2026|77.301651|2001-001-002_1006_428|202547|CONSTRAINED|CONSTRAINED|CONSTRAINED_202547_2025-11-20_0656|BY_IF
2001-001-002|1006|7193|22-AUG-2026|22-AUG-2026|77.301651|2001-001-002_1006_428|202547|CONSTRAINED|CONSTRAINED|CONSTRAINED_202547_2025-11-20_0656|BY_IF
2001-001-002|1006|7192|15-AUG-2026|15-AUG-2026|77.301651|2001-001-002_1006_428|202547|CONSTRAINED|CONSTRAINED|CONSTRAINED_202547_2025-11-20_0656|BY_IF
2001-001-002|1006|7191|08-AUG-2026|08-AUG-2026|77.301651|2001-001-002_1006_428|202547|CONSTRAINED|CONSTRAINED|CONSTRAINED_202547_2025-11-20_0656|BY_IF
2001-001-002|1006|7190|01-AUG-2026|01-AUG-2026|77.301651|2001-001-002_1006_428|202547|CONSTRAINED|CONSTRAINED|CONSTRAINED_202547_2025-11-20_0656|BY_IF
2001-001-002|1006|7189|25-JUL-2026|25-JUL-2026|77.301651|2001-001-002_1006_428|202547|CONSTRAINED|CONSTRAINED|CONSTRAINED_202547_2025-11-20_0656|BY_IF
2001-001-002|1006|7188|18-JUL-2026|18-JUL-2026|77.301651|2001-001-002_1006_428|202547|CONSTRAINED|CONSTRAINED|CONSTRAINED_202547_2025-11-20_0656|BY_IF
2001-001-002|1006|7187|11-JUL-2026|11-JUL-2026|77.301651|2001-001-002_1006_428|202547|CONSTRAINED|CONSTRAINED|CONSTRAINED_202547_2025-11-20_0656|BY_IF
2001-001-002|1006|7186|04-JUL-2026|04-JUL-2026|77.301651|2001-001-002_1006_428|202547|CONSTRAINED|CONSTRAINED|CONSTRAINED_202547_2025-11-20_0656|BY_IF
2001-001-002|1006|7185|27-JUN-2026|27-JUN-2026|77.301651|2001-001-002_1006_428|202547|CONSTRAINED|CONSTRAINED|CONSTRAINED_202547_2025-11-20_0656|BY_IF
2001-001-002|1006|7184|20-JUN-2026|20-JUN-2026|77.301651|2001-001-002_1006_428|202547|CONSTRAINED|CONSTRAINED|CONSTRAINED_202547_2025-11-20_0656|BY_IF
2001-001-002|1006|7183|13-JUN-2026|13-JUN-2026|77.301651|2001-001-002_1006_428|202547|CONSTRAINED|CONSTRAINED|CONSTRAINED_202547_2025-11-20_0656|BY_IF
2001-001-002|1006|7182|06-JUN-2026|06-JUN-2026|77.301651|2001-001-002_1006_428|202547|CONSTRAINED|CONSTRAINED|CONSTRAINED_202547_2025-11-20_0656|BY_IF
2001-001-002|1006|7181|30-MAY-2026|30-MAY-2026|77.301651|2001-001-002_1006_428|202547|CONSTRAINED|CONSTRAINED|CONSTRAINED_202547_2025-11-20_0656|BY_IF
2001-001-002|1006|7180|23-MAY-2026|23-MAY-2026|77.301651|2001-001-002_1006_428|202547|CONSTRAINED|CONSTRAINED|CONSTRAINED_202547_2025-11-20_0656|BY_IF
2001-001-002|1006|7179|16-MAY-2026|16-MAY-2026|77.301651|2001-001-002_1006_428|202547|CONSTRAINED|CONSTRAINED|CONSTRAINED_202547_2025-11-20_0656|BY_IF
2001-001-002|1006|7178|09-MAY-2026|09-MAY-2026|77.301651|2001-001-002_1006_428|202547|CONSTRAINED|CONSTRAINED|CONSTRAINED_202547_2025-11-20_0656|BY_IF
2001-001-002|1006|7177|02-MAY-2026|02-MAY-2026|77.301651|2001-001-002_1006_428|202547|CONSTRAINED|CONSTRAINED|CONSTRAINED_202547_2025-11-20_0656|BY_IF
2001-001-002|1006|7176|25-APR-2026|25-APR-2026|77.301651|2001-001-002_1006_428|202547|CONSTRAINED|CONSTRAINED|CONSTRAINED_202547_2025-11-20_0656|BY_IF
2001-001-002|1006|7175|18-APR-2026|18-APR-2026|77.301651|2001-001-002_1006_428|202547|CONSTRAINED|CONSTRAINED|CONSTRAINED_202547_2025-11-20_0656|BY_IF
2001-001-002|1006|7174|11-APR-2026|11-APR-2026|77.301651|2001-001-002_1006_428|202547|CONSTRAINED|CONSTRAINED|CONSTRAINED_202547_2025-11-20_0656|BY_IF
2001-001-002|1006|7173|04-APR-2026|04-APR-2026|77.301651|2001-001-002_1006_428|202547|CONSTRAINED|CONSTRAINED|CONSTRAINED_202547_2025-11-20_0656|BY_IF
2001-001-002|1006|7172|28-MAR-2026|28-MAR-2026|77.301651|2001-001-002_1006_428|202547|CONSTRAINED|CONSTRAINED|CONSTRAINED_202547_2025-11-20_0656|BY_IF
2001-001-002|1006|7171|21-MAR-2026|21-MAR-2026|77.301651|2001-001-002_1006_428|202547|CONSTRAINED|CONSTRAINED|CONSTRAINED_202547_2025-11-20_0656|BY_IF
2001-001-002|1006|7170|14-MAR-2026|14-MAR-2026|77.301651|2001-001-002_1006_428|202547|CONSTRAINED|CONSTRAINED|CONSTRAINED_202547_2025-11-20_0656|BY_IF
2001-001-002|1006|7169|07-MAR-2026|07-MAR-2026|77.301651|2001-001-002_1006_428|202547|CONSTRAINED|CONSTRAINED|CONSTRAINED_202547_2025-11-20_0656|BY_IF
2001-001-002|1006|7168|28-FEB-2026|28-FEB-2026|77.301651|2001-001-002_1006_428|202547|CONSTRAINED|CONSTRAINED|CONSTRAINED_202547_2025-11-20_0656|BY_IF
2001-001-002|1006|7167|21-FEB-2026|21-FEB-2026|77.301651|2001-001-002_1006_428|202547|CONSTRAINED|CONSTRAINED|CONSTRAINED_202547_2025-11-20_0656|BY_IF
2001-001-002|1006|7166|14-FEB-2026|14-FEB-2026|77.301651|2001-001-002_1006_428|202547|CONSTRAINED|CONSTRAINED|CONSTRAINED_202547_2025-11-20_0656|BY_IF
2001-001-002|1006|7165|07-FEB-2026|07-FEB-2026|77.301651|2001-001-002_1006_428|202547|CONSTRAINED|CONSTRAINED|CONSTRAINED_202547_2025-11-20_0656|BY_IF
2001-001-002|1006|7164|31-JAN-2026|31-JAN-2026|77.301651|2001-001-002_1006_428|202547|CONSTRAINED|CONSTRAINED|CONSTRAINED_202547_2025-11-20_0656|BY_IF
2001-001-002|1006|7163|24-JAN-2026|24-JAN-2026|77.301651|2001-001-002_1006_428|202547|CONSTRAINED|CONSTRAINED|CONSTRAINED_202547_2025-11-20_0656|BY_IF
2001-001-002|1006|7162|17-JAN-2026|17-JAN-2026|77.301651|2001-001-002_1006_428|202547|CONSTRAINED|CONSTRAINED|CONSTRAINED_202547_2025-11-20_0656|BY_IF
2001-001-002|1006|7161|10-JAN-2026|10-JAN-2026|77.301651|2001-001-002_1006_428|202547|CONSTRAINED|CONSTRAINED|CONSTRAINED_202547_2025-11-20_0656|BY_IF
2001-001-002|1006|7160|03-JAN-2026|03-JAN-2026|77.301651|2001-001-002_1006_428|202547|CONSTRAINED|CONSTRAINED|CONSTRAINED_202547_2025-11-20_0656|BY_IF
2001-001-002|1006|7159|27-DEC-2025|27-DEC-2025|77.301651|2001-001-002_1006_428|202547|CONSTRAINED|CONSTRAINED|CONSTRAINED_202547_2025-11-20_0656|BY_IF
2001-001-002|1006|7158|20-DEC-2025|20-DEC-2025|77.301651|2001-001-002_1006_428|202547|CONSTRAINED|CONSTRAINED|CONSTRAINED_202547_2025-11-20_0656|BY_IF
2001-001-002|1006|7157|13-DEC-2025|13-DEC-2025|77.301651|2001-001-002_1006_428|202547|CONSTRAINED|CONSTRAINED|CONSTRAINED_202547_2025-11-20_0656|BY_IF
2001-001-002|1006|7156|06-DEC-2025|06-DEC-2025|50.50375|2001-001-002_1006_428|202547|CONSTRAINED|CONSTRAINED|CONSTRAINED_202547_2025-11-20_0656|BY_IF
2001-001-002|1006|7155|22-NOV-2025|22-NOV-2025|39.166168|2001-001-002_1006_428|202547|CONSTRAINED|CONSTRAINED|CONSTRAINED_202547_2025-11-20_0656|BY_IF
2001-001-002|1006|7154|20-SEP-2025|20-SEP-2025|51.534439|2001-001-002_1006_428|202547|CONSTRAINED|CONSTRAINED|CONSTRAINED_202547_2025-11-20_0656|BY_IF
2001-001-002|1006|7153|30-AUG-2025|30-AUG-2025|10.30689|2001-001-002_1006_428|202547|CONSTRAINED|CONSTRAINED|CONSTRAINED_202547_2025-11-20_0656|BY_IF
2001-001-002|1006|7152|16-AUG-2025|16-AUG-2025|190.677399|2001-001-002_1006_428|202547|CONSTRAINED|CONSTRAINED|CONSTRAINED_202547_2025-11-20_0656|BY_IF
2001-001-002|1006|7151|09-AUG-2025|09-AUG-2025|376.201385|2001-001-002_1006_428|202547|CONSTRAINED|CONSTRAINED|CONSTRAINED_202547_2025-11-20_0656|BY_IF
2001-001-002|1006|7150|26-JUL-2025|26-JUL-2025|267.979095|2001-001-002_1006_428|202547|CONSTRAINED|CONSTRAINED|CONSTRAINED_202547_2025-11-20_0656|BY_IF
2001-001-002|1020|5176|23-AUG-2025|23-AUG-2025|108.222298|2001-001-002_1020_429|202547|CONSTRAINED|CONSTRAINED|CONSTRAINED_202547_2025-11-20_0656|BY_IF
2001-001-002|1020|5175|16-AUG-2025|16-AUG-2025|110.283699|2001-001-002_1020_429|202547|CONSTRAINED|CONSTRAINED|CONSTRAINED_202547_2025-11-20_0656|BY_IF
2001-001-002|1020|5174|09-AUG-2025|09-AUG-2025|247.365295|2001-001-002_1020_429|202547|CONSTRAINED|CONSTRAINED|CONSTRAINED_202547_2025-11-20_0656|BY_IF
2001-001-002|1020|5173|02-AUG-2025|02-AUG-2025|118.529198|2001-001-002_1020_429|202547|CONSTRAINED|CONSTRAINED|CONSTRAINED_202547_2025-11-20_0656|BY_IF
2001-001-003|1006|7324|17-JUL-2027|17-JUL-2027|152.284302|2001-001-003_1006_432|202547|CONSTRAINED|CONSTRAINED|CONSTRAINED_202547_2025-11-20_0656|BY_IF
2001-001-003|1006|7323|10-JUL-2027|10-JUL-2027|76.142128|2001-001-003_1006_432|202547|CONSTRAINED|CONSTRAINED|CONSTRAINED_202547_2025-11-20_0656|BY_IF
2001-001-003|1006|7322|03-JUL-2027|03-JUL-2027|76.142128|2001-001-003_1006_432|202547|CONSTRAINED|CONSTRAINED|CONSTRAINED_202547_2025-11-20_0656|BY_IF
2001-001-003|1006|7321|26-JUN-2027|26-JUN-2027|76.142128|2001-001-003_1006_432|202547|CONSTRAINED|CONSTRAINED|CONSTRAINED_202547_2025-11-20_0656|BY_IF
2001-001-003|1006|7320|19-JUN-2027|19-JUN-2027|76.142128|2001-001-003_1006_432|202547|CONSTRAINED|CONSTRAINED|CONSTRAINED_202547_2025-11-20_0656|BY_IF
2001-001-003|1006|7319|12-JUN-2027|12-JUN-2027|76.142128|2001-001-003_1006_432|202547|CONSTRAINED|CONSTRAINED|CONSTRAINED_202547_2025-11-20_0656|BY_IF
2001-001-003|1006|7318|05-JUN-2027|05-JUN-2027|76.142128|2001-001-003_1006_432|202547|CONSTRAINED|CONSTRAINED|CONSTRAINED_202547_2025-11-20_0656|BY_IF
2001-001-003|1006|7317|29-MAY-2027|29-MAY-2027|76.142128|2001-001-003_1006_432|202547|CONSTRAINED|CONSTRAINED|CONSTRAINED_202547_2025-11-20_0656|BY_IF
2001-001-003|1006|7316|22-MAY-2027|22-MAY-2027|76.142128|2001-001-003_1006_432|202547|CONSTRAINED|CONSTRAINED|CONSTRAINED_202547_2025-11-20_0656|BY_IF
2001-001-003|1006|7315|15-MAY-2027|15-MAY-2027|76.142128|2001-001-003_1006_432|202547|CONSTRAINED|CONSTRAINED|CONSTRAINED_202547_2025-11-20_0656|BY_IF
2001-001-003|1006|7314|08-MAY-2027|08-MAY-2027|76.142128|2001-001-003_1006_432|202547|CONSTRAINED|CONSTRAINED|CONSTRAINED_202547_2025-11-20_0656|BY_IF
2001-001-003|1006|7313|01-MAY-2027|01-MAY-2027|76.142128|2001-001-003_1006_432|202547|CONSTRAINED|CONSTRAINED|CONSTRAINED_202547_2025-11-20_0656|BY_IF
2001-001-003|1006|7312|24-APR-2027|24-APR-2027|76.142128|2001-001-003_1006_432|202547|CONSTRAINED|CONSTRAINED|CONSTRAINED_202547_2025-11-20_0656|BY_IF
2001-001-003|1006|7311|17-APR-2027|17-APR-2027|76.142128|2001-001-003_1006_432|202547|CONSTRAINED|CONSTRAINED|CONSTRAINED_202547_2025-11-20_0656|BY_IF
2001-001-003|1006|7310|10-APR-2027|10-APR-2027|76.142128|2001-001-003_1006_432|202547|CONSTRAINED|CONSTRAINED|CONSTRAINED_202547_2025-11-20_0656|BY_IF
2001-001-003|1006|7309|03-APR-2027|03-APR-2027|76.142128|2001-001-003_1006_432|202547|CONSTRAINED|CONSTRAINED|CONSTRAINED_202547_2025-11-20_0656|BY_IF
2001-001-003|1006|7308|27-MAR-2027|27-MAR-2027|76.142128|2001-001-003_1006_432|202547|CONSTRAINED|CONSTRAINED|CONSTRAINED_202547_2025-11-20_0656|BY_IF
2001-001-003|1006|7307|20-MAR-2027|20-MAR-2027|76.142128|2001-001-003_1006_432|202547|CONSTRAINED|CONSTRAINED|CONSTRAINED_202547_2025-11-20_0656|BY_IF
2001-001-003|1006|7306|13-MAR-2027|13-MAR-2027|76.142128|2001-001-003_1006_432|202547|CONSTRAINED|CONSTRAINED|CONSTRAINED_202547_2025-11-20_0656|BY_IF
2001-001-003|1006|7305|06-MAR-2027|06-MAR-2027|76.142128|2001-001-003_1006_432|202547|CONSTRAINED|CONSTRAINED|CONSTRAINED_202547_2025-11-20_0656|BY_IF
2001-001-003|1006|7304|27-FEB-2027|27-FEB-2027|76.142128|2001-001-003_1006_432|202547|CONSTRAINED|CONSTRAINED|CONSTRAINED_202547_2025-11-20_0656|BY_IF
2001-001-003|1006|7303|20-FEB-2027|20-FEB-2027|76.142128|2001-001-003_1006_432|202547|CONSTRAINED|CONSTRAINED|CONSTRAINED_202547_2025-11-20_0656|BY_IF
2001-001-003|1006|7302|13-FEB-2027|13-FEB-2027|76.142128|2001-001-003_1006_432|202547|CONSTRAINED|CONSTRAINED|CONSTRAINED_202547_2025-11-20_0656|BY_IF
2001-001-003|1006|7301|06-FEB-2027|06-FEB-2027|76.142128|2001-001-003_1006_432|202547|CONSTRAINED|CONSTRAINED|CONSTRAINED_202547_2025-11-20_0656|BY_IF
2001-001-003|1006|7300|30-JAN-2027|30-JAN-2027|76.142128|2001-001-003_1006_432|202547|CONSTRAINED|CONSTRAINED|CONSTRAINED_202547_2025-11-20_0656|BY_IF
2001-001-003|1006|7299|23-JAN-2027|23-JAN-2027|76.142128|2001-001-003_1006_432|202547|CONSTRAINED|CONSTRAINED|CONSTRAINED_202547_2025-11-20_0656|BY_IF
2001-001-003|1006|7298|16-JAN-2027|16-JAN-2027|76.142128|2001-001-003_1006_432|202547|CONSTRAINED|CONSTRAINED|CONSTRAINED_202547_2025-11-20_0656|BY_IF
2001-001-003|1006|7297|09-JAN-2027|09-JAN-2027|76.142128|2001-001-003_1006_432|202547|CONSTRAINED|CONSTRAINED|CONSTRAINED_202547_2025-11-20_0656|BY_IF
2001-001-003|1006|7296|02-JAN-2027|02-JAN-2027|76.142128|2001-001-003_1006_432|202547|CONSTRAINED|CONSTRAINED|CONSTRAINED_202547_2025-11-20_0656|BY_IF
2001-001-003|1006|7295|26-DEC-2026|26-DEC-2026|76.142128|2001-001-003_1006_432|202547|CONSTRAINED|CONSTRAINED|CONSTRAINED_202547_2025-11-20_0656|BY_IF
2001-001-003|1006|7294|19-DEC-2026|19-DEC-2026|76.142128|2001-001-003_1006_432|202547|CONSTRAINED|CONSTRAINED|CONSTRAINED_202547_2025-11-20_0656|BY_IF
2001-001-003|1006|7293|12-DEC-2026|12-DEC-2026|76.142128|2001-001-003_1006_432|202547|CONSTRAINED|CONSTRAINED|CONSTRAINED_202547_2025-11-20_0656|BY_IF
2001-001-003|1006|7292|05-DEC-2026|05-DEC-2026|76.142128|2001-001-003_1006_432|202547|CONSTRAINED|CONSTRAINED|CONSTRAINED_202547_2025-11-20_0656|BY_IF
2001-001-003|1006|7291|28-NOV-2026|28-NOV-2026|76.142128|2001-001-003_1006_432|202547|CONSTRAINED|CONSTRAINED|CONSTRAINED_202547_2025-11-20_0656|BY_IF
2001-001-003|1006|7290|21-NOV-2026|21-NOV-2026|76.142128|2001-001-003_1006_432|202547|CONSTRAINED|CONSTRAINED|CONSTRAINED_202547_2025-11-20_0656|BY_IF
2001-001-003|1006|7289|14-NOV-2026|14-NOV-2026|76.142128|2001-001-003_1006_432|202547|CONSTRAINED|CONSTRAINED|CONSTRAINED_202547_2025-11-20_0656|BY_IF
2001-001-003|1006|7288|07-NOV-2026|07-NOV-2026|76.142128|2001-001-003_1006_432|202547|CONSTRAINED|CONSTRAINED|CONSTRAINED_202547_2025-11-20_0656|BY_IF
2001-001-003|1006|7287|31-OCT-2026|31-OCT-2026|76.142128|2001-001-003_1006_432|202547|CONSTRAINED|CONSTRAINED|CONSTRAINED_202547_2025-11-20_0656|BY_IF
2001-001-003|1006|7286|24-OCT-2026|24-OCT-2026|76.142128|2001-001-003_1006_432|202547|CONSTRAINED|CONSTRAINED|CONSTRAINED_202547_2025-11-20_0656|BY_IF
2001-001-003|1006|7285|17-OCT-2026|17-OCT-2026|76.142128|2001-001-003_1006_432|202547|CONSTRAINED|CONSTRAINED|CONSTRAINED_202547_2025-11-20_0656|BY_IF
2001-001-003|1006|7284|10-OCT-2026|10-OCT-2026|76.142128|2001-001-003_1006_432|202547|CONSTRAINED|CONSTRAINED|CONSTRAINED_202547_2025-11-20_0656|BY_IF
2001-001-003|1006|7283|03-OCT-2026|03-OCT-2026|76.142128|2001-001-003_1006_432|202547|CONSTRAINED|CONSTRAINED|CONSTRAINED_202547_2025-11-20_0656|BY_IF
2001-001-003|1006|7282|26-SEP-2026|26-SEP-2026|76.142128|2001-001-003_1006_432|202547|CONSTRAINED|CONSTRAINED|CONSTRAINED_202547_2025-11-20_0656|BY_IF
2001-001-003|1006|7281|19-SEP-2026|19-SEP-2026|76.142128|2001-001-003_1006_432|202547|CONSTRAINED|CONSTRAINED|CONSTRAINED_202547_2025-11-20_0656|BY_IF
2001-001-003|1006|7280|12-SEP-2026|12-SEP-2026|76.142128|2001-001-003_1006_432|202547|CONSTRAINED|CONSTRAINED|CONSTRAINED_202547_2025-11-20_0656|BY_IF
2001-001-003|1006|7279|05-SEP-2026|05-SEP-2026|76.142128|2001-001-003_1006_432|202547|CONSTRAINED|CONSTRAINED|CONSTRAINED_202547_2025-11-20_0656|BY_IF
2001-001-003|1006|7278|29-AUG-2026|29-AUG-2026|76.142128|2001-001-003_1006_432|202547|CONSTRAINED|CONSTRAINED|CONSTRAINED_202547_2025-11-20_0656|BY_IF
2001-001-003|1006|7277|22-AUG-2026|22-AUG-2026|76.142128|2001-001-003_1006_432|202547|CONSTRAINED|CONSTRAINED|CONSTRAINED_202547_2025-11-20_0656|BY_IF
2001-001-003|1006|7276|15-AUG-2026|15-AUG-2026|76.142128|2001-001-003_1006_432|202547|CONSTRAINED|CONSTRAINED|CONSTRAINED_202547_2025-11-20_0656|BY_IF
2001-001-003|1006|7275|08-AUG-2026|08-AUG-2026|76.142128|2001-001-003_1006_432|202547|CONSTRAINED|CONSTRAINED|CONSTRAINED_202547_2025-11-20_0656|BY_IF
2001-001-003|1006|7274|01-AUG-2026|01-AUG-2026|76.142128|2001-001-003_1006_432|202547|CONSTRAINED|CONSTRAINED|CONSTRAINED_202547_2025-11-20_0656|BY_IF
2001-001-003|1006|7273|25-JUL-2026|25-JUL-2026|76.142128|2001-001-003_1006_432|202547|CONSTRAINED|CONSTRAINED|CONSTRAINED_202547_2025-11-20_0656|BY_IF
2001-001-003|1006|7272|18-JUL-2026|18-JUL-2026|76.142128|2001-001-003_1006_432|202547|CONSTRAINED|CONSTRAINED|CONSTRAINED_202547_2025-11-20_0656|BY_IF
2001-001-003|1006|7271|11-JUL-2026|11-JUL-2026|76.142128|2001-001-003_1006_432|202547|CONSTRAINED|CONSTRAINED|CONSTRAINED_202547_2025-11-20_0656|BY_IF
2001-001-003|1006|7270|04-JUL-2026|04-JUL-2026|76.142128|2001-001-003_1006_432|202547|CONSTRAINED|CONSTRAINED|CONSTRAINED_202547_2025-11-20_0656|BY_IF
2001-001-003|1006|7269|27-JUN-2026|27-JUN-2026|76.142128|2001-001-003_1006_432|202547|CONSTRAINED|CONSTRAINED|CONSTRAINED_202547_2025-11-20_0656|BY_IF
2001-001-003|1006|7268|20-JUN-2026|20-JUN-2026|76.142128|2001-001-003_1006_432|202547|CONSTRAINED|CONSTRAINED|CONSTRAINED_202547_2025-11-20_0656|BY_IF
2001-001-003|1006|7267|13-JUN-2026|13-JUN-2026|76.142128|2001-001-003_1006_432|202547|CONSTRAINED|CONSTRAINED|CONSTRAINED_202547_2025-11-20_0656|BY_IF
2001-001-003|1006|7266|06-JUN-2026|06-JUN-2026|76.142128|2001-001-003_1006_432|202547|CONSTRAINED|CONSTRAINED|CONSTRAINED_202547_2025-11-20_0656|BY_IF
2001-001-003|1006|7265|30-MAY-2026|30-MAY-2026|76.142128|2001-001-003_1006_432|202547|CONSTRAINED|CONSTRAINED|CONSTRAINED_202547_2025-11-20_0656|BY_IF
2001-001-003|1006|7264|23-MAY-2026|23-MAY-2026|76.142128|2001-001-003_1006_432|202547|CONSTRAINED|CONSTRAINED|CONSTRAINED_202547_2025-11-20_0656|BY_IF
2001-001-003|1006|7263|16-MAY-2026|16-MAY-2026|76.142128|2001-001-003_1006_432|202547|CONSTRAINED|CONSTRAINED|CONSTRAINED_202547_2025-11-20_0656|BY_IF
2001-001-003|1006|7262|09-MAY-2026|09-MAY-2026|76.142128|2001-001-003_1006_432|202547|CONSTRAINED|CONSTRAINED|CONSTRAINED_202547_2025-11-20_0656|BY_IF
2001-001-003|1006|7261|02-MAY-2026|02-MAY-2026|76.142128|2001-001-003_1006_432|202547|CONSTRAINED|CONSTRAINED|CONSTRAINED_202547_2025-11-20_0656|BY_IF
2001-001-003|1006|7260|25-APR-2026|25-APR-2026|76.142128|2001-001-003_1006_432|202547|CONSTRAINED|CONSTRAINED|CONSTRAINED_202547_2025-11-20_0656|BY_IF
2001-001-003|1006|7259|18-APR-2026|18-APR-2026|76.142128|2001-001-003_1006_432|202547|CONSTRAINED|CONSTRAINED|CONSTRAINED_202547_2025-11-20_0656|BY_IF
2001-001-003|1006|7258|11-APR-2026|11-APR-2026|76.142128|2001-001-003_1006_432|202547|CONSTRAINED|CONSTRAINED|CONSTRAINED_202547_2025-11-20_0656|BY_IF
2001-001-003|1006|7257|04-APR-2026|04-APR-2026|76.142128|2001-001-003_1006_432|202547|CONSTRAINED|CONSTRAINED|CONSTRAINED_202547_2025-11-20_0656|BY_IF
2001-001-003|1006|7256|28-MAR-2026|28-MAR-2026|76.142128|2001-001-003_1006_432|202547|CONSTRAINED|CONSTRAINED|CONSTRAINED_202547_2025-11-20_0656|BY_IF
2001-001-003|1006|7255|21-MAR-2026|21-MAR-2026|76.142128|2001-001-003_1006_432|202547|CONSTRAINED|CONSTRAINED|CONSTRAINED_202547_2025-11-20_0656|BY_IF
2001-001-003|1006|7254|14-MAR-2026|14-MAR-2026|76.142128|2001-001-003_1006_432|202547|CONSTRAINED|CONSTRAINED|CONSTRAINED_202547_2025-11-20_0656|BY_IF
2001-001-003|1006|7253|07-MAR-2026|07-MAR-2026|76.142128|2001-001-003_1006_432|202547|CONSTRAINED|CONSTRAINED|CONSTRAINED_202547_2025-11-20_0656|BY_IF
2001-001-003|1006|7252|28-FEB-2026|28-FEB-2026|76.142128|2001-001-003_1006_432|202547|CONSTRAINED|CONSTRAINED|CONSTRAINED_202547_2025-11-20_0656|BY_IF
2001-001-003|1006|7251|21-FEB-2026|21-FEB-2026|76.142128|2001-001-003_1006_432|202547|CONSTRAINED|CONSTRAINED|CONSTRAINED_202547_2025-11-20_0656|BY_IF
2001-001-003|1006|7250|14-FEB-2026|14-FEB-2026|76.142128|2001-001-003_1006_432|202547|CONSTRAINED|CONSTRAINED|CONSTRAINED_202547_2025-11-20_0656|BY_IF
2001-001-003|1006|7249|07-FEB-2026|07-FEB-2026|41.126759|2001-001-003_1006_432|202547|CONSTRAINED|CONSTRAINED|CONSTRAINED_202547_2025-11-20_0656|BY_IF
2001-001-003|1006|7248|13-SEP-2025|13-SEP-2025|744.659973|2001-001-003_1006_432|202547|CONSTRAINED|CONSTRAINED|CONSTRAINED_202547_2025-11-20_0656|BY_IF
2001-001-003|1006|7247|30-AUG-2025|30-AUG-2025|10.15228|2001-001-003_1006_432|202547|CONSTRAINED|CONSTRAINED|CONSTRAINED_202547_2025-11-20_0656|BY_IF
2001-001-003|1006|7246|23-AUG-2025|23-AUG-2025|101.522797|2001-001-003_1006_432|202547|CONSTRAINED|CONSTRAINED|CONSTRAINED_202547_2025-11-20_0656|BY_IF
2001-001-003|1006|7245|16-AUG-2025|16-AUG-2025|382.741089|2001-001-003_1006_432|202547|CONSTRAINED|CONSTRAINED|CONSTRAINED_202547_2025-11-20_0656|BY_IF
2001-001-003|1006|7244|09-AUG-2025|09-AUG-2025|716.345215|2001-001-003_1006_432|202547|CONSTRAINED|CONSTRAINED|CONSTRAINED_202547_2025-11-20_0656|BY_IF
2001-001-003|1006|7243|02-AUG-2025|02-AUG-2025|9.543147|2001-001-003_1006_432|202547|CONSTRAINED|CONSTRAINED|CONSTRAINED_202547_2025-11-20_0656|BY_IF
2001-001-003|1006|7242|26-JUL-2025|26-JUL-2025|451.776611|2001-001-003_1006_432|202547|CONSTRAINED|CONSTRAINED|CONSTRAINED_202547_2025-11-20_0656|BY_IF
