ITEM|LOC|SEQNUM|CONSUMEDQTY|DMDGROUP|U_CUST_TIER|U_RTF_FLAG|NEEDDATE|MAXLATEDUR|QTY|PRIORITY|DUR|TYPE|U_UPSIDEFCSTPRIORITY|CAPTURE_WK|CAPTURE_TYPE|SIMULATION_NAME|SOLVE_VERSION|U_PLANMODULE
100000000004|VF|538|0|6200000072|1|1|02-MAY-2026|0|75|400|10080|10|0|202547|CONSTRAINED|CONSTRAINED|CONSTRAINED_202547_2025-11-20_0656|BY_IF
100000000004|VF|539|0|6200000072|1|1|25-APR-2026|0|75|400|10080|10|0|202547|CONSTRAINED|CONSTRAINED|CONSTRAINED_202547_2025-11-20_0656|BY_IF
100000000004|VF|540|0|6200000072|1|1|09-MAY-2026|0|75|400|10080|10|0|202547|CONSTRAINED|CONSTRAINED|CONSTRAINED_202547_2025-11-20_0656|BY_IF
100000000004|VF|541|0|6200000072|1|1|16-MAY-2026|0|75|400|10080|10|0|202547|CONSTRAINED|CONSTRAINED|CONSTRAINED_202547_2025-11-20_0656|BY_IF
100000000004|VF|542|0|6200000072|1|1|23-MAY-2026|0|75|400|10080|10|0|202547|CONSTRAINED|CONSTRAINED|CONSTRAINED_202547_2025-11-20_0656|BY_IF
100000000004|VF|543|0|6200000072|1|1|30-MAY-2026|0|75|400|10080|10|0|202547|CONSTRAINED|CONSTRAINED|CONSTRAINED_202547_2025-11-20_0656|BY_IF
100000000004|VF|544|0|6200000072|1|1|06-JUN-2026|0|75|400|10080|10|0|202547|CONSTRAINED|CONSTRAINED|CONSTRAINED_202547_2025-11-20_0656|BY_IF
100000000004|VF|545|0|6200000072|1|1|13-JUN-2026|0|75|400|10080|10|0|202547|CONSTRAINED|CONSTRAINED|CONSTRAINED_202547_2025-11-20_0656|BY_IF
100000000004|VF|546|0|6200000072|1|1|22-NOV-2025|0|38|510|10080|11|0|202547|CONSTRAINED|CONSTRAINED|CONSTRAINED_202547_2025-11-20_0656|BY_IF
100000000004|VF|547|0|6200000072|1|1|20-JUN-2026|0|75|400|10080|10|0|202547|CONSTRAINED|CONSTRAINED|CONSTRAINED_202547_2025-11-20_0656|BY_IF
100000000004|VF|548|0|6200000072|1|1|27-JUN-2026|0|75|400|10080|10|0|202547|CONSTRAINED|CONSTRAINED|CONSTRAINED_202547_2025-11-20_0656|BY_IF
100000000004|VF|549|0|6200000072|1|1|21-FEB-2026|0|75|400|10080|10|0|202547|CONSTRAINED|CONSTRAINED|CONSTRAINED_202547_2025-11-20_0656|BY_IF
100000000004|VF|550|0|6200000072|1|1|14-FEB-2026|0|75|400|10080|10|0|202547|CONSTRAINED|CONSTRAINED|CONSTRAINED_202547_2025-11-20_0656|BY_IF
100000000004|VF|551|0|6200000072|1|1|06-DEC-2025|0|49|400|10080|10|0|202547|CONSTRAINED|CONSTRAINED|CONSTRAINED_202547_2025-11-20_0656|BY_IF
100000000004|VF|552|0|6200000072|1|1|13-DEC-2025|0|75|400|10080|10|0|202547|CONSTRAINED|CONSTRAINED|CONSTRAINED_202547_2025-11-20_0656|BY_IF
100000000004|VF|553|0|6200000072|1|1|04-JUL-2026|0|75|400|10080|10|0|202547|CONSTRAINED|CONSTRAINED|CONSTRAINED_202547_2025-11-20_0656|BY_IF
100000000004|VF|554|0|6200000072|1|1|11-JUL-2026|0|75|400|10080|10|0|202547|CONSTRAINED|CONSTRAINED|CONSTRAINED_202547_2025-11-20_0656|BY_IF
100000000004|VF|555|0|6200000072|1|1|07-MAR-2026|0|75|400|10080|10|0|202547|CONSTRAINED|CONSTRAINED|CONSTRAINED_202547_2025-11-20_0656|BY_IF
100000000004|VF|556|0|6200000072|1|1|28-FEB-2026|0|75|400|10080|10|0|202547|CONSTRAINED|CONSTRAINED|CONSTRAINED_202547_2025-11-20_0656|BY_IF
100000000004|VF|557|0|6200000072|1|1|20-DEC-2025|0|75|400|10080|10|0|202547|CONSTRAINED|CONSTRAINED|CONSTRAINED_202547_2025-11-20_0656|BY_IF
100000000004|VF|558|0|6200000072|1|1|27-DEC-2025|0|75|400|10080|10|0|202547|CONSTRAINED|CONSTRAINED|CONSTRAINED_202547_2025-11-20_0656|BY_IF
100000000004|VF|559|0|6200000072|1|1|18-JUL-2026|0|75|400|10080|10|0|202547|CONSTRAINED|CONSTRAINED|CONSTRAINED_202547_2025-11-20_0656|BY_IF
100000000004|VF|560|0|6200000072|1|1|25-JUL-2026|0|75|400|10080|10|0|202547|CONSTRAINED|CONSTRAINED|CONSTRAINED_202547_2025-11-20_0656|BY_IF
100000000004|VF|561|0|6200000072|1|1|21-MAR-2026|0|75|400|10080|10|0|202547|CONSTRAINED|CONSTRAINED|CONSTRAINED_202547_2025-11-20_0656|BY_IF
100000000004|VF|562|0|6200000072|1|1|14-MAR-2026|0|75|400|10080|10|0|202547|CONSTRAINED|CONSTRAINED|CONSTRAINED_202547_2025-11-20_0656|BY_IF
100000000004|VF|563|0|6200000072|1|1|03-JAN-2026|0|75|400|10080|10|0|202547|CONSTRAINED|CONSTRAINED|CONSTRAINED_202547_2025-11-20_0656|BY_IF
100000000004|VF|564|0|6200000072|1|1|10-JAN-2026|0|75|400|10080|10|0|202547|CONSTRAINED|CONSTRAINED|CONSTRAINED_202547_2025-11-20_0656|BY_IF
100000000004|VF|565|0|6200000072|1|1|04-APR-2026|0|75|400|10080|10|0|202547|CONSTRAINED|CONSTRAINED|CONSTRAINED_202547_2025-11-20_0656|BY_IF
100000000004|VF|566|0|6200000072|1|1|28-MAR-2026|0|75|400|10080|10|0|202547|CONSTRAINED|CONSTRAINED|CONSTRAINED_202547_2025-11-20_0656|BY_IF
100000000004|VF|567|0|6200000072|1|1|24-JAN-2026|0|75|400|10080|10|0|202547|CONSTRAINED|CONSTRAINED|CONSTRAINED_202547_2025-11-20_0656|BY_IF
100000000004|VF|568|0|6200000072|1|1|17-JAN-2026|0|75|400|10080|10|0|202547|CONSTRAINED|CONSTRAINED|CONSTRAINED_202547_2025-11-20_0656|BY_IF
100000000004|VF|569|0|6200000072|1|1|18-APR-2026|0|75|400|10080|10|0|202547|CONSTRAINED|CONSTRAINED|CONSTRAINED_202547_2025-11-20_0656|BY_IF
100000000004|VF|570|0|6200000072|1|1|11-APR-2026|0|75|400|10080|10|0|202547|CONSTRAINED|CONSTRAINED|CONSTRAINED_202547_2025-11-20_0656|BY_IF
100000000004|VF|571|0|6200000072|1|1|07-FEB-2026|0|75|400|10080|10|0|202547|CONSTRAINED|CONSTRAINED|CONSTRAINED_202547_2025-11-20_0656|BY_IF
100000000004|VF|572|0|6200000072|1|1|31-JAN-2026|0|75|400|10080|10|0|202547|CONSTRAINED|CONSTRAINED|CONSTRAINED_202547_2025-11-20_0656|BY_IF
100000000004|VF|601|0|6200000072|1|0|17-JUL-2027|0|75|1200|10080|13|0|202547|CONSTRAINED|CONSTRAINED|CONSTRAINED_202547_2025-11-20_0656|BY_IF
100000000004|VF|602|0|6200000072|1|0|01-MAY-2027|0|75|1200|10080|13|0|202547|CONSTRAINED|CONSTRAINED|CONSTRAINED_202547_2025-11-20_0656|BY_IF
100000000004|VF|603|0|6200000072|1|0|10-JUL-2027|0|75|1200|10080|13|0|202547|CONSTRAINED|CONSTRAINED|CONSTRAINED_202547_2025-11-20_0656|BY_IF
100000000004|VF|604|0|6200000072|1|0|24-JUL-2027|0|75|1200|10080|13|0|202547|CONSTRAINED|CONSTRAINED|CONSTRAINED_202547_2025-11-20_0656|BY_IF
100000000004|VF|605|0|6200000072|1|0|10-OCT-2026|0|75|1200|10080|13|0|202547|CONSTRAINED|CONSTRAINED|CONSTRAINED_202547_2025-11-20_0656|BY_IF
100000000004|VF|606|0|6200000072|1|0|03-OCT-2026|0|75|1200|10080|13|0|202547|CONSTRAINED|CONSTRAINED|CONSTRAINED_202547_2025-11-20_0656|BY_IF
100000000004|VF|607|0|6200000072|1|0|01-AUG-2026|0|75|1200|10080|13|0|202547|CONSTRAINED|CONSTRAINED|CONSTRAINED_202547_2025-11-20_0656|BY_IF
100000000004|VF|608|0|6200000072|1|0|26-SEP-2026|0|75|1200|10080|13|0|202547|CONSTRAINED|CONSTRAINED|CONSTRAINED_202547_2025-11-20_0656|BY_IF
100000000004|VF|609|0|6200000072|1|0|19-SEP-2026|0|75|1200|10080|13|0|202547|CONSTRAINED|CONSTRAINED|CONSTRAINED_202547_2025-11-20_0656|BY_IF
100000000004|VF|610|0|6200000072|1|0|12-SEP-2026|0|75|1200|10080|13|0|202547|CONSTRAINED|CONSTRAINED|CONSTRAINED_202547_2025-11-20_0656|BY_IF
100000000004|VF|611|0|6200000072|1|0|05-SEP-2026|0|75|1200|10080|13|0|202547|CONSTRAINED|CONSTRAINED|CONSTRAINED_202547_2025-11-20_0656|BY_IF
100000000004|VF|612|0|6200000072|1|0|22-AUG-2026|0|75|1200|10080|13|0|202547|CONSTRAINED|CONSTRAINED|CONSTRAINED_202547_2025-11-20_0656|BY_IF
100000000004|VF|613|0|6200000072|1|0|29-AUG-2026|0|75|1200|10080|13|0|202547|CONSTRAINED|CONSTRAINED|CONSTRAINED_202547_2025-11-20_0656|BY_IF
100000000004|VF|614|0|6200000072|1|0|08-AUG-2026|0|75|1200|10080|13|0|202547|CONSTRAINED|CONSTRAINED|CONSTRAINED_202547_2025-11-20_0656|BY_IF
100000000004|VF|615|0|6200000072|1|0|15-AUG-2026|0|75|1200|10080|13|0|202547|CONSTRAINED|CONSTRAINED|CONSTRAINED_202547_2025-11-20_0656|BY_IF
100000000004|VF|616|0|6200000072|1|0|24-OCT-2026|0|75|1200|10080|13|0|202547|CONSTRAINED|CONSTRAINED|CONSTRAINED_202547_2025-11-20_0656|BY_IF
100000000004|VF|617|0|6200000072|1|0|26-DEC-2026|0|75|1200|10080|13|0|202547|CONSTRAINED|CONSTRAINED|CONSTRAINED_202547_2025-11-20_0656|BY_IF
100000000004|VF|618|0|6200000072|1|0|27-MAR-2027|0|75|1200|10080|13|0|202547|CONSTRAINED|CONSTRAINED|CONSTRAINED_202547_2025-11-20_0656|BY_IF
100000000004|VF|619|0|6200000072|1|0|29-MAY-2027|0|75|1200|10080|13|0|202547|CONSTRAINED|CONSTRAINED|CONSTRAINED_202547_2025-11-20_0656|BY_IF
100000000004|VF|620|0|6200000072|1|0|17-OCT-2026|0|75|1200|10080|13|0|202547|CONSTRAINED|CONSTRAINED|CONSTRAINED_202547_2025-11-20_0656|BY_IF
100000000004|VF|621|0|6200000072|1|0|02-JAN-2027|0|75|1200|10080|13|0|202547|CONSTRAINED|CONSTRAINED|CONSTRAINED_202547_2025-11-20_0656|BY_IF
100000000004|VF|622|0|6200000072|1|0|20-MAR-2027|0|75|1200|10080|13|0|202547|CONSTRAINED|CONSTRAINED|CONSTRAINED_202547_2025-11-20_0656|BY_IF
100000000004|VF|623|0|6200000072|1|0|05-JUN-2027|0|75|1200|10080|13|0|202547|CONSTRAINED|CONSTRAINED|CONSTRAINED_202547_2025-11-20_0656|BY_IF
100000000004|VF|624|0|6200000072|1|0|07-NOV-2026|0|75|1200|10080|13|0|202547|CONSTRAINED|CONSTRAINED|CONSTRAINED_202547_2025-11-20_0656|BY_IF
100000000004|VF|625|0|6200000072|1|0|09-JAN-2027|0|75|1200|10080|13|0|202547|CONSTRAINED|CONSTRAINED|CONSTRAINED_202547_2025-11-20_0656|BY_IF
100000000004|VF|626|0|6200000072|1|0|13-MAR-2027|0|75|1200|10080|13|0|202547|CONSTRAINED|CONSTRAINED|CONSTRAINED_202547_2025-11-20_0656|BY_IF
100000000004|VF|627|0|6200000072|1|0|15-MAY-2027|0|75|1200|10080|13|0|202547|CONSTRAINED|CONSTRAINED|CONSTRAINED_202547_2025-11-20_0656|BY_IF
100000000004|VF|628|0|6200000072|1|0|31-OCT-2026|0|75|1200|10080|13|0|202547|CONSTRAINED|CONSTRAINED|CONSTRAINED_202547_2025-11-20_0656|BY_IF
100000000004|VF|629|0|6200000072|1|0|16-JAN-2027|0|75|1200|10080|13|0|202547|CONSTRAINED|CONSTRAINED|CONSTRAINED_202547_2025-11-20_0656|BY_IF
100000000004|VF|630|0|6200000072|1|0|06-MAR-2027|0|75|1200|10080|13|0|202547|CONSTRAINED|CONSTRAINED|CONSTRAINED_202547_2025-11-20_0656|BY_IF
100000000004|VF|631|0|6200000072|1|0|22-MAY-2027|0|75|1200|10080|13|0|202547|CONSTRAINED|CONSTRAINED|CONSTRAINED_202547_2025-11-20_0656|BY_IF
100000000004|VF|632|0|6200000072|1|0|14-NOV-2026|0|75|1200|10080|13|0|202547|CONSTRAINED|CONSTRAINED|CONSTRAINED_202547_2025-11-20_0656|BY_IF
100000000004|VF|633|0|6200000072|1|0|30-JAN-2027|0|75|1200|10080|13|0|202547|CONSTRAINED|CONSTRAINED|CONSTRAINED_202547_2025-11-20_0656|BY_IF
100000000004|VF|634|0|6200000072|1|0|17-APR-2027|0|75|1200|10080|13|0|202547|CONSTRAINED|CONSTRAINED|CONSTRAINED_202547_2025-11-20_0656|BY_IF
100000000004|VF|635|0|6200000072|1|0|03-JUL-2027|0|75|1200|10080|13|0|202547|CONSTRAINED|CONSTRAINED|CONSTRAINED_202547_2025-11-20_0656|BY_IF
100000000004|VF|636|0|6200000072|1|0|21-NOV-2026|0|75|1200|10080|13|0|202547|CONSTRAINED|CONSTRAINED|CONSTRAINED_202547_2025-11-20_0656|BY_IF
100000000004|VF|637|0|6200000072|1|0|23-JAN-2027|0|75|1200|10080|13|0|202547|CONSTRAINED|CONSTRAINED|CONSTRAINED_202547_2025-11-20_0656|BY_IF
100000000004|VF|638|0|6200000072|1|0|24-APR-2027|0|75|1200|10080|13|0|202547|CONSTRAINED|CONSTRAINED|CONSTRAINED_202547_2025-11-20_0656|BY_IF
100000000004|VF|639|0|6200000072|1|0|26-JUN-2027|0|75|1200|10080|13|0|202547|CONSTRAINED|CONSTRAINED|CONSTRAINED_202547_2025-11-20_0656|BY_IF
100000000004|VF|640|0|6200000072|1|0|28-NOV-2026|0|75|1200|10080|13|0|202547|CONSTRAINED|CONSTRAINED|CONSTRAINED_202547_2025-11-20_0656|BY_IF
100000000004|VF|641|0|6200000072|1|0|13-FEB-2027|0|75|1200|10080|13|0|202547|CONSTRAINED|CONSTRAINED|CONSTRAINED_202547_2025-11-20_0656|BY_IF
100000000004|VF|642|0|6200000072|1|0|03-APR-2027|0|75|1200|10080|13|0|202547|CONSTRAINED|CONSTRAINED|CONSTRAINED_202547_2025-11-20_0656|BY_IF
100000000004|VF|643|0|6200000072|1|0|19-JUN-2027|0|75|1200|10080|13|0|202547|CONSTRAINED|CONSTRAINED|CONSTRAINED_202547_2025-11-20_0656|BY_IF
100000000004|VF|644|0|6200000072|1|0|05-DEC-2026|0|75|1200|10080|13|0|202547|CONSTRAINED|CONSTRAINED|CONSTRAINED_202547_2025-11-20_0656|BY_IF
100000000004|VF|645|0|6200000072|1|0|06-FEB-2027|0|75|1200|10080|13|0|202547|CONSTRAINED|CONSTRAINED|CONSTRAINED_202547_2025-11-20_0656|BY_IF
100000000004|VF|646|0|6200000072|1|0|10-APR-2027|0|75|1200|10080|13|0|202547|CONSTRAINED|CONSTRAINED|CONSTRAINED_202547_2025-11-20_0656|BY_IF
100000000004|VF|647|0|6200000072|1|0|12-JUN-2027|0|75|1200|10080|13|0|202547|CONSTRAINED|CONSTRAINED|CONSTRAINED_202547_2025-11-20_0656|BY_IF
100000000004|VF|648|0|6200000072|1|0|12-DEC-2026|0|75|1200|10080|13|0|202547|CONSTRAINED|CONSTRAINED|CONSTRAINED_202547_2025-11-20_0656|BY_IF
100000000004|VF|649|0|6200000072|1|0|27-FEB-2027|0|75|1200|10080|13|0|202547|CONSTRAINED|CONSTRAINED|CONSTRAINED_202547_2025-11-20_0656|BY_IF
100000000004|VF|650|0|6200000072|1|0|19-DEC-2026|0|75|1200|10080|13|0|202547|CONSTRAINED|CONSTRAINED|CONSTRAINED_202547_2025-11-20_0656|BY_IF
100000000004|VF|651|0|6200000072|1|0|20-FEB-2027|0|75|1200|10080|13|0|202547|CONSTRAINED|CONSTRAINED|CONSTRAINED_202547_2025-11-20_0656|BY_IF
100000000004|VF|652|0|6200000072|1|0|08-MAY-2027|0|75|1200|10080|13|0|202547|CONSTRAINED|CONSTRAINED|CONSTRAINED_202547_2025-11-20_0656|BY_IF
100000000005|VF|193|0|6200000072|1|1|14-MAR-2026|0|75|400|10080|10|0|202547|CONSTRAINED|CONSTRAINED|CONSTRAINED_202547_2025-11-20_0656|BY_IF
100000000005|VF|194|0|6200000072|1|1|07-MAR-2026|0|75|400|10080|10|0|202547|CONSTRAINED|CONSTRAINED|CONSTRAINED_202547_2025-11-20_0656|BY_IF
100000000005|VF|195|0|6200000072|1|1|13-DEC-2025|0|75|400|10080|10|0|202547|CONSTRAINED|CONSTRAINED|CONSTRAINED_202547_2025-11-20_0656|BY_IF
100000000005|VF|196|0|6200000072|1|1|20-DEC-2025|0|75|400|10080|10|0|202547|CONSTRAINED|CONSTRAINED|CONSTRAINED_202547_2025-11-20_0656|BY_IF
100000000005|VF|197|0|6200000072|1|1|22-NOV-2025|0|38|510|10080|11|0|202547|CONSTRAINED|CONSTRAINED|CONSTRAINED_202547_2025-11-20_0656|BY_IF
100000000005|VF|198|0|6200000072|1|1|06-DEC-2025|0|49|400|10080|10|0|202547|CONSTRAINED|CONSTRAINED|CONSTRAINED_202547_2025-11-20_0656|BY_IF
100000000005|VF|199|0|6200000072|1|1|25-JUL-2026|0|75|400|10080|10|0|202547|CONSTRAINED|CONSTRAINED|CONSTRAINED_202547_2025-11-20_0656|BY_IF
100000000005|VF|200|0|6200000072|1|1|02-MAY-2026|0|75|400|10080|10|0|202547|CONSTRAINED|CONSTRAINED|CONSTRAINED_202547_2025-11-20_0656|BY_IF
100000000005|VF|201|0|6200000072|1|1|09-MAY-2026|0|75|400|10080|10|0|202547|CONSTRAINED|CONSTRAINED|CONSTRAINED_202547_2025-11-20_0656|BY_IF
100000000005|VF|202|0|6200000072|1|1|25-APR-2026|0|75|400|10080|10|0|202547|CONSTRAINED|CONSTRAINED|CONSTRAINED_202547_2025-11-20_0656|BY_IF
100000000005|VF|203|0|6200000072|1|1|18-APR-2026|0|75|400|10080|10|0|202547|CONSTRAINED|CONSTRAINED|CONSTRAINED_202547_2025-11-20_0656|BY_IF
100000000005|VF|204|0|6200000072|1|1|11-APR-2026|0|75|400|10080|10|0|202547|CONSTRAINED|CONSTRAINED|CONSTRAINED_202547_2025-11-20_0656|BY_IF
100000000005|VF|205|0|6200000072|1|1|04-APR-2026|0|75|400|10080|10|0|202547|CONSTRAINED|CONSTRAINED|CONSTRAINED_202547_2025-11-20_0656|BY_IF
100000000005|VF|206|0|6200000072|1|1|28-MAR-2026|0|75|400|10080|10|0|202547|CONSTRAINED|CONSTRAINED|CONSTRAINED_202547_2025-11-20_0656|BY_IF
100000000005|VF|207|0|6200000072|1|1|21-MAR-2026|0|75|400|10080|10|0|202547|CONSTRAINED|CONSTRAINED|CONSTRAINED_202547_2025-11-20_0656|BY_IF
100000000005|VF|208|0|6200000072|1|1|27-DEC-2025|0|75|400|10080|10|0|202547|CONSTRAINED|CONSTRAINED|CONSTRAINED_202547_2025-11-20_0656|BY_IF
100000000005|VF|209|0|6200000072|1|1|03-JAN-2026|0|75|400|10080|10|0|202547|CONSTRAINED|CONSTRAINED|CONSTRAINED_202547_2025-11-20_0656|BY_IF
100000000005|VF|210|0|6200000072|1|1|16-MAY-2026|0|75|400|10080|10|0|202547|CONSTRAINED|CONSTRAINED|CONSTRAINED_202547_2025-11-20_0656|BY_IF
100000000005|VF|211|0|6200000072|1|1|23-MAY-2026|0|75|400|10080|10|0|202547|CONSTRAINED|CONSTRAINED|CONSTRAINED_202547_2025-11-20_0656|BY_IF
100000000005|VF|212|0|6200000072|1|1|28-FEB-2026|0|75|400|10080|10|0|202547|CONSTRAINED|CONSTRAINED|CONSTRAINED_202547_2025-11-20_0656|BY_IF
100000000005|VF|213|0|6200000072|1|1|21-FEB-2026|0|75|400|10080|10|0|202547|CONSTRAINED|CONSTRAINED|CONSTRAINED_202547_2025-11-20_0656|BY_IF
100000000005|VF|214|0|6200000072|1|1|11-JUL-2026|0|75|400|10080|10|0|202547|CONSTRAINED|CONSTRAINED|CONSTRAINED_202547_2025-11-20_0656|BY_IF
100000000005|VF|215|0|6200000072|1|1|18-JUL-2026|0|75|400|10080|10|0|202547|CONSTRAINED|CONSTRAINED|CONSTRAINED_202547_2025-11-20_0656|BY_IF
100000000005|VF|216|0|6200000072|1|1|14-FEB-2026|0|75|400|10080|10|0|202547|CONSTRAINED|CONSTRAINED|CONSTRAINED_202547_2025-11-20_0656|BY_IF
100000000005|VF|217|0|6200000072|1|1|07-FEB-2026|0|75|400|10080|10|0|202547|CONSTRAINED|CONSTRAINED|CONSTRAINED_202547_2025-11-20_0656|BY_IF
100000000005|VF|218|0|6200000072|1|1|27-JUN-2026|0|75|400|10080|10|0|202547|CONSTRAINED|CONSTRAINED|CONSTRAINED_202547_2025-11-20_0656|BY_IF
100000000005|VF|219|0|6200000072|1|1|04-JUL-2026|0|75|400|10080|10|0|202547|CONSTRAINED|CONSTRAINED|CONSTRAINED_202547_2025-11-20_0656|BY_IF
100000000005|VF|220|0|6200000072|1|1|31-JAN-2026|0|75|400|10080|10|0|202547|CONSTRAINED|CONSTRAINED|CONSTRAINED_202547_2025-11-20_0656|BY_IF
100000000005|VF|221|0|6200000072|1|1|24-JAN-2026|0|75|400|10080|10|0|202547|CONSTRAINED|CONSTRAINED|CONSTRAINED_202547_2025-11-20_0656|BY_IF
100000000005|VF|222|0|6200000072|1|1|13-JUN-2026|0|75|400|10080|10|0|202547|CONSTRAINED|CONSTRAINED|CONSTRAINED_202547_2025-11-20_0656|BY_IF
100000000005|VF|223|0|6200000072|1|1|20-JUN-2026|0|75|400|10080|10|0|202547|CONSTRAINED|CONSTRAINED|CONSTRAINED_202547_2025-11-20_0656|BY_IF
100000000005|VF|224|0|6200000072|1|1|17-JAN-2026|0|75|400|10080|10|0|202547|CONSTRAINED|CONSTRAINED|CONSTRAINED_202547_2025-11-20_0656|BY_IF
100000000005|VF|225|0|6200000072|1|1|10-JAN-2026|0|75|400|10080|10|0|202547|CONSTRAINED|CONSTRAINED|CONSTRAINED_202547_2025-11-20_0656|BY_IF
100000000005|VF|226|0|6200000072|1|1|30-MAY-2026|0|75|400|10080|10|0|202547|CONSTRAINED|CONSTRAINED|CONSTRAINED_202547_2025-11-20_0656|BY_IF
100000000005|VF|227|0|6200000072|1|1|06-JUN-2026|0|75|400|10080|10|0|202547|CONSTRAINED|CONSTRAINED|CONSTRAINED_202547_2025-11-20_0656|BY_IF
100000000005|VF|653|0|6200000072|1|0|05-DEC-2026|0|75|1200|10080|13|0|202547|CONSTRAINED|CONSTRAINED|CONSTRAINED_202547_2025-11-20_0656|BY_IF
100000000005|VF|654|0|6200000072|1|0|06-FEB-2027|0|75|1200|10080|13|0|202547|CONSTRAINED|CONSTRAINED|CONSTRAINED_202547_2025-11-20_0656|BY_IF
100000000005|VF|655|0|6200000072|1|0|10-APR-2027|0|75|1200|10080|13|0|202547|CONSTRAINED|CONSTRAINED|CONSTRAINED_202547_2025-11-20_0656|BY_IF
100000000005|VF|656|0|6200000072|1|0|12-JUN-2027|0|75|1200|10080|13|0|202547|CONSTRAINED|CONSTRAINED|CONSTRAINED_202547_2025-11-20_0656|BY_IF
100000000005|VF|657|0|6200000072|1|0|27-MAR-2027|0|75|1200|10080|13|0|202547|CONSTRAINED|CONSTRAINED|CONSTRAINED_202547_2025-11-20_0656|BY_IF
100000000005|VF|658|0|6200000072|1|0|29-MAY-2027|0|75|1200|10080|13|0|202547|CONSTRAINED|CONSTRAINED|CONSTRAINED_202547_2025-11-20_0656|BY_IF
100000000005|VF|659|0|6200000072|1|0|17-OCT-2026|0|75|1200|10080|13|0|202547|CONSTRAINED|CONSTRAINED|CONSTRAINED_202547_2025-11-20_0656|BY_IF
100000000005|VF|660|0|6200000072|1|0|02-JAN-2027|0|75|1200|10080|13|0|202547|CONSTRAINED|CONSTRAINED|CONSTRAINED_202547_2025-11-20_0656|BY_IF
100000000005|VF|661|0|6200000072|1|0|20-MAR-2027|0|75|1200|10080|13|0|202547|CONSTRAINED|CONSTRAINED|CONSTRAINED_202547_2025-11-20_0656|BY_IF
100000000005|VF|662|0|6200000072|1|0|05-JUN-2027|0|75|1200|10080|13|0|202547|CONSTRAINED|CONSTRAINED|CONSTRAINED_202547_2025-11-20_0656|BY_IF
100000000005|VF|663|0|6200000072|1|0|07-NOV-2026|0|75|1200|10080|13|0|202547|CONSTRAINED|CONSTRAINED|CONSTRAINED_202547_2025-11-20_0656|BY_IF
100000000005|VF|664|0|6200000072|1|0|09-JAN-2027|0|75|1200|10080|13|0|202547|CONSTRAINED|CONSTRAINED|CONSTRAINED_202547_2025-11-20_0656|BY_IF
100000000005|VF|665|0|6200000072|1|0|13-MAR-2027|0|75|1200|10080|13|0|202547|CONSTRAINED|CONSTRAINED|CONSTRAINED_202547_2025-11-20_0656|BY_IF
100000000005|VF|666|0|6200000072|1|0|15-MAY-2027|0|75|1200|10080|13|0|202547|CONSTRAINED|CONSTRAINED|CONSTRAINED_202547_2025-11-20_0656|BY_IF
100000000005|VF|667|0|6200000072|1|0|31-OCT-2026|0|75|1200|10080|13|0|202547|CONSTRAINED|CONSTRAINED|CONSTRAINED_202547_2025-11-20_0656|BY_IF
100000000005|VF|668|0|6200000072|1|0|16-JAN-2027|0|75|1200|10080|13|0|202547|CONSTRAINED|CONSTRAINED|CONSTRAINED_202547_2025-11-20_0656|BY_IF
100000000005|VF|669|0|6200000072|1|0|06-MAR-2027|0|75|1200|10080|13|0|202547|CONSTRAINED|CONSTRAINED|CONSTRAINED_202547_2025-11-20_0656|BY_IF
100000000005|VF|670|0|6200000072|1|0|22-MAY-2027|0|75|1200|10080|13|0|202547|CONSTRAINED|CONSTRAINED|CONSTRAINED_202547_2025-11-20_0656|BY_IF
100000000005|VF|671|0|6200000072|1|0|22-AUG-2026|0|75|1200|10080|13|0|202547|CONSTRAINED|CONSTRAINED|CONSTRAINED_202547_2025-11-20_0656|BY_IF
100000000005|VF|672|0|6200000072|1|0|29-AUG-2026|0|75|1200|10080|13|0|202547|CONSTRAINED|CONSTRAINED|CONSTRAINED_202547_2025-11-20_0656|BY_IF
100000000005|VF|673|0|6200000072|1|0|08-AUG-2026|0|75|1200|10080|13|0|202547|CONSTRAINED|CONSTRAINED|CONSTRAINED_202547_2025-11-20_0656|BY_IF
100000000005|VF|674|0|6200000072|1|0|15-AUG-2026|0|75|1200|10080|13|0|202547|CONSTRAINED|CONSTRAINED|CONSTRAINED_202547_2025-11-20_0656|BY_IF
100000000005|VF|675|0|6200000072|1|0|26-SEP-2026|0|75|1200|10080|13|0|202547|CONSTRAINED|CONSTRAINED|CONSTRAINED_202547_2025-11-20_0656|BY_IF
100000000005|VF|676|0|6200000072|1|0|12-DEC-2026|0|75|1200|10080|13|0|202547|CONSTRAINED|CONSTRAINED|CONSTRAINED_202547_2025-11-20_0656|BY_IF
100000000005|VF|677|0|6200000072|1|0|27-FEB-2027|0|75|1200|10080|13|0|202547|CONSTRAINED|CONSTRAINED|CONSTRAINED_202547_2025-11-20_0656|BY_IF
100000000005|VF|678|0|6200000072|1|0|19-SEP-2026|0|75|1200|10080|13|0|202547|CONSTRAINED|CONSTRAINED|CONSTRAINED_202547_2025-11-20_0656|BY_IF
100000000005|VF|679|0|6200000072|1|0|19-DEC-2026|0|75|1200|10080|13|0|202547|CONSTRAINED|CONSTRAINED|CONSTRAINED_202547_2025-11-20_0656|BY_IF
100000000005|VF|680|0|6200000072|1|0|20-FEB-2027|0|75|1200|10080|13|0|202547|CONSTRAINED|CONSTRAINED|CONSTRAINED_202547_2025-11-20_0656|BY_IF
100000000005|VF|681|0|6200000072|1|0|12-SEP-2026|0|75|1200|10080|13|0|202547|CONSTRAINED|CONSTRAINED|CONSTRAINED_202547_2025-11-20_0656|BY_IF
100000000005|VF|682|0|6200000072|1|0|01-MAY-2027|0|75|1200|10080|13|0|202547|CONSTRAINED|CONSTRAINED|CONSTRAINED_202547_2025-11-20_0656|BY_IF
100000000005|VF|683|0|6200000072|1|0|17-JUL-2027|0|75|1200|10080|13|0|202547|CONSTRAINED|CONSTRAINED|CONSTRAINED_202547_2025-11-20_0656|BY_IF
100000000005|VF|684|0|6200000072|1|0|24-JUL-2027|0|75|1200|10080|13|0|202547|CONSTRAINED|CONSTRAINED|CONSTRAINED_202547_2025-11-20_0656|BY_IF
100000000005|VF|685|0|6200000072|1|0|05-SEP-2026|0|75|1200|10080|13|0|202547|CONSTRAINED|CONSTRAINED|CONSTRAINED_202547_2025-11-20_0656|BY_IF
100000000005|VF|686|0|6200000072|1|0|08-MAY-2027|0|75|1200|10080|13|0|202547|CONSTRAINED|CONSTRAINED|CONSTRAINED_202547_2025-11-20_0656|BY_IF
100000000005|VF|687|0|6200000072|1|0|10-JUL-2027|0|75|1200|10080|13|0|202547|CONSTRAINED|CONSTRAINED|CONSTRAINED_202547_2025-11-20_0656|BY_IF
100000000005|VF|688|0|6200000072|1|0|14-NOV-2026|0|75|1200|10080|13|0|202547|CONSTRAINED|CONSTRAINED|CONSTRAINED_202547_2025-11-20_0656|BY_IF
100000000005|VF|689|0|6200000072|1|0|30-JAN-2027|0|75|1200|10080|13|0|202547|CONSTRAINED|CONSTRAINED|CONSTRAINED_202547_2025-11-20_0656|BY_IF
100000000005|VF|690|0|6200000072|1|0|17-APR-2027|0|75|1200|10080|13|0|202547|CONSTRAINED|CONSTRAINED|CONSTRAINED_202547_2025-11-20_0656|BY_IF
100000000005|VF|691|0|6200000072|1|0|03-JUL-2027|0|75|1200|10080|13|0|202547|CONSTRAINED|CONSTRAINED|CONSTRAINED_202547_2025-11-20_0656|BY_IF
100000000005|VF|692|0|6200000072|1|0|21-NOV-2026|0|75|1200|10080|13|0|202547|CONSTRAINED|CONSTRAINED|CONSTRAINED_202547_2025-11-20_0656|BY_IF
100000000005|VF|693|0|6200000072|1|0|23-JAN-2027|0|75|1200|10080|13|0|202547|CONSTRAINED|CONSTRAINED|CONSTRAINED_202547_2025-11-20_0656|BY_IF
100000000005|VF|694|0|6200000072|1|0|24-APR-2027|0|75|1200|10080|13|0|202547|CONSTRAINED|CONSTRAINED|CONSTRAINED_202547_2025-11-20_0656|BY_IF
100000000005|VF|695|0|6200000072|1|0|26-JUN-2027|0|75|1200|10080|13|0|202547|CONSTRAINED|CONSTRAINED|CONSTRAINED_202547_2025-11-20_0656|BY_IF
100000000005|VF|696|0|6200000072|1|0|10-OCT-2026|0|75|1200|10080|13|0|202547|CONSTRAINED|CONSTRAINED|CONSTRAINED_202547_2025-11-20_0656|BY_IF
100000000005|VF|697|0|6200000072|1|0|28-NOV-2026|0|75|1200|10080|13|0|202547|CONSTRAINED|CONSTRAINED|CONSTRAINED_202547_2025-11-20_0656|BY_IF
100000000005|VF|698|0|6200000072|1|0|13-FEB-2027|0|75|1200|10080|13|0|202547|CONSTRAINED|CONSTRAINED|CONSTRAINED_202547_2025-11-20_0656|BY_IF
100000000005|VF|699|0|6200000072|1|0|03-APR-2027|0|75|1200|10080|13|0|202547|CONSTRAINED|CONSTRAINED|CONSTRAINED_202547_2025-11-20_0656|BY_IF
100000000005|VF|700|0|6200000072|1|0|19-JUN-2027|0|75|1200|10080|13|0|202547|CONSTRAINED|CONSTRAINED|CONSTRAINED_202547_2025-11-20_0656|BY_IF
100000000005|VF|701|0|6200000072|1|0|03-OCT-2026|0|75|1200|10080|13|0|202547|CONSTRAINED|CONSTRAINED|CONSTRAINED_202547_2025-11-20_0656|BY_IF
100000000005|VF|702|0|6200000072|1|0|01-AUG-2026|0|75|1200|10080|13|0|202547|CONSTRAINED|CONSTRAINED|CONSTRAINED_202547_2025-11-20_0656|BY_IF
100000000005|VF|703|0|6200000072|1|0|24-OCT-2026|0|75|1200|10080|13|0|202547|CONSTRAINED|CONSTRAINED|CONSTRAINED_202547_2025-11-20_0656|BY_IF
100000000005|VF|704|0|6200000072|1|0|26-DEC-2026|0|75|1200|10080|13|0|202547|CONSTRAINED|CONSTRAINED|CONSTRAINED_202547_2025-11-20_0656|BY_IF
100000000008|1003|188|0|6200000072|1|1|10-JAN-2026|0|38|400|10080|10|0|202547|CONSTRAINED|CONSTRAINED|CONSTRAINED_202547_2025-11-20_0656|BY_IF
100000000008|1003|189|0|6200000072|1|1|27-DEC-2025|0|38|400|10080|10|0|202547|CONSTRAINED|CONSTRAINED|CONSTRAINED_202547_2025-11-20_0656|BY_IF
100000000008|1003|190|0|6200000072|1|1|13-DEC-2025|0|36|400|10080|10|0|202547|CONSTRAINED|CONSTRAINED|CONSTRAINED_202547_2025-11-20_0656|BY_IF
100000000008|1003|191|0|6200000072|1|1|20-DEC-2025|0|38|400|10080|10|0|202547|CONSTRAINED|CONSTRAINED|CONSTRAINED_202547_2025-11-20_0656|BY_IF
100000000008|1003|192|0|6200000072|1|1|03-JAN-2026|0|38|400|10080|10|0|202547|CONSTRAINED|CONSTRAINED|CONSTRAINED_202547_2025-11-20_0656|BY_IF
100000000008|1006|81|0|6200000072|1|1|20-DEC-2025|0|38|400|10080|10|0|202547|CONSTRAINED|CONSTRAINED|CONSTRAINED_202547_2025-11-20_0656|BY_IF
100000000008|1006|82|0|6200000072|1|1|06-DEC-2025|0|27|400|10080|10|0|202547|CONSTRAINED|CONSTRAINED|CONSTRAINED_202547_2025-11-20_0656|BY_IF
100000000008|1006|83|0|6200000072|1|1|03-JAN-2026|0|38|400|10080|10|0|202547|CONSTRAINED|CONSTRAINED|CONSTRAINED_202547_2025-11-20_0656|BY_IF
100000000008|1006|84|0|6200000072|1|1|22-NOV-2025|0|60|400|10080|10|0|202547|CONSTRAINED|CONSTRAINED|CONSTRAINED_202547_2025-11-20_0656|BY_IF
100000000008|1006|85|0|6200000072|1|1|27-DEC-2025|0|38|400|10080|10|0|202547|CONSTRAINED|CONSTRAINED|CONSTRAINED_202547_2025-11-20_0656|BY_IF
100000000008|1006|86|0|6200000072|1|1|13-DEC-2025|0|39|400|10080|10|0|202547|CONSTRAINED|CONSTRAINED|CONSTRAINED_202547_2025-11-20_0656|BY_IF
100000000008|1006|87|0|6200000072|1|1|10-JAN-2026|0|38|400|10080|10|0|202547|CONSTRAINED|CONSTRAINED|CONSTRAINED_202547_2025-11-20_0656|BY_IF
100000000008|VF|573|0|6200000072|1|1|13-JUN-2026|0|75|400|10080|10|0|202547|CONSTRAINED|CONSTRAINED|CONSTRAINED_202547_2025-11-20_0656|BY_IF
100000000008|VF|574|0|6200000072|1|1|24-JAN-2026|0|75|400|10080|10|0|202547|CONSTRAINED|CONSTRAINED|CONSTRAINED_202547_2025-11-20_0656|BY_IF
100000000008|VF|575|0|6200000072|1|1|31-JAN-2026|0|75|400|10080|10|0|202547|CONSTRAINED|CONSTRAINED|CONSTRAINED_202547_2025-11-20_0656|BY_IF
100000000008|VF|576|0|6200000072|1|1|20-JUN-2026|0|75|400|10080|10|0|202547|CONSTRAINED|CONSTRAINED|CONSTRAINED_202547_2025-11-20_0656|BY_IF
100000000008|VF|577|0|6200000072|1|1|28-FEB-2026|0|75|400|10080|10|0|202547|CONSTRAINED|CONSTRAINED|CONSTRAINED_202547_2025-11-20_0656|BY_IF
100000000008|VF|578|0|6200000072|1|1|21-FEB-2026|0|75|400|10080|10|0|202547|CONSTRAINED|CONSTRAINED|CONSTRAINED_202547_2025-11-20_0656|BY_IF
100000000008|VF|579|0|6200000072|1|1|11-JUL-2026|0|75|400|10080|10|0|202547|CONSTRAINED|CONSTRAINED|CONSTRAINED_202547_2025-11-20_0656|BY_IF
100000000008|VF|580|0|6200000072|1|1|18-JUL-2026|0|75|400|10080|10|0|202547|CONSTRAINED|CONSTRAINED|CONSTRAINED_202547_2025-11-20_0656|BY_IF
100000000008|VF|581|0|6200000072|1|1|07-FEB-2026|0|75|400|10080|10|0|202547|CONSTRAINED|CONSTRAINED|CONSTRAINED_202547_2025-11-20_0656|BY_IF
100000000008|VF|582|0|6200000072|1|1|14-FEB-2026|0|75|400|10080|10|0|202547|CONSTRAINED|CONSTRAINED|CONSTRAINED_202547_2025-11-20_0656|BY_IF
100000000008|VF|583|0|6200000072|1|1|27-JUN-2026|0|75|400|10080|10|0|202547|CONSTRAINED|CONSTRAINED|CONSTRAINED_202547_2025-11-20_0656|BY_IF
100000000008|VF|584|0|6200000072|1|1|04-JUL-2026|0|75|400|10080|10|0|202547|CONSTRAINED|CONSTRAINED|CONSTRAINED_202547_2025-11-20_0656|BY_IF
100000000008|VF|585|0|6200000072|1|1|28-MAR-2026|0|75|400|10080|10|0|202547|CONSTRAINED|CONSTRAINED|CONSTRAINED_202547_2025-11-20_0656|BY_IF
100000000008|VF|586|0|6200000072|1|1|21-MAR-2026|0|75|400|10080|10|0|202547|CONSTRAINED|CONSTRAINED|CONSTRAINED_202547_2025-11-20_0656|BY_IF
100000000008|VF|587|0|6200000072|1|1|14-MAR-2026|0|75|400|10080|10|0|202547|CONSTRAINED|CONSTRAINED|CONSTRAINED_202547_2025-11-20_0656|BY_IF
100000000008|VF|588|0|6200000072|1|1|07-MAR-2026|0|75|400|10080|10|0|202547|CONSTRAINED|CONSTRAINED|CONSTRAINED_202547_2025-11-20_0656|BY_IF
100000000008|VF|589|0|6200000072|1|1|25-JUL-2026|0|75|400|10080|10|0|202547|CONSTRAINED|CONSTRAINED|CONSTRAINED_202547_2025-11-20_0656|BY_IF
100000000008|VF|590|0|6200000072|1|1|11-APR-2026|0|75|400|10080|10|0|202547|CONSTRAINED|CONSTRAINED|CONSTRAINED_202547_2025-11-20_0656|BY_IF
100000000008|VF|591|0|6200000072|1|1|04-APR-2026|0|75|400|10080|10|0|202547|CONSTRAINED|CONSTRAINED|CONSTRAINED_202547_2025-11-20_0656|BY_IF
100000000008|VF|592|0|6200000072|1|1|09-MAY-2026|0|75|400|10080|10|0|202547|CONSTRAINED|CONSTRAINED|CONSTRAINED_202547_2025-11-20_0656|BY_IF
100000000008|VF|593|0|6200000072|1|1|02-MAY-2026|0|75|400|10080|10|0|202547|CONSTRAINED|CONSTRAINED|CONSTRAINED_202547_2025-11-20_0656|BY_IF
100000000008|VF|594|0|6200000072|1|1|25-APR-2026|0|75|400|10080|10|0|202547|CONSTRAINED|CONSTRAINED|CONSTRAINED_202547_2025-11-20_0656|BY_IF
100000000008|VF|595|0|6200000072|1|1|18-APR-2026|0|75|400|10080|10|0|202547|CONSTRAINED|CONSTRAINED|CONSTRAINED_202547_2025-11-20_0656|BY_IF
100000000008|VF|596|0|6200000072|1|1|06-JUN-2026|0|75|400|10080|10|0|202547|CONSTRAINED|CONSTRAINED|CONSTRAINED_202547_2025-11-20_0656|BY_IF
100000000008|VF|597|0|6200000072|1|1|30-MAY-2026|0|75|400|10080|10|0|202547|CONSTRAINED|CONSTRAINED|CONSTRAINED_202547_2025-11-20_0656|BY_IF
100000000008|VF|598|0|6200000072|1|1|17-JAN-2026|0|75|400|10080|10|0|202547|CONSTRAINED|CONSTRAINED|CONSTRAINED_202547_2025-11-20_0656|BY_IF
100000000008|VF|599|0|6200000072|1|1|23-MAY-2026|0|75|400|10080|10|0|202547|CONSTRAINED|CONSTRAINED|CONSTRAINED_202547_2025-11-20_0656|BY_IF
100000000008|VF|600|0|6200000072|1|1|16-MAY-2026|0|75|400|10080|10|0|202547|CONSTRAINED|CONSTRAINED|CONSTRAINED_202547_2025-11-20_0656|BY_IF
100000000008|VF|705|0|6200000072|1|0|21-NOV-2026|0|75|1200|10080|13|0|202547|CONSTRAINED|CONSTRAINED|CONSTRAINED_202547_2025-11-20_0656|BY_IF
100000000008|VF|706|0|6200000072|1|0|23-JAN-2027|0|75|1200|10080|13|0|202547|CONSTRAINED|CONSTRAINED|CONSTRAINED_202547_2025-11-20_0656|BY_IF
100000000008|VF|707|0|6200000072|1|0|24-APR-2027|0|75|1200|10080|13|0|202547|CONSTRAINED|CONSTRAINED|CONSTRAINED_202547_2025-11-20_0656|BY_IF
100000000008|VF|708|0|6200000072|1|0|26-JUN-2027|0|75|1200|10080|13|0|202547|CONSTRAINED|CONSTRAINED|CONSTRAINED_202547_2025-11-20_0656|BY_IF
100000000008|VF|709|0|6200000072|1|0|24-JUL-2027|0|75|1200|10080|13|0|202547|CONSTRAINED|CONSTRAINED|CONSTRAINED_202547_2025-11-20_0656|BY_IF
100000000008|VF|710|0|6200000072|1|0|14-NOV-2026|0|75|1200|10080|13|0|202547|CONSTRAINED|CONSTRAINED|CONSTRAINED_202547_2025-11-20_0656|BY_IF
100000000008|VF|711|0|6200000072|1|0|30-JAN-2027|0|75|1200|10080|13|0|202547|CONSTRAINED|CONSTRAINED|CONSTRAINED_202547_2025-11-20_0656|BY_IF
100000000008|VF|712|0|6200000072|1|0|17-APR-2027|0|75|1200|10080|13|0|202547|CONSTRAINED|CONSTRAINED|CONSTRAINED_202547_2025-11-20_0656|BY_IF
100000000008|VF|713|0|6200000072|1|0|03-JUL-2027|0|75|1200|10080|13|0|202547|CONSTRAINED|CONSTRAINED|CONSTRAINED_202547_2025-11-20_0656|BY_IF
100000000008|VF|714|0|6200000072|1|0|06-FEB-2027|0|75|1200|10080|13|0|202547|CONSTRAINED|CONSTRAINED|CONSTRAINED_202547_2025-11-20_0656|BY_IF
100000000008|VF|715|0|6200000072|1|0|10-APR-2027|0|75|1200|10080|13|0|202547|CONSTRAINED|CONSTRAINED|CONSTRAINED_202547_2025-11-20_0656|BY_IF
100000000008|VF|716|0|6200000072|1|0|12-JUN-2027|0|75|1200|10080|13|0|202547|CONSTRAINED|CONSTRAINED|CONSTRAINED_202547_2025-11-20_0656|BY_IF
100000000008|VF|717|0|6200000072|1|0|28-NOV-2026|0|75|1200|10080|13|0|202547|CONSTRAINED|CONSTRAINED|CONSTRAINED_202547_2025-11-20_0656|BY_IF
100000000008|VF|718|0|6200000072|1|0|13-FEB-2027|0|75|1200|10080|13|0|202547|CONSTRAINED|CONSTRAINED|CONSTRAINED_202547_2025-11-20_0656|BY_IF
100000000008|VF|719|0|6200000072|1|0|05-DEC-2026|0|75|1200|10080|13|0|202547|CONSTRAINED|CONSTRAINED|CONSTRAINED_202547_2025-11-20_0656|BY_IF
100000000008|VF|720|0|6200000072|1|0|03-APR-2027|0|75|1200|10080|13|0|202547|CONSTRAINED|CONSTRAINED|CONSTRAINED_202547_2025-11-20_0656|BY_IF
100000000008|VF|721|0|6200000072|1|0|19-JUN-2027|0|75|1200|10080|13|0|202547|CONSTRAINED|CONSTRAINED|CONSTRAINED_202547_2025-11-20_0656|BY_IF
100000000008|VF|722|0|6200000072|1|0|19-DEC-2026|0|75|1200|10080|13|0|202547|CONSTRAINED|CONSTRAINED|CONSTRAINED_202547_2025-11-20_0656|BY_IF
100000000008|VF|723|0|6200000072|1|0|20-FEB-2027|0|75|1200|10080|13|0|202547|CONSTRAINED|CONSTRAINED|CONSTRAINED_202547_2025-11-20_0656|BY_IF
100000000008|VF|724|0|6200000072|1|0|12-DEC-2026|0|75|1200|10080|13|0|202547|CONSTRAINED|CONSTRAINED|CONSTRAINED_202547_2025-11-20_0656|BY_IF
100000000008|VF|725|0|6200000072|1|0|27-FEB-2027|0|75|1200|10080|13|0|202547|CONSTRAINED|CONSTRAINED|CONSTRAINED_202547_2025-11-20_0656|BY_IF
100000000008|VF|726|0|6200000072|1|0|08-MAY-2027|0|75|1200|10080|13|0|202547|CONSTRAINED|CONSTRAINED|CONSTRAINED_202547_2025-11-20_0656|BY_IF
100000000008|VF|727|0|6200000072|1|0|10-JUL-2027|0|75|1200|10080|13|0|202547|CONSTRAINED|CONSTRAINED|CONSTRAINED_202547_2025-11-20_0656|BY_IF
100000000008|VF|728|0|6200000072|1|0|01-MAY-2027|0|75|1200|10080|13|0|202547|CONSTRAINED|CONSTRAINED|CONSTRAINED_202547_2025-11-20_0656|BY_IF
100000000008|VF|729|0|6200000072|1|0|17-JUL-2027|0|75|1200|10080|13|0|202547|CONSTRAINED|CONSTRAINED|CONSTRAINED_202547_2025-11-20_0656|BY_IF
100000000008|VF|730|0|6200000072|1|0|03-OCT-2026|0|75|1200|10080|13|0|202547|CONSTRAINED|CONSTRAINED|CONSTRAINED_202547_2025-11-20_0656|BY_IF
100000000008|VF|731|0|6200000072|1|0|01-AUG-2026|0|75|1200|10080|13|0|202547|CONSTRAINED|CONSTRAINED|CONSTRAINED_202547_2025-11-20_0656|BY_IF
100000000008|VF|732|0|6200000072|1|0|10-OCT-2026|0|75|1200|10080|13|0|202547|CONSTRAINED|CONSTRAINED|CONSTRAINED_202547_2025-11-20_0656|BY_IF
100000000008|VF|733|0|6200000072|1|0|19-SEP-2026|0|75|1200|10080|13|0|202547|CONSTRAINED|CONSTRAINED|CONSTRAINED_202547_2025-11-20_0656|BY_IF
100000000008|VF|734|0|6200000072|1|0|26-SEP-2026|0|75|1200|10080|13|0|202547|CONSTRAINED|CONSTRAINED|CONSTRAINED_202547_2025-11-20_0656|BY_IF
100000000008|VF|735|0|6200000072|1|0|05-SEP-2026|0|75|1200|10080|13|0|202547|CONSTRAINED|CONSTRAINED|CONSTRAINED_202547_2025-11-20_0656|BY_IF
100000000008|VF|736|0|6200000072|1|0|12-SEP-2026|0|75|1200|10080|13|0|202547|CONSTRAINED|CONSTRAINED|CONSTRAINED_202547_2025-11-20_0656|BY_IF
100000000008|VF|737|0|6200000072|1|0|29-AUG-2026|0|75|1200|10080|13|0|202547|CONSTRAINED|CONSTRAINED|CONSTRAINED_202547_2025-11-20_0656|BY_IF
100000000008|VF|738|0|6200000072|1|0|22-AUG-2026|0|75|1200|10080|13|0|202547|CONSTRAINED|CONSTRAINED|CONSTRAINED_202547_2025-11-20_0656|BY_IF
100000000008|VF|739|0|6200000072|1|0|15-AUG-2026|0|75|1200|10080|13|0|202547|CONSTRAINED|CONSTRAINED|CONSTRAINED_202547_2025-11-20_0656|BY_IF
100000000008|VF|740|0|6200000072|1|0|08-AUG-2026|0|75|1200|10080|13|0|202547|CONSTRAINED|CONSTRAINED|CONSTRAINED_202547_2025-11-20_0656|BY_IF
100000000008|VF|741|0|6200000072|1|0|17-OCT-2026|0|75|1200|10080|13|0|202547|CONSTRAINED|CONSTRAINED|CONSTRAINED_202547_2025-11-20_0656|BY_IF
100000000008|VF|742|0|6200000072|1|0|02-JAN-2027|0|75|1200|10080|13|0|202547|CONSTRAINED|CONSTRAINED|CONSTRAINED_202547_2025-11-20_0656|BY_IF
100000000008|VF|743|0|6200000072|1|0|20-MAR-2027|0|75|1200|10080|13|0|202547|CONSTRAINED|CONSTRAINED|CONSTRAINED_202547_2025-11-20_0656|BY_IF
100000000008|VF|744|0|6200000072|1|0|05-JUN-2027|0|75|1200|10080|13|0|202547|CONSTRAINED|CONSTRAINED|CONSTRAINED_202547_2025-11-20_0656|BY_IF
100000000008|VF|745|0|6200000072|1|0|24-OCT-2026|0|75|1200|10080|13|0|202547|CONSTRAINED|CONSTRAINED|CONSTRAINED_202547_2025-11-20_0656|BY_IF
100000000008|VF|746|0|6200000072|1|0|26-DEC-2026|0|75|1200|10080|13|0|202547|CONSTRAINED|CONSTRAINED|CONSTRAINED_202547_2025-11-20_0656|BY_IF
100000000008|VF|747|0|6200000072|1|0|27-MAR-2027|0|75|1200|10080|13|0|202547|CONSTRAINED|CONSTRAINED|CONSTRAINED_202547_2025-11-20_0656|BY_IF
100000000008|VF|748|0|6200000072|1|0|29-MAY-2027|0|75|1200|10080|13|0|202547|CONSTRAINED|CONSTRAINED|CONSTRAINED_202547_2025-11-20_0656|BY_IF
100000000008|VF|749|0|6200000072|1|0|31-OCT-2026|0|75|1200|10080|13|0|202547|CONSTRAINED|CONSTRAINED|CONSTRAINED_202547_2025-11-20_0656|BY_IF
100000000008|VF|750|0|6200000072|1|0|16-JAN-2027|0|75|1200|10080|13|0|202547|CONSTRAINED|CONSTRAINED|CONSTRAINED_202547_2025-11-20_0656|BY_IF
100000000008|VF|751|0|6200000072|1|0|06-MAR-2027|0|75|1200|10080|13|0|202547|CONSTRAINED|CONSTRAINED|CONSTRAINED_202547_2025-11-20_0656|BY_IF
100000000008|VF|752|0|6200000072|1|0|22-MAY-2027|0|75|1200|10080|13|0|202547|CONSTRAINED|CONSTRAINED|CONSTRAINED_202547_2025-11-20_0656|BY_IF
100000000008|VF|753|0|6200000072|1|0|07-NOV-2026|0|75|1200|10080|13|0|202547|CONSTRAINED|CONSTRAINED|CONSTRAINED_202547_2025-11-20_0656|BY_IF
100000000008|VF|754|0|6200000072|1|0|09-JAN-2027|0|75|1200|10080|13|0|202547|CONSTRAINED|CONSTRAINED|CONSTRAINED_202547_2025-11-20_0656|BY_IF
100000000008|VF|755|0|6200000072|1|0|13-MAR-2027|0|75|1200|10080|13|0|202547|CONSTRAINED|CONSTRAINED|CONSTRAINED_202547_2025-11-20_0656|BY_IF
100000000008|VF|756|0|6200000072|1|0|15-MAY-2027|0|75|1200|10080|13|0|202547|CONSTRAINED|CONSTRAINED|CONSTRAINED_202547_2025-11-20_0656|BY_IF
100000000009|1006|117|0|6200000072|1|1|20-DEC-2025|0|75|400|10080|10|0|202547|CONSTRAINED|CONSTRAINED|CONSTRAINED_202547_2025-11-20_0656|BY_IF
100000000009|1006|118|0|6200000072|1|1|06-DEC-2025|0|49|400|10080|10|0|202547|CONSTRAINED|CONSTRAINED|CONSTRAINED_202547_2025-11-20_0656|BY_IF
100000000009|1006|119|0|6200000072|1|1|03-JAN-2026|0|75|400|10080|10|0|202547|CONSTRAINED|CONSTRAINED|CONSTRAINED_202547_2025-11-20_0656|BY_IF
100000000009|1006|120|0|6200000072|1|1|22-NOV-2025|0|98|400|10080|10|0|202547|CONSTRAINED|CONSTRAINED|CONSTRAINED_202547_2025-11-20_0656|BY_IF
100000000009|1006|121|0|6200000072|1|1|27-DEC-2025|0|75|400|10080|10|0|202547|CONSTRAINED|CONSTRAINED|CONSTRAINED_202547_2025-11-20_0656|BY_IF
100000000009|1006|122|0|6200000072|1|1|13-DEC-2025|0|75|400|10080|10|0|202547|CONSTRAINED|CONSTRAINED|CONSTRAINED_202547_2025-11-20_0656|BY_IF
100000000009|1006|123|0|6200000072|1|1|10-JAN-2026|0|75|400|10080|10|0|202547|CONSTRAINED|CONSTRAINED|CONSTRAINED_202547_2025-11-20_0656|BY_IF
100000000009|VF|258|0|6200000072|1|1|18-JUL-2026|0|75|400|10080|10|0|202547|CONSTRAINED|CONSTRAINED|CONSTRAINED_202547_2025-11-20_0656|BY_IF
100000000009|VF|259|0|6200000072|1|1|25-JUL-2026|0|75|400|10080|10|0|202547|CONSTRAINED|CONSTRAINED|CONSTRAINED_202547_2025-11-20_0656|BY_IF
100000000009|VF|260|0|6200000072|1|1|17-JAN-2026|0|75|400|10080|10|0|202547|CONSTRAINED|CONSTRAINED|CONSTRAINED_202547_2025-11-20_0656|BY_IF
100000000009|VF|261|0|6200000072|1|1|24-JAN-2026|0|75|400|10080|10|0|202547|CONSTRAINED|CONSTRAINED|CONSTRAINED_202547_2025-11-20_0656|BY_IF
100000000009|VF|262|0|6200000072|1|1|14-FEB-2026|0|75|400|10080|10|0|202547|CONSTRAINED|CONSTRAINED|CONSTRAINED_202547_2025-11-20_0656|BY_IF
100000000009|VF|263|0|6200000072|1|1|21-FEB-2026|0|75|400|10080|10|0|202547|CONSTRAINED|CONSTRAINED|CONSTRAINED_202547_2025-11-20_0656|BY_IF
100000000009|VF|264|0|6200000072|1|1|31-JAN-2026|0|75|400|10080|10|0|202547|CONSTRAINED|CONSTRAINED|CONSTRAINED_202547_2025-11-20_0656|BY_IF
100000000009|VF|265|0|6200000072|1|1|07-FEB-2026|0|75|400|10080|10|0|202547|CONSTRAINED|CONSTRAINED|CONSTRAINED_202547_2025-11-20_0656|BY_IF
100000000009|VF|266|0|6200000072|1|1|16-MAY-2026|0|75|400|10080|10|0|202547|CONSTRAINED|CONSTRAINED|CONSTRAINED_202547_2025-11-20_0656|BY_IF
100000000009|VF|267|0|6200000072|1|1|09-MAY-2026|0|75|400|10080|10|0|202547|CONSTRAINED|CONSTRAINED|CONSTRAINED_202547_2025-11-20_0656|BY_IF
100000000009|VF|268|0|6200000072|1|1|28-FEB-2026|0|75|400|10080|10|0|202547|CONSTRAINED|CONSTRAINED|CONSTRAINED_202547_2025-11-20_0656|BY_IF
100000000009|VF|269|0|6200000072|1|1|07-MAR-2026|0|75|400|10080|10|0|202547|CONSTRAINED|CONSTRAINED|CONSTRAINED_202547_2025-11-20_0656|BY_IF
100000000009|VF|270|0|6200000072|1|1|13-JUN-2026|0|75|400|10080|10|0|202547|CONSTRAINED|CONSTRAINED|CONSTRAINED_202547_2025-11-20_0656|BY_IF
100000000009|VF|271|0|6200000072|1|1|06-JUN-2026|0|75|400|10080|10|0|202547|CONSTRAINED|CONSTRAINED|CONSTRAINED_202547_2025-11-20_0656|BY_IF
100000000009|VF|272|0|6200000072|1|1|04-APR-2026|0|75|400|10080|10|0|202547|CONSTRAINED|CONSTRAINED|CONSTRAINED_202547_2025-11-20_0656|BY_IF
100000000009|VF|273|0|6200000072|1|1|28-MAR-2026|0|75|400|10080|10|0|202547|CONSTRAINED|CONSTRAINED|CONSTRAINED_202547_2025-11-20_0656|BY_IF
100000000009|VF|274|0|6200000072|1|1|30-MAY-2026|0|75|400|10080|10|0|202547|CONSTRAINED|CONSTRAINED|CONSTRAINED_202547_2025-11-20_0656|BY_IF
100000000009|VF|275|0|6200000072|1|1|23-MAY-2026|0|75|400|10080|10|0|202547|CONSTRAINED|CONSTRAINED|CONSTRAINED_202547_2025-11-20_0656|BY_IF
100000000009|VF|276|0|6200000072|1|1|21-MAR-2026|0|75|400|10080|10|0|202547|CONSTRAINED|CONSTRAINED|CONSTRAINED_202547_2025-11-20_0656|BY_IF
100000000009|VF|277|0|6200000072|1|1|14-MAR-2026|0|75|400|10080|10|0|202547|CONSTRAINED|CONSTRAINED|CONSTRAINED_202547_2025-11-20_0656|BY_IF
100000000009|VF|278|0|6200000072|1|1|02-MAY-2026|0|75|400|10080|10|0|202547|CONSTRAINED|CONSTRAINED|CONSTRAINED_202547_2025-11-20_0656|BY_IF
100000000009|VF|279|0|6200000072|1|1|25-APR-2026|0|75|400|10080|10|0|202547|CONSTRAINED|CONSTRAINED|CONSTRAINED_202547_2025-11-20_0656|BY_IF
100000000009|VF|280|0|6200000072|1|1|04-JUL-2026|0|75|400|10080|10|0|202547|CONSTRAINED|CONSTRAINED|CONSTRAINED_202547_2025-11-20_0656|BY_IF
100000000009|VF|281|0|6200000072|1|1|11-JUL-2026|0|75|400|10080|10|0|202547|CONSTRAINED|CONSTRAINED|CONSTRAINED_202547_2025-11-20_0656|BY_IF
100000000009|VF|282|0|6200000072|1|1|27-JUN-2026|0|75|400|10080|10|0|202547|CONSTRAINED|CONSTRAINED|CONSTRAINED_202547_2025-11-20_0656|BY_IF
100000000009|VF|283|0|6200000072|1|1|20-JUN-2026|0|75|400|10080|10|0|202547|CONSTRAINED|CONSTRAINED|CONSTRAINED_202547_2025-11-20_0656|BY_IF
100000000009|VF|284|0|6200000072|1|1|18-APR-2026|0|75|400|10080|10|0|202547|CONSTRAINED|CONSTRAINED|CONSTRAINED_202547_2025-11-20_0656|BY_IF
100000000009|VF|285|0|6200000072|1|1|11-APR-2026|0|75|400|10080|10|0|202547|CONSTRAINED|CONSTRAINED|CONSTRAINED_202547_2025-11-20_0656|BY_IF
100000000009|VF|757|0|6200000072|1|0|16-JAN-2027|0|75|1200|10080|13|0|202547|CONSTRAINED|CONSTRAINED|CONSTRAINED_202547_2025-11-20_0656|BY_IF
100000000009|VF|758|0|6200000072|1|0|06-MAR-2027|0|75|1200|10080|13|0|202547|CONSTRAINED|CONSTRAINED|CONSTRAINED_202547_2025-11-20_0656|BY_IF
100000000009|VF|759|0|6200000072|1|0|22-MAY-2027|0|75|1200|10080|13|0|202547|CONSTRAINED|CONSTRAINED|CONSTRAINED_202547_2025-11-20_0656|BY_IF
100000000009|VF|760|0|6200000072|1|0|07-NOV-2026|0|75|1200|10080|13|0|202547|CONSTRAINED|CONSTRAINED|CONSTRAINED_202547_2025-11-20_0656|BY_IF
100000000009|VF|761|0|6200000072|1|0|09-JAN-2027|0|75|1200|10080|13|0|202547|CONSTRAINED|CONSTRAINED|CONSTRAINED_202547_2025-11-20_0656|BY_IF
100000000009|VF|762|0|6200000072|1|0|13-MAR-2027|0|75|1200|10080|13|0|202547|CONSTRAINED|CONSTRAINED|CONSTRAINED_202547_2025-11-20_0656|BY_IF
100000000009|VF|763|0|6200000072|1|0|15-MAY-2027|0|75|1200|10080|13|0|202547|CONSTRAINED|CONSTRAINED|CONSTRAINED_202547_2025-11-20_0656|BY_IF
100000000009|VF|764|0|6200000072|1|0|17-OCT-2026|0|75|1200|10080|13|0|202547|CONSTRAINED|CONSTRAINED|CONSTRAINED_202547_2025-11-20_0656|BY_IF
100000000009|VF|765|0|6200000072|1|0|02-JAN-2027|0|75|1200|10080|13|0|202547|CONSTRAINED|CONSTRAINED|CONSTRAINED_202547_2025-11-20_0656|BY_IF
100000000009|VF|766|0|6200000072|1|0|20-MAR-2027|0|75|1200|10080|13|0|202547|CONSTRAINED|CONSTRAINED|CONSTRAINED_202547_2025-11-20_0656|BY_IF
100000000009|VF|767|0|6200000072|1|0|05-JUN-2027|0|75|1200|10080|13|0|202547|CONSTRAINED|CONSTRAINED|CONSTRAINED_202547_2025-11-20_0656|BY_IF
100000000009|VF|768|0|6200000072|1|0|24-OCT-2026|0|75|1200|10080|13|0|202547|CONSTRAINED|CONSTRAINED|CONSTRAINED_202547_2025-11-20_0656|BY_IF
100000000009|VF|769|0|6200000072|1|0|26-DEC-2026|0|75|1200|10080|13|0|202547|CONSTRAINED|CONSTRAINED|CONSTRAINED_202547_2025-11-20_0656|BY_IF
100000000009|VF|770|0|6200000072|1|0|27-MAR-2027|0|75|1200|10080|13|0|202547|CONSTRAINED|CONSTRAINED|CONSTRAINED_202547_2025-11-20_0656|BY_IF
100000000009|VF|771|0|6200000072|1|0|29-MAY-2027|0|75|1200|10080|13|0|202547|CONSTRAINED|CONSTRAINED|CONSTRAINED_202547_2025-11-20_0656|BY_IF
100000000009|VF|772|0|6200000072|1|0|03-OCT-2026|0|75|1200|10080|13|0|202547|CONSTRAINED|CONSTRAINED|CONSTRAINED_202547_2025-11-20_0656|BY_IF
100000000009|VF|773|0|6200000072|1|0|01-AUG-2026|0|75|1200|10080|13|0|202547|CONSTRAINED|CONSTRAINED|CONSTRAINED_202547_2025-11-20_0656|BY_IF
100000000009|VF|774|0|6200000072|1|0|05-DEC-2026|0|75|1200|10080|13|0|202547|CONSTRAINED|CONSTRAINED|CONSTRAINED_202547_2025-11-20_0656|BY_IF
100000000009|VF|775|0|6200000072|1|0|06-FEB-2027|0|75|1200|10080|13|0|202547|CONSTRAINED|CONSTRAINED|CONSTRAINED_202547_2025-11-20_0656|BY_IF
100000000009|VF|776|0|6200000072|1|0|26-JUN-2027|0|75|1200|10080|13|0|202547|CONSTRAINED|CONSTRAINED|CONSTRAINED_202547_2025-11-20_0656|BY_IF
100000000009|VF|777|0|6200000072|1|0|14-NOV-2026|0|75|1200|10080|13|0|202547|CONSTRAINED|CONSTRAINED|CONSTRAINED_202547_2025-11-20_0656|BY_IF
100000000009|VF|778|0|6200000072|1|0|30-JAN-2027|0|75|1200|10080|13|0|202547|CONSTRAINED|CONSTRAINED|CONSTRAINED_202547_2025-11-20_0656|BY_IF
100000000009|VF|779|0|6200000072|1|0|17-APR-2027|0|75|1200|10080|13|0|202547|CONSTRAINED|CONSTRAINED|CONSTRAINED_202547_2025-11-20_0656|BY_IF
100000000009|VF|780|0|6200000072|1|0|03-JUL-2027|0|75|1200|10080|13|0|202547|CONSTRAINED|CONSTRAINED|CONSTRAINED_202547_2025-11-20_0656|BY_IF
100000000009|VF|781|0|6200000072|1|0|05-SEP-2026|0|75|1200|10080|13|0|202547|CONSTRAINED|CONSTRAINED|CONSTRAINED_202547_2025-11-20_0656|BY_IF
100000000009|VF|782|0|6200000072|1|0|08-MAY-2027|0|75|1200|10080|13|0|202547|CONSTRAINED|CONSTRAINED|CONSTRAINED_202547_2025-11-20_0656|BY_IF
100000000009|VF|783|0|6200000072|1|0|10-JUL-2027|0|75|1200|10080|13|0|202547|CONSTRAINED|CONSTRAINED|CONSTRAINED_202547_2025-11-20_0656|BY_IF
100000000009|VF|784|0|6200000072|1|0|24-JUL-2027|0|75|1200|10080|13|0|202547|CONSTRAINED|CONSTRAINED|CONSTRAINED_202547_2025-11-20_0656|BY_IF
100000000009|VF|785|0|6200000072|1|0|12-SEP-2026|0|75|1200|10080|13|0|202547|CONSTRAINED|CONSTRAINED|CONSTRAINED_202547_2025-11-20_0656|BY_IF
100000000009|VF|786|0|6200000072|1|0|01-MAY-2027|0|75|1200|10080|13|0|202547|CONSTRAINED|CONSTRAINED|CONSTRAINED_202547_2025-11-20_0656|BY_IF
100000000009|VF|787|0|6200000072|1|0|17-JUL-2027|0|75|1200|10080|13|0|202547|CONSTRAINED|CONSTRAINED|CONSTRAINED_202547_2025-11-20_0656|BY_IF
100000000009|VF|788|0|6200000072|1|0|19-SEP-2026|0|75|1200|10080|13|0|202547|CONSTRAINED|CONSTRAINED|CONSTRAINED_202547_2025-11-20_0656|BY_IF
100000000009|VF|789|0|6200000072|1|0|19-DEC-2026|0|75|1200|10080|13|0|202547|CONSTRAINED|CONSTRAINED|CONSTRAINED_202547_2025-11-20_0656|BY_IF
100000000009|VF|790|0|6200000072|1|0|20-FEB-2027|0|75|1200|10080|13|0|202547|CONSTRAINED|CONSTRAINED|CONSTRAINED_202547_2025-11-20_0656|BY_IF
100000000009|VF|791|0|6200000072|1|0|26-SEP-2026|0|75|1200|10080|13|0|202547|CONSTRAINED|CONSTRAINED|CONSTRAINED_202547_2025-11-20_0656|BY_IF
100000000009|VF|792|0|6200000072|1|0|12-DEC-2026|0|75|1200|10080|13|0|202547|CONSTRAINED|CONSTRAINED|CONSTRAINED_202547_2025-11-20_0656|BY_IF
100000000009|VF|793|0|6200000072|1|0|27-FEB-2027|0|75|1200|10080|13|0|202547|CONSTRAINED|CONSTRAINED|CONSTRAINED_202547_2025-11-20_0656|BY_IF
100000000009|VF|797|0|6200000072|1|0|15-AUG-2026|0|75|1200|10080|13|0|202547|CONSTRAINED|CONSTRAINED|CONSTRAINED_202547_2025-11-20_0656|BY_IF
100000000009|VF|798|0|6200000072|1|0|08-AUG-2026|0|75|1200|10080|13|0|202547|CONSTRAINED|CONSTRAINED|CONSTRAINED_202547_2025-11-20_0656|BY_IF
100000000009|VF|799|0|6200000072|1|0|29-AUG-2026|0|75|1200|10080|13|0|202547|CONSTRAINED|CONSTRAINED|CONSTRAINED_202547_2025-11-20_0656|BY_IF
100000000009|VF|800|0|6200000072|1|0|22-AUG-2026|0|75|1200|10080|13|0|202547|CONSTRAINED|CONSTRAINED|CONSTRAINED_202547_2025-11-20_0656|BY_IF
100000000009|VF|801|0|6200000072|1|0|31-OCT-2026|0|75|1200|10080|13|0|202547|CONSTRAINED|CONSTRAINED|CONSTRAINED_202547_2025-11-20_0656|BY_IF
100000000009|VF|802|0|6200000072|1|0|10-APR-2027|0|75|1200|10080|13|0|202547|CONSTRAINED|CONSTRAINED|CONSTRAINED_202547_2025-11-20_0656|BY_IF
100000000009|VF|803|0|6200000072|1|0|12-JUN-2027|0|75|1200|10080|13|0|202547|CONSTRAINED|CONSTRAINED|CONSTRAINED_202547_2025-11-20_0656|BY_IF
100000000009|VF|804|0|6200000072|1|0|10-OCT-2026|0|75|1200|10080|13|0|202547|CONSTRAINED|CONSTRAINED|CONSTRAINED_202547_2025-11-20_0656|BY_IF
100000000009|VF|805|0|6200000072|1|0|28-NOV-2026|0|75|1200|10080|13|0|202547|CONSTRAINED|CONSTRAINED|CONSTRAINED_202547_2025-11-20_0656|BY_IF
100000000009|VF|806|0|6200000072|1|0|13-FEB-2027|0|75|1200|10080|13|0|202547|CONSTRAINED|CONSTRAINED|CONSTRAINED_202547_2025-11-20_0656|BY_IF
100000000009|VF|807|0|6200000072|1|0|03-APR-2027|0|75|1200|10080|13|0|202547|CONSTRAINED|CONSTRAINED|CONSTRAINED_202547_2025-11-20_0656|BY_IF
100000000009|VF|808|0|6200000072|1|0|19-JUN-2027|0|75|1200|10080|13|0|202547|CONSTRAINED|CONSTRAINED|CONSTRAINED_202547_2025-11-20_0656|BY_IF
100000000009|VF|809|0|6200000072|1|0|21-NOV-2026|0|75|1200|10080|13|0|202547|CONSTRAINED|CONSTRAINED|CONSTRAINED_202547_2025-11-20_0656|BY_IF
100000000009|VF|810|0|6200000072|1|0|23-JAN-2027|0|75|1200|10080|13|0|202547|CONSTRAINED|CONSTRAINED|CONSTRAINED_202547_2025-11-20_0656|BY_IF
100000000009|VF|811|0|6200000072|1|0|24-APR-2027|0|75|1200|10080|13|0|202547|CONSTRAINED|CONSTRAINED|CONSTRAINED_202547_2025-11-20_0656|BY_IF
100000000110|1003|256|0|6200000072|1|1|27-DEC-2025|0|75|400|10080|10|0|202547|CONSTRAINED|CONSTRAINED|CONSTRAINED_202547_2025-11-20_0656|BY_IF
100000000110|1003|257|0|6200000072|1|1|10-JAN-2026|0|75|400|10080|10|0|202547|CONSTRAINED|CONSTRAINED|CONSTRAINED_202547_2025-11-20_0656|BY_IF
100000000110|1006|1|0|6200000072|1|1|13-DEC-2025|0|75|400|10080|10|0|202547|CONSTRAINED|CONSTRAINED|CONSTRAINED_202547_2025-11-20_0656|BY_IF
100000000110|1006|2|0|6200000072|1|1|06-DEC-2025|0|49|400|10080|10|0|202547|CONSTRAINED|CONSTRAINED|CONSTRAINED_202547_2025-11-20_0656|BY_IF
100000000110|1006|3|0|6200000072|1|1|20-DEC-2025|0|75|400|10080|10|0|202547|CONSTRAINED|CONSTRAINED|CONSTRAINED_202547_2025-11-20_0656|BY_IF
100000000110|1006|4|0|6200000072|1|1|03-JAN-2026|0|75|400|10080|10|0|202547|CONSTRAINED|CONSTRAINED|CONSTRAINED_202547_2025-11-20_0656|BY_IF
100000000110|VF|124|0|6200000072|1|1|20-JUN-2026|0|75|400|10080|10|0|202547|CONSTRAINED|CONSTRAINED|CONSTRAINED_202547_2025-11-20_0656|BY_IF
100000000110|VF|125|0|6200000072|1|1|13-JUN-2026|0|75|400|10080|10|0|202547|CONSTRAINED|CONSTRAINED|CONSTRAINED_202547_2025-11-20_0656|BY_IF
100000000110|VF|126|0|6200000072|1|1|27-JUN-2026|0|75|400|10080|10|0|202547|CONSTRAINED|CONSTRAINED|CONSTRAINED_202547_2025-11-20_0656|BY_IF
100000000110|VF|127|0|6200000072|1|1|04-JUL-2026|0|75|400|10080|10|0|202547|CONSTRAINED|CONSTRAINED|CONSTRAINED_202547_2025-11-20_0656|BY_IF
100000000110|VF|128|0|6200000072|1|1|09-MAY-2026|0|75|400|10080|10|0|202547|CONSTRAINED|CONSTRAINED|CONSTRAINED_202547_2025-11-20_0656|BY_IF
100000000110|VF|129|0|6200000072|1|1|02-MAY-2026|0|75|400|10080|10|0|202547|CONSTRAINED|CONSTRAINED|CONSTRAINED_202547_2025-11-20_0656|BY_IF
100000000110|VF|130|0|6200000072|1|1|23-MAY-2026|0|75|400|10080|10|0|202547|CONSTRAINED|CONSTRAINED|CONSTRAINED_202547_2025-11-20_0656|BY_IF
100000000110|VF|131|0|6200000072|1|1|16-MAY-2026|0|75|400|10080|10|0|202547|CONSTRAINED|CONSTRAINED|CONSTRAINED_202547_2025-11-20_0656|BY_IF
100000000110|VF|132|0|6200000072|1|1|06-JUN-2026|0|75|400|10080|10|0|202547|CONSTRAINED|CONSTRAINED|CONSTRAINED_202547_2025-11-20_0656|BY_IF
100000000110|VF|133|0|6200000072|1|1|30-MAY-2026|0|75|400|10080|10|0|202547|CONSTRAINED|CONSTRAINED|CONSTRAINED_202547_2025-11-20_0656|BY_IF
100000000110|VF|134|0|6200000072|1|1|11-APR-2026|0|75|400|10080|10|0|202547|CONSTRAINED|CONSTRAINED|CONSTRAINED_202547_2025-11-20_0656|BY_IF
100000000110|VF|135|0|6200000072|1|1|04-APR-2026|0|75|400|10080|10|0|202547|CONSTRAINED|CONSTRAINED|CONSTRAINED_202547_2025-11-20_0656|BY_IF
100000000110|VF|136|0|6200000072|1|1|24-JAN-2026|0|75|400|10080|10|0|202547|CONSTRAINED|CONSTRAINED|CONSTRAINED_202547_2025-11-20_0656|BY_IF
100000000110|VF|137|0|6200000072|1|1|31-JAN-2026|0|75|400|10080|10|0|202547|CONSTRAINED|CONSTRAINED|CONSTRAINED_202547_2025-11-20_0656|BY_IF
100000000110|VF|138|0|6200000072|1|1|25-APR-2026|0|75|400|10080|10|0|202547|CONSTRAINED|CONSTRAINED|CONSTRAINED_202547_2025-11-20_0656|BY_IF
100000000110|VF|139|0|6200000072|1|1|18-APR-2026|0|75|400|10080|10|0|202547|CONSTRAINED|CONSTRAINED|CONSTRAINED_202547_2025-11-20_0656|BY_IF
100000000110|VF|140|0|6200000072|1|1|07-FEB-2026|0|75|400|10080|10|0|202547|CONSTRAINED|CONSTRAINED|CONSTRAINED_202547_2025-11-20_0656|BY_IF
100000000110|VF|141|0|6200000072|1|1|14-FEB-2026|0|75|400|10080|10|0|202547|CONSTRAINED|CONSTRAINED|CONSTRAINED_202547_2025-11-20_0656|BY_IF
100000000110|VF|142|0|6200000072|1|1|21-FEB-2026|0|75|400|10080|10|0|202547|CONSTRAINED|CONSTRAINED|CONSTRAINED_202547_2025-11-20_0656|BY_IF
100000000110|VF|143|0|6200000072|1|1|28-FEB-2026|0|75|400|10080|10|0|202547|CONSTRAINED|CONSTRAINED|CONSTRAINED_202547_2025-11-20_0656|BY_IF
100000000110|VF|144|0|6200000072|1|1|11-JUL-2026|0|75|400|10080|10|0|202547|CONSTRAINED|CONSTRAINED|CONSTRAINED_202547_2025-11-20_0656|BY_IF
100000000110|VF|145|0|6200000072|1|1|18-JUL-2026|0|75|400|10080|10|0|202547|CONSTRAINED|CONSTRAINED|CONSTRAINED_202547_2025-11-20_0656|BY_IF
100000000110|VF|146|0|6200000072|1|1|14-MAR-2026|0|75|400|10080|10|0|202547|CONSTRAINED|CONSTRAINED|CONSTRAINED_202547_2025-11-20_0656|BY_IF
100000000110|VF|147|0|6200000072|1|1|07-MAR-2026|0|75|400|10080|10|0|202547|CONSTRAINED|CONSTRAINED|CONSTRAINED_202547_2025-11-20_0656|BY_IF
100000000110|VF|148|0|6200000072|1|1|25-JUL-2026|0|75|400|10080|10|0|202547|CONSTRAINED|CONSTRAINED|CONSTRAINED_202547_2025-11-20_0656|BY_IF
100000000110|VF|149|0|6200000072|1|1|28-MAR-2026|0|75|400|10080|10|0|202547|CONSTRAINED|CONSTRAINED|CONSTRAINED_202547_2025-11-20_0656|BY_IF
100000000110|VF|150|0|6200000072|1|1|21-MAR-2026|0|75|400|10080|10|0|202547|CONSTRAINED|CONSTRAINED|CONSTRAINED_202547_2025-11-20_0656|BY_IF
100000000110|VF|151|0|6200000072|1|1|22-NOV-2025|0|38|510|10080|11|0|202547|CONSTRAINED|CONSTRAINED|CONSTRAINED_202547_2025-11-20_0656|BY_IF
100000000110|VF|152|0|6200000072|1|1|17-JAN-2026|0|75|400|10080|10|0|202547|CONSTRAINED|CONSTRAINED|CONSTRAINED_202547_2025-11-20_0656|BY_IF
100000000110|VF|812|0|6200000072|1|0|03-OCT-2026|0|75|1200|10080|13|0|202547|CONSTRAINED|CONSTRAINED|CONSTRAINED_202547_2025-11-20_0656|BY_IF
100000000110|VF|813|0|6200000072|1|0|13-FEB-2027|0|75|1200|10080|13|0|202547|CONSTRAINED|CONSTRAINED|CONSTRAINED_202547_2025-11-20_0656|BY_IF
100000000110|VF|814|0|6200000072|1|0|21-NOV-2026|0|75|1200|10080|13|0|202547|CONSTRAINED|CONSTRAINED|CONSTRAINED_202547_2025-11-20_0656|BY_IF
100000000110|VF|815|0|6200000072|1|0|20-MAR-2027|0|75|1200|10080|13|0|202547|CONSTRAINED|CONSTRAINED|CONSTRAINED_202547_2025-11-20_0656|BY_IF
100000000110|VF|816|0|6200000072|1|0|19-SEP-2026|0|75|1200|10080|13|0|202547|CONSTRAINED|CONSTRAINED|CONSTRAINED_202547_2025-11-20_0656|BY_IF
100000000110|VF|817|0|6200000072|1|0|27-FEB-2027|0|75|1200|10080|13|0|202547|CONSTRAINED|CONSTRAINED|CONSTRAINED_202547_2025-11-20_0656|BY_IF
100000000110|VF|818|0|6200000072|1|0|10-JUL-2027|0|75|1200|10080|13|0|202547|CONSTRAINED|CONSTRAINED|CONSTRAINED_202547_2025-11-20_0656|BY_IF
100000000110|VF|819|0|6200000072|1|0|26-JUN-2027|0|75|1200|10080|13|0|202547|CONSTRAINED|CONSTRAINED|CONSTRAINED_202547_2025-11-20_0656|BY_IF
100000000110|VF|820|0|6200000072|1|0|02-JAN-2027|0|75|1200|10080|13|0|202547|CONSTRAINED|CONSTRAINED|CONSTRAINED_202547_2025-11-20_0656|BY_IF
100000000110|VF|821|0|6200000072|1|0|15-MAY-2027|0|75|1200|10080|13|0|202547|CONSTRAINED|CONSTRAINED|CONSTRAINED_202547_2025-11-20_0656|BY_IF
100000000110|VF|822|0|6200000072|1|0|08-AUG-2026|0|75|1200|10080|13|0|202547|CONSTRAINED|CONSTRAINED|CONSTRAINED_202547_2025-11-20_0656|BY_IF
100000000110|VF|823|0|6200000072|1|0|22-AUG-2026|0|75|1200|10080|13|0|202547|CONSTRAINED|CONSTRAINED|CONSTRAINED_202547_2025-11-20_0656|BY_IF
100000000110|VF|824|0|6200000072|1|0|30-JAN-2027|0|75|1200|10080|13|0|202547|CONSTRAINED|CONSTRAINED|CONSTRAINED_202547_2025-11-20_0656|BY_IF
100000000110|VF|825|0|6200000072|1|0|12-JUN-2027|0|75|1200|10080|13|0|202547|CONSTRAINED|CONSTRAINED|CONSTRAINED_202547_2025-11-20_0656|BY_IF
100000000110|VF|826|0|6200000072|1|0|05-SEP-2026|0|75|1200|10080|13|0|202547|CONSTRAINED|CONSTRAINED|CONSTRAINED_202547_2025-11-20_0656|BY_IF
100000000110|VF|827|0|6200000072|1|0|16-JAN-2027|0|75|1200|10080|13|0|202547|CONSTRAINED|CONSTRAINED|CONSTRAINED_202547_2025-11-20_0656|BY_IF
100000000110|VF|828|0|6200000072|1|0|29-MAY-2027|0|75|1200|10080|13|0|202547|CONSTRAINED|CONSTRAINED|CONSTRAINED_202547_2025-11-20_0656|BY_IF
100000000110|VF|829|0|6200000072|1|0|28-NOV-2026|0|75|1200|10080|13|0|202547|CONSTRAINED|CONSTRAINED|CONSTRAINED_202547_2025-11-20_0656|BY_IF
100000000110|VF|830|0|6200000072|1|0|08-MAY-2027|0|75|1200|10080|13|0|202547|CONSTRAINED|CONSTRAINED|CONSTRAINED_202547_2025-11-20_0656|BY_IF
100000000110|VF|831|0|6200000072|1|0|01-AUG-2026|0|75|1200|10080|13|0|202547|CONSTRAINED|CONSTRAINED|CONSTRAINED_202547_2025-11-20_0656|BY_IF
100000000110|VF|832|0|6200000072|1|0|12-DEC-2026|0|75|1200|10080|13|0|202547|CONSTRAINED|CONSTRAINED|CONSTRAINED_202547_2025-11-20_0656|BY_IF
100000000110|VF|833|0|6200000072|1|0|24-APR-2027|0|75|1200|10080|13|0|202547|CONSTRAINED|CONSTRAINED|CONSTRAINED_202547_2025-11-20_0656|BY_IF
100000000110|VF|834|0|6200000072|1|0|13-MAR-2027|0|75|1200|10080|13|0|202547|CONSTRAINED|CONSTRAINED|CONSTRAINED_202547_2025-11-20_0656|BY_IF
100000000110|VF|835|0|6200000072|1|0|17-OCT-2026|0|75|1200|10080|13|0|202547|CONSTRAINED|CONSTRAINED|CONSTRAINED_202547_2025-11-20_0656|BY_IF
100000000110|VF|836|0|6200000072|1|0|31-OCT-2026|0|75|1200|10080|13|0|202547|CONSTRAINED|CONSTRAINED|CONSTRAINED_202547_2025-11-20_0656|BY_IF
100000000110|VF|837|0|6200000072|1|0|10-APR-2027|0|75|1200|10080|13|0|202547|CONSTRAINED|CONSTRAINED|CONSTRAINED_202547_2025-11-20_0656|BY_IF
100000000110|VF|838|0|6200000072|1|0|14-NOV-2026|0|75|1200|10080|13|0|202547|CONSTRAINED|CONSTRAINED|CONSTRAINED_202547_2025-11-20_0656|BY_IF
100000000110|VF|839|0|6200000072|1|0|27-MAR-2027|0|75|1200|10080|13|0|202547|CONSTRAINED|CONSTRAINED|CONSTRAINED_202547_2025-11-20_0656|BY_IF
100000000110|VF|840|0|6200000072|1|0|24-JUL-2027|0|75|1200|10080|13|0|202547|CONSTRAINED|CONSTRAINED|CONSTRAINED_202547_2025-11-20_0656|BY_IF
100000000110|VF|841|0|6200000072|1|0|26-SEP-2026|0|75|1200|10080|13|0|202547|CONSTRAINED|CONSTRAINED|CONSTRAINED_202547_2025-11-20_0656|BY_IF
100000000110|VF|842|0|6200000072|1|0|20-FEB-2027|0|75|1200|10080|13|0|202547|CONSTRAINED|CONSTRAINED|CONSTRAINED_202547_2025-11-20_0656|BY_IF
100000000110|VF|843|0|6200000072|1|0|17-JUL-2027|0|75|1200|10080|13|0|202547|CONSTRAINED|CONSTRAINED|CONSTRAINED_202547_2025-11-20_0656|BY_IF
100000000110|VF|844|0|6200000072|1|0|10-OCT-2026|0|75|1200|10080|13|0|202547|CONSTRAINED|CONSTRAINED|CONSTRAINED_202547_2025-11-20_0656|BY_IF
100000000110|VF|845|0|6200000072|1|0|06-FEB-2027|0|75|1200|10080|13|0|202547|CONSTRAINED|CONSTRAINED|CONSTRAINED_202547_2025-11-20_0656|BY_IF
100000000110|VF|846|0|6200000072|1|0|03-JUL-2027|0|75|1200|10080|13|0|202547|CONSTRAINED|CONSTRAINED|CONSTRAINED_202547_2025-11-20_0656|BY_IF
100000000110|VF|847|0|6200000072|1|0|26-DEC-2026|0|75|1200|10080|13|0|202547|CONSTRAINED|CONSTRAINED|CONSTRAINED_202547_2025-11-20_0656|BY_IF
100000000110|VF|848|0|6200000072|1|0|22-MAY-2027|0|75|1200|10080|13|0|202547|CONSTRAINED|CONSTRAINED|CONSTRAINED_202547_2025-11-20_0656|BY_IF
100000000110|VF|849|0|6200000072|1|0|15-AUG-2026|0|75|1200|10080|13|0|202547|CONSTRAINED|CONSTRAINED|CONSTRAINED_202547_2025-11-20_0656|BY_IF
100000000110|VF|850|0|6200000072|1|0|29-AUG-2026|0|75|1200|10080|13|0|202547|CONSTRAINED|CONSTRAINED|CONSTRAINED_202547_2025-11-20_0656|BY_IF
100000000110|VF|851|0|6200000072|1|0|23-JAN-2027|0|75|1200|10080|13|0|202547|CONSTRAINED|CONSTRAINED|CONSTRAINED_202547_2025-11-20_0656|BY_IF
100000000110|VF|852|0|6200000072|1|0|19-JUN-2027|0|75|1200|10080|13|0|202547|CONSTRAINED|CONSTRAINED|CONSTRAINED_202547_2025-11-20_0656|BY_IF
100000000110|VF|853|0|6200000072|1|0|12-SEP-2026|0|75|1200|10080|13|0|202547|CONSTRAINED|CONSTRAINED|CONSTRAINED_202547_2025-11-20_0656|BY_IF
100000000110|VF|854|0|6200000072|1|0|09-JAN-2027|0|75|1200|10080|13|0|202547|CONSTRAINED|CONSTRAINED|CONSTRAINED_202547_2025-11-20_0656|BY_IF
100000000110|VF|855|0|6200000072|1|0|05-JUN-2027|0|75|1200|10080|13|0|202547|CONSTRAINED|CONSTRAINED|CONSTRAINED_202547_2025-11-20_0656|BY_IF
100000000110|VF|856|0|6200000072|1|0|05-DEC-2026|0|75|1200|10080|13|0|202547|CONSTRAINED|CONSTRAINED|CONSTRAINED_202547_2025-11-20_0656|BY_IF
100000000110|VF|857|0|6200000072|1|0|01-MAY-2027|0|75|1200|10080|13|0|202547|CONSTRAINED|CONSTRAINED|CONSTRAINED_202547_2025-11-20_0656|BY_IF
100000000110|VF|858|0|6200000072|1|0|19-DEC-2026|0|75|1200|10080|13|0|202547|CONSTRAINED|CONSTRAINED|CONSTRAINED_202547_2025-11-20_0656|BY_IF
100000000110|VF|859|0|6200000072|1|0|17-APR-2027|0|75|1200|10080|13|0|202547|CONSTRAINED|CONSTRAINED|CONSTRAINED_202547_2025-11-20_0656|BY_IF
100000000110|VF|860|0|6200000072|1|0|06-MAR-2027|0|75|1200|10080|13|0|202547|CONSTRAINED|CONSTRAINED|CONSTRAINED_202547_2025-11-20_0656|BY_IF
100000000110|VF|861|0|6200000072|1|0|24-OCT-2026|0|75|1200|10080|13|0|202547|CONSTRAINED|CONSTRAINED|CONSTRAINED_202547_2025-11-20_0656|BY_IF
100000000110|VF|862|0|6200000072|1|0|07-NOV-2026|0|75|1200|10080|13|0|202547|CONSTRAINED|CONSTRAINED|CONSTRAINED_202547_2025-11-20_0656|BY_IF
100000000110|VF|863|0|6200000072|1|0|03-APR-2027|0|75|1200|10080|13|0|202547|CONSTRAINED|CONSTRAINED|CONSTRAINED_202547_2025-11-20_0656|BY_IF
100000000111|1006|34|0|6200000072|1|1|13-DEC-2025|0|75|400|10080|10|0|202547|CONSTRAINED|CONSTRAINED|CONSTRAINED_202547_2025-11-20_0656|BY_IF
100000000111|1006|35|0|6200000072|1|1|10-JAN-2026|0|75|400|10080|10|0|202547|CONSTRAINED|CONSTRAINED|CONSTRAINED_202547_2025-11-20_0656|BY_IF
100000000111|1006|36|0|6200000072|1|1|20-DEC-2025|0|75|400|10080|10|0|202547|CONSTRAINED|CONSTRAINED|CONSTRAINED_202547_2025-11-20_0656|BY_IF
100000000111|1006|37|0|6200000072|1|1|27-DEC-2025|0|75|400|10080|10|0|202547|CONSTRAINED|CONSTRAINED|CONSTRAINED_202547_2025-11-20_0656|BY_IF
100000000111|1006|38|0|6200000072|1|1|06-DEC-2025|0|49|400|10080|10|0|202547|CONSTRAINED|CONSTRAINED|CONSTRAINED_202547_2025-11-20_0656|BY_IF
100000000111|1006|39|0|6200000072|1|1|03-JAN-2026|0|75|400|10080|10|0|202547|CONSTRAINED|CONSTRAINED|CONSTRAINED_202547_2025-11-20_0656|BY_IF
100000000111|VF|480|0|6200000072|1|1|28-MAR-2026|0|75|400|10080|10|0|202547|CONSTRAINED|CONSTRAINED|CONSTRAINED_202547_2025-11-20_0656|BY_IF
100000000111|VF|481|0|6200000072|1|1|21-MAR-2026|0|75|400|10080|10|0|202547|CONSTRAINED|CONSTRAINED|CONSTRAINED_202547_2025-11-20_0656|BY_IF
100000000111|VF|482|0|6200000072|1|1|23-MAY-2026|0|75|400|10080|10|0|202547|CONSTRAINED|CONSTRAINED|CONSTRAINED_202547_2025-11-20_0656|BY_IF
100000000111|VF|483|0|6200000072|1|1|16-MAY-2026|0|75|400|10080|10|0|202547|CONSTRAINED|CONSTRAINED|CONSTRAINED_202547_2025-11-20_0656|BY_IF
100000000111|VF|484|0|6200000072|1|1|09-MAY-2026|0|75|400|10080|10|0|202547|CONSTRAINED|CONSTRAINED|CONSTRAINED_202547_2025-11-20_0656|BY_IF
100000000111|VF|485|0|6200000072|1|1|02-MAY-2026|0|75|400|10080|10|0|202547|CONSTRAINED|CONSTRAINED|CONSTRAINED_202547_2025-11-20_0656|BY_IF
100000000111|VF|486|0|6200000072|1|1|25-APR-2026|0|75|400|10080|10|0|202547|CONSTRAINED|CONSTRAINED|CONSTRAINED_202547_2025-11-20_0656|BY_IF
100000000111|VF|487|0|6200000072|1|1|18-APR-2026|0|75|400|10080|10|0|202547|CONSTRAINED|CONSTRAINED|CONSTRAINED_202547_2025-11-20_0656|BY_IF
100000000111|VF|488|0|6200000072|1|1|11-APR-2026|0|75|400|10080|10|0|202547|CONSTRAINED|CONSTRAINED|CONSTRAINED_202547_2025-11-20_0656|BY_IF
100000000111|VF|489|0|6200000072|1|1|04-APR-2026|0|75|400|10080|10|0|202547|CONSTRAINED|CONSTRAINED|CONSTRAINED_202547_2025-11-20_0656|BY_IF
100000000111|VF|490|0|6200000072|1|1|22-NOV-2025|0|38|510|10080|11|0|202547|CONSTRAINED|CONSTRAINED|CONSTRAINED_202547_2025-11-20_0656|BY_IF
100000000111|VF|491|0|6200000072|1|1|17-JAN-2026|0|75|400|10080|10|0|202547|CONSTRAINED|CONSTRAINED|CONSTRAINED_202547_2025-11-20_0656|BY_IF
100000000111|VF|492|0|6200000072|1|1|06-JUN-2026|0|75|400|10080|10|0|202547|CONSTRAINED|CONSTRAINED|CONSTRAINED_202547_2025-11-20_0656|BY_IF
100000000111|VF|493|0|6200000072|1|1|30-MAY-2026|0|75|400|10080|10|0|202547|CONSTRAINED|CONSTRAINED|CONSTRAINED_202547_2025-11-20_0656|BY_IF
100000000111|VF|494|0|6200000072|1|1|20-JUN-2026|0|75|400|10080|10|0|202547|CONSTRAINED|CONSTRAINED|CONSTRAINED_202547_2025-11-20_0656|BY_IF
100000000111|VF|495|0|6200000072|1|1|13-JUN-2026|0|75|400|10080|10|0|202547|CONSTRAINED|CONSTRAINED|CONSTRAINED_202547_2025-11-20_0656|BY_IF
100000000111|VF|496|0|6200000072|1|1|14-MAR-2026|0|75|400|10080|10|0|202547|CONSTRAINED|CONSTRAINED|CONSTRAINED_202547_2025-11-20_0656|BY_IF
100000000111|VF|497|0|6200000072|1|1|07-MAR-2026|0|75|400|10080|10|0|202547|CONSTRAINED|CONSTRAINED|CONSTRAINED_202547_2025-11-20_0656|BY_IF
100000000111|VF|498|0|6200000072|1|1|21-FEB-2026|0|75|400|10080|10|0|202547|CONSTRAINED|CONSTRAINED|CONSTRAINED_202547_2025-11-20_0656|BY_IF
100000000111|VF|499|0|6200000072|1|1|28-FEB-2026|0|75|400|10080|10|0|202547|CONSTRAINED|CONSTRAINED|CONSTRAINED_202547_2025-11-20_0656|BY_IF
100000000111|VF|500|0|6200000072|1|1|27-JUN-2026|0|75|400|10080|10|0|202547|CONSTRAINED|CONSTRAINED|CONSTRAINED_202547_2025-11-20_0656|BY_IF
100000000111|VF|501|0|6200000072|1|1|04-JUL-2026|0|75|400|10080|10|0|202547|CONSTRAINED|CONSTRAINED|CONSTRAINED_202547_2025-11-20_0656|BY_IF
100000000111|VF|502|0|6200000072|1|1|07-FEB-2026|0|75|400|10080|10|0|202547|CONSTRAINED|CONSTRAINED|CONSTRAINED_202547_2025-11-20_0656|BY_IF
100000000111|VF|503|0|6200000072|1|1|14-FEB-2026|0|75|400|10080|10|0|202547|CONSTRAINED|CONSTRAINED|CONSTRAINED_202547_2025-11-20_0656|BY_IF
100000000111|VF|504|0|6200000072|1|1|11-JUL-2026|0|75|400|10080|10|0|202547|CONSTRAINED|CONSTRAINED|CONSTRAINED_202547_2025-11-20_0656|BY_IF
100000000111|VF|505|0|6200000072|1|1|18-JUL-2026|0|75|400|10080|10|0|202547|CONSTRAINED|CONSTRAINED|CONSTRAINED_202547_2025-11-20_0656|BY_IF
100000000111|VF|506|0|6200000072|1|1|24-JAN-2026|0|75|400|10080|10|0|202547|CONSTRAINED|CONSTRAINED|CONSTRAINED_202547_2025-11-20_0656|BY_IF
100000000111|VF|507|0|6200000072|1|1|31-JAN-2026|0|75|400|10080|10|0|202547|CONSTRAINED|CONSTRAINED|CONSTRAINED_202547_2025-11-20_0656|BY_IF
100000000111|VF|508|0|6200000072|1|1|25-JUL-2026|0|75|400|10080|10|0|202547|CONSTRAINED|CONSTRAINED|CONSTRAINED_202547_2025-11-20_0656|BY_IF
100000000111|VF|864|0|6200000072|1|0|06-FEB-2027|0|75|1200|10080|13|0|202547|CONSTRAINED|CONSTRAINED|CONSTRAINED_202547_2025-11-20_0656|BY_IF
100000000111|VF|865|0|6200000072|1|0|10-APR-2027|0|75|1200|10080|13|0|202547|CONSTRAINED|CONSTRAINED|CONSTRAINED_202547_2025-11-20_0656|BY_IF
100000000111|VF|866|0|6200000072|1|0|12-JUN-2027|0|75|1200|10080|13|0|202547|CONSTRAINED|CONSTRAINED|CONSTRAINED_202547_2025-11-20_0656|BY_IF
100000000111|VF|867|0|6200000072|1|0|24-OCT-2026|0|75|1200|10080|13|0|202547|CONSTRAINED|CONSTRAINED|CONSTRAINED_202547_2025-11-20_0656|BY_IF
100000000111|VF|868|0|6200000072|1|0|26-DEC-2026|0|75|1200|10080|13|0|202547|CONSTRAINED|CONSTRAINED|CONSTRAINED_202547_2025-11-20_0656|BY_IF
100000000111|VF|869|0|6200000072|1|0|27-MAR-2027|0|75|1200|10080|13|0|202547|CONSTRAINED|CONSTRAINED|CONSTRAINED_202547_2025-11-20_0656|BY_IF
100000000111|VF|870|0|6200000072|1|0|29-MAY-2027|0|75|1200|10080|13|0|202547|CONSTRAINED|CONSTRAINED|CONSTRAINED_202547_2025-11-20_0656|BY_IF
100000000111|VF|871|0|6200000072|1|0|17-OCT-2026|0|75|1200|10080|13|0|202547|CONSTRAINED|CONSTRAINED|CONSTRAINED_202547_2025-11-20_0656|BY_IF
100000000111|VF|872|0|6200000072|1|0|02-JAN-2027|0|75|1200|10080|13|0|202547|CONSTRAINED|CONSTRAINED|CONSTRAINED_202547_2025-11-20_0656|BY_IF
100000000111|VF|873|0|6200000072|1|0|20-MAR-2027|0|75|1200|10080|13|0|202547|CONSTRAINED|CONSTRAINED|CONSTRAINED_202547_2025-11-20_0656|BY_IF
100000000111|VF|874|0|6200000072|1|0|05-JUN-2027|0|75|1200|10080|13|0|202547|CONSTRAINED|CONSTRAINED|CONSTRAINED_202547_2025-11-20_0656|BY_IF
100000000111|VF|875|0|6200000072|1|0|07-NOV-2026|0|75|1200|10080|13|0|202547|CONSTRAINED|CONSTRAINED|CONSTRAINED_202547_2025-11-20_0656|BY_IF
100000000111|VF|876|0|6200000072|1|0|09-JAN-2027|0|75|1200|10080|13|0|202547|CONSTRAINED|CONSTRAINED|CONSTRAINED_202547_2025-11-20_0656|BY_IF
100000000111|VF|877|0|6200000072|1|0|13-MAR-2027|0|75|1200|10080|13|0|202547|CONSTRAINED|CONSTRAINED|CONSTRAINED_202547_2025-11-20_0656|BY_IF
100000000111|VF|878|0|6200000072|1|0|15-MAY-2027|0|75|1200|10080|13|0|202547|CONSTRAINED|CONSTRAINED|CONSTRAINED_202547_2025-11-20_0656|BY_IF
100000000111|VF|879|0|6200000072|1|0|31-OCT-2026|0|75|1200|10080|13|0|202547|CONSTRAINED|CONSTRAINED|CONSTRAINED_202547_2025-11-20_0656|BY_IF
100000000111|VF|880|0|6200000072|1|0|16-JAN-2027|0|75|1200|10080|13|0|202547|CONSTRAINED|CONSTRAINED|CONSTRAINED_202547_2025-11-20_0656|BY_IF
100000000111|VF|881|0|6200000072|1|0|06-MAR-2027|0|75|1200|10080|13|0|202547|CONSTRAINED|CONSTRAINED|CONSTRAINED_202547_2025-11-20_0656|BY_IF
100000000111|VF|882|0|6200000072|1|0|22-MAY-2027|0|75|1200|10080|13|0|202547|CONSTRAINED|CONSTRAINED|CONSTRAINED_202547_2025-11-20_0656|BY_IF
100000000111|VF|883|0|6200000072|1|0|22-AUG-2026|0|75|1200|10080|13|0|202547|CONSTRAINED|CONSTRAINED|CONSTRAINED_202547_2025-11-20_0656|BY_IF
100000000111|VF|884|0|6200000072|1|0|29-AUG-2026|0|75|1200|10080|13|0|202547|CONSTRAINED|CONSTRAINED|CONSTRAINED_202547_2025-11-20_0656|BY_IF
100000000111|VF|885|0|6200000072|1|0|08-AUG-2026|0|75|1200|10080|13|0|202547|CONSTRAINED|CONSTRAINED|CONSTRAINED_202547_2025-11-20_0656|BY_IF
100000000111|VF|886|0|6200000072|1|0|15-AUG-2026|0|75|1200|10080|13|0|202547|CONSTRAINED|CONSTRAINED|CONSTRAINED_202547_2025-11-20_0656|BY_IF
100000000111|VF|887|0|6200000072|1|0|26-SEP-2026|0|75|1200|10080|13|0|202547|CONSTRAINED|CONSTRAINED|CONSTRAINED_202547_2025-11-20_0656|BY_IF
100000000111|VF|888|0|6200000072|1|0|12-DEC-2026|0|75|1200|10080|13|0|202547|CONSTRAINED|CONSTRAINED|CONSTRAINED_202547_2025-11-20_0656|BY_IF
100000000111|VF|889|0|6200000072|1|0|27-FEB-2027|0|75|1200|10080|13|0|202547|CONSTRAINED|CONSTRAINED|CONSTRAINED_202547_2025-11-20_0656|BY_IF
100000000111|VF|890|0|6200000072|1|0|19-SEP-2026|0|75|1200|10080|13|0|202547|CONSTRAINED|CONSTRAINED|CONSTRAINED_202547_2025-11-20_0656|BY_IF
100000000111|VF|891|0|6200000072|1|0|19-DEC-2026|0|75|1200|10080|13|0|202547|CONSTRAINED|CONSTRAINED|CONSTRAINED_202547_2025-11-20_0656|BY_IF
100000000111|VF|892|0|6200000072|1|0|20-FEB-2027|0|75|1200|10080|13|0|202547|CONSTRAINED|CONSTRAINED|CONSTRAINED_202547_2025-11-20_0656|BY_IF
100000000111|VF|893|0|6200000072|1|0|12-SEP-2026|0|75|1200|10080|13|0|202547|CONSTRAINED|CONSTRAINED|CONSTRAINED_202547_2025-11-20_0656|BY_IF
100000000111|VF|894|0|6200000072|1|0|01-MAY-2027|0|75|1200|10080|13|0|202547|CONSTRAINED|CONSTRAINED|CONSTRAINED_202547_2025-11-20_0656|BY_IF
100000000111|VF|895|0|6200000072|1|0|17-JUL-2027|0|75|1200|10080|13|0|202547|CONSTRAINED|CONSTRAINED|CONSTRAINED_202547_2025-11-20_0656|BY_IF
100000000111|VF|896|0|6200000072|1|0|24-JUL-2027|0|75|1200|10080|13|0|202547|CONSTRAINED|CONSTRAINED|CONSTRAINED_202547_2025-11-20_0656|BY_IF
100000000111|VF|897|0|6200000072|1|0|05-SEP-2026|0|75|1200|10080|13|0|202547|CONSTRAINED|CONSTRAINED|CONSTRAINED_202547_2025-11-20_0656|BY_IF
100000000111|VF|898|0|6200000072|1|0|08-MAY-2027|0|75|1200|10080|13|0|202547|CONSTRAINED|CONSTRAINED|CONSTRAINED_202547_2025-11-20_0656|BY_IF
100000000111|VF|899|0|6200000072|1|0|10-JUL-2027|0|75|1200|10080|13|0|202547|CONSTRAINED|CONSTRAINED|CONSTRAINED_202547_2025-11-20_0656|BY_IF
100000000111|VF|900|0|6200000072|1|0|14-NOV-2026|0|75|1200|10080|13|0|202547|CONSTRAINED|CONSTRAINED|CONSTRAINED_202547_2025-11-20_0656|BY_IF
100000000111|VF|901|0|6200000072|1|0|30-JAN-2027|0|75|1200|10080|13|0|202547|CONSTRAINED|CONSTRAINED|CONSTRAINED_202547_2025-11-20_0656|BY_IF
100000000111|VF|902|0|6200000072|1|0|17-APR-2027|0|75|1200|10080|13|0|202547|CONSTRAINED|CONSTRAINED|CONSTRAINED_202547_2025-11-20_0656|BY_IF
100000000111|VF|903|0|6200000072|1|0|03-JUL-2027|0|75|1200|10080|13|0|202547|CONSTRAINED|CONSTRAINED|CONSTRAINED_202547_2025-11-20_0656|BY_IF
100000000111|VF|904|0|6200000072|1|0|21-NOV-2026|0|75|1200|10080|13|0|202547|CONSTRAINED|CONSTRAINED|CONSTRAINED_202547_2025-11-20_0656|BY_IF
100000000111|VF|905|0|6200000072|1|0|23-JAN-2027|0|75|1200|10080|13|0|202547|CONSTRAINED|CONSTRAINED|CONSTRAINED_202547_2025-11-20_0656|BY_IF
100000000111|VF|906|0|6200000072|1|0|24-APR-2027|0|75|1200|10080|13|0|202547|CONSTRAINED|CONSTRAINED|CONSTRAINED_202547_2025-11-20_0656|BY_IF
100000000111|VF|907|0|6200000072|1|0|26-JUN-2027|0|75|1200|10080|13|0|202547|CONSTRAINED|CONSTRAINED|CONSTRAINED_202547_2025-11-20_0656|BY_IF
100000000111|VF|908|0|6200000072|1|0|10-OCT-2026|0|75|1200|10080|13|0|202547|CONSTRAINED|CONSTRAINED|CONSTRAINED_202547_2025-11-20_0656|BY_IF
100000000111|VF|909|0|6200000072|1|0|28-NOV-2026|0|75|1200|10080|13|0|202547|CONSTRAINED|CONSTRAINED|CONSTRAINED_202547_2025-11-20_0656|BY_IF
100000000111|VF|910|0|6200000072|1|0|13-FEB-2027|0|75|1200|10080|13|0|202547|CONSTRAINED|CONSTRAINED|CONSTRAINED_202547_2025-11-20_0656|BY_IF
100000000111|VF|911|0|6200000072|1|0|03-APR-2027|0|75|1200|10080|13|0|202547|CONSTRAINED|CONSTRAINED|CONSTRAINED_202547_2025-11-20_0656|BY_IF
100000000111|VF|912|0|6200000072|1|0|19-JUN-2027|0|75|1200|10080|13|0|202547|CONSTRAINED|CONSTRAINED|CONSTRAINED_202547_2025-11-20_0656|BY_IF
100000000111|VF|913|0|6200000072|1|0|03-OCT-2026|0|75|1200|10080|13|0|202547|CONSTRAINED|CONSTRAINED|CONSTRAINED_202547_2025-11-20_0656|BY_IF
100000000111|VF|914|0|6200000072|1|0|01-AUG-2026|0|75|1200|10080|13|0|202547|CONSTRAINED|CONSTRAINED|CONSTRAINED_202547_2025-11-20_0656|BY_IF
100000000111|VF|915|0|6200000072|1|0|05-DEC-2026|0|75|1200|10080|13|0|202547|CONSTRAINED|CONSTRAINED|CONSTRAINED_202547_2025-11-20_0656|BY_IF
100000000112|1006|69|0|6200000072|1|1|13-DEC-2025|0|75|400|10080|10|0|202547|CONSTRAINED|CONSTRAINED|CONSTRAINED_202547_2025-11-20_0656|BY_IF
100000000112|1006|70|0|6200000072|1|1|27-DEC-2025|0|75|400|10080|10|0|202547|CONSTRAINED|CONSTRAINED|CONSTRAINED_202547_2025-11-20_0656|BY_IF
100000000112|1006|71|0|6200000072|1|1|10-JAN-2026|0|75|400|10080|10|0|202547|CONSTRAINED|CONSTRAINED|CONSTRAINED_202547_2025-11-20_0656|BY_IF
100000000112|1006|72|0|6200000072|1|1|06-DEC-2025|0|49|400|10080|10|0|202547|CONSTRAINED|CONSTRAINED|CONSTRAINED_202547_2025-11-20_0656|BY_IF
100000000112|1006|73|0|6200000072|1|1|20-DEC-2025|0|75|400|10080|10|0|202547|CONSTRAINED|CONSTRAINED|CONSTRAINED_202547_2025-11-20_0656|BY_IF
100000000112|1006|74|0|6200000072|1|1|03-JAN-2026|0|75|400|10080|10|0|202547|CONSTRAINED|CONSTRAINED|CONSTRAINED_202547_2025-11-20_0656|BY_IF
100000000112|VF|153|0|6200000072|1|1|06-JUN-2026|0|75|400|10080|10|0|202547|CONSTRAINED|CONSTRAINED|CONSTRAINED_202547_2025-11-20_0656|BY_IF
100000000112|VF|154|0|6200000072|1|1|17-JAN-2026|0|75|400|10080|10|0|202547|CONSTRAINED|CONSTRAINED|CONSTRAINED_202547_2025-11-20_0656|BY_IF
100000000112|VF|155|0|6200000072|1|1|24-JAN-2026|0|75|400|10080|10|0|202547|CONSTRAINED|CONSTRAINED|CONSTRAINED_202547_2025-11-20_0656|BY_IF
100000000112|VF|156|0|6200000072|1|1|13-JUN-2026|0|75|400|10080|10|0|202547|CONSTRAINED|CONSTRAINED|CONSTRAINED_202547_2025-11-20_0656|BY_IF
100000000112|VF|157|0|6200000072|1|1|30-MAY-2026|0|75|400|10080|10|0|202547|CONSTRAINED|CONSTRAINED|CONSTRAINED_202547_2025-11-20_0656|BY_IF
100000000112|VF|158|0|6200000072|1|1|23-MAY-2026|0|75|400|10080|10|0|202547|CONSTRAINED|CONSTRAINED|CONSTRAINED_202547_2025-11-20_0656|BY_IF
100000000112|VF|159|0|6200000072|1|1|22-NOV-2025|0|38|510|10080|11|0|202547|CONSTRAINED|CONSTRAINED|CONSTRAINED_202547_2025-11-20_0656|BY_IF
100000000112|VF|160|0|6200000072|1|1|16-MAY-2026|0|75|400|10080|10|0|202547|CONSTRAINED|CONSTRAINED|CONSTRAINED_202547_2025-11-20_0656|BY_IF
100000000112|VF|161|0|6200000072|1|1|09-MAY-2026|0|75|400|10080|10|0|202547|CONSTRAINED|CONSTRAINED|CONSTRAINED_202547_2025-11-20_0656|BY_IF
100000000112|VF|162|0|6200000072|1|1|02-MAY-2026|0|75|400|10080|10|0|202547|CONSTRAINED|CONSTRAINED|CONSTRAINED_202547_2025-11-20_0656|BY_IF
100000000112|VF|163|0|6200000072|1|1|25-APR-2026|0|75|400|10080|10|0|202547|CONSTRAINED|CONSTRAINED|CONSTRAINED_202547_2025-11-20_0656|BY_IF
100000000112|VF|164|0|6200000072|1|1|18-APR-2026|0|75|400|10080|10|0|202547|CONSTRAINED|CONSTRAINED|CONSTRAINED_202547_2025-11-20_0656|BY_IF
100000000112|VF|165|0|6200000072|1|1|11-APR-2026|0|75|400|10080|10|0|202547|CONSTRAINED|CONSTRAINED|CONSTRAINED_202547_2025-11-20_0656|BY_IF
100000000112|VF|166|0|6200000072|1|1|04-APR-2026|0|75|400|10080|10|0|202547|CONSTRAINED|CONSTRAINED|CONSTRAINED_202547_2025-11-20_0656|BY_IF
100000000112|VF|167|0|6200000072|1|1|28-MAR-2026|0|75|400|10080|10|0|202547|CONSTRAINED|CONSTRAINED|CONSTRAINED_202547_2025-11-20_0656|BY_IF
100000000112|VF|168|0|6200000072|1|1|21-MAR-2026|0|75|400|10080|10|0|202547|CONSTRAINED|CONSTRAINED|CONSTRAINED_202547_2025-11-20_0656|BY_IF
100000000112|VF|169|0|6200000072|1|1|14-MAR-2026|0|75|400|10080|10|0|202547|CONSTRAINED|CONSTRAINED|CONSTRAINED_202547_2025-11-20_0656|BY_IF
100000000112|VF|170|0|6200000072|1|1|07-MAR-2026|0|75|400|10080|10|0|202547|CONSTRAINED|CONSTRAINED|CONSTRAINED_202547_2025-11-20_0656|BY_IF
100000000112|VF|171|0|6200000072|1|1|28-FEB-2026|0|75|400|10080|10|0|202547|CONSTRAINED|CONSTRAINED|CONSTRAINED_202547_2025-11-20_0656|BY_IF
100000000112|VF|172|0|6200000072|1|1|18-JUL-2026|0|75|400|10080|10|0|202547|CONSTRAINED|CONSTRAINED|CONSTRAINED_202547_2025-11-20_0656|BY_IF
100000000112|VF|173|0|6200000072|1|1|25-JUL-2026|0|75|400|10080|10|0|202547|CONSTRAINED|CONSTRAINED|CONSTRAINED_202547_2025-11-20_0656|BY_IF
100000000112|VF|174|0|6200000072|1|1|21-FEB-2026|0|75|400|10080|10|0|202547|CONSTRAINED|CONSTRAINED|CONSTRAINED_202547_2025-11-20_0656|BY_IF
100000000112|VF|175|0|6200000072|1|1|14-FEB-2026|0|75|400|10080|10|0|202547|CONSTRAINED|CONSTRAINED|CONSTRAINED_202547_2025-11-20_0656|BY_IF
100000000112|VF|176|0|6200000072|1|1|04-JUL-2026|0|75|400|10080|10|0|202547|CONSTRAINED|CONSTRAINED|CONSTRAINED_202547_2025-11-20_0656|BY_IF
100000000112|VF|177|0|6200000072|1|1|11-JUL-2026|0|75|400|10080|10|0|202547|CONSTRAINED|CONSTRAINED|CONSTRAINED_202547_2025-11-20_0656|BY_IF
100000000112|VF|178|0|6200000072|1|1|31-JAN-2026|0|75|400|10080|10|0|202547|CONSTRAINED|CONSTRAINED|CONSTRAINED_202547_2025-11-20_0656|BY_IF
100000000112|VF|179|0|6200000072|1|1|07-FEB-2026|0|75|400|10080|10|0|202547|CONSTRAINED|CONSTRAINED|CONSTRAINED_202547_2025-11-20_0656|BY_IF
100000000112|VF|180|0|6200000072|1|1|20-JUN-2026|0|75|400|10080|10|0|202547|CONSTRAINED|CONSTRAINED|CONSTRAINED_202547_2025-11-20_0656|BY_IF
100000000112|VF|181|0|6200000072|1|1|27-JUN-2026|0|75|400|10080|10|0|202547|CONSTRAINED|CONSTRAINED|CONSTRAINED_202547_2025-11-20_0656|BY_IF
100000000112|VF|916|0|6200000072|1|0|27-FEB-2027|0|75|1200|10080|13|0|202547|CONSTRAINED|CONSTRAINED|CONSTRAINED_202547_2025-11-20_0656|BY_IF
100000000112|VF|917|0|6200000072|1|0|08-MAY-2027|0|75|1200|10080|13|0|202547|CONSTRAINED|CONSTRAINED|CONSTRAINED_202547_2025-11-20_0656|BY_IF
100000000112|VF|918|0|6200000072|1|0|03-OCT-2026|0|75|1200|10080|13|0|202547|CONSTRAINED|CONSTRAINED|CONSTRAINED_202547_2025-11-20_0656|BY_IF
100000000112|VF|919|0|6200000072|1|0|01-AUG-2026|0|75|1200|10080|13|0|202547|CONSTRAINED|CONSTRAINED|CONSTRAINED_202547_2025-11-20_0656|BY_IF
100000000112|VF|920|0|6200000072|1|0|10-OCT-2026|0|75|1200|10080|13|0|202547|CONSTRAINED|CONSTRAINED|CONSTRAINED_202547_2025-11-20_0656|BY_IF
100000000112|VF|921|0|6200000072|1|0|17-OCT-2026|0|75|1200|10080|13|0|202547|CONSTRAINED|CONSTRAINED|CONSTRAINED_202547_2025-11-20_0656|BY_IF
100000000112|VF|922|0|6200000072|1|0|19-SEP-2026|0|75|1200|10080|13|0|202547|CONSTRAINED|CONSTRAINED|CONSTRAINED_202547_2025-11-20_0656|BY_IF
100000000112|VF|923|0|6200000072|1|0|02-JAN-2027|0|75|1200|10080|13|0|202547|CONSTRAINED|CONSTRAINED|CONSTRAINED_202547_2025-11-20_0656|BY_IF
100000000112|VF|924|0|6200000072|1|0|20-MAR-2027|0|75|1200|10080|13|0|202547|CONSTRAINED|CONSTRAINED|CONSTRAINED_202547_2025-11-20_0656|BY_IF
100000000112|VF|925|0|6200000072|1|0|05-JUN-2027|0|75|1200|10080|13|0|202547|CONSTRAINED|CONSTRAINED|CONSTRAINED_202547_2025-11-20_0656|BY_IF
100000000112|VF|926|0|6200000072|1|0|24-OCT-2026|0|75|1200|10080|13|0|202547|CONSTRAINED|CONSTRAINED|CONSTRAINED_202547_2025-11-20_0656|BY_IF
100000000112|VF|927|0|6200000072|1|0|26-SEP-2026|0|75|1200|10080|13|0|202547|CONSTRAINED|CONSTRAINED|CONSTRAINED_202547_2025-11-20_0656|BY_IF
100000000112|VF|928|0|6200000072|1|0|26-DEC-2026|0|75|1200|10080|13|0|202547|CONSTRAINED|CONSTRAINED|CONSTRAINED_202547_2025-11-20_0656|BY_IF
100000000112|VF|929|0|6200000072|1|0|27-MAR-2027|0|75|1200|10080|13|0|202547|CONSTRAINED|CONSTRAINED|CONSTRAINED_202547_2025-11-20_0656|BY_IF
100000000112|VF|930|0|6200000072|1|0|29-MAY-2027|0|75|1200|10080|13|0|202547|CONSTRAINED|CONSTRAINED|CONSTRAINED_202547_2025-11-20_0656|BY_IF
100000000112|VF|931|0|6200000072|1|0|31-OCT-2026|0|75|1200|10080|13|0|202547|CONSTRAINED|CONSTRAINED|CONSTRAINED_202547_2025-11-20_0656|BY_IF
100000000112|VF|932|0|6200000072|1|0|05-SEP-2026|0|75|1200|10080|13|0|202547|CONSTRAINED|CONSTRAINED|CONSTRAINED_202547_2025-11-20_0656|BY_IF
100000000112|VF|933|0|6200000072|1|0|16-JAN-2027|0|75|1200|10080|13|0|202547|CONSTRAINED|CONSTRAINED|CONSTRAINED_202547_2025-11-20_0656|BY_IF
100000000112|VF|934|0|6200000072|1|0|06-MAR-2027|0|75|1200|10080|13|0|202547|CONSTRAINED|CONSTRAINED|CONSTRAINED_202547_2025-11-20_0656|BY_IF
100000000112|VF|935|0|6200000072|1|0|22-MAY-2027|0|75|1200|10080|13|0|202547|CONSTRAINED|CONSTRAINED|CONSTRAINED_202547_2025-11-20_0656|BY_IF
100000000112|VF|936|0|6200000072|1|0|07-NOV-2026|0|75|1200|10080|13|0|202547|CONSTRAINED|CONSTRAINED|CONSTRAINED_202547_2025-11-20_0656|BY_IF
100000000112|VF|937|0|6200000072|1|0|12-SEP-2026|0|75|1200|10080|13|0|202547|CONSTRAINED|CONSTRAINED|CONSTRAINED_202547_2025-11-20_0656|BY_IF
100000000112|VF|938|0|6200000072|1|0|09-JAN-2027|0|75|1200|10080|13|0|202547|CONSTRAINED|CONSTRAINED|CONSTRAINED_202547_2025-11-20_0656|BY_IF
100000000112|VF|939|0|6200000072|1|0|13-MAR-2027|0|75|1200|10080|13|0|202547|CONSTRAINED|CONSTRAINED|CONSTRAINED_202547_2025-11-20_0656|BY_IF
100000000112|VF|940|0|6200000072|1|0|15-MAY-2027|0|75|1200|10080|13|0|202547|CONSTRAINED|CONSTRAINED|CONSTRAINED_202547_2025-11-20_0656|BY_IF
100000000112|VF|941|0|6200000072|1|0|24-JUL-2027|0|75|1200|10080|13|0|202547|CONSTRAINED|CONSTRAINED|CONSTRAINED_202547_2025-11-20_0656|BY_IF
100000000112|VF|942|0|6200000072|1|0|29-AUG-2026|0|75|1200|10080|13|0|202547|CONSTRAINED|CONSTRAINED|CONSTRAINED_202547_2025-11-20_0656|BY_IF
100000000112|VF|943|0|6200000072|1|0|21-NOV-2026|0|75|1200|10080|13|0|202547|CONSTRAINED|CONSTRAINED|CONSTRAINED_202547_2025-11-20_0656|BY_IF
100000000112|VF|944|0|6200000072|1|0|23-JAN-2027|0|75|1200|10080|13|0|202547|CONSTRAINED|CONSTRAINED|CONSTRAINED_202547_2025-11-20_0656|BY_IF
100000000112|VF|945|0|6200000072|1|0|24-APR-2027|0|75|1200|10080|13|0|202547|CONSTRAINED|CONSTRAINED|CONSTRAINED_202547_2025-11-20_0656|BY_IF
100000000112|VF|946|0|6200000072|1|0|26-JUN-2027|0|75|1200|10080|13|0|202547|CONSTRAINED|CONSTRAINED|CONSTRAINED_202547_2025-11-20_0656|BY_IF
100000000112|VF|947|0|6200000072|1|0|14-NOV-2026|0|75|1200|10080|13|0|202547|CONSTRAINED|CONSTRAINED|CONSTRAINED_202547_2025-11-20_0656|BY_IF
100000000112|VF|948|0|6200000072|1|0|22-AUG-2026|0|75|1200|10080|13|0|202547|CONSTRAINED|CONSTRAINED|CONSTRAINED_202547_2025-11-20_0656|BY_IF
100000000112|VF|949|0|6200000072|1|0|30-JAN-2027|0|75|1200|10080|13|0|202547|CONSTRAINED|CONSTRAINED|CONSTRAINED_202547_2025-11-20_0656|BY_IF
100000000112|VF|950|0|6200000072|1|0|17-APR-2027|0|75|1200|10080|13|0|202547|CONSTRAINED|CONSTRAINED|CONSTRAINED_202547_2025-11-20_0656|BY_IF
100000000112|VF|951|0|6200000072|1|0|03-JUL-2027|0|75|1200|10080|13|0|202547|CONSTRAINED|CONSTRAINED|CONSTRAINED_202547_2025-11-20_0656|BY_IF
100000000112|VF|952|0|6200000072|1|0|15-AUG-2026|0|75|1200|10080|13|0|202547|CONSTRAINED|CONSTRAINED|CONSTRAINED_202547_2025-11-20_0656|BY_IF
100000000112|VF|953|0|6200000072|1|0|05-DEC-2026|0|75|1200|10080|13|0|202547|CONSTRAINED|CONSTRAINED|CONSTRAINED_202547_2025-11-20_0656|BY_IF
100000000112|VF|954|0|6200000072|1|0|06-FEB-2027|0|75|1200|10080|13|0|202547|CONSTRAINED|CONSTRAINED|CONSTRAINED_202547_2025-11-20_0656|BY_IF
100000000112|VF|955|0|6200000072|1|0|10-APR-2027|0|75|1200|10080|13|0|202547|CONSTRAINED|CONSTRAINED|CONSTRAINED_202547_2025-11-20_0656|BY_IF
100000000112|VF|956|0|6200000072|1|0|12-JUN-2027|0|75|1200|10080|13|0|202547|CONSTRAINED|CONSTRAINED|CONSTRAINED_202547_2025-11-20_0656|BY_IF
100000000112|VF|957|0|6200000072|1|0|08-AUG-2026|0|75|1200|10080|13|0|202547|CONSTRAINED|CONSTRAINED|CONSTRAINED_202547_2025-11-20_0656|BY_IF
100000000112|VF|958|0|6200000072|1|0|28-NOV-2026|0|75|1200|10080|13|0|202547|CONSTRAINED|CONSTRAINED|CONSTRAINED_202547_2025-11-20_0656|BY_IF
100000000112|VF|959|0|6200000072|1|0|13-FEB-2027|0|75|1200|10080|13|0|202547|CONSTRAINED|CONSTRAINED|CONSTRAINED_202547_2025-11-20_0656|BY_IF
100000000112|VF|960|0|6200000072|1|0|03-APR-2027|0|75|1200|10080|13|0|202547|CONSTRAINED|CONSTRAINED|CONSTRAINED_202547_2025-11-20_0656|BY_IF
100000000112|VF|961|0|6200000072|1|0|19-JUN-2027|0|75|1200|10080|13|0|202547|CONSTRAINED|CONSTRAINED|CONSTRAINED_202547_2025-11-20_0656|BY_IF
100000000112|VF|962|0|6200000072|1|0|19-DEC-2026|0|75|1200|10080|13|0|202547|CONSTRAINED|CONSTRAINED|CONSTRAINED_202547_2025-11-20_0656|BY_IF
100000000112|VF|963|0|6200000072|1|0|20-FEB-2027|0|75|1200|10080|13|0|202547|CONSTRAINED|CONSTRAINED|CONSTRAINED_202547_2025-11-20_0656|BY_IF
100000000112|VF|964|0|6200000072|1|0|12-DEC-2026|0|75|1200|10080|13|0|202547|CONSTRAINED|CONSTRAINED|CONSTRAINED_202547_2025-11-20_0656|BY_IF
100000000112|VF|965|0|6200000072|1|0|10-JUL-2027|0|75|1200|10080|13|0|202547|CONSTRAINED|CONSTRAINED|CONSTRAINED_202547_2025-11-20_0656|BY_IF
100000000112|VF|966|0|6200000072|1|0|01-MAY-2027|0|75|1200|10080|13|0|202547|CONSTRAINED|CONSTRAINED|CONSTRAINED_202547_2025-11-20_0656|BY_IF
100000000112|VF|967|0|6200000072|1|0|17-JUL-2027|0|75|1200|10080|13|0|202547|CONSTRAINED|CONSTRAINED|CONSTRAINED_202547_2025-11-20_0656|BY_IF
100000000113|1006|75|0|6200000072|1|1|20-DEC-2025|0|75|400|10080|10|0|202547|CONSTRAINED|CONSTRAINED|CONSTRAINED_202547_2025-11-20_0656|BY_IF
100000000113|1006|76|0|6200000072|1|1|06-DEC-2025|0|49|400|10080|10|0|202547|CONSTRAINED|CONSTRAINED|CONSTRAINED_202547_2025-11-20_0656|BY_IF
100000000113|1006|77|0|6200000072|1|1|03-JAN-2026|0|75|400|10080|10|0|202547|CONSTRAINED|CONSTRAINED|CONSTRAINED_202547_2025-11-20_0656|BY_IF
100000000113|1006|78|0|6200000072|1|1|13-DEC-2025|0|75|400|10080|10|0|202547|CONSTRAINED|CONSTRAINED|CONSTRAINED_202547_2025-11-20_0656|BY_IF
100000000113|1006|79|0|6200000072|1|1|27-DEC-2025|0|75|400|10080|10|0|202547|CONSTRAINED|CONSTRAINED|CONSTRAINED_202547_2025-11-20_0656|BY_IF
100000000113|1006|80|0|6200000072|1|1|10-JAN-2026|0|75|400|10080|10|0|202547|CONSTRAINED|CONSTRAINED|CONSTRAINED_202547_2025-11-20_0656|BY_IF
100000000113|VF|509|0|6200000072|1|1|07-FEB-2026|0|75|400|10080|10|0|202547|CONSTRAINED|CONSTRAINED|CONSTRAINED_202547_2025-11-20_0656|BY_IF
100000000113|VF|510|0|6200000072|1|1|14-FEB-2026|0|75|400|10080|10|0|202547|CONSTRAINED|CONSTRAINED|CONSTRAINED_202547_2025-11-20_0656|BY_IF
100000000113|VF|511|0|6200000072|1|1|11-JUL-2026|0|75|400|10080|10|0|202547|CONSTRAINED|CONSTRAINED|CONSTRAINED_202547_2025-11-20_0656|BY_IF
100000000113|VF|512|0|6200000072|1|1|18-JUL-2026|0|75|400|10080|10|0|202547|CONSTRAINED|CONSTRAINED|CONSTRAINED_202547_2025-11-20_0656|BY_IF
100000000113|VF|513|0|6200000072|1|1|28-FEB-2026|0|75|400|10080|10|0|202547|CONSTRAINED|CONSTRAINED|CONSTRAINED_202547_2025-11-20_0656|BY_IF
100000000113|VF|514|0|6200000072|1|1|21-FEB-2026|0|75|400|10080|10|0|202547|CONSTRAINED|CONSTRAINED|CONSTRAINED_202547_2025-11-20_0656|BY_IF
100000000113|VF|515|0|6200000072|1|1|27-JUN-2026|0|75|400|10080|10|0|202547|CONSTRAINED|CONSTRAINED|CONSTRAINED_202547_2025-11-20_0656|BY_IF
100000000113|VF|516|0|6200000072|1|1|04-JUL-2026|0|75|400|10080|10|0|202547|CONSTRAINED|CONSTRAINED|CONSTRAINED_202547_2025-11-20_0656|BY_IF
100000000113|VF|517|0|6200000072|1|1|14-MAR-2026|0|75|400|10080|10|0|202547|CONSTRAINED|CONSTRAINED|CONSTRAINED_202547_2025-11-20_0656|BY_IF
100000000113|VF|518|0|6200000072|1|1|07-MAR-2026|0|75|400|10080|10|0|202547|CONSTRAINED|CONSTRAINED|CONSTRAINED_202547_2025-11-20_0656|BY_IF
100000000113|VF|519|0|6200000072|1|1|28-MAR-2026|0|75|400|10080|10|0|202547|CONSTRAINED|CONSTRAINED|CONSTRAINED_202547_2025-11-20_0656|BY_IF
100000000113|VF|520|0|6200000072|1|1|21-MAR-2026|0|75|400|10080|10|0|202547|CONSTRAINED|CONSTRAINED|CONSTRAINED_202547_2025-11-20_0656|BY_IF
100000000113|VF|521|0|6200000072|1|1|25-JUL-2026|0|75|400|10080|10|0|202547|CONSTRAINED|CONSTRAINED|CONSTRAINED_202547_2025-11-20_0656|BY_IF
100000000113|VF|522|0|6200000072|1|1|11-APR-2026|0|75|400|10080|10|0|202547|CONSTRAINED|CONSTRAINED|CONSTRAINED_202547_2025-11-20_0656|BY_IF
100000000113|VF|523|0|6200000072|1|1|04-APR-2026|0|75|400|10080|10|0|202547|CONSTRAINED|CONSTRAINED|CONSTRAINED_202547_2025-11-20_0656|BY_IF
100000000113|VF|524|0|6200000072|1|1|25-APR-2026|0|75|400|10080|10|0|202547|CONSTRAINED|CONSTRAINED|CONSTRAINED_202547_2025-11-20_0656|BY_IF
100000000113|VF|525|0|6200000072|1|1|18-APR-2026|0|75|400|10080|10|0|202547|CONSTRAINED|CONSTRAINED|CONSTRAINED_202547_2025-11-20_0656|BY_IF
100000000113|VF|526|0|6200000072|1|1|09-MAY-2026|0|75|400|10080|10|0|202547|CONSTRAINED|CONSTRAINED|CONSTRAINED_202547_2025-11-20_0656|BY_IF
100000000113|VF|527|0|6200000072|1|1|02-MAY-2026|0|75|400|10080|10|0|202547|CONSTRAINED|CONSTRAINED|CONSTRAINED_202547_2025-11-20_0656|BY_IF
100000000113|VF|528|0|6200000072|1|1|23-MAY-2026|0|75|400|10080|10|0|202547|CONSTRAINED|CONSTRAINED|CONSTRAINED_202547_2025-11-20_0656|BY_IF
100000000113|VF|529|0|6200000072|1|1|16-MAY-2026|0|75|400|10080|10|0|202547|CONSTRAINED|CONSTRAINED|CONSTRAINED_202547_2025-11-20_0656|BY_IF
100000000113|VF|530|0|6200000072|1|1|06-JUN-2026|0|75|400|10080|10|0|202547|CONSTRAINED|CONSTRAINED|CONSTRAINED_202547_2025-11-20_0656|BY_IF
100000000113|VF|531|0|6200000072|1|1|30-MAY-2026|0|75|400|10080|10|0|202547|CONSTRAINED|CONSTRAINED|CONSTRAINED_202547_2025-11-20_0656|BY_IF
100000000113|VF|532|0|6200000072|1|1|22-NOV-2025|0|38|510|10080|11|0|202547|CONSTRAINED|CONSTRAINED|CONSTRAINED_202547_2025-11-20_0656|BY_IF
100000000113|VF|533|0|6200000072|1|1|17-JAN-2026|0|75|400|10080|10|0|202547|CONSTRAINED|CONSTRAINED|CONSTRAINED_202547_2025-11-20_0656|BY_IF
100000000113|VF|534|0|6200000072|1|1|13-JUN-2026|0|75|400|10080|10|0|202547|CONSTRAINED|CONSTRAINED|CONSTRAINED_202547_2025-11-20_0656|BY_IF
100000000113|VF|535|0|6200000072|1|1|20-JUN-2026|0|75|400|10080|10|0|202547|CONSTRAINED|CONSTRAINED|CONSTRAINED_202547_2025-11-20_0656|BY_IF
100000000113|VF|536|0|6200000072|1|1|24-JAN-2026|0|75|400|10080|10|0|202547|CONSTRAINED|CONSTRAINED|CONSTRAINED_202547_2025-11-20_0656|BY_IF
100000000113|VF|537|0|6200000072|1|1|31-JAN-2026|0|75|400|10080|10|0|202547|CONSTRAINED|CONSTRAINED|CONSTRAINED_202547_2025-11-20_0656|BY_IF
100000000113|VF|968|0|6200000072|1|0|12-SEP-2026|0|75|1200|10080|13|0|202547|CONSTRAINED|CONSTRAINED|CONSTRAINED_202547_2025-11-20_0656|BY_IF
100000000113|VF|969|0|6200000072|1|0|01-MAY-2027|0|75|1200|10080|13|0|202547|CONSTRAINED|CONSTRAINED|CONSTRAINED_202547_2025-11-20_0656|BY_IF
100000000113|VF|970|0|6200000072|1|0|17-JUL-2027|0|75|1200|10080|13|0|202547|CONSTRAINED|CONSTRAINED|CONSTRAINED_202547_2025-11-20_0656|BY_IF
100000000113|VF|971|0|6200000072|1|0|21-NOV-2026|0|75|1200|10080|13|0|202547|CONSTRAINED|CONSTRAINED|CONSTRAINED_202547_2025-11-20_0656|BY_IF
100000000113|VF|972|0|6200000072|1|0|23-JAN-2027|0|75|1200|10080|13|0|202547|CONSTRAINED|CONSTRAINED|CONSTRAINED_202547_2025-11-20_0656|BY_IF
100000000113|VF|973|0|6200000072|1|0|24-APR-2027|0|75|1200|10080|13|0|202547|CONSTRAINED|CONSTRAINED|CONSTRAINED_202547_2025-11-20_0656|BY_IF
100000000113|VF|974|0|6200000072|1|0|26-JUN-2027|0|75|1200|10080|13|0|202547|CONSTRAINED|CONSTRAINED|CONSTRAINED_202547_2025-11-20_0656|BY_IF
100000000113|VF|975|0|6200000072|1|0|14-NOV-2026|0|75|1200|10080|13|0|202547|CONSTRAINED|CONSTRAINED|CONSTRAINED_202547_2025-11-20_0656|BY_IF
100000000113|VF|976|0|6200000072|1|0|30-JAN-2027|0|75|1200|10080|13|0|202547|CONSTRAINED|CONSTRAINED|CONSTRAINED_202547_2025-11-20_0656|BY_IF
100000000113|VF|977|0|6200000072|1|0|17-APR-2027|0|75|1200|10080|13|0|202547|CONSTRAINED|CONSTRAINED|CONSTRAINED_202547_2025-11-20_0656|BY_IF
100000000113|VF|978|0|6200000072|1|0|03-JUL-2027|0|75|1200|10080|13|0|202547|CONSTRAINED|CONSTRAINED|CONSTRAINED_202547_2025-11-20_0656|BY_IF
100000000113|VF|979|0|6200000072|1|0|03-OCT-2026|0|75|1200|10080|13|0|202547|CONSTRAINED|CONSTRAINED|CONSTRAINED_202547_2025-11-20_0656|BY_IF
100000000113|VF|980|0|6200000072|1|0|01-AUG-2026|0|75|1200|10080|13|0|202547|CONSTRAINED|CONSTRAINED|CONSTRAINED_202547_2025-11-20_0656|BY_IF
100000000113|VF|981|0|6200000072|1|0|05-DEC-2026|0|75|1200|10080|13|0|202547|CONSTRAINED|CONSTRAINED|CONSTRAINED_202547_2025-11-20_0656|BY_IF
100000000113|VF|982|0|6200000072|1|0|06-FEB-2027|0|75|1200|10080|13|0|202547|CONSTRAINED|CONSTRAINED|CONSTRAINED_202547_2025-11-20_0656|BY_IF
100000000113|VF|983|0|6200000072|1|0|10-APR-2027|0|75|1200|10080|13|0|202547|CONSTRAINED|CONSTRAINED|CONSTRAINED_202547_2025-11-20_0656|BY_IF
100000000113|VF|984|0|6200000072|1|0|12-JUN-2027|0|75|1200|10080|13|0|202547|CONSTRAINED|CONSTRAINED|CONSTRAINED_202547_2025-11-20_0656|BY_IF
100000000113|VF|985|0|6200000072|1|0|10-OCT-2026|0|75|1200|10080|13|0|202547|CONSTRAINED|CONSTRAINED|CONSTRAINED_202547_2025-11-20_0656|BY_IF
100000000113|VF|986|0|6200000072|1|0|28-NOV-2026|0|75|1200|10080|13|0|202547|CONSTRAINED|CONSTRAINED|CONSTRAINED_202547_2025-11-20_0656|BY_IF
100000000113|VF|987|0|6200000072|1|0|13-FEB-2027|0|75|1200|10080|13|0|202547|CONSTRAINED|CONSTRAINED|CONSTRAINED_202547_2025-11-20_0656|BY_IF
100000000113|VF|988|0|6200000072|1|0|03-APR-2027|0|75|1200|10080|13|0|202547|CONSTRAINED|CONSTRAINED|CONSTRAINED_202547_2025-11-20_0656|BY_IF
100000000113|VF|989|0|6200000072|1|0|19-JUN-2027|0|75|1200|10080|13|0|202547|CONSTRAINED|CONSTRAINED|CONSTRAINED_202547_2025-11-20_0656|BY_IF
100000000113|VF|990|0|6200000072|1|0|17-OCT-2026|0|75|1200|10080|13|0|202547|CONSTRAINED|CONSTRAINED|CONSTRAINED_202547_2025-11-20_0656|BY_IF
100000000113|VF|991|0|6200000072|1|0|02-JAN-2027|0|75|1200|10080|13|0|202547|CONSTRAINED|CONSTRAINED|CONSTRAINED_202547_2025-11-20_0656|BY_IF
100000000113|VF|992|0|6200000072|1|0|20-MAR-2027|0|75|1200|10080|13|0|202547|CONSTRAINED|CONSTRAINED|CONSTRAINED_202547_2025-11-20_0656|BY_IF
100000000113|VF|993|0|6200000072|1|0|05-JUN-2027|0|75|1200|10080|13|0|202547|CONSTRAINED|CONSTRAINED|CONSTRAINED_202547_2025-11-20_0656|BY_IF
100000000113|VF|994|0|6200000072|1|0|24-OCT-2026|0|75|1200|10080|13|0|202547|CONSTRAINED|CONSTRAINED|CONSTRAINED_202547_2025-11-20_0656|BY_IF
100000000113|VF|995|0|6200000072|1|0|26-DEC-2026|0|75|1200|10080|13|0|202547|CONSTRAINED|CONSTRAINED|CONSTRAINED_202547_2025-11-20_0656|BY_IF
100000000113|VF|996|0|6200000072|1|0|27-MAR-2027|0|75|1200|10080|13|0|202547|CONSTRAINED|CONSTRAINED|CONSTRAINED_202547_2025-11-20_0656|BY_IF
100000000113|VF|997|0|6200000072|1|0|29-MAY-2027|0|75|1200|10080|13|0|202547|CONSTRAINED|CONSTRAINED|CONSTRAINED_202547_2025-11-20_0656|BY_IF
100000000113|VF|998|0|6200000072|1|0|31-OCT-2026|0|75|1200|10080|13|0|202547|CONSTRAINED|CONSTRAINED|CONSTRAINED_202547_2025-11-20_0656|BY_IF
100000000113|VF|999|0|6200000072|1|0|16-JAN-2027|0|75|1200|10080|13|0|202547|CONSTRAINED|CONSTRAINED|CONSTRAINED_202547_2025-11-20_0656|BY_IF
100000000113|VF|1000|0|6200000072|1|0|06-MAR-2027|0|75|1200|10080|13|0|202547|CONSTRAINED|CONSTRAINED|CONSTRAINED_202547_2025-11-20_0656|BY_IF
100000000113|VF|1001|0|6200000072|1|0|22-MAY-2027|0|75|1200|10080|13|0|202547|CONSTRAINED|CONSTRAINED|CONSTRAINED_202547_2025-11-20_0656|BY_IF
100000000113|VF|1002|0|6200000072|1|0|07-NOV-2026|0|75|1200|10080|13|0|202547|CONSTRAINED|CONSTRAINED|CONSTRAINED_202547_2025-11-20_0656|BY_IF
100000000113|VF|1003|0|6200000072|1|0|09-JAN-2027|0|75|1200|10080|13|0|202547|CONSTRAINED|CONSTRAINED|CONSTRAINED_202547_2025-11-20_0656|BY_IF
100000000113|VF|1004|0|6200000072|1|0|13-MAR-2027|0|75|1200|10080|13|0|202547|CONSTRAINED|CONSTRAINED|CONSTRAINED_202547_2025-11-20_0656|BY_IF
100000000113|VF|1005|0|6200000072|1|0|15-MAY-2027|0|75|1200|10080|13|0|202547|CONSTRAINED|CONSTRAINED|CONSTRAINED_202547_2025-11-20_0656|BY_IF
100000000113|VF|1006|0|6200000072|1|0|29-AUG-2026|0|75|1200|10080|13|0|202547|CONSTRAINED|CONSTRAINED|CONSTRAINED_202547_2025-11-20_0656|BY_IF
100000000113|VF|1007|0|6200000072|1|0|22-AUG-2026|0|75|1200|10080|13|0|202547|CONSTRAINED|CONSTRAINED|CONSTRAINED_202547_2025-11-20_0656|BY_IF
100000000113|VF|1008|0|6200000072|1|0|15-AUG-2026|0|75|1200|10080|13|0|202547|CONSTRAINED|CONSTRAINED|CONSTRAINED_202547_2025-11-20_0656|BY_IF
100000000113|VF|1009|0|6200000072|1|0|08-AUG-2026|0|75|1200|10080|13|0|202547|CONSTRAINED|CONSTRAINED|CONSTRAINED_202547_2025-11-20_0656|BY_IF
100000000113|VF|1010|0|6200000072|1|0|24-JUL-2027|0|75|1200|10080|13|0|202547|CONSTRAINED|CONSTRAINED|CONSTRAINED_202547_2025-11-20_0656|BY_IF
100000000113|VF|1011|0|6200000072|1|0|19-SEP-2026|0|75|1200|10080|13|0|202547|CONSTRAINED|CONSTRAINED|CONSTRAINED_202547_2025-11-20_0656|BY_IF
100000000113|VF|1012|0|6200000072|1|0|19-DEC-2026|0|75|1200|10080|13|0|202547|CONSTRAINED|CONSTRAINED|CONSTRAINED_202547_2025-11-20_0656|BY_IF
100000000113|VF|1013|0|6200000072|1|0|20-FEB-2027|0|75|1200|10080|13|0|202547|CONSTRAINED|CONSTRAINED|CONSTRAINED_202547_2025-11-20_0656|BY_IF
100000000113|VF|1014|0|6200000072|1|0|26-SEP-2026|0|75|1200|10080|13|0|202547|CONSTRAINED|CONSTRAINED|CONSTRAINED_202547_2025-11-20_0656|BY_IF
100000000113|VF|1015|0|6200000072|1|0|12-DEC-2026|0|75|1200|10080|13|0|202547|CONSTRAINED|CONSTRAINED|CONSTRAINED_202547_2025-11-20_0656|BY_IF
100000000113|VF|1016|0|6200000072|1|0|27-FEB-2027|0|75|1200|10080|13|0|202547|CONSTRAINED|CONSTRAINED|CONSTRAINED_202547_2025-11-20_0656|BY_IF
100000000113|VF|1017|0|6200000072|1|0|05-SEP-2026|0|75|1200|10080|13|0|202547|CONSTRAINED|CONSTRAINED|CONSTRAINED_202547_2025-11-20_0656|BY_IF
100000000113|VF|1018|0|6200000072|1|0|08-MAY-2027|0|75|1200|10080|13|0|202547|CONSTRAINED|CONSTRAINED|CONSTRAINED_202547_2025-11-20_0656|BY_IF
100000000113|VF|1019|0|6200000072|1|0|10-JUL-2027|0|75|1200|10080|13|0|202547|CONSTRAINED|CONSTRAINED|CONSTRAINED_202547_2025-11-20_0656|BY_IF
100000002011|1004|357|0|6200000072|1|1|27-DEC-2025|0|75|400|10080|10|0|202547|CONSTRAINED|CONSTRAINED|CONSTRAINED_202547_2025-11-20_0656|BY_IF
100000002011|1004|358|0|6200000072|1|1|10-JAN-2026|0|75|400|10080|10|0|202547|CONSTRAINED|CONSTRAINED|CONSTRAINED_202547_2025-11-20_0656|BY_IF
100000002011|1004|359|0|6200000072|1|1|13-DEC-2025|0|75|400|10080|10|0|202547|CONSTRAINED|CONSTRAINED|CONSTRAINED_202547_2025-11-20_0656|BY_IF
100000002011|1004|360|0|6200000072|1|1|03-JAN-2026|0|75|400|10080|10|0|202547|CONSTRAINED|CONSTRAINED|CONSTRAINED_202547_2025-11-20_0656|BY_IF
100000002011|1004|361|0|6200000072|1|1|06-DEC-2025|0|49|400|10080|10|0|202547|CONSTRAINED|CONSTRAINED|CONSTRAINED_202547_2025-11-20_0656|BY_IF
100000002011|1004|362|0|6200000072|1|1|20-DEC-2025|0|75|400|10080|10|0|202547|CONSTRAINED|CONSTRAINED|CONSTRAINED_202547_2025-11-20_0656|BY_IF
100000002011|VF|363|0|6200000072|1|1|30-MAY-2026|0|75|400|10080|10|0|202547|CONSTRAINED|CONSTRAINED|CONSTRAINED_202547_2025-11-20_0656|BY_IF
100000002011|VF|364|0|6200000072|1|1|23-MAY-2026|0|75|400|10080|10|0|202547|CONSTRAINED|CONSTRAINED|CONSTRAINED_202547_2025-11-20_0656|BY_IF
100000002011|VF|365|0|6200000072|1|1|22-NOV-2025|0|38|510|10080|11|0|202547|CONSTRAINED|CONSTRAINED|CONSTRAINED_202547_2025-11-20_0656|BY_IF
100000002011|VF|366|0|6200000072|1|1|16-MAY-2026|0|75|400|10080|10|0|202547|CONSTRAINED|CONSTRAINED|CONSTRAINED_202547_2025-11-20_0656|BY_IF
100000002011|VF|367|0|6200000072|1|1|09-MAY-2026|0|75|400|10080|10|0|202547|CONSTRAINED|CONSTRAINED|CONSTRAINED_202547_2025-11-20_0656|BY_IF
100000002011|VF|368|0|6200000072|1|1|20-JUN-2026|0|75|400|10080|10|0|202547|CONSTRAINED|CONSTRAINED|CONSTRAINED_202547_2025-11-20_0656|BY_IF
100000002011|VF|369|0|6200000072|1|1|31-JAN-2026|0|75|400|10080|10|0|202547|CONSTRAINED|CONSTRAINED|CONSTRAINED_202547_2025-11-20_0656|BY_IF
100000002011|VF|370|0|6200000072|1|1|07-FEB-2026|0|75|400|10080|10|0|202547|CONSTRAINED|CONSTRAINED|CONSTRAINED_202547_2025-11-20_0656|BY_IF
100000002011|VF|371|0|6200000072|1|1|27-JUN-2026|0|75|400|10080|10|0|202547|CONSTRAINED|CONSTRAINED|CONSTRAINED_202547_2025-11-20_0656|BY_IF
100000002011|VF|372|0|6200000072|1|1|13-JUN-2026|0|75|400|10080|10|0|202547|CONSTRAINED|CONSTRAINED|CONSTRAINED_202547_2025-11-20_0656|BY_IF
100000002011|VF|373|0|6200000072|1|1|06-JUN-2026|0|75|400|10080|10|0|202547|CONSTRAINED|CONSTRAINED|CONSTRAINED_202547_2025-11-20_0656|BY_IF
100000002011|VF|374|0|6200000072|1|1|17-JAN-2026|0|75|400|10080|10|0|202547|CONSTRAINED|CONSTRAINED|CONSTRAINED_202547_2025-11-20_0656|BY_IF
100000002011|VF|375|0|6200000072|1|1|24-JAN-2026|0|75|400|10080|10|0|202547|CONSTRAINED|CONSTRAINED|CONSTRAINED_202547_2025-11-20_0656|BY_IF
100000002011|VF|376|0|6200000072|1|1|02-MAY-2026|0|75|400|10080|10|0|202547|CONSTRAINED|CONSTRAINED|CONSTRAINED_202547_2025-11-20_0656|BY_IF
100000002011|VF|377|0|6200000072|1|1|25-APR-2026|0|75|400|10080|10|0|202547|CONSTRAINED|CONSTRAINED|CONSTRAINED_202547_2025-11-20_0656|BY_IF
100000002011|VF|378|0|6200000072|1|1|21-MAR-2026|0|75|400|10080|10|0|202547|CONSTRAINED|CONSTRAINED|CONSTRAINED_202547_2025-11-20_0656|BY_IF
100000002011|VF|379|0|6200000072|1|1|14-MAR-2026|0|75|400|10080|10|0|202547|CONSTRAINED|CONSTRAINED|CONSTRAINED_202547_2025-11-20_0656|BY_IF
100000002011|VF|380|0|6200000072|1|1|07-MAR-2026|0|75|400|10080|10|0|202547|CONSTRAINED|CONSTRAINED|CONSTRAINED_202547_2025-11-20_0656|BY_IF
100000002011|VF|381|0|6200000072|1|1|28-FEB-2026|0|75|400|10080|10|0|202547|CONSTRAINED|CONSTRAINED|CONSTRAINED_202547_2025-11-20_0656|BY_IF
100000002011|VF|382|0|6200000072|1|1|18-JUL-2026|0|75|400|10080|10|0|202547|CONSTRAINED|CONSTRAINED|CONSTRAINED_202547_2025-11-20_0656|BY_IF
100000002011|VF|383|0|6200000072|1|1|25-JUL-2026|0|75|400|10080|10|0|202547|CONSTRAINED|CONSTRAINED|CONSTRAINED_202547_2025-11-20_0656|BY_IF
100000002011|VF|384|0|6200000072|1|1|18-APR-2026|0|75|400|10080|10|0|202547|CONSTRAINED|CONSTRAINED|CONSTRAINED_202547_2025-11-20_0656|BY_IF
100000002011|VF|385|0|6200000072|1|1|11-APR-2026|0|75|400|10080|10|0|202547|CONSTRAINED|CONSTRAINED|CONSTRAINED_202547_2025-11-20_0656|BY_IF
100000002011|VF|386|0|6200000072|1|1|04-APR-2026|0|75|400|10080|10|0|202547|CONSTRAINED|CONSTRAINED|CONSTRAINED_202547_2025-11-20_0656|BY_IF
100000002011|VF|387|0|6200000072|1|1|28-MAR-2026|0|75|400|10080|10|0|202547|CONSTRAINED|CONSTRAINED|CONSTRAINED_202547_2025-11-20_0656|BY_IF
100000002011|VF|388|0|6200000072|1|1|14-FEB-2026|0|75|400|10080|10|0|202547|CONSTRAINED|CONSTRAINED|CONSTRAINED_202547_2025-11-20_0656|BY_IF
100000002011|VF|389|0|6200000072|1|1|21-FEB-2026|0|75|400|10080|10|0|202547|CONSTRAINED|CONSTRAINED|CONSTRAINED_202547_2025-11-20_0656|BY_IF
100000002011|VF|390|0|6200000072|1|1|04-JUL-2026|0|75|400|10080|10|0|202547|CONSTRAINED|CONSTRAINED|CONSTRAINED_202547_2025-11-20_0656|BY_IF
100000002011|VF|391|0|6200000072|1|1|11-JUL-2026|0|75|400|10080|10|0|202547|CONSTRAINED|CONSTRAINED|CONSTRAINED_202547_2025-11-20_0656|BY_IF
100000002011|VF|1020|0|6200000072|1|0|05-SEP-2026|0|75|1200|10080|13|0|202547|CONSTRAINED|CONSTRAINED|CONSTRAINED_202547_2025-11-20_0656|BY_IF
100000002011|VF|1021|0|6200000072|1|0|13-MAR-2027|0|75|1200|10080|13|0|202547|CONSTRAINED|CONSTRAINED|CONSTRAINED_202547_2025-11-20_0656|BY_IF
100000002011|VF|1022|0|6200000072|1|0|29-MAY-2027|0|75|1200|10080|13|0|202547|CONSTRAINED|CONSTRAINED|CONSTRAINED_202547_2025-11-20_0656|BY_IF
100000002011|VF|1023|0|6200000072|1|0|22-AUG-2026|0|75|1200|10080|13|0|202547|CONSTRAINED|CONSTRAINED|CONSTRAINED_202547_2025-11-20_0656|BY_IF
100000002011|VF|1024|0|6200000072|1|0|30-JAN-2027|0|75|1200|10080|13|0|202547|CONSTRAINED|CONSTRAINED|CONSTRAINED_202547_2025-11-20_0656|BY_IF
100000002011|VF|1025|0|6200000072|1|0|12-JUN-2027|0|75|1200|10080|13|0|202547|CONSTRAINED|CONSTRAINED|CONSTRAINED_202547_2025-11-20_0656|BY_IF
100000002011|VF|1026|0|6200000072|1|0|03-OCT-2026|0|75|1200|10080|13|0|202547|CONSTRAINED|CONSTRAINED|CONSTRAINED_202547_2025-11-20_0656|BY_IF
100000002011|VF|1027|0|6200000072|1|0|13-FEB-2027|0|75|1200|10080|13|0|202547|CONSTRAINED|CONSTRAINED|CONSTRAINED_202547_2025-11-20_0656|BY_IF
100000002011|VF|1028|0|6200000072|1|0|26-JUN-2027|0|75|1200|10080|13|0|202547|CONSTRAINED|CONSTRAINED|CONSTRAINED_202547_2025-11-20_0656|BY_IF
100000002011|VF|1029|0|6200000072|1|0|19-SEP-2026|0|75|1200|10080|13|0|202547|CONSTRAINED|CONSTRAINED|CONSTRAINED_202547_2025-11-20_0656|BY_IF
100000002011|VF|1030|0|6200000072|1|0|27-FEB-2027|0|75|1200|10080|13|0|202547|CONSTRAINED|CONSTRAINED|CONSTRAINED_202547_2025-11-20_0656|BY_IF
100000002011|VF|1031|0|6200000072|1|0|10-JUL-2027|0|75|1200|10080|13|0|202547|CONSTRAINED|CONSTRAINED|CONSTRAINED_202547_2025-11-20_0656|BY_IF
100000002011|VF|1032|0|6200000072|1|0|08-AUG-2026|0|75|1200|10080|13|0|202547|CONSTRAINED|CONSTRAINED|CONSTRAINED_202547_2025-11-20_0656|BY_IF
100000002011|VF|1033|0|6200000072|1|0|02-JAN-2027|0|75|1200|10080|13|0|202547|CONSTRAINED|CONSTRAINED|CONSTRAINED_202547_2025-11-20_0656|BY_IF
100000002011|VF|1034|0|6200000072|1|0|15-MAY-2027|0|75|1200|10080|13|0|202547|CONSTRAINED|CONSTRAINED|CONSTRAINED_202547_2025-11-20_0656|BY_IF
100000002011|VF|1035|0|6200000072|1|0|24-JUL-2027|0|75|1200|10080|13|0|202547|CONSTRAINED|CONSTRAINED|CONSTRAINED_202547_2025-11-20_0656|BY_IF
100000002011|VF|1036|0|6200000072|1|0|21-NOV-2026|0|75|1200|10080|13|0|202547|CONSTRAINED|CONSTRAINED|CONSTRAINED_202547_2025-11-20_0656|BY_IF
100000002011|VF|1037|0|6200000072|1|0|20-MAR-2027|0|75|1200|10080|13|0|202547|CONSTRAINED|CONSTRAINED|CONSTRAINED_202547_2025-11-20_0656|BY_IF
100000002011|VF|1038|0|6200000072|1|0|07-NOV-2026|0|75|1200|10080|13|0|202547|CONSTRAINED|CONSTRAINED|CONSTRAINED_202547_2025-11-20_0656|BY_IF
100000002011|VF|1039|0|6200000072|1|0|03-APR-2027|0|75|1200|10080|13|0|202547|CONSTRAINED|CONSTRAINED|CONSTRAINED_202547_2025-11-20_0656|BY_IF
100000002011|VF|1040|0|6200000072|1|0|19-DEC-2026|0|75|1200|10080|13|0|202547|CONSTRAINED|CONSTRAINED|CONSTRAINED_202547_2025-11-20_0656|BY_IF
100000002011|VF|1041|0|6200000072|1|0|17-APR-2027|0|75|1200|10080|13|0|202547|CONSTRAINED|CONSTRAINED|CONSTRAINED_202547_2025-11-20_0656|BY_IF
100000002011|VF|1042|0|6200000072|1|0|05-DEC-2026|0|75|1200|10080|13|0|202547|CONSTRAINED|CONSTRAINED|CONSTRAINED_202547_2025-11-20_0656|BY_IF
100000002011|VF|1043|0|6200000072|1|0|01-MAY-2027|0|75|1200|10080|13|0|202547|CONSTRAINED|CONSTRAINED|CONSTRAINED_202547_2025-11-20_0656|BY_IF
100000002011|VF|1044|0|6200000072|1|0|24-OCT-2026|0|75|1200|10080|13|0|202547|CONSTRAINED|CONSTRAINED|CONSTRAINED_202547_2025-11-20_0656|BY_IF
100000002011|VF|1045|0|6200000072|1|0|06-MAR-2027|0|75|1200|10080|13|0|202547|CONSTRAINED|CONSTRAINED|CONSTRAINED_202547_2025-11-20_0656|BY_IF
100000002011|VF|1046|0|6200000072|1|0|05-JUN-2027|0|75|1200|10080|13|0|202547|CONSTRAINED|CONSTRAINED|CONSTRAINED_202547_2025-11-20_0656|BY_IF
100000002011|VF|1047|0|6200000072|1|0|29-AUG-2026|0|75|1200|10080|13|0|202547|CONSTRAINED|CONSTRAINED|CONSTRAINED_202547_2025-11-20_0656|BY_IF
100000002011|VF|1048|0|6200000072|1|0|23-JAN-2027|0|75|1200|10080|13|0|202547|CONSTRAINED|CONSTRAINED|CONSTRAINED_202547_2025-11-20_0656|BY_IF
100000002011|VF|1049|0|6200000072|1|0|19-JUN-2027|0|75|1200|10080|13|0|202547|CONSTRAINED|CONSTRAINED|CONSTRAINED_202547_2025-11-20_0656|BY_IF
100000002011|VF|1050|0|6200000072|1|0|10-OCT-2026|0|75|1200|10080|13|0|202547|CONSTRAINED|CONSTRAINED|CONSTRAINED_202547_2025-11-20_0656|BY_IF
100000002011|VF|1051|0|6200000072|1|0|06-FEB-2027|0|75|1200|10080|13|0|202547|CONSTRAINED|CONSTRAINED|CONSTRAINED_202547_2025-11-20_0656|BY_IF
100000002011|VF|1052|0|6200000072|1|0|03-JUL-2027|0|75|1200|10080|13|0|202547|CONSTRAINED|CONSTRAINED|CONSTRAINED_202547_2025-11-20_0656|BY_IF
100000002011|VF|1053|0|6200000072|1|0|26-SEP-2026|0|75|1200|10080|13|0|202547|CONSTRAINED|CONSTRAINED|CONSTRAINED_202547_2025-11-20_0656|BY_IF
100000002011|VF|1054|0|6200000072|1|0|20-FEB-2027|0|75|1200|10080|13|0|202547|CONSTRAINED|CONSTRAINED|CONSTRAINED_202547_2025-11-20_0656|BY_IF
100000002011|VF|1055|0|6200000072|1|0|17-JUL-2027|0|75|1200|10080|13|0|202547|CONSTRAINED|CONSTRAINED|CONSTRAINED_202547_2025-11-20_0656|BY_IF
100000002011|VF|1056|0|6200000072|1|0|15-AUG-2026|0|75|1200|10080|13|0|202547|CONSTRAINED|CONSTRAINED|CONSTRAINED_202547_2025-11-20_0656|BY_IF
100000002011|VF|1057|0|6200000072|1|0|26-DEC-2026|0|75|1200|10080|13|0|202547|CONSTRAINED|CONSTRAINED|CONSTRAINED_202547_2025-11-20_0656|BY_IF
100000002011|VF|1058|0|6200000072|1|0|22-MAY-2027|0|75|1200|10080|13|0|202547|CONSTRAINED|CONSTRAINED|CONSTRAINED_202547_2025-11-20_0656|BY_IF
100000002011|VF|1059|0|6200000072|1|0|14-NOV-2026|0|75|1200|10080|13|0|202547|CONSTRAINED|CONSTRAINED|CONSTRAINED_202547_2025-11-20_0656|BY_IF
100000002011|VF|1060|0|6200000072|1|0|27-MAR-2027|0|75|1200|10080|13|0|202547|CONSTRAINED|CONSTRAINED|CONSTRAINED_202547_2025-11-20_0656|BY_IF
100000002011|VF|1061|0|6200000072|1|0|31-OCT-2026|0|75|1200|10080|13|0|202547|CONSTRAINED|CONSTRAINED|CONSTRAINED_202547_2025-11-20_0656|BY_IF
100000002011|VF|1062|0|6200000072|1|0|10-APR-2027|0|75|1200|10080|13|0|202547|CONSTRAINED|CONSTRAINED|CONSTRAINED_202547_2025-11-20_0656|BY_IF
100000002011|VF|1063|0|6200000072|1|0|12-SEP-2026|0|75|1200|10080|13|0|202547|CONSTRAINED|CONSTRAINED|CONSTRAINED_202547_2025-11-20_0656|BY_IF
100000002011|VF|1064|0|6200000072|1|0|09-JAN-2027|0|75|1200|10080|13|0|202547|CONSTRAINED|CONSTRAINED|CONSTRAINED_202547_2025-11-20_0656|BY_IF
100000002011|VF|1065|0|6200000072|1|0|01-AUG-2026|0|75|1200|10080|13|0|202547|CONSTRAINED|CONSTRAINED|CONSTRAINED_202547_2025-11-20_0656|BY_IF
100000002011|VF|1066|0|6200000072|1|0|12-DEC-2026|0|75|1200|10080|13|0|202547|CONSTRAINED|CONSTRAINED|CONSTRAINED_202547_2025-11-20_0656|BY_IF
100000002011|VF|1067|0|6200000072|1|0|24-APR-2027|0|75|1200|10080|13|0|202547|CONSTRAINED|CONSTRAINED|CONSTRAINED_202547_2025-11-20_0656|BY_IF
100000002011|VF|1068|0|6200000072|1|0|28-NOV-2026|0|75|1200|10080|13|0|202547|CONSTRAINED|CONSTRAINED|CONSTRAINED_202547_2025-11-20_0656|BY_IF
100000002011|VF|1069|0|6200000072|1|0|08-MAY-2027|0|75|1200|10080|13|0|202547|CONSTRAINED|CONSTRAINED|CONSTRAINED_202547_2025-11-20_0656|BY_IF
100000002011|VF|1070|0|6200000072|1|0|17-OCT-2026|0|75|1200|10080|13|0|202547|CONSTRAINED|CONSTRAINED|CONSTRAINED_202547_2025-11-20_0656|BY_IF
100000002011|VF|1071|0|6200000072|1|0|16-JAN-2027|0|75|1200|10080|13|0|202547|CONSTRAINED|CONSTRAINED|CONSTRAINED_202547_2025-11-20_0656|BY_IF
100000002012|1017|468|0|6200000072|1|1|13-DEC-2025|0|75|400|10080|10|0|202547|CONSTRAINED|CONSTRAINED|CONSTRAINED_202547_2025-11-20_0656|BY_IF
100000002012|1017|469|0|6200000072|1|1|27-DEC-2025|0|75|400|10080|10|0|202547|CONSTRAINED|CONSTRAINED|CONSTRAINED_202547_2025-11-20_0656|BY_IF
100000002012|1017|470|0|6200000072|1|1|10-JAN-2026|0|75|400|10080|10|0|202547|CONSTRAINED|CONSTRAINED|CONSTRAINED_202547_2025-11-20_0656|BY_IF
100000002012|1017|471|0|6200000072|1|1|06-DEC-2025|0|49|400|10080|10|0|202547|CONSTRAINED|CONSTRAINED|CONSTRAINED_202547_2025-11-20_0656|BY_IF
100000002012|1017|472|0|6200000072|1|1|20-DEC-2025|0|75|400|10080|10|0|202547|CONSTRAINED|CONSTRAINED|CONSTRAINED_202547_2025-11-20_0656|BY_IF
100000002012|1017|473|0|6200000072|1|1|03-JAN-2026|0|75|400|10080|10|0|202547|CONSTRAINED|CONSTRAINED|CONSTRAINED_202547_2025-11-20_0656|BY_IF
100000002012|VF|88|0|6200000072|1|1|09-MAY-2026|0|75|400|10080|10|0|202547|CONSTRAINED|CONSTRAINED|CONSTRAINED_202547_2025-11-20_0656|BY_IF
100000002012|VF|89|0|6200000072|1|1|02-MAY-2026|0|75|400|10080|10|0|202547|CONSTRAINED|CONSTRAINED|CONSTRAINED_202547_2025-11-20_0656|BY_IF
100000002012|VF|90|0|6200000072|1|1|06-JUN-2026|0|75|400|10080|10|0|202547|CONSTRAINED|CONSTRAINED|CONSTRAINED_202547_2025-11-20_0656|BY_IF
100000002012|VF|91|0|6200000072|1|1|30-MAY-2026|0|75|400|10080|10|0|202547|CONSTRAINED|CONSTRAINED|CONSTRAINED_202547_2025-11-20_0656|BY_IF
100000002012|VF|92|0|6200000072|1|1|22-NOV-2025|0|38|510|10080|11|0|202547|CONSTRAINED|CONSTRAINED|CONSTRAINED_202547_2025-11-20_0656|BY_IF
100000002012|VF|93|0|6200000072|1|1|17-JAN-2026|0|75|400|10080|10|0|202547|CONSTRAINED|CONSTRAINED|CONSTRAINED_202547_2025-11-20_0656|BY_IF
100000002012|VF|94|0|6200000072|1|1|23-MAY-2026|0|75|400|10080|10|0|202547|CONSTRAINED|CONSTRAINED|CONSTRAINED_202547_2025-11-20_0656|BY_IF
100000002012|VF|95|0|6200000072|1|1|16-MAY-2026|0|75|400|10080|10|0|202547|CONSTRAINED|CONSTRAINED|CONSTRAINED_202547_2025-11-20_0656|BY_IF
100000002012|VF|96|0|6200000072|1|1|25-APR-2026|0|75|400|10080|10|0|202547|CONSTRAINED|CONSTRAINED|CONSTRAINED_202547_2025-11-20_0656|BY_IF
100000002012|VF|97|0|6200000072|1|1|18-APR-2026|0|75|400|10080|10|0|202547|CONSTRAINED|CONSTRAINED|CONSTRAINED_202547_2025-11-20_0656|BY_IF
100000002012|VF|98|0|6200000072|1|1|11-APR-2026|0|75|400|10080|10|0|202547|CONSTRAINED|CONSTRAINED|CONSTRAINED_202547_2025-11-20_0656|BY_IF
100000002012|VF|99|0|6200000072|1|1|04-APR-2026|0|75|400|10080|10|0|202547|CONSTRAINED|CONSTRAINED|CONSTRAINED_202547_2025-11-20_0656|BY_IF
100000002012|VF|100|0|6200000072|1|1|21-FEB-2026|0|75|400|10080|10|0|202547|CONSTRAINED|CONSTRAINED|CONSTRAINED_202547_2025-11-20_0656|BY_IF
100000002012|VF|101|0|6200000072|1|1|28-FEB-2026|0|75|400|10080|10|0|202547|CONSTRAINED|CONSTRAINED|CONSTRAINED_202547_2025-11-20_0656|BY_IF
100000002012|VF|102|0|6200000072|1|1|11-JUL-2026|0|75|400|10080|10|0|202547|CONSTRAINED|CONSTRAINED|CONSTRAINED_202547_2025-11-20_0656|BY_IF
100000002012|VF|103|0|6200000072|1|1|18-JUL-2026|0|75|400|10080|10|0|202547|CONSTRAINED|CONSTRAINED|CONSTRAINED_202547_2025-11-20_0656|BY_IF
100000002012|VF|104|0|6200000072|1|1|28-MAR-2026|0|75|400|10080|10|0|202547|CONSTRAINED|CONSTRAINED|CONSTRAINED_202547_2025-11-20_0656|BY_IF
100000002012|VF|105|0|6200000072|1|1|21-MAR-2026|0|75|400|10080|10|0|202547|CONSTRAINED|CONSTRAINED|CONSTRAINED_202547_2025-11-20_0656|BY_IF
100000002012|VF|106|0|6200000072|1|1|25-JUL-2026|0|75|400|10080|10|0|202547|CONSTRAINED|CONSTRAINED|CONSTRAINED_202547_2025-11-20_0656|BY_IF
100000002012|VF|107|0|6200000072|1|1|14-MAR-2026|0|75|400|10080|10|0|202547|CONSTRAINED|CONSTRAINED|CONSTRAINED_202547_2025-11-20_0656|BY_IF
100000002012|VF|108|0|6200000072|1|1|07-MAR-2026|0|75|400|10080|10|0|202547|CONSTRAINED|CONSTRAINED|CONSTRAINED_202547_2025-11-20_0656|BY_IF
100000002012|VF|109|0|6200000072|1|1|07-FEB-2026|0|75|400|10080|10|0|202547|CONSTRAINED|CONSTRAINED|CONSTRAINED_202547_2025-11-20_0656|BY_IF
100000002012|VF|110|0|6200000072|1|1|14-FEB-2026|0|75|400|10080|10|0|202547|CONSTRAINED|CONSTRAINED|CONSTRAINED_202547_2025-11-20_0656|BY_IF
100000002012|VF|111|0|6200000072|1|1|27-JUN-2026|0|75|400|10080|10|0|202547|CONSTRAINED|CONSTRAINED|CONSTRAINED_202547_2025-11-20_0656|BY_IF
100000002012|VF|112|0|6200000072|1|1|04-JUL-2026|0|75|400|10080|10|0|202547|CONSTRAINED|CONSTRAINED|CONSTRAINED_202547_2025-11-20_0656|BY_IF
100000002012|VF|113|0|6200000072|1|1|20-JUN-2026|0|75|400|10080|10|0|202547|CONSTRAINED|CONSTRAINED|CONSTRAINED_202547_2025-11-20_0656|BY_IF
100000002012|VF|114|0|6200000072|1|1|13-JUN-2026|0|75|400|10080|10|0|202547|CONSTRAINED|CONSTRAINED|CONSTRAINED_202547_2025-11-20_0656|BY_IF
100000002012|VF|115|0|6200000072|1|1|24-JAN-2026|0|75|400|10080|10|0|202547|CONSTRAINED|CONSTRAINED|CONSTRAINED_202547_2025-11-20_0656|BY_IF
100000002012|VF|116|0|6200000072|1|1|31-JAN-2026|0|75|400|10080|10|0|202547|CONSTRAINED|CONSTRAINED|CONSTRAINED_202547_2025-11-20_0656|BY_IF
100000002012|VF|1072|0|6200000072|1|0|10-JUL-2027|0|75|1200|10080|13|0|202547|CONSTRAINED|CONSTRAINED|CONSTRAINED_202547_2025-11-20_0656|BY_IF
100000002012|VF|1073|0|6200000072|1|0|05-SEP-2026|0|75|1200|10080|13|0|202547|CONSTRAINED|CONSTRAINED|CONSTRAINED_202547_2025-11-20_0656|BY_IF
100000002012|VF|1074|0|6200000072|1|0|16-JAN-2027|0|75|1200|10080|13|0|202547|CONSTRAINED|CONSTRAINED|CONSTRAINED_202547_2025-11-20_0656|BY_IF
100000002012|VF|1075|0|6200000072|1|0|29-MAY-2027|0|75|1200|10080|13|0|202547|CONSTRAINED|CONSTRAINED|CONSTRAINED_202547_2025-11-20_0656|BY_IF
100000002012|VF|1076|0|6200000072|1|0|22-AUG-2026|0|75|1200|10080|13|0|202547|CONSTRAINED|CONSTRAINED|CONSTRAINED_202547_2025-11-20_0656|BY_IF
100000002012|VF|1077|0|6200000072|1|0|30-JAN-2027|0|75|1200|10080|13|0|202547|CONSTRAINED|CONSTRAINED|CONSTRAINED_202547_2025-11-20_0656|BY_IF
100000002012|VF|1078|0|6200000072|1|0|12-JUN-2027|0|75|1200|10080|13|0|202547|CONSTRAINED|CONSTRAINED|CONSTRAINED_202547_2025-11-20_0656|BY_IF
100000002012|VF|1079|0|6200000072|1|0|08-AUG-2026|0|75|1200|10080|13|0|202547|CONSTRAINED|CONSTRAINED|CONSTRAINED_202547_2025-11-20_0656|BY_IF
100000002012|VF|1080|0|6200000072|1|0|02-JAN-2027|0|75|1200|10080|13|0|202547|CONSTRAINED|CONSTRAINED|CONSTRAINED_202547_2025-11-20_0656|BY_IF
100000002012|VF|1081|0|6200000072|1|0|15-MAY-2027|0|75|1200|10080|13|0|202547|CONSTRAINED|CONSTRAINED|CONSTRAINED_202547_2025-11-20_0656|BY_IF
100000002012|VF|1082|0|6200000072|1|0|19-DEC-2026|0|75|1200|10080|13|0|202547|CONSTRAINED|CONSTRAINED|CONSTRAINED_202547_2025-11-20_0656|BY_IF
100000002012|VF|1083|0|6200000072|1|0|17-APR-2027|0|75|1200|10080|13|0|202547|CONSTRAINED|CONSTRAINED|CONSTRAINED_202547_2025-11-20_0656|BY_IF
100000002012|VF|1084|0|6200000072|1|0|05-DEC-2026|0|75|1200|10080|13|0|202547|CONSTRAINED|CONSTRAINED|CONSTRAINED_202547_2025-11-20_0656|BY_IF
100000002012|VF|1085|0|6200000072|1|0|01-MAY-2027|0|75|1200|10080|13|0|202547|CONSTRAINED|CONSTRAINED|CONSTRAINED_202547_2025-11-20_0656|BY_IF
100000002012|VF|1086|0|6200000072|1|0|14-NOV-2026|0|75|1200|10080|13|0|202547|CONSTRAINED|CONSTRAINED|CONSTRAINED_202547_2025-11-20_0656|BY_IF
100000002012|VF|1087|0|6200000072|1|0|27-MAR-2027|0|75|1200|10080|13|0|202547|CONSTRAINED|CONSTRAINED|CONSTRAINED_202547_2025-11-20_0656|BY_IF
100000002012|VF|1088|0|6200000072|1|0|31-OCT-2026|0|75|1200|10080|13|0|202547|CONSTRAINED|CONSTRAINED|CONSTRAINED_202547_2025-11-20_0656|BY_IF
100000002012|VF|1089|0|6200000072|1|0|10-APR-2027|0|75|1200|10080|13|0|202547|CONSTRAINED|CONSTRAINED|CONSTRAINED_202547_2025-11-20_0656|BY_IF
100000002012|VF|1090|0|6200000072|1|0|17-OCT-2026|0|75|1200|10080|13|0|202547|CONSTRAINED|CONSTRAINED|CONSTRAINED_202547_2025-11-20_0656|BY_IF
100000002012|VF|1091|0|6200000072|1|0|13-MAR-2027|0|75|1200|10080|13|0|202547|CONSTRAINED|CONSTRAINED|CONSTRAINED_202547_2025-11-20_0656|BY_IF
100000002012|VF|1092|0|6200000072|1|0|10-OCT-2026|0|75|1200|10080|13|0|202547|CONSTRAINED|CONSTRAINED|CONSTRAINED_202547_2025-11-20_0656|BY_IF
100000002012|VF|1093|0|6200000072|1|0|06-FEB-2027|0|75|1200|10080|13|0|202547|CONSTRAINED|CONSTRAINED|CONSTRAINED_202547_2025-11-20_0656|BY_IF
100000002012|VF|1094|0|6200000072|1|0|03-JUL-2027|0|75|1200|10080|13|0|202547|CONSTRAINED|CONSTRAINED|CONSTRAINED_202547_2025-11-20_0656|BY_IF
100000002012|VF|1095|0|6200000072|1|0|26-SEP-2026|0|75|1200|10080|13|0|202547|CONSTRAINED|CONSTRAINED|CONSTRAINED_202547_2025-11-20_0656|BY_IF
100000002012|VF|1096|0|6200000072|1|0|20-FEB-2027|0|75|1200|10080|13|0|202547|CONSTRAINED|CONSTRAINED|CONSTRAINED_202547_2025-11-20_0656|BY_IF
100000002012|VF|1097|0|6200000072|1|0|17-JUL-2027|0|75|1200|10080|13|0|202547|CONSTRAINED|CONSTRAINED|CONSTRAINED_202547_2025-11-20_0656|BY_IF
100000002012|VF|1098|0|6200000072|1|0|12-SEP-2026|0|75|1200|10080|13|0|202547|CONSTRAINED|CONSTRAINED|CONSTRAINED_202547_2025-11-20_0656|BY_IF
100000002012|VF|1099|0|6200000072|1|0|09-JAN-2027|0|75|1200|10080|13|0|202547|CONSTRAINED|CONSTRAINED|CONSTRAINED_202547_2025-11-20_0656|BY_IF
100000002012|VF|1100|0|6200000072|1|0|05-JUN-2027|0|75|1200|10080|13|0|202547|CONSTRAINED|CONSTRAINED|CONSTRAINED_202547_2025-11-20_0656|BY_IF
100000002012|VF|1101|0|6200000072|1|0|29-AUG-2026|0|75|1200|10080|13|0|202547|CONSTRAINED|CONSTRAINED|CONSTRAINED_202547_2025-11-20_0656|BY_IF
100000002012|VF|1102|0|6200000072|1|0|23-JAN-2027|0|75|1200|10080|13|0|202547|CONSTRAINED|CONSTRAINED|CONSTRAINED_202547_2025-11-20_0656|BY_IF
100000002012|VF|1103|0|6200000072|1|0|19-JUN-2027|0|75|1200|10080|13|0|202547|CONSTRAINED|CONSTRAINED|CONSTRAINED_202547_2025-11-20_0656|BY_IF
100000002012|VF|1104|0|6200000072|1|0|15-AUG-2026|0|75|1200|10080|13|0|202547|CONSTRAINED|CONSTRAINED|CONSTRAINED_202547_2025-11-20_0656|BY_IF
100000002012|VF|1105|0|6200000072|1|0|26-DEC-2026|0|75|1200|10080|13|0|202547|CONSTRAINED|CONSTRAINED|CONSTRAINED_202547_2025-11-20_0656|BY_IF
100000002012|VF|1106|0|6200000072|1|0|22-MAY-2027|0|75|1200|10080|13|0|202547|CONSTRAINED|CONSTRAINED|CONSTRAINED_202547_2025-11-20_0656|BY_IF
100000002012|VF|1107|0|6200000072|1|0|01-AUG-2026|0|75|1200|10080|13|0|202547|CONSTRAINED|CONSTRAINED|CONSTRAINED_202547_2025-11-20_0656|BY_IF
100000002012|VF|1108|0|6200000072|1|0|12-DEC-2026|0|75|1200|10080|13|0|202547|CONSTRAINED|CONSTRAINED|CONSTRAINED_202547_2025-11-20_0656|BY_IF
100000002012|VF|1109|0|6200000072|1|0|24-APR-2027|0|75|1200|10080|13|0|202547|CONSTRAINED|CONSTRAINED|CONSTRAINED_202547_2025-11-20_0656|BY_IF
100000002012|VF|1110|0|6200000072|1|0|28-NOV-2026|0|75|1200|10080|13|0|202547|CONSTRAINED|CONSTRAINED|CONSTRAINED_202547_2025-11-20_0656|BY_IF
100000002012|VF|1111|0|6200000072|1|0|08-MAY-2027|0|75|1200|10080|13|0|202547|CONSTRAINED|CONSTRAINED|CONSTRAINED_202547_2025-11-20_0656|BY_IF
100000002012|VF|1112|0|6200000072|1|0|21-NOV-2026|0|75|1200|10080|13|0|202547|CONSTRAINED|CONSTRAINED|CONSTRAINED_202547_2025-11-20_0656|BY_IF
100000002012|VF|1113|0|6200000072|1|0|20-MAR-2027|0|75|1200|10080|13|0|202547|CONSTRAINED|CONSTRAINED|CONSTRAINED_202547_2025-11-20_0656|BY_IF
100000002012|VF|1114|0|6200000072|1|0|07-NOV-2026|0|75|1200|10080|13|0|202547|CONSTRAINED|CONSTRAINED|CONSTRAINED_202547_2025-11-20_0656|BY_IF
100000002012|VF|1115|0|6200000072|1|0|03-APR-2027|0|75|1200|10080|13|0|202547|CONSTRAINED|CONSTRAINED|CONSTRAINED_202547_2025-11-20_0656|BY_IF
100000002012|VF|1116|0|6200000072|1|0|24-OCT-2026|0|75|1200|10080|13|0|202547|CONSTRAINED|CONSTRAINED|CONSTRAINED_202547_2025-11-20_0656|BY_IF
100000002012|VF|1117|0|6200000072|1|0|06-MAR-2027|0|75|1200|10080|13|0|202547|CONSTRAINED|CONSTRAINED|CONSTRAINED_202547_2025-11-20_0656|BY_IF
100000002012|VF|1118|0|6200000072|1|0|03-OCT-2026|0|75|1200|10080|13|0|202547|CONSTRAINED|CONSTRAINED|CONSTRAINED_202547_2025-11-20_0656|BY_IF
100000002012|VF|1119|0|6200000072|1|0|13-FEB-2027|0|75|1200|10080|13|0|202547|CONSTRAINED|CONSTRAINED|CONSTRAINED_202547_2025-11-20_0656|BY_IF
100000002012|VF|1120|0|6200000072|1|0|26-JUN-2027|0|75|1200|10080|13|0|202547|CONSTRAINED|CONSTRAINED|CONSTRAINED_202547_2025-11-20_0656|BY_IF
100000002012|VF|1121|0|6200000072|1|0|24-JUL-2027|0|75|1200|10080|13|0|202547|CONSTRAINED|CONSTRAINED|CONSTRAINED_202547_2025-11-20_0656|BY_IF
100000002012|VF|1122|0|6200000072|1|0|19-SEP-2026|0|75|1200|10080|13|0|202547|CONSTRAINED|CONSTRAINED|CONSTRAINED_202547_2025-11-20_0656|BY_IF
100000002012|VF|1123|0|6200000072|1|0|27-FEB-2027|0|75|1200|10080|13|0|202547|CONSTRAINED|CONSTRAINED|CONSTRAINED_202547_2025-11-20_0656|BY_IF
100000002013|1006|392|0|6200000072|1|1|06-DEC-2025|0|49|400|10080|10|0|202547|CONSTRAINED|CONSTRAINED|CONSTRAINED_202547_2025-11-20_0656|BY_IF
100000002013|1006|393|0|6200000072|1|1|20-DEC-2025|0|75|400|10080|10|0|202547|CONSTRAINED|CONSTRAINED|CONSTRAINED_202547_2025-11-20_0656|BY_IF
100000002013|1006|394|0|6200000072|1|1|03-JAN-2026|0|75|400|10080|10|0|202547|CONSTRAINED|CONSTRAINED|CONSTRAINED_202547_2025-11-20_0656|BY_IF
100000002013|1006|395|0|6200000072|1|1|13-DEC-2025|0|75|400|10080|10|0|202547|CONSTRAINED|CONSTRAINED|CONSTRAINED_202547_2025-11-20_0656|BY_IF
100000002013|1006|396|0|6200000072|1|1|27-DEC-2025|0|75|400|10080|10|0|202547|CONSTRAINED|CONSTRAINED|CONSTRAINED_202547_2025-11-20_0656|BY_IF
100000002013|1006|397|0|6200000072|1|1|10-JAN-2026|0|75|400|10080|10|0|202547|CONSTRAINED|CONSTRAINED|CONSTRAINED_202547_2025-11-20_0656|BY_IF
100000002013|VF|398|0|6200000072|1|1|02-MAY-2026|0|75|400|10080|10|0|202547|CONSTRAINED|CONSTRAINED|CONSTRAINED_202547_2025-11-20_0656|BY_IF
100000002013|VF|399|0|6200000072|1|1|25-APR-2026|0|75|400|10080|10|0|202547|CONSTRAINED|CONSTRAINED|CONSTRAINED_202547_2025-11-20_0656|BY_IF
100000002013|VF|400|0|6200000072|1|1|14-FEB-2026|0|75|400|10080|10|0|202547|CONSTRAINED|CONSTRAINED|CONSTRAINED_202547_2025-11-20_0656|BY_IF
100000002013|VF|401|0|6200000072|1|1|21-FEB-2026|0|75|400|10080|10|0|202547|CONSTRAINED|CONSTRAINED|CONSTRAINED_202547_2025-11-20_0656|BY_IF
100000002013|VF|402|0|6200000072|1|1|18-JUL-2026|0|75|400|10080|10|0|202547|CONSTRAINED|CONSTRAINED|CONSTRAINED_202547_2025-11-20_0656|BY_IF
100000002013|VF|403|0|6200000072|1|1|25-JUL-2026|0|75|400|10080|10|0|202547|CONSTRAINED|CONSTRAINED|CONSTRAINED_202547_2025-11-20_0656|BY_IF
100000002013|VF|404|0|6200000072|1|1|22-NOV-2025|0|38|510|10080|11|0|202547|CONSTRAINED|CONSTRAINED|CONSTRAINED_202547_2025-11-20_0656|BY_IF
100000002013|VF|405|0|6200000072|1|1|17-JAN-2026|0|75|400|10080|10|0|202547|CONSTRAINED|CONSTRAINED|CONSTRAINED_202547_2025-11-20_0656|BY_IF
100000002013|VF|406|0|6200000072|1|1|24-JAN-2026|0|75|400|10080|10|0|202547|CONSTRAINED|CONSTRAINED|CONSTRAINED_202547_2025-11-20_0656|BY_IF
100000002013|VF|407|0|6200000072|1|1|31-JAN-2026|0|75|400|10080|10|0|202547|CONSTRAINED|CONSTRAINED|CONSTRAINED_202547_2025-11-20_0656|BY_IF
100000002013|VF|408|0|6200000072|1|1|07-FEB-2026|0|75|400|10080|10|0|202547|CONSTRAINED|CONSTRAINED|CONSTRAINED_202547_2025-11-20_0656|BY_IF
100000002013|VF|409|0|6200000072|1|1|04-JUL-2026|0|75|400|10080|10|0|202547|CONSTRAINED|CONSTRAINED|CONSTRAINED_202547_2025-11-20_0656|BY_IF
100000002013|VF|410|0|6200000072|1|1|11-JUL-2026|0|75|400|10080|10|0|202547|CONSTRAINED|CONSTRAINED|CONSTRAINED_202547_2025-11-20_0656|BY_IF
100000002013|VF|411|0|6200000072|1|1|16-MAY-2026|0|75|400|10080|10|0|202547|CONSTRAINED|CONSTRAINED|CONSTRAINED_202547_2025-11-20_0656|BY_IF
100000002013|VF|412|0|6200000072|1|1|09-MAY-2026|0|75|400|10080|10|0|202547|CONSTRAINED|CONSTRAINED|CONSTRAINED_202547_2025-11-20_0656|BY_IF
100000002013|VF|413|0|6200000072|1|1|07-MAR-2026|0|75|400|10080|10|0|202547|CONSTRAINED|CONSTRAINED|CONSTRAINED_202547_2025-11-20_0656|BY_IF
100000002013|VF|414|0|6200000072|1|1|28-FEB-2026|0|75|400|10080|10|0|202547|CONSTRAINED|CONSTRAINED|CONSTRAINED_202547_2025-11-20_0656|BY_IF
100000002013|VF|415|0|6200000072|1|1|30-MAY-2026|0|75|400|10080|10|0|202547|CONSTRAINED|CONSTRAINED|CONSTRAINED_202547_2025-11-20_0656|BY_IF
100000002013|VF|416|0|6200000072|1|1|23-MAY-2026|0|75|400|10080|10|0|202547|CONSTRAINED|CONSTRAINED|CONSTRAINED_202547_2025-11-20_0656|BY_IF
100000002013|VF|417|0|6200000072|1|1|21-MAR-2026|0|75|400|10080|10|0|202547|CONSTRAINED|CONSTRAINED|CONSTRAINED_202547_2025-11-20_0656|BY_IF
100000002013|VF|418|0|6200000072|1|1|14-MAR-2026|0|75|400|10080|10|0|202547|CONSTRAINED|CONSTRAINED|CONSTRAINED_202547_2025-11-20_0656|BY_IF
100000002013|VF|419|0|6200000072|1|1|13-JUN-2026|0|75|400|10080|10|0|202547|CONSTRAINED|CONSTRAINED|CONSTRAINED_202547_2025-11-20_0656|BY_IF
100000002013|VF|420|0|6200000072|1|1|06-JUN-2026|0|75|400|10080|10|0|202547|CONSTRAINED|CONSTRAINED|CONSTRAINED_202547_2025-11-20_0656|BY_IF
100000002013|VF|421|0|6200000072|1|1|04-APR-2026|0|75|400|10080|10|0|202547|CONSTRAINED|CONSTRAINED|CONSTRAINED_202547_2025-11-20_0656|BY_IF
100000002013|VF|422|0|6200000072|1|1|28-MAR-2026|0|75|400|10080|10|0|202547|CONSTRAINED|CONSTRAINED|CONSTRAINED_202547_2025-11-20_0656|BY_IF
100000002013|VF|423|0|6200000072|1|1|20-JUN-2026|0|75|400|10080|10|0|202547|CONSTRAINED|CONSTRAINED|CONSTRAINED_202547_2025-11-20_0656|BY_IF
100000002013|VF|424|0|6200000072|1|1|18-APR-2026|0|75|400|10080|10|0|202547|CONSTRAINED|CONSTRAINED|CONSTRAINED_202547_2025-11-20_0656|BY_IF
100000002013|VF|425|0|6200000072|1|1|11-APR-2026|0|75|400|10080|10|0|202547|CONSTRAINED|CONSTRAINED|CONSTRAINED_202547_2025-11-20_0656|BY_IF
100000002013|VF|426|0|6200000072|1|1|27-JUN-2026|0|75|400|10080|10|0|202547|CONSTRAINED|CONSTRAINED|CONSTRAINED_202547_2025-11-20_0656|BY_IF
100000002013|VF|1124|0|6200000072|1|0|22-AUG-2026|0|75|1200|10080|13|0|202547|CONSTRAINED|CONSTRAINED|CONSTRAINED_202547_2025-11-20_0656|BY_IF
100000002013|VF|1125|0|6200000072|1|0|30-JAN-2027|0|75|1200|10080|13|0|202547|CONSTRAINED|CONSTRAINED|CONSTRAINED_202547_2025-11-20_0656|BY_IF
100000002013|VF|1126|0|6200000072|1|0|12-JUN-2027|0|75|1200|10080|13|0|202547|CONSTRAINED|CONSTRAINED|CONSTRAINED_202547_2025-11-20_0656|BY_IF
100000002013|VF|1127|0|6200000072|1|0|05-SEP-2026|0|75|1200|10080|13|0|202547|CONSTRAINED|CONSTRAINED|CONSTRAINED_202547_2025-11-20_0656|BY_IF
100000002013|VF|1128|0|6200000072|1|0|16-JAN-2027|0|75|1200|10080|13|0|202547|CONSTRAINED|CONSTRAINED|CONSTRAINED_202547_2025-11-20_0656|BY_IF
100000002013|VF|1129|0|6200000072|1|0|29-MAY-2027|0|75|1200|10080|13|0|202547|CONSTRAINED|CONSTRAINED|CONSTRAINED_202547_2025-11-20_0656|BY_IF
100000002013|VF|1130|0|6200000072|1|0|19-SEP-2026|0|75|1200|10080|13|0|202547|CONSTRAINED|CONSTRAINED|CONSTRAINED_202547_2025-11-20_0656|BY_IF
100000002013|VF|1131|0|6200000072|1|0|27-FEB-2027|0|75|1200|10080|13|0|202547|CONSTRAINED|CONSTRAINED|CONSTRAINED_202547_2025-11-20_0656|BY_IF
100000002013|VF|1132|0|6200000072|1|0|10-JUL-2027|0|75|1200|10080|13|0|202547|CONSTRAINED|CONSTRAINED|CONSTRAINED_202547_2025-11-20_0656|BY_IF
100000002013|VF|1133|0|6200000072|1|0|03-OCT-2026|0|75|1200|10080|13|0|202547|CONSTRAINED|CONSTRAINED|CONSTRAINED_202547_2025-11-20_0656|BY_IF
100000002013|VF|1134|0|6200000072|1|0|13-FEB-2027|0|75|1200|10080|13|0|202547|CONSTRAINED|CONSTRAINED|CONSTRAINED_202547_2025-11-20_0656|BY_IF
100000002013|VF|1135|0|6200000072|1|0|26-JUN-2027|0|75|1200|10080|13|0|202547|CONSTRAINED|CONSTRAINED|CONSTRAINED_202547_2025-11-20_0656|BY_IF
100000002013|VF|1136|0|6200000072|1|0|06-MAR-2027|0|75|1200|10080|13|0|202547|CONSTRAINED|CONSTRAINED|CONSTRAINED_202547_2025-11-20_0656|BY_IF
100000002013|VF|1137|0|6200000072|1|0|24-OCT-2026|0|75|1200|10080|13|0|202547|CONSTRAINED|CONSTRAINED|CONSTRAINED_202547_2025-11-20_0656|BY_IF
100000002013|VF|1138|0|6200000072|1|0|07-NOV-2026|0|75|1200|10080|13|0|202547|CONSTRAINED|CONSTRAINED|CONSTRAINED_202547_2025-11-20_0656|BY_IF
100000002013|VF|1139|0|6200000072|1|0|03-APR-2027|0|75|1200|10080|13|0|202547|CONSTRAINED|CONSTRAINED|CONSTRAINED_202547_2025-11-20_0656|BY_IF
100000002013|VF|1140|0|6200000072|1|0|21-NOV-2026|0|75|1200|10080|13|0|202547|CONSTRAINED|CONSTRAINED|CONSTRAINED_202547_2025-11-20_0656|BY_IF
100000002013|VF|1141|0|6200000072|1|0|20-MAR-2027|0|75|1200|10080|13|0|202547|CONSTRAINED|CONSTRAINED|CONSTRAINED_202547_2025-11-20_0656|BY_IF
100000002013|VF|1142|0|6200000072|1|0|05-DEC-2026|0|75|1200|10080|13|0|202547|CONSTRAINED|CONSTRAINED|CONSTRAINED_202547_2025-11-20_0656|BY_IF
100000002013|VF|1143|0|6200000072|1|0|01-MAY-2027|0|75|1200|10080|13|0|202547|CONSTRAINED|CONSTRAINED|CONSTRAINED_202547_2025-11-20_0656|BY_IF
100000002013|VF|1144|0|6200000072|1|0|19-DEC-2026|0|75|1200|10080|13|0|202547|CONSTRAINED|CONSTRAINED|CONSTRAINED_202547_2025-11-20_0656|BY_IF
100000002013|VF|1145|0|6200000072|1|0|17-APR-2027|0|75|1200|10080|13|0|202547|CONSTRAINED|CONSTRAINED|CONSTRAINED_202547_2025-11-20_0656|BY_IF
100000002013|VF|1146|0|6200000072|1|0|02-JAN-2027|0|75|1200|10080|13|0|202547|CONSTRAINED|CONSTRAINED|CONSTRAINED_202547_2025-11-20_0656|BY_IF
100000002013|VF|1147|0|6200000072|1|0|15-MAY-2027|0|75|1200|10080|13|0|202547|CONSTRAINED|CONSTRAINED|CONSTRAINED_202547_2025-11-20_0656|BY_IF
100000002013|VF|1148|0|6200000072|1|0|24-JUL-2027|0|75|1200|10080|13|0|202547|CONSTRAINED|CONSTRAINED|CONSTRAINED_202547_2025-11-20_0656|BY_IF
100000002013|VF|1149|0|6200000072|1|0|08-AUG-2026|0|75|1200|10080|13|0|202547|CONSTRAINED|CONSTRAINED|CONSTRAINED_202547_2025-11-20_0656|BY_IF
100000002013|VF|1150|0|6200000072|1|0|29-AUG-2026|0|75|1200|10080|13|0|202547|CONSTRAINED|CONSTRAINED|CONSTRAINED_202547_2025-11-20_0656|BY_IF
100000002013|VF|1151|0|6200000072|1|0|23-JAN-2027|0|75|1200|10080|13|0|202547|CONSTRAINED|CONSTRAINED|CONSTRAINED_202547_2025-11-20_0656|BY_IF
100000002013|VF|1152|0|6200000072|1|0|19-JUN-2027|0|75|1200|10080|13|0|202547|CONSTRAINED|CONSTRAINED|CONSTRAINED_202547_2025-11-20_0656|BY_IF
100000002013|VF|1153|0|6200000072|1|0|12-SEP-2026|0|75|1200|10080|13|0|202547|CONSTRAINED|CONSTRAINED|CONSTRAINED_202547_2025-11-20_0656|BY_IF
100000002013|VF|1154|0|6200000072|1|0|09-JAN-2027|0|75|1200|10080|13|0|202547|CONSTRAINED|CONSTRAINED|CONSTRAINED_202547_2025-11-20_0656|BY_IF
100000002013|VF|1155|0|6200000072|1|0|05-JUN-2027|0|75|1200|10080|13|0|202547|CONSTRAINED|CONSTRAINED|CONSTRAINED_202547_2025-11-20_0656|BY_IF
100000002013|VF|1156|0|6200000072|1|0|26-SEP-2026|0|75|1200|10080|13|0|202547|CONSTRAINED|CONSTRAINED|CONSTRAINED_202547_2025-11-20_0656|BY_IF
100000002013|VF|1157|0|6200000072|1|0|10-OCT-2026|0|75|1200|10080|13|0|202547|CONSTRAINED|CONSTRAINED|CONSTRAINED_202547_2025-11-20_0656|BY_IF
100000002013|VF|1158|0|6200000072|1|0|06-FEB-2027|0|75|1200|10080|13|0|202547|CONSTRAINED|CONSTRAINED|CONSTRAINED_202547_2025-11-20_0656|BY_IF
100000002013|VF|1159|0|6200000072|1|0|03-JUL-2027|0|75|1200|10080|13|0|202547|CONSTRAINED|CONSTRAINED|CONSTRAINED_202547_2025-11-20_0656|BY_IF
100000002013|VF|1160|0|6200000072|1|0|13-MAR-2027|0|75|1200|10080|13|0|202547|CONSTRAINED|CONSTRAINED|CONSTRAINED_202547_2025-11-20_0656|BY_IF
100000002013|VF|1161|0|6200000072|1|0|17-OCT-2026|0|75|1200|10080|13|0|202547|CONSTRAINED|CONSTRAINED|CONSTRAINED_202547_2025-11-20_0656|BY_IF
100000002013|VF|1162|0|6200000072|1|0|31-OCT-2026|0|75|1200|10080|13|0|202547|CONSTRAINED|CONSTRAINED|CONSTRAINED_202547_2025-11-20_0656|BY_IF
100000002013|VF|1163|0|6200000072|1|0|10-APR-2027|0|75|1200|10080|13|0|202547|CONSTRAINED|CONSTRAINED|CONSTRAINED_202547_2025-11-20_0656|BY_IF
100000002013|VF|1164|0|6200000072|1|0|14-NOV-2026|0|75|1200|10080|13|0|202547|CONSTRAINED|CONSTRAINED|CONSTRAINED_202547_2025-11-20_0656|BY_IF
100000002013|VF|1165|0|6200000072|1|0|27-MAR-2027|0|75|1200|10080|13|0|202547|CONSTRAINED|CONSTRAINED|CONSTRAINED_202547_2025-11-20_0656|BY_IF
100000002013|VF|1166|0|6200000072|1|0|28-NOV-2026|0|75|1200|10080|13|0|202547|CONSTRAINED|CONSTRAINED|CONSTRAINED_202547_2025-11-20_0656|BY_IF
100000002013|VF|1167|0|6200000072|1|0|08-MAY-2027|0|75|1200|10080|13|0|202547|CONSTRAINED|CONSTRAINED|CONSTRAINED_202547_2025-11-20_0656|BY_IF
100000002013|VF|1168|0|6200000072|1|0|01-AUG-2026|0|75|1200|10080|13|0|202547|CONSTRAINED|CONSTRAINED|CONSTRAINED_202547_2025-11-20_0656|BY_IF
100000002013|VF|1169|0|6200000072|1|0|12-DEC-2026|0|75|1200|10080|13|0|202547|CONSTRAINED|CONSTRAINED|CONSTRAINED_202547_2025-11-20_0656|BY_IF
100000002013|VF|1170|0|6200000072|1|0|24-APR-2027|0|75|1200|10080|13|0|202547|CONSTRAINED|CONSTRAINED|CONSTRAINED_202547_2025-11-20_0656|BY_IF
100000002013|VF|1171|0|6200000072|1|0|26-DEC-2026|0|75|1200|10080|13|0|202547|CONSTRAINED|CONSTRAINED|CONSTRAINED_202547_2025-11-20_0656|BY_IF
100000002013|VF|1172|0|6200000072|1|0|22-MAY-2027|0|75|1200|10080|13|0|202547|CONSTRAINED|CONSTRAINED|CONSTRAINED_202547_2025-11-20_0656|BY_IF
100000002013|VF|1173|0|6200000072|1|0|15-AUG-2026|0|75|1200|10080|13|0|202547|CONSTRAINED|CONSTRAINED|CONSTRAINED_202547_2025-11-20_0656|BY_IF
100000002013|VF|1174|0|6200000072|1|0|20-FEB-2027|0|75|1200|10080|13|0|202547|CONSTRAINED|CONSTRAINED|CONSTRAINED_202547_2025-11-20_0656|BY_IF
100000002013|VF|1175|0|6200000072|1|0|17-JUL-2027|0|75|1200|10080|13|0|202547|CONSTRAINED|CONSTRAINED|CONSTRAINED_202547_2025-11-20_0656|BY_IF
100000002014|1006|427|0|6200000072|1|1|06-DEC-2025|0|49|400|10080|10|0|202547|CONSTRAINED|CONSTRAINED|CONSTRAINED_202547_2025-11-20_0656|BY_IF
100000002014|1006|428|0|6200000072|1|1|20-DEC-2025|0|75|400|10080|10|0|202547|CONSTRAINED|CONSTRAINED|CONSTRAINED_202547_2025-11-20_0656|BY_IF
100000002014|1006|429|0|6200000072|1|1|03-JAN-2026|0|75|400|10080|10|0|202547|CONSTRAINED|CONSTRAINED|CONSTRAINED_202547_2025-11-20_0656|BY_IF
100000002014|1006|430|0|6200000072|1|1|13-DEC-2025|0|75|400|10080|10|0|202547|CONSTRAINED|CONSTRAINED|CONSTRAINED_202547_2025-11-20_0656|BY_IF
100000002014|1006|431|0|6200000072|1|1|27-DEC-2025|0|75|400|10080|10|0|202547|CONSTRAINED|CONSTRAINED|CONSTRAINED_202547_2025-11-20_0656|BY_IF
100000002014|1006|432|0|6200000072|1|1|10-JAN-2026|0|75|400|10080|10|0|202547|CONSTRAINED|CONSTRAINED|CONSTRAINED_202547_2025-11-20_0656|BY_IF
100000002014|VF|5|0|6200000072|1|1|21-MAR-2026|0|75|400|10080|10|0|202547|CONSTRAINED|CONSTRAINED|CONSTRAINED_202547_2025-11-20_0656|BY_IF
100000002014|VF|6|0|6200000072|1|1|07-MAR-2026|0|75|400|10080|10|0|202547|CONSTRAINED|CONSTRAINED|CONSTRAINED_202547_2025-11-20_0656|BY_IF
100000002014|VF|7|0|6200000072|1|1|09-MAY-2026|0|75|400|10080|10|0|202547|CONSTRAINED|CONSTRAINED|CONSTRAINED_202547_2025-11-20_0656|BY_IF
100000002014|VF|8|0|6200000072|1|1|25-APR-2026|0|75|400|10080|10|0|202547|CONSTRAINED|CONSTRAINED|CONSTRAINED_202547_2025-11-20_0656|BY_IF
100000002014|VF|9|0|6200000072|1|1|18-APR-2026|0|75|400|10080|10|0|202547|CONSTRAINED|CONSTRAINED|CONSTRAINED_202547_2025-11-20_0656|BY_IF
100000002014|VF|10|0|6200000072|1|1|04-APR-2026|0|75|400|10080|10|0|202547|CONSTRAINED|CONSTRAINED|CONSTRAINED_202547_2025-11-20_0656|BY_IF
100000002014|VF|11|0|6200000072|1|1|06-JUN-2026|0|75|400|10080|10|0|202547|CONSTRAINED|CONSTRAINED|CONSTRAINED_202547_2025-11-20_0656|BY_IF
100000002014|VF|12|0|6200000072|1|1|23-MAY-2026|0|75|400|10080|10|0|202547|CONSTRAINED|CONSTRAINED|CONSTRAINED_202547_2025-11-20_0656|BY_IF
100000002014|VF|13|0|6200000072|1|1|20-JUN-2026|0|75|400|10080|10|0|202547|CONSTRAINED|CONSTRAINED|CONSTRAINED_202547_2025-11-20_0656|BY_IF
100000002014|VF|14|0|6200000072|1|1|21-FEB-2026|0|75|400|10080|10|0|202547|CONSTRAINED|CONSTRAINED|CONSTRAINED_202547_2025-11-20_0656|BY_IF
100000002014|VF|15|0|6200000072|1|1|25-JUL-2026|0|75|400|10080|10|0|202547|CONSTRAINED|CONSTRAINED|CONSTRAINED_202547_2025-11-20_0656|BY_IF
100000002014|VF|16|0|6200000072|1|1|22-NOV-2025|0|38|510|10080|11|0|202547|CONSTRAINED|CONSTRAINED|CONSTRAINED_202547_2025-11-20_0656|BY_IF
100000002014|VF|17|0|6200000072|1|1|24-JAN-2026|0|75|400|10080|10|0|202547|CONSTRAINED|CONSTRAINED|CONSTRAINED_202547_2025-11-20_0656|BY_IF
100000002014|VF|18|0|6200000072|1|1|07-FEB-2026|0|75|400|10080|10|0|202547|CONSTRAINED|CONSTRAINED|CONSTRAINED_202547_2025-11-20_0656|BY_IF
100000002014|VF|19|0|6200000072|1|1|11-JUL-2026|0|75|400|10080|10|0|202547|CONSTRAINED|CONSTRAINED|CONSTRAINED_202547_2025-11-20_0656|BY_IF
100000002014|VF|20|0|6200000072|1|1|28-MAR-2026|0|75|400|10080|10|0|202547|CONSTRAINED|CONSTRAINED|CONSTRAINED_202547_2025-11-20_0656|BY_IF
100000002014|VF|21|0|6200000072|1|1|14-MAR-2026|0|75|400|10080|10|0|202547|CONSTRAINED|CONSTRAINED|CONSTRAINED_202547_2025-11-20_0656|BY_IF
100000002014|VF|22|0|6200000072|1|1|02-MAY-2026|0|75|400|10080|10|0|202547|CONSTRAINED|CONSTRAINED|CONSTRAINED_202547_2025-11-20_0656|BY_IF
100000002014|VF|23|0|6200000072|1|1|11-APR-2026|0|75|400|10080|10|0|202547|CONSTRAINED|CONSTRAINED|CONSTRAINED_202547_2025-11-20_0656|BY_IF
100000002014|VF|24|0|6200000072|1|1|30-MAY-2026|0|75|400|10080|10|0|202547|CONSTRAINED|CONSTRAINED|CONSTRAINED_202547_2025-11-20_0656|BY_IF
100000002014|VF|25|0|6200000072|1|1|16-MAY-2026|0|75|400|10080|10|0|202547|CONSTRAINED|CONSTRAINED|CONSTRAINED_202547_2025-11-20_0656|BY_IF
100000002014|VF|26|0|6200000072|1|1|13-JUN-2026|0|75|400|10080|10|0|202547|CONSTRAINED|CONSTRAINED|CONSTRAINED_202547_2025-11-20_0656|BY_IF
100000002014|VF|27|0|6200000072|1|1|14-FEB-2026|0|75|400|10080|10|0|202547|CONSTRAINED|CONSTRAINED|CONSTRAINED_202547_2025-11-20_0656|BY_IF
100000002014|VF|28|0|6200000072|1|1|28-FEB-2026|0|75|400|10080|10|0|202547|CONSTRAINED|CONSTRAINED|CONSTRAINED_202547_2025-11-20_0656|BY_IF
100000002014|VF|29|0|6200000072|1|1|27-JUN-2026|0|75|400|10080|10|0|202547|CONSTRAINED|CONSTRAINED|CONSTRAINED_202547_2025-11-20_0656|BY_IF
100000002014|VF|30|0|6200000072|1|1|17-JAN-2026|0|75|400|10080|10|0|202547|CONSTRAINED|CONSTRAINED|CONSTRAINED_202547_2025-11-20_0656|BY_IF
100000002014|VF|31|0|6200000072|1|1|31-JAN-2026|0|75|400|10080|10|0|202547|CONSTRAINED|CONSTRAINED|CONSTRAINED_202547_2025-11-20_0656|BY_IF
100000002014|VF|32|0|6200000072|1|1|04-JUL-2026|0|75|400|10080|10|0|202547|CONSTRAINED|CONSTRAINED|CONSTRAINED_202547_2025-11-20_0656|BY_IF
100000002014|VF|33|0|6200000072|1|1|18-JUL-2026|0|75|400|10080|10|0|202547|CONSTRAINED|CONSTRAINED|CONSTRAINED_202547_2025-11-20_0656|BY_IF
100000002014|VF|1176|0|6200000072|1|0|03-OCT-2026|0|75|1200|10080|13|0|202547|CONSTRAINED|CONSTRAINED|CONSTRAINED_202547_2025-11-20_0656|BY_IF
100000002014|VF|1177|0|6200000072|1|0|10-APR-2027|0|75|1200|10080|13|0|202547|CONSTRAINED|CONSTRAINED|CONSTRAINED_202547_2025-11-20_0656|BY_IF
100000002014|VF|1178|0|6200000072|1|0|26-JUN-2027|0|75|1200|10080|13|0|202547|CONSTRAINED|CONSTRAINED|CONSTRAINED_202547_2025-11-20_0656|BY_IF
100000002014|VF|1179|0|6200000072|1|0|19-SEP-2026|0|75|1200|10080|13|0|202547|CONSTRAINED|CONSTRAINED|CONSTRAINED_202547_2025-11-20_0656|BY_IF
100000002014|VF|1180|0|6200000072|1|0|27-FEB-2027|0|75|1200|10080|13|0|202547|CONSTRAINED|CONSTRAINED|CONSTRAINED_202547_2025-11-20_0656|BY_IF
100000002014|VF|1181|0|6200000072|1|0|10-JUL-2027|0|75|1200|10080|13|0|202547|CONSTRAINED|CONSTRAINED|CONSTRAINED_202547_2025-11-20_0656|BY_IF
100000002014|VF|1182|0|6200000072|1|0|08-AUG-2026|0|75|1200|10080|13|0|202547|CONSTRAINED|CONSTRAINED|CONSTRAINED_202547_2025-11-20_0656|BY_IF
100000002014|VF|1183|0|6200000072|1|0|02-JAN-2027|0|75|1200|10080|13|0|202547|CONSTRAINED|CONSTRAINED|CONSTRAINED_202547_2025-11-20_0656|BY_IF
100000002014|VF|1184|0|6200000072|1|0|15-MAY-2027|0|75|1200|10080|13|0|202547|CONSTRAINED|CONSTRAINED|CONSTRAINED_202547_2025-11-20_0656|BY_IF
100000002014|VF|1185|0|6200000072|1|0|24-JUL-2027|0|75|1200|10080|13|0|202547|CONSTRAINED|CONSTRAINED|CONSTRAINED_202547_2025-11-20_0656|BY_IF
100000002014|VF|1186|0|6200000072|1|0|05-SEP-2026|0|75|1200|10080|13|0|202547|CONSTRAINED|CONSTRAINED|CONSTRAINED_202547_2025-11-20_0656|BY_IF
100000002014|VF|1187|0|6200000072|1|0|16-JAN-2027|0|75|1200|10080|13|0|202547|CONSTRAINED|CONSTRAINED|CONSTRAINED_202547_2025-11-20_0656|BY_IF
100000002014|VF|1188|0|6200000072|1|0|29-MAY-2027|0|75|1200|10080|13|0|202547|CONSTRAINED|CONSTRAINED|CONSTRAINED_202547_2025-11-20_0656|BY_IF
100000002014|VF|1189|0|6200000072|1|0|22-AUG-2026|0|75|1200|10080|13|0|202547|CONSTRAINED|CONSTRAINED|CONSTRAINED_202547_2025-11-20_0656|BY_IF
100000002014|VF|1190|0|6200000072|1|0|30-JAN-2027|0|75|1200|10080|13|0|202547|CONSTRAINED|CONSTRAINED|CONSTRAINED_202547_2025-11-20_0656|BY_IF
100000002014|VF|1191|0|6200000072|1|0|12-JUN-2027|0|75|1200|10080|13|0|202547|CONSTRAINED|CONSTRAINED|CONSTRAINED_202547_2025-11-20_0656|BY_IF
100000002014|VF|1192|0|6200000072|1|0|19-DEC-2026|0|75|1200|10080|13|0|202547|CONSTRAINED|CONSTRAINED|CONSTRAINED_202547_2025-11-20_0656|BY_IF
100000002014|VF|1193|0|6200000072|1|0|17-APR-2027|0|75|1200|10080|13|0|202547|CONSTRAINED|CONSTRAINED|CONSTRAINED_202547_2025-11-20_0656|BY_IF
100000002014|VF|1194|0|6200000072|1|0|05-DEC-2026|0|75|1200|10080|13|0|202547|CONSTRAINED|CONSTRAINED|CONSTRAINED_202547_2025-11-20_0656|BY_IF
100000002014|VF|1195|0|6200000072|1|0|01-MAY-2027|0|75|1200|10080|13|0|202547|CONSTRAINED|CONSTRAINED|CONSTRAINED_202547_2025-11-20_0656|BY_IF
100000002014|VF|1196|0|6200000072|1|0|24-OCT-2026|0|75|1200|10080|13|0|202547|CONSTRAINED|CONSTRAINED|CONSTRAINED_202547_2025-11-20_0656|BY_IF
100000002014|VF|1197|0|6200000072|1|0|06-MAR-2027|0|75|1200|10080|13|0|202547|CONSTRAINED|CONSTRAINED|CONSTRAINED_202547_2025-11-20_0656|BY_IF
100000002014|VF|1198|0|6200000072|1|0|21-NOV-2026|0|75|1200|10080|13|0|202547|CONSTRAINED|CONSTRAINED|CONSTRAINED_202547_2025-11-20_0656|BY_IF
100000002014|VF|1199|0|6200000072|1|0|20-MAR-2027|0|75|1200|10080|13|0|202547|CONSTRAINED|CONSTRAINED|CONSTRAINED_202547_2025-11-20_0656|BY_IF
100000002014|VF|1200|0|6200000072|1|0|07-NOV-2026|0|75|1200|10080|13|0|202547|CONSTRAINED|CONSTRAINED|CONSTRAINED_202547_2025-11-20_0656|BY_IF
100000002014|VF|1201|0|6200000072|1|0|03-APR-2027|0|75|1200|10080|13|0|202547|CONSTRAINED|CONSTRAINED|CONSTRAINED_202547_2025-11-20_0656|BY_IF
100000002014|VF|1202|0|6200000072|1|0|10-OCT-2026|0|75|1200|10080|13|0|202547|CONSTRAINED|CONSTRAINED|CONSTRAINED_202547_2025-11-20_0656|BY_IF
100000002014|VF|1203|0|6200000072|1|0|06-FEB-2027|0|75|1200|10080|13|0|202547|CONSTRAINED|CONSTRAINED|CONSTRAINED_202547_2025-11-20_0656|BY_IF
100000002014|VF|1204|0|6200000072|1|0|03-JUL-2027|0|75|1200|10080|13|0|202547|CONSTRAINED|CONSTRAINED|CONSTRAINED_202547_2025-11-20_0656|BY_IF
100000002014|VF|1205|0|6200000072|1|0|26-SEP-2026|0|75|1200|10080|13|0|202547|CONSTRAINED|CONSTRAINED|CONSTRAINED_202547_2025-11-20_0656|BY_IF
100000002014|VF|1206|0|6200000072|1|0|20-FEB-2027|0|75|1200|10080|13|0|202547|CONSTRAINED|CONSTRAINED|CONSTRAINED_202547_2025-11-20_0656|BY_IF
100000002014|VF|1207|0|6200000072|1|0|17-JUL-2027|0|75|1200|10080|13|0|202547|CONSTRAINED|CONSTRAINED|CONSTRAINED_202547_2025-11-20_0656|BY_IF
100000002014|VF|1208|0|6200000072|1|0|15-AUG-2026|0|75|1200|10080|13|0|202547|CONSTRAINED|CONSTRAINED|CONSTRAINED_202547_2025-11-20_0656|BY_IF
100000002014|VF|1209|0|6200000072|1|0|26-DEC-2026|0|75|1200|10080|13|0|202547|CONSTRAINED|CONSTRAINED|CONSTRAINED_202547_2025-11-20_0656|BY_IF
100000002014|VF|1210|0|6200000072|1|0|22-MAY-2027|0|75|1200|10080|13|0|202547|CONSTRAINED|CONSTRAINED|CONSTRAINED_202547_2025-11-20_0656|BY_IF
100000002014|VF|1211|0|6200000072|1|0|12-SEP-2026|0|75|1200|10080|13|0|202547|CONSTRAINED|CONSTRAINED|CONSTRAINED_202547_2025-11-20_0656|BY_IF
100000002014|VF|1212|0|6200000072|1|0|09-JAN-2027|0|75|1200|10080|13|0|202547|CONSTRAINED|CONSTRAINED|CONSTRAINED_202547_2025-11-20_0656|BY_IF
100000002014|VF|1213|0|6200000072|1|0|05-JUN-2027|0|75|1200|10080|13|0|202547|CONSTRAINED|CONSTRAINED|CONSTRAINED_202547_2025-11-20_0656|BY_IF
100000002014|VF|1214|0|6200000072|1|0|29-AUG-2026|0|75|1200|10080|13|0|202547|CONSTRAINED|CONSTRAINED|CONSTRAINED_202547_2025-11-20_0656|BY_IF
100000002014|VF|1215|0|6200000072|1|0|23-JAN-2027|0|75|1200|10080|13|0|202547|CONSTRAINED|CONSTRAINED|CONSTRAINED_202547_2025-11-20_0656|BY_IF
100000002014|VF|1216|0|6200000072|1|0|19-JUN-2027|0|75|1200|10080|13|0|202547|CONSTRAINED|CONSTRAINED|CONSTRAINED_202547_2025-11-20_0656|BY_IF
100000002014|VF|1217|0|6200000072|1|0|01-AUG-2026|0|75|1200|10080|13|0|202547|CONSTRAINED|CONSTRAINED|CONSTRAINED_202547_2025-11-20_0656|BY_IF
100000002014|VF|1218|0|6200000072|1|0|12-DEC-2026|0|75|1200|10080|13|0|202547|CONSTRAINED|CONSTRAINED|CONSTRAINED_202547_2025-11-20_0656|BY_IF
100000002014|VF|1219|0|6200000072|1|0|24-APR-2027|0|75|1200|10080|13|0|202547|CONSTRAINED|CONSTRAINED|CONSTRAINED_202547_2025-11-20_0656|BY_IF
100000002014|VF|1220|0|6200000072|1|0|28-NOV-2026|0|75|1200|10080|13|0|202547|CONSTRAINED|CONSTRAINED|CONSTRAINED_202547_2025-11-20_0656|BY_IF
100000002014|VF|1221|0|6200000072|1|0|08-MAY-2027|0|75|1200|10080|13|0|202547|CONSTRAINED|CONSTRAINED|CONSTRAINED_202547_2025-11-20_0656|BY_IF
100000002014|VF|1222|0|6200000072|1|0|17-OCT-2026|0|75|1200|10080|13|0|202547|CONSTRAINED|CONSTRAINED|CONSTRAINED_202547_2025-11-20_0656|BY_IF
100000002014|VF|1223|0|6200000072|1|0|13-MAR-2027|0|75|1200|10080|13|0|202547|CONSTRAINED|CONSTRAINED|CONSTRAINED_202547_2025-11-20_0656|BY_IF
100000002014|VF|1224|0|6200000072|1|0|14-NOV-2026|0|75|1200|10080|13|0|202547|CONSTRAINED|CONSTRAINED|CONSTRAINED_202547_2025-11-20_0656|BY_IF
100000002014|VF|1225|0|6200000072|1|0|27-MAR-2027|0|75|1200|10080|13|0|202547|CONSTRAINED|CONSTRAINED|CONSTRAINED_202547_2025-11-20_0656|BY_IF
100000002014|VF|1226|0|6200000072|1|0|31-OCT-2026|0|75|1200|10080|13|0|202547|CONSTRAINED|CONSTRAINED|CONSTRAINED_202547_2025-11-20_0656|BY_IF
100000002014|VF|1227|0|6200000072|1|0|13-FEB-2027|0|75|1200|10080|13|0|202547|CONSTRAINED|CONSTRAINED|CONSTRAINED_202547_2025-11-20_0656|BY_IF
100000002015|1006|462|0|6200000072|1|1|13-DEC-2025|0|75|400|10080|10|0|202547|CONSTRAINED|CONSTRAINED|CONSTRAINED_202547_2025-11-20_0656|BY_IF
100000002015|1006|463|0|6200000072|1|1|27-DEC-2025|0|75|400|10080|10|0|202547|CONSTRAINED|CONSTRAINED|CONSTRAINED_202547_2025-11-20_0656|BY_IF
100000002015|1006|464|0|6200000072|1|1|10-JAN-2026|0|75|400|10080|10|0|202547|CONSTRAINED|CONSTRAINED|CONSTRAINED_202547_2025-11-20_0656|BY_IF
100000002015|1006|465|0|6200000072|1|1|06-DEC-2025|0|49|400|10080|10|0|202547|CONSTRAINED|CONSTRAINED|CONSTRAINED_202547_2025-11-20_0656|BY_IF
100000002015|1006|466|0|6200000072|1|1|20-DEC-2025|0|75|400|10080|10|0|202547|CONSTRAINED|CONSTRAINED|CONSTRAINED_202547_2025-11-20_0656|BY_IF
100000002015|1006|467|0|6200000072|1|1|03-JAN-2026|0|75|400|10080|10|0|202547|CONSTRAINED|CONSTRAINED|CONSTRAINED_202547_2025-11-20_0656|BY_IF
100000002015|VF|321|0|6200000072|1|1|13-JUN-2026|0|75|400|10080|10|0|202547|CONSTRAINED|CONSTRAINED|CONSTRAINED_202547_2025-11-20_0656|BY_IF
100000002015|VF|322|0|6200000072|1|1|06-JUN-2026|0|75|400|10080|10|0|202547|CONSTRAINED|CONSTRAINED|CONSTRAINED_202547_2025-11-20_0656|BY_IF
100000002015|VF|323|0|6200000072|1|1|17-JAN-2026|0|75|400|10080|10|0|202547|CONSTRAINED|CONSTRAINED|CONSTRAINED_202547_2025-11-20_0656|BY_IF
100000002015|VF|324|0|6200000072|1|1|24-JAN-2026|0|75|400|10080|10|0|202547|CONSTRAINED|CONSTRAINED|CONSTRAINED_202547_2025-11-20_0656|BY_IF
100000002015|VF|325|0|6200000072|1|1|07-MAR-2026|0|75|400|10080|10|0|202547|CONSTRAINED|CONSTRAINED|CONSTRAINED_202547_2025-11-20_0656|BY_IF
100000002015|VF|326|0|6200000072|1|1|28-FEB-2026|0|75|400|10080|10|0|202547|CONSTRAINED|CONSTRAINED|CONSTRAINED_202547_2025-11-20_0656|BY_IF
100000002015|VF|327|0|6200000072|1|1|18-JUL-2026|0|75|400|10080|10|0|202547|CONSTRAINED|CONSTRAINED|CONSTRAINED_202547_2025-11-20_0656|BY_IF
100000002015|VF|328|0|6200000072|1|1|25-JUL-2026|0|75|400|10080|10|0|202547|CONSTRAINED|CONSTRAINED|CONSTRAINED_202547_2025-11-20_0656|BY_IF
100000002015|VF|329|0|6200000072|1|1|21-MAR-2026|0|75|400|10080|10|0|202547|CONSTRAINED|CONSTRAINED|CONSTRAINED_202547_2025-11-20_0656|BY_IF
100000002015|VF|330|0|6200000072|1|1|14-MAR-2026|0|75|400|10080|10|0|202547|CONSTRAINED|CONSTRAINED|CONSTRAINED_202547_2025-11-20_0656|BY_IF
100000002015|VF|331|0|6200000072|1|1|20-JUN-2026|0|75|400|10080|10|0|202547|CONSTRAINED|CONSTRAINED|CONSTRAINED_202547_2025-11-20_0656|BY_IF
100000002015|VF|332|0|6200000072|1|1|31-JAN-2026|0|75|400|10080|10|0|202547|CONSTRAINED|CONSTRAINED|CONSTRAINED_202547_2025-11-20_0656|BY_IF
100000002015|VF|333|0|6200000072|1|1|07-FEB-2026|0|75|400|10080|10|0|202547|CONSTRAINED|CONSTRAINED|CONSTRAINED_202547_2025-11-20_0656|BY_IF
100000002015|VF|334|0|6200000072|1|1|27-JUN-2026|0|75|400|10080|10|0|202547|CONSTRAINED|CONSTRAINED|CONSTRAINED_202547_2025-11-20_0656|BY_IF
100000002015|VF|335|0|6200000072|1|1|14-FEB-2026|0|75|400|10080|10|0|202547|CONSTRAINED|CONSTRAINED|CONSTRAINED_202547_2025-11-20_0656|BY_IF
100000002015|VF|336|0|6200000072|1|1|21-FEB-2026|0|75|400|10080|10|0|202547|CONSTRAINED|CONSTRAINED|CONSTRAINED_202547_2025-11-20_0656|BY_IF
100000002015|VF|337|0|6200000072|1|1|04-JUL-2026|0|75|400|10080|10|0|202547|CONSTRAINED|CONSTRAINED|CONSTRAINED_202547_2025-11-20_0656|BY_IF
100000002015|VF|338|0|6200000072|1|1|11-JUL-2026|0|75|400|10080|10|0|202547|CONSTRAINED|CONSTRAINED|CONSTRAINED_202547_2025-11-20_0656|BY_IF
100000002015|VF|339|0|6200000072|1|1|04-APR-2026|0|75|400|10080|10|0|202547|CONSTRAINED|CONSTRAINED|CONSTRAINED_202547_2025-11-20_0656|BY_IF
100000002015|VF|340|0|6200000072|1|1|28-MAR-2026|0|75|400|10080|10|0|202547|CONSTRAINED|CONSTRAINED|CONSTRAINED_202547_2025-11-20_0656|BY_IF
100000002015|VF|341|0|6200000072|1|1|16-MAY-2026|0|75|400|10080|10|0|202547|CONSTRAINED|CONSTRAINED|CONSTRAINED_202547_2025-11-20_0656|BY_IF
100000002015|VF|342|0|6200000072|1|1|09-MAY-2026|0|75|400|10080|10|0|202547|CONSTRAINED|CONSTRAINED|CONSTRAINED_202547_2025-11-20_0656|BY_IF
100000002015|VF|343|0|6200000072|1|1|22-NOV-2025|0|38|510|10080|11|0|202547|CONSTRAINED|CONSTRAINED|CONSTRAINED_202547_2025-11-20_0656|BY_IF
100000002015|VF|344|0|6200000072|1|1|30-MAY-2026|0|75|400|10080|10|0|202547|CONSTRAINED|CONSTRAINED|CONSTRAINED_202547_2025-11-20_0656|BY_IF
100000002015|VF|345|0|6200000072|1|1|23-MAY-2026|0|75|400|10080|10|0|202547|CONSTRAINED|CONSTRAINED|CONSTRAINED_202547_2025-11-20_0656|BY_IF
100000002015|VF|346|0|6200000072|1|1|18-APR-2026|0|75|400|10080|10|0|202547|CONSTRAINED|CONSTRAINED|CONSTRAINED_202547_2025-11-20_0656|BY_IF
100000002015|VF|347|0|6200000072|1|1|11-APR-2026|0|75|400|10080|10|0|202547|CONSTRAINED|CONSTRAINED|CONSTRAINED_202547_2025-11-20_0656|BY_IF
100000002015|VF|348|0|6200000072|1|1|02-MAY-2026|0|75|400|10080|10|0|202547|CONSTRAINED|CONSTRAINED|CONSTRAINED_202547_2025-11-20_0656|BY_IF
100000002015|VF|349|0|6200000072|1|1|25-APR-2026|0|75|400|10080|10|0|202547|CONSTRAINED|CONSTRAINED|CONSTRAINED_202547_2025-11-20_0656|BY_IF
100000002015|VF|1228|0|6200000072|1|0|19-SEP-2026|0|75|1200|10080|13|0|202547|CONSTRAINED|CONSTRAINED|CONSTRAINED_202547_2025-11-20_0656|BY_IF
100000002015|VF|1229|0|6200000072|1|0|27-FEB-2027|0|75|1200|10080|13|0|202547|CONSTRAINED|CONSTRAINED|CONSTRAINED_202547_2025-11-20_0656|BY_IF
100000002015|VF|1230|0|6200000072|1|0|10-JUL-2027|0|75|1200|10080|13|0|202547|CONSTRAINED|CONSTRAINED|CONSTRAINED_202547_2025-11-20_0656|BY_IF
100000002015|VF|1231|0|6200000072|1|0|05-SEP-2026|0|75|1200|10080|13|0|202547|CONSTRAINED|CONSTRAINED|CONSTRAINED_202547_2025-11-20_0656|BY_IF
100000002015|VF|1232|0|6200000072|1|0|16-JAN-2027|0|75|1200|10080|13|0|202547|CONSTRAINED|CONSTRAINED|CONSTRAINED_202547_2025-11-20_0656|BY_IF
100000002015|VF|1233|0|6200000072|1|0|29-MAY-2027|0|75|1200|10080|13|0|202547|CONSTRAINED|CONSTRAINED|CONSTRAINED_202547_2025-11-20_0656|BY_IF
100000002015|VF|1234|0|6200000072|1|0|22-AUG-2026|0|75|1200|10080|13|0|202547|CONSTRAINED|CONSTRAINED|CONSTRAINED_202547_2025-11-20_0656|BY_IF
100000002015|VF|1235|0|6200000072|1|0|30-JAN-2027|0|75|1200|10080|13|0|202547|CONSTRAINED|CONSTRAINED|CONSTRAINED_202547_2025-11-20_0656|BY_IF
100000002015|VF|1236|0|6200000072|1|0|12-JUN-2027|0|75|1200|10080|13|0|202547|CONSTRAINED|CONSTRAINED|CONSTRAINED_202547_2025-11-20_0656|BY_IF
100000002015|VF|1237|0|6200000072|1|0|08-AUG-2026|0|75|1200|10080|13|0|202547|CONSTRAINED|CONSTRAINED|CONSTRAINED_202547_2025-11-20_0656|BY_IF
100000002015|VF|1238|0|6200000072|1|0|02-JAN-2027|0|75|1200|10080|13|0|202547|CONSTRAINED|CONSTRAINED|CONSTRAINED_202547_2025-11-20_0656|BY_IF
100000002015|VF|1239|0|6200000072|1|0|15-MAY-2027|0|75|1200|10080|13|0|202547|CONSTRAINED|CONSTRAINED|CONSTRAINED_202547_2025-11-20_0656|BY_IF
100000002015|VF|1240|0|6200000072|1|0|01-AUG-2026|0|75|1200|10080|13|0|202547|CONSTRAINED|CONSTRAINED|CONSTRAINED_202547_2025-11-20_0656|BY_IF
100000002015|VF|1241|0|6200000072|1|0|12-DEC-2026|0|75|1200|10080|13|0|202547|CONSTRAINED|CONSTRAINED|CONSTRAINED_202547_2025-11-20_0656|BY_IF
100000002015|VF|1242|0|6200000072|1|0|24-APR-2027|0|75|1200|10080|13|0|202547|CONSTRAINED|CONSTRAINED|CONSTRAINED_202547_2025-11-20_0656|BY_IF
100000002015|VF|1243|0|6200000072|1|0|28-NOV-2026|0|75|1200|10080|13|0|202547|CONSTRAINED|CONSTRAINED|CONSTRAINED_202547_2025-11-20_0656|BY_IF
100000002015|VF|1244|0|6200000072|1|0|08-MAY-2027|0|75|1200|10080|13|0|202547|CONSTRAINED|CONSTRAINED|CONSTRAINED_202547_2025-11-20_0656|BY_IF
100000002015|VF|1245|0|6200000072|1|0|24-JUL-2027|0|75|1200|10080|13|0|202547|CONSTRAINED|CONSTRAINED|CONSTRAINED_202547_2025-11-20_0656|BY_IF
100000002015|VF|1246|0|6200000072|1|0|14-NOV-2026|0|75|1200|10080|13|0|202547|CONSTRAINED|CONSTRAINED|CONSTRAINED_202547_2025-11-20_0656|BY_IF
100000002015|VF|1247|0|6200000072|1|0|27-MAR-2027|0|75|1200|10080|13|0|202547|CONSTRAINED|CONSTRAINED|CONSTRAINED_202547_2025-11-20_0656|BY_IF
100000002015|VF|1248|0|6200000072|1|0|31-OCT-2026|0|75|1200|10080|13|0|202547|CONSTRAINED|CONSTRAINED|CONSTRAINED_202547_2025-11-20_0656|BY_IF
100000002015|VF|1249|0|6200000072|1|0|10-APR-2027|0|75|1200|10080|13|0|202547|CONSTRAINED|CONSTRAINED|CONSTRAINED_202547_2025-11-20_0656|BY_IF
100000002015|VF|1250|0|6200000072|1|0|17-OCT-2026|0|75|1200|10080|13|0|202547|CONSTRAINED|CONSTRAINED|CONSTRAINED_202547_2025-11-20_0656|BY_IF
100000002015|VF|1251|0|6200000072|1|0|13-MAR-2027|0|75|1200|10080|13|0|202547|CONSTRAINED|CONSTRAINED|CONSTRAINED_202547_2025-11-20_0656|BY_IF
100000002015|VF|1252|0|6200000072|1|0|10-OCT-2026|0|75|1200|10080|13|0|202547|CONSTRAINED|CONSTRAINED|CONSTRAINED_202547_2025-11-20_0656|BY_IF
100000002015|VF|1253|0|6200000072|1|0|06-FEB-2027|0|75|1200|10080|13|0|202547|CONSTRAINED|CONSTRAINED|CONSTRAINED_202547_2025-11-20_0656|BY_IF
100000002015|VF|1254|0|6200000072|1|0|03-JUL-2027|0|75|1200|10080|13|0|202547|CONSTRAINED|CONSTRAINED|CONSTRAINED_202547_2025-11-20_0656|BY_IF
100000002015|VF|1255|0|6200000072|1|0|26-SEP-2026|0|75|1200|10080|13|0|202547|CONSTRAINED|CONSTRAINED|CONSTRAINED_202547_2025-11-20_0656|BY_IF
100000002015|VF|1256|0|6200000072|1|0|20-FEB-2027|0|75|1200|10080|13|0|202547|CONSTRAINED|CONSTRAINED|CONSTRAINED_202547_2025-11-20_0656|BY_IF
100000002015|VF|1257|0|6200000072|1|0|17-JUL-2027|0|75|1200|10080|13|0|202547|CONSTRAINED|CONSTRAINED|CONSTRAINED_202547_2025-11-20_0656|BY_IF
100000002015|VF|1258|0|6200000072|1|0|12-SEP-2026|0|75|1200|10080|13|0|202547|CONSTRAINED|CONSTRAINED|CONSTRAINED_202547_2025-11-20_0656|BY_IF
100000002015|VF|1259|0|6200000072|1|0|09-JAN-2027|0|75|1200|10080|13|0|202547|CONSTRAINED|CONSTRAINED|CONSTRAINED_202547_2025-11-20_0656|BY_IF
100000002015|VF|1260|0|6200000072|1|0|05-JUN-2027|0|75|1200|10080|13|0|202547|CONSTRAINED|CONSTRAINED|CONSTRAINED_202547_2025-11-20_0656|BY_IF
100000002015|VF|1261|0|6200000072|1|0|29-AUG-2026|0|75|1200|10080|13|0|202547|CONSTRAINED|CONSTRAINED|CONSTRAINED_202547_2025-11-20_0656|BY_IF
100000002015|VF|1262|0|6200000072|1|0|23-JAN-2027|0|75|1200|10080|13|0|202547|CONSTRAINED|CONSTRAINED|CONSTRAINED_202547_2025-11-20_0656|BY_IF
100000002015|VF|1263|0|6200000072|1|0|19-JUN-2027|0|75|1200|10080|13|0|202547|CONSTRAINED|CONSTRAINED|CONSTRAINED_202547_2025-11-20_0656|BY_IF
100000002015|VF|1264|0|6200000072|1|0|15-AUG-2026|0|75|1200|10080|13|0|202547|CONSTRAINED|CONSTRAINED|CONSTRAINED_202547_2025-11-20_0656|BY_IF
100000002015|VF|1265|0|6200000072|1|0|26-DEC-2026|0|75|1200|10080|13|0|202547|CONSTRAINED|CONSTRAINED|CONSTRAINED_202547_2025-11-20_0656|BY_IF
100000002015|VF|1266|0|6200000072|1|0|22-MAY-2027|0|75|1200|10080|13|0|202547|CONSTRAINED|CONSTRAINED|CONSTRAINED_202547_2025-11-20_0656|BY_IF
100000002015|VF|1267|0|6200000072|1|0|24-OCT-2026|0|75|1200|10080|13|0|202547|CONSTRAINED|CONSTRAINED|CONSTRAINED_202547_2025-11-20_0656|BY_IF
100000002015|VF|1268|0|6200000072|1|0|19-DEC-2026|0|75|1200|10080|13|0|202547|CONSTRAINED|CONSTRAINED|CONSTRAINED_202547_2025-11-20_0656|BY_IF
100000002015|VF|1269|0|6200000072|1|0|17-APR-2027|0|75|1200|10080|13|0|202547|CONSTRAINED|CONSTRAINED|CONSTRAINED_202547_2025-11-20_0656|BY_IF
100000002015|VF|1270|0|6200000072|1|0|05-DEC-2026|0|75|1200|10080|13|0|202547|CONSTRAINED|CONSTRAINED|CONSTRAINED_202547_2025-11-20_0656|BY_IF
100000002015|VF|1271|0|6200000072|1|0|01-MAY-2027|0|75|1200|10080|13|0|202547|CONSTRAINED|CONSTRAINED|CONSTRAINED_202547_2025-11-20_0656|BY_IF
100000002015|VF|1272|0|6200000072|1|0|21-NOV-2026|0|75|1200|10080|13|0|202547|CONSTRAINED|CONSTRAINED|CONSTRAINED_202547_2025-11-20_0656|BY_IF
100000002015|VF|1273|0|6200000072|1|0|20-MAR-2027|0|75|1200|10080|13|0|202547|CONSTRAINED|CONSTRAINED|CONSTRAINED_202547_2025-11-20_0656|BY_IF
100000002015|VF|1274|0|6200000072|1|0|07-NOV-2026|0|75|1200|10080|13|0|202547|CONSTRAINED|CONSTRAINED|CONSTRAINED_202547_2025-11-20_0656|BY_IF
100000002015|VF|1275|0|6200000072|1|0|03-APR-2027|0|75|1200|10080|13|0|202547|CONSTRAINED|CONSTRAINED|CONSTRAINED_202547_2025-11-20_0656|BY_IF
100000002015|VF|1276|0|6200000072|1|0|06-MAR-2027|0|75|1200|10080|13|0|202547|CONSTRAINED|CONSTRAINED|CONSTRAINED_202547_2025-11-20_0656|BY_IF
100000002015|VF|1277|0|6200000072|1|0|03-OCT-2026|0|75|1200|10080|13|0|202547|CONSTRAINED|CONSTRAINED|CONSTRAINED_202547_2025-11-20_0656|BY_IF
100000002015|VF|1278|0|6200000072|1|0|13-FEB-2027|0|75|1200|10080|13|0|202547|CONSTRAINED|CONSTRAINED|CONSTRAINED_202547_2025-11-20_0656|BY_IF
100000002015|VF|1279|0|6200000072|1|0|26-JUN-2027|0|75|1200|10080|13|0|202547|CONSTRAINED|CONSTRAINED|CONSTRAINED_202547_2025-11-20_0656|BY_IF
100000002016|1006|474|0|6200000072|1|1|06-DEC-2025|0|49|400|10080|10|0|202547|CONSTRAINED|CONSTRAINED|CONSTRAINED_202547_2025-11-20_0656|BY_IF
100000002016|1006|475|0|6200000072|1|1|20-DEC-2025|0|75|400|10080|10|0|202547|CONSTRAINED|CONSTRAINED|CONSTRAINED_202547_2025-11-20_0656|BY_IF
100000002016|1006|476|0|6200000072|1|1|03-JAN-2026|0|75|400|10080|10|0|202547|CONSTRAINED|CONSTRAINED|CONSTRAINED_202547_2025-11-20_0656|BY_IF
100000002016|1006|477|0|6200000072|1|1|13-DEC-2025|0|75|400|10080|10|0|202547|CONSTRAINED|CONSTRAINED|CONSTRAINED_202547_2025-11-20_0656|BY_IF
100000002016|1006|478|0|6200000072|1|1|27-DEC-2025|0|75|400|10080|10|0|202547|CONSTRAINED|CONSTRAINED|CONSTRAINED_202547_2025-11-20_0656|BY_IF
100000002016|1006|479|0|6200000072|1|1|10-JAN-2026|0|75|400|10080|10|0|202547|CONSTRAINED|CONSTRAINED|CONSTRAINED_202547_2025-11-20_0656|BY_IF
100000002016|VF|40|0|6200000072|1|1|27-JUN-2026|0|75|400|10080|10|0|202547|CONSTRAINED|CONSTRAINED|CONSTRAINED_202547_2025-11-20_0656|BY_IF
100000002016|VF|41|0|6200000072|1|1|13-JUN-2026|0|75|400|10080|10|0|202547|CONSTRAINED|CONSTRAINED|CONSTRAINED_202547_2025-11-20_0656|BY_IF
100000002016|VF|42|0|6200000072|1|1|30-MAY-2026|0|75|400|10080|10|0|202547|CONSTRAINED|CONSTRAINED|CONSTRAINED_202547_2025-11-20_0656|BY_IF
100000002016|VF|43|0|6200000072|1|1|16-MAY-2026|0|75|400|10080|10|0|202547|CONSTRAINED|CONSTRAINED|CONSTRAINED_202547_2025-11-20_0656|BY_IF
100000002016|VF|44|0|6200000072|1|1|02-MAY-2026|0|75|400|10080|10|0|202547|CONSTRAINED|CONSTRAINED|CONSTRAINED_202547_2025-11-20_0656|BY_IF
100000002016|VF|45|0|6200000072|1|1|07-FEB-2026|0|75|400|10080|10|0|202547|CONSTRAINED|CONSTRAINED|CONSTRAINED_202547_2025-11-20_0656|BY_IF
100000002016|VF|46|0|6200000072|1|1|28-FEB-2026|0|75|400|10080|10|0|202547|CONSTRAINED|CONSTRAINED|CONSTRAINED_202547_2025-11-20_0656|BY_IF
100000002016|VF|47|0|6200000072|1|1|22-NOV-2025|0|38|510|10080|11|0|202547|CONSTRAINED|CONSTRAINED|CONSTRAINED_202547_2025-11-20_0656|BY_IF
100000002016|VF|48|0|6200000072|1|1|24-JAN-2026|0|75|400|10080|10|0|202547|CONSTRAINED|CONSTRAINED|CONSTRAINED_202547_2025-11-20_0656|BY_IF
100000002016|VF|49|0|6200000072|1|1|25-APR-2026|0|75|400|10080|10|0|202547|CONSTRAINED|CONSTRAINED|CONSTRAINED_202547_2025-11-20_0656|BY_IF
100000002016|VF|50|0|6200000072|1|1|11-APR-2026|0|75|400|10080|10|0|202547|CONSTRAINED|CONSTRAINED|CONSTRAINED_202547_2025-11-20_0656|BY_IF
100000002016|VF|51|0|6200000072|1|1|28-MAR-2026|0|75|400|10080|10|0|202547|CONSTRAINED|CONSTRAINED|CONSTRAINED_202547_2025-11-20_0656|BY_IF
100000002016|VF|52|0|6200000072|1|1|14-MAR-2026|0|75|400|10080|10|0|202547|CONSTRAINED|CONSTRAINED|CONSTRAINED_202547_2025-11-20_0656|BY_IF
100000002016|VF|53|0|6200000072|1|1|20-JUN-2026|0|75|400|10080|10|0|202547|CONSTRAINED|CONSTRAINED|CONSTRAINED_202547_2025-11-20_0656|BY_IF
100000002016|VF|54|0|6200000072|1|1|04-JUL-2026|0|75|400|10080|10|0|202547|CONSTRAINED|CONSTRAINED|CONSTRAINED_202547_2025-11-20_0656|BY_IF
100000002016|VF|55|0|6200000072|1|1|25-JUL-2026|0|75|400|10080|10|0|202547|CONSTRAINED|CONSTRAINED|CONSTRAINED_202547_2025-11-20_0656|BY_IF
100000002016|VF|56|0|6200000072|1|1|06-JUN-2026|0|75|400|10080|10|0|202547|CONSTRAINED|CONSTRAINED|CONSTRAINED_202547_2025-11-20_0656|BY_IF
100000002016|VF|57|0|6200000072|1|1|23-MAY-2026|0|75|400|10080|10|0|202547|CONSTRAINED|CONSTRAINED|CONSTRAINED_202547_2025-11-20_0656|BY_IF
100000002016|VF|58|0|6200000072|1|1|09-MAY-2026|0|75|400|10080|10|0|202547|CONSTRAINED|CONSTRAINED|CONSTRAINED_202547_2025-11-20_0656|BY_IF
100000002016|VF|59|0|6200000072|1|1|11-JUL-2026|0|75|400|10080|10|0|202547|CONSTRAINED|CONSTRAINED|CONSTRAINED_202547_2025-11-20_0656|BY_IF
100000002016|VF|60|0|6200000072|1|1|18-JUL-2026|0|75|400|10080|10|0|202547|CONSTRAINED|CONSTRAINED|CONSTRAINED_202547_2025-11-20_0656|BY_IF
100000002016|VF|61|0|6200000072|1|1|07-MAR-2026|0|75|400|10080|10|0|202547|CONSTRAINED|CONSTRAINED|CONSTRAINED_202547_2025-11-20_0656|BY_IF
100000002016|VF|62|0|6200000072|1|1|31-JAN-2026|0|75|400|10080|10|0|202547|CONSTRAINED|CONSTRAINED|CONSTRAINED_202547_2025-11-20_0656|BY_IF
100000002016|VF|63|0|6200000072|1|1|14-FEB-2026|0|75|400|10080|10|0|202547|CONSTRAINED|CONSTRAINED|CONSTRAINED_202547_2025-11-20_0656|BY_IF
100000002016|VF|64|0|6200000072|1|1|21-FEB-2026|0|75|400|10080|10|0|202547|CONSTRAINED|CONSTRAINED|CONSTRAINED_202547_2025-11-20_0656|BY_IF
100000002016|VF|65|0|6200000072|1|1|17-JAN-2026|0|75|400|10080|10|0|202547|CONSTRAINED|CONSTRAINED|CONSTRAINED_202547_2025-11-20_0656|BY_IF
100000002016|VF|66|0|6200000072|1|1|18-APR-2026|0|75|400|10080|10|0|202547|CONSTRAINED|CONSTRAINED|CONSTRAINED_202547_2025-11-20_0656|BY_IF
100000002016|VF|67|0|6200000072|1|1|04-APR-2026|0|75|400|10080|10|0|202547|CONSTRAINED|CONSTRAINED|CONSTRAINED_202547_2025-11-20_0656|BY_IF
100000002016|VF|68|0|6200000072|1|1|21-MAR-2026|0|75|400|10080|10|0|202547|CONSTRAINED|CONSTRAINED|CONSTRAINED_202547_2025-11-20_0656|BY_IF
100000002016|VF|1280|0|6200000072|1|0|17-OCT-2026|0|75|1200|10080|13|0|202547|CONSTRAINED|CONSTRAINED|CONSTRAINED_202547_2025-11-20_0656|BY_IF
100000002016|VF|1281|0|6200000072|1|0|10-APR-2027|0|75|1200|10080|13|0|202547|CONSTRAINED|CONSTRAINED|CONSTRAINED_202547_2025-11-20_0656|BY_IF
100000002016|VF|1282|0|6200000072|1|0|01-AUG-2026|0|75|1200|10080|13|0|202547|CONSTRAINED|CONSTRAINED|CONSTRAINED_202547_2025-11-20_0656|BY_IF
100000002016|VF|1283|0|6200000072|1|0|12-DEC-2026|0|75|1200|10080|13|0|202547|CONSTRAINED|CONSTRAINED|CONSTRAINED_202547_2025-11-20_0656|BY_IF
100000002016|VF|1284|0|6200000072|1|0|24-APR-2027|0|75|1200|10080|13|0|202547|CONSTRAINED|CONSTRAINED|CONSTRAINED_202547_2025-11-20_0656|BY_IF
100000002016|VF|1285|0|6200000072|1|0|28-NOV-2026|0|75|1200|10080|13|0|202547|CONSTRAINED|CONSTRAINED|CONSTRAINED_202547_2025-11-20_0656|BY_IF
100000002016|VF|1286|0|6200000072|1|0|08-MAY-2027|0|75|1200|10080|13|0|202547|CONSTRAINED|CONSTRAINED|CONSTRAINED_202547_2025-11-20_0656|BY_IF
100000002016|VF|1287|0|6200000072|1|0|05-SEP-2026|0|75|1200|10080|13|0|202547|CONSTRAINED|CONSTRAINED|CONSTRAINED_202547_2025-11-20_0656|BY_IF
100000002016|VF|1288|0|6200000072|1|0|16-JAN-2027|0|75|1200|10080|13|0|202547|CONSTRAINED|CONSTRAINED|CONSTRAINED_202547_2025-11-20_0656|BY_IF
100000002016|VF|1289|0|6200000072|1|0|29-MAY-2027|0|75|1200|10080|13|0|202547|CONSTRAINED|CONSTRAINED|CONSTRAINED_202547_2025-11-20_0656|BY_IF
100000002016|VF|1290|0|6200000072|1|0|22-AUG-2026|0|75|1200|10080|13|0|202547|CONSTRAINED|CONSTRAINED|CONSTRAINED_202547_2025-11-20_0656|BY_IF
100000002016|VF|1291|0|6200000072|1|0|30-JAN-2027|0|75|1200|10080|13|0|202547|CONSTRAINED|CONSTRAINED|CONSTRAINED_202547_2025-11-20_0656|BY_IF
100000002016|VF|1292|0|6200000072|1|0|12-JUN-2027|0|75|1200|10080|13|0|202547|CONSTRAINED|CONSTRAINED|CONSTRAINED_202547_2025-11-20_0656|BY_IF
100000002016|VF|1293|0|6200000072|1|0|08-AUG-2026|0|75|1200|10080|13|0|202547|CONSTRAINED|CONSTRAINED|CONSTRAINED_202547_2025-11-20_0656|BY_IF
100000002016|VF|1294|0|6200000072|1|0|02-JAN-2027|0|75|1200|10080|13|0|202547|CONSTRAINED|CONSTRAINED|CONSTRAINED_202547_2025-11-20_0656|BY_IF
100000002016|VF|1295|0|6200000072|1|0|15-MAY-2027|0|75|1200|10080|13|0|202547|CONSTRAINED|CONSTRAINED|CONSTRAINED_202547_2025-11-20_0656|BY_IF
100000002016|VF|1296|0|6200000072|1|0|10-OCT-2026|0|75|1200|10080|13|0|202547|CONSTRAINED|CONSTRAINED|CONSTRAINED_202547_2025-11-20_0656|BY_IF
100000002016|VF|1297|0|6200000072|1|0|06-FEB-2027|0|75|1200|10080|13|0|202547|CONSTRAINED|CONSTRAINED|CONSTRAINED_202547_2025-11-20_0656|BY_IF
100000002016|VF|1298|0|6200000072|1|0|03-JUL-2027|0|75|1200|10080|13|0|202547|CONSTRAINED|CONSTRAINED|CONSTRAINED_202547_2025-11-20_0656|BY_IF
100000002016|VF|1299|0|6200000072|1|0|26-SEP-2026|0|75|1200|10080|13|0|202547|CONSTRAINED|CONSTRAINED|CONSTRAINED_202547_2025-11-20_0656|BY_IF
100000002016|VF|1300|0|6200000072|1|0|20-FEB-2027|0|75|1200|10080|13|0|202547|CONSTRAINED|CONSTRAINED|CONSTRAINED_202547_2025-11-20_0656|BY_IF
100000002016|VF|1301|0|6200000072|1|0|17-JUL-2027|0|75|1200|10080|13|0|202547|CONSTRAINED|CONSTRAINED|CONSTRAINED_202547_2025-11-20_0656|BY_IF
100000002016|VF|1302|0|6200000072|1|0|21-NOV-2026|0|75|1200|10080|13|0|202547|CONSTRAINED|CONSTRAINED|CONSTRAINED_202547_2025-11-20_0656|BY_IF
100000002016|VF|1303|0|6200000072|1|0|20-MAR-2027|0|75|1200|10080|13|0|202547|CONSTRAINED|CONSTRAINED|CONSTRAINED_202547_2025-11-20_0656|BY_IF
100000002016|VF|1304|0|6200000072|1|0|07-NOV-2026|0|75|1200|10080|13|0|202547|CONSTRAINED|CONSTRAINED|CONSTRAINED_202547_2025-11-20_0656|BY_IF
100000002016|VF|1305|0|6200000072|1|0|03-APR-2027|0|75|1200|10080|13|0|202547|CONSTRAINED|CONSTRAINED|CONSTRAINED_202547_2025-11-20_0656|BY_IF
100000002016|VF|1306|0|6200000072|1|0|24-OCT-2026|0|75|1200|10080|13|0|202547|CONSTRAINED|CONSTRAINED|CONSTRAINED_202547_2025-11-20_0656|BY_IF
100000002016|VF|1307|0|6200000072|1|0|06-MAR-2027|0|75|1200|10080|13|0|202547|CONSTRAINED|CONSTRAINED|CONSTRAINED_202547_2025-11-20_0656|BY_IF
100000002016|VF|1308|0|6200000072|1|0|19-DEC-2026|0|75|1200|10080|13|0|202547|CONSTRAINED|CONSTRAINED|CONSTRAINED_202547_2025-11-20_0656|BY_IF
100000002016|VF|1309|0|6200000072|1|0|17-APR-2027|0|75|1200|10080|13|0|202547|CONSTRAINED|CONSTRAINED|CONSTRAINED_202547_2025-11-20_0656|BY_IF
100000002016|VF|1310|0|6200000072|1|0|05-DEC-2026|0|75|1200|10080|13|0|202547|CONSTRAINED|CONSTRAINED|CONSTRAINED_202547_2025-11-20_0656|BY_IF
100000002016|VF|1311|0|6200000072|1|0|01-MAY-2027|0|75|1200|10080|13|0|202547|CONSTRAINED|CONSTRAINED|CONSTRAINED_202547_2025-11-20_0656|BY_IF
100000002016|VF|1312|0|6200000072|1|0|24-JUL-2027|0|75|1200|10080|13|0|202547|CONSTRAINED|CONSTRAINED|CONSTRAINED_202547_2025-11-20_0656|BY_IF
100000002016|VF|1313|0|6200000072|1|0|12-SEP-2026|0|75|1200|10080|13|0|202547|CONSTRAINED|CONSTRAINED|CONSTRAINED_202547_2025-11-20_0656|BY_IF
100000002016|VF|1314|0|6200000072|1|0|09-JAN-2027|0|75|1200|10080|13|0|202547|CONSTRAINED|CONSTRAINED|CONSTRAINED_202547_2025-11-20_0656|BY_IF
100000002016|VF|1315|0|6200000072|1|0|05-JUN-2027|0|75|1200|10080|13|0|202547|CONSTRAINED|CONSTRAINED|CONSTRAINED_202547_2025-11-20_0656|BY_IF
100000002016|VF|1316|0|6200000072|1|0|29-AUG-2026|0|75|1200|10080|13|0|202547|CONSTRAINED|CONSTRAINED|CONSTRAINED_202547_2025-11-20_0656|BY_IF
100000002016|VF|1317|0|6200000072|1|0|23-JAN-2027|0|75|1200|10080|13|0|202547|CONSTRAINED|CONSTRAINED|CONSTRAINED_202547_2025-11-20_0656|BY_IF
100000002016|VF|1318|0|6200000072|1|0|19-JUN-2027|0|75|1200|10080|13|0|202547|CONSTRAINED|CONSTRAINED|CONSTRAINED_202547_2025-11-20_0656|BY_IF
100000002016|VF|1319|0|6200000072|1|0|15-AUG-2026|0|75|1200|10080|13|0|202547|CONSTRAINED|CONSTRAINED|CONSTRAINED_202547_2025-11-20_0656|BY_IF
100000002016|VF|1320|0|6200000072|1|0|26-DEC-2026|0|75|1200|10080|13|0|202547|CONSTRAINED|CONSTRAINED|CONSTRAINED_202547_2025-11-20_0656|BY_IF
100000002016|VF|1321|0|6200000072|1|0|22-MAY-2027|0|75|1200|10080|13|0|202547|CONSTRAINED|CONSTRAINED|CONSTRAINED_202547_2025-11-20_0656|BY_IF
100000002016|VF|1322|0|6200000072|1|0|03-OCT-2026|0|75|1200|10080|13|0|202547|CONSTRAINED|CONSTRAINED|CONSTRAINED_202547_2025-11-20_0656|BY_IF
100000002016|VF|1323|0|6200000072|1|0|13-FEB-2027|0|75|1200|10080|13|0|202547|CONSTRAINED|CONSTRAINED|CONSTRAINED_202547_2025-11-20_0656|BY_IF
100000002016|VF|1324|0|6200000072|1|0|26-JUN-2027|0|75|1200|10080|13|0|202547|CONSTRAINED|CONSTRAINED|CONSTRAINED_202547_2025-11-20_0656|BY_IF
100000002016|VF|1325|0|6200000072|1|0|19-SEP-2026|0|75|1200|10080|13|0|202547|CONSTRAINED|CONSTRAINED|CONSTRAINED_202547_2025-11-20_0656|BY_IF
100000002016|VF|1326|0|6200000072|1|0|27-FEB-2027|0|75|1200|10080|13|0|202547|CONSTRAINED|CONSTRAINED|CONSTRAINED_202547_2025-11-20_0656|BY_IF
100000002016|VF|1327|0|6200000072|1|0|10-JUL-2027|0|75|1200|10080|13|0|202547|CONSTRAINED|CONSTRAINED|CONSTRAINED_202547_2025-11-20_0656|BY_IF
100000002016|VF|1328|0|6200000072|1|0|14-NOV-2026|0|75|1200|10080|13|0|202547|CONSTRAINED|CONSTRAINED|CONSTRAINED_202547_2025-11-20_0656|BY_IF
100000002016|VF|1329|0|6200000072|1|0|27-MAR-2027|0|75|1200|10080|13|0|202547|CONSTRAINED|CONSTRAINED|CONSTRAINED_202547_2025-11-20_0656|BY_IF
100000002016|VF|1330|0|6200000072|1|0|31-OCT-2026|0|75|1200|10080|13|0|202547|CONSTRAINED|CONSTRAINED|CONSTRAINED_202547_2025-11-20_0656|BY_IF
100000002016|VF|1331|0|6200000072|1|0|13-MAR-2027|0|75|1200|10080|13|0|202547|CONSTRAINED|CONSTRAINED|CONSTRAINED_202547_2025-11-20_0656|BY_IF
2000-280-868|1006|350|0|6200000072|1|1|03-JAN-2026|0|75|400|10080|10|0|202547|CONSTRAINED|CONSTRAINED|CONSTRAINED_202547_2025-11-20_0656|BY_IF
2000-280-868|1006|351|0|6200000072|1|1|20-DEC-2025|0|75|400|10080|10|0|202547|CONSTRAINED|CONSTRAINED|CONSTRAINED_202547_2025-11-20_0656|BY_IF
2000-280-868|1006|352|0|6200000072|1|1|13-DEC-2025|0|75|400|10080|10|0|202547|CONSTRAINED|CONSTRAINED|CONSTRAINED_202547_2025-11-20_0656|BY_IF
2000-280-868|1006|353|0|6200000072|1|1|22-NOV-2025|0|16|400|10080|10|0|202547|CONSTRAINED|CONSTRAINED|CONSTRAINED_202547_2025-11-20_0656|BY_IF
2000-280-868|1006|354|0|6200000072|1|1|27-DEC-2025|0|75|400|10080|10|0|202547|CONSTRAINED|CONSTRAINED|CONSTRAINED_202547_2025-11-20_0656|BY_IF
2000-280-868|1006|355|0|6200000072|1|1|10-JAN-2026|0|75|400|10080|10|0|202547|CONSTRAINED|CONSTRAINED|CONSTRAINED_202547_2025-11-20_0656|BY_IF
2000-280-868|1006|356|0|6200000072|1|1|06-DEC-2025|0|49|400|10080|10|0|202547|CONSTRAINED|CONSTRAINED|CONSTRAINED_202547_2025-11-20_0656|BY_IF
2000-280-868|VF|228|0|6200000072|1|1|21-MAR-2026|0|75|400|10080|10|0|202547|CONSTRAINED|CONSTRAINED|CONSTRAINED_202547_2025-11-20_0656|BY_IF
2000-280-868|VF|229|0|6200000072|1|1|14-MAR-2026|0|75|400|10080|10|0|202547|CONSTRAINED|CONSTRAINED|CONSTRAINED_202547_2025-11-20_0656|BY_IF
2000-280-868|VF|230|0|6200000072|1|1|07-MAR-2026|0|75|400|10080|10|0|202547|CONSTRAINED|CONSTRAINED|CONSTRAINED_202547_2025-11-20_0656|BY_IF
2000-280-868|VF|231|0|6200000072|1|1|28-FEB-2026|0|75|400|10080|10|0|202547|CONSTRAINED|CONSTRAINED|CONSTRAINED_202547_2025-11-20_0656|BY_IF
2000-280-868|VF|232|0|6200000072|1|1|18-JUL-2026|0|75|400|10080|10|0|202547|CONSTRAINED|CONSTRAINED|CONSTRAINED_202547_2025-11-20_0656|BY_IF
2000-280-868|VF|233|0|6200000072|1|1|25-JUL-2026|0|75|400|10080|10|0|202547|CONSTRAINED|CONSTRAINED|CONSTRAINED_202547_2025-11-20_0656|BY_IF
2000-280-868|VF|234|0|6200000072|1|1|13-JUN-2026|0|75|400|10080|10|0|202547|CONSTRAINED|CONSTRAINED|CONSTRAINED_202547_2025-11-20_0656|BY_IF
2000-280-868|VF|235|0|6200000072|1|1|06-JUN-2026|0|75|400|10080|10|0|202547|CONSTRAINED|CONSTRAINED|CONSTRAINED_202547_2025-11-20_0656|BY_IF
2000-280-868|VF|236|0|6200000072|1|1|17-JAN-2026|0|75|400|10080|10|0|202547|CONSTRAINED|CONSTRAINED|CONSTRAINED_202547_2025-11-20_0656|BY_IF
2000-280-868|VF|237|0|6200000072|1|1|24-JAN-2026|0|75|400|10080|10|0|202547|CONSTRAINED|CONSTRAINED|CONSTRAINED_202547_2025-11-20_0656|BY_IF
2000-280-868|VF|238|0|6200000072|1|1|14-FEB-2026|0|75|400|10080|10|0|202547|CONSTRAINED|CONSTRAINED|CONSTRAINED_202547_2025-11-20_0656|BY_IF
2000-280-868|VF|239|0|6200000072|1|1|21-FEB-2026|0|75|400|10080|10|0|202547|CONSTRAINED|CONSTRAINED|CONSTRAINED_202547_2025-11-20_0656|BY_IF
2000-280-868|VF|240|0|6200000072|1|1|04-JUL-2026|0|75|400|10080|10|0|202547|CONSTRAINED|CONSTRAINED|CONSTRAINED_202547_2025-11-20_0656|BY_IF
2000-280-868|VF|241|0|6200000072|1|1|11-JUL-2026|0|75|400|10080|10|0|202547|CONSTRAINED|CONSTRAINED|CONSTRAINED_202547_2025-11-20_0656|BY_IF
2000-280-868|VF|242|0|6200000072|1|1|20-JUN-2026|0|75|400|10080|10|0|202547|CONSTRAINED|CONSTRAINED|CONSTRAINED_202547_2025-11-20_0656|BY_IF
2000-280-868|VF|243|0|6200000072|1|1|31-JAN-2026|0|75|400|10080|10|0|202547|CONSTRAINED|CONSTRAINED|CONSTRAINED_202547_2025-11-20_0656|BY_IF
2000-280-868|VF|244|0|6200000072|1|1|07-FEB-2026|0|75|400|10080|10|0|202547|CONSTRAINED|CONSTRAINED|CONSTRAINED_202547_2025-11-20_0656|BY_IF
2000-280-868|VF|245|0|6200000072|1|1|27-JUN-2026|0|75|400|10080|10|0|202547|CONSTRAINED|CONSTRAINED|CONSTRAINED_202547_2025-11-20_0656|BY_IF
2000-280-868|VF|246|0|6200000072|1|1|30-MAY-2026|0|75|400|10080|10|0|202547|CONSTRAINED|CONSTRAINED|CONSTRAINED_202547_2025-11-20_0656|BY_IF
2000-280-868|VF|247|0|6200000072|1|1|23-MAY-2026|0|75|400|10080|10|0|202547|CONSTRAINED|CONSTRAINED|CONSTRAINED_202547_2025-11-20_0656|BY_IF
2000-280-868|VF|248|0|6200000072|1|1|16-MAY-2026|0|75|400|10080|10|0|202547|CONSTRAINED|CONSTRAINED|CONSTRAINED_202547_2025-11-20_0656|BY_IF
2000-280-868|VF|249|0|6200000072|1|1|09-MAY-2026|0|75|400|10080|10|0|202547|CONSTRAINED|CONSTRAINED|CONSTRAINED_202547_2025-11-20_0656|BY_IF
2000-280-868|VF|250|0|6200000072|1|1|04-APR-2026|0|75|400|10080|10|0|202547|CONSTRAINED|CONSTRAINED|CONSTRAINED_202547_2025-11-20_0656|BY_IF
2000-280-868|VF|251|0|6200000072|1|1|28-MAR-2026|0|75|400|10080|10|0|202547|CONSTRAINED|CONSTRAINED|CONSTRAINED_202547_2025-11-20_0656|BY_IF
2000-280-868|VF|252|0|6200000072|1|1|02-MAY-2026|0|75|400|10080|10|0|202547|CONSTRAINED|CONSTRAINED|CONSTRAINED_202547_2025-11-20_0656|BY_IF
2000-280-868|VF|253|0|6200000072|1|1|25-APR-2026|0|75|400|10080|10|0|202547|CONSTRAINED|CONSTRAINED|CONSTRAINED_202547_2025-11-20_0656|BY_IF
2000-280-868|VF|254|0|6200000072|1|1|18-APR-2026|0|75|400|10080|10|0|202547|CONSTRAINED|CONSTRAINED|CONSTRAINED_202547_2025-11-20_0656|BY_IF
2000-280-868|VF|255|0|6200000072|1|1|11-APR-2026|0|75|400|10080|10|0|202547|CONSTRAINED|CONSTRAINED|CONSTRAINED_202547_2025-11-20_0656|BY_IF
2000-280-868|VF|1332|0|6200000072|1|0|03-APR-2027|0|75|1200|10080|13|0|202547|CONSTRAINED|CONSTRAINED|CONSTRAINED_202547_2025-11-20_0656|BY_IF
2000-280-868|VF|1333|0|6200000072|1|0|19-JUN-2027|0|75|1200|10080|13|0|202547|CONSTRAINED|CONSTRAINED|CONSTRAINED_202547_2025-11-20_0656|BY_IF
2000-280-868|VF|1334|0|6200000072|1|0|08-AUG-2026|0|75|1200|10080|13|0|202547|CONSTRAINED|CONSTRAINED|CONSTRAINED_202547_2025-11-20_0656|BY_IF
2000-280-868|VF|1335|0|6200000072|1|0|05-DEC-2026|0|75|1200|10080|13|0|202547|CONSTRAINED|CONSTRAINED|CONSTRAINED_202547_2025-11-20_0656|BY_IF
2000-280-868|VF|1336|0|6200000072|1|0|06-FEB-2027|0|75|1200|10080|13|0|202547|CONSTRAINED|CONSTRAINED|CONSTRAINED_202547_2025-11-20_0656|BY_IF
2000-280-868|VF|1337|0|6200000072|1|0|10-APR-2027|0|75|1200|10080|13|0|202547|CONSTRAINED|CONSTRAINED|CONSTRAINED_202547_2025-11-20_0656|BY_IF
2000-280-868|VF|1338|0|6200000072|1|0|12-JUN-2027|0|75|1200|10080|13|0|202547|CONSTRAINED|CONSTRAINED|CONSTRAINED_202547_2025-11-20_0656|BY_IF
2000-280-868|VF|1339|0|6200000072|1|0|14-NOV-2026|0|75|1200|10080|13|0|202547|CONSTRAINED|CONSTRAINED|CONSTRAINED_202547_2025-11-20_0656|BY_IF
2000-280-868|VF|1340|0|6200000072|1|0|29-AUG-2026|0|75|1200|10080|13|0|202547|CONSTRAINED|CONSTRAINED|CONSTRAINED_202547_2025-11-20_0656|BY_IF
2000-280-868|VF|1341|0|6200000072|1|0|30-JAN-2027|0|75|1200|10080|13|0|202547|CONSTRAINED|CONSTRAINED|CONSTRAINED_202547_2025-11-20_0656|BY_IF
2000-280-868|VF|1342|0|6200000072|1|0|17-APR-2027|0|75|1200|10080|13|0|202547|CONSTRAINED|CONSTRAINED|CONSTRAINED_202547_2025-11-20_0656|BY_IF
2000-280-868|VF|1343|0|6200000072|1|0|03-JUL-2027|0|75|1200|10080|13|0|202547|CONSTRAINED|CONSTRAINED|CONSTRAINED_202547_2025-11-20_0656|BY_IF
2000-280-868|VF|1344|0|6200000072|1|0|22-AUG-2026|0|75|1200|10080|13|0|202547|CONSTRAINED|CONSTRAINED|CONSTRAINED_202547_2025-11-20_0656|BY_IF
2000-280-868|VF|1345|0|6200000072|1|0|21-NOV-2026|0|75|1200|10080|13|0|202547|CONSTRAINED|CONSTRAINED|CONSTRAINED_202547_2025-11-20_0656|BY_IF
2000-280-868|VF|1346|0|6200000072|1|0|23-JAN-2027|0|75|1200|10080|13|0|202547|CONSTRAINED|CONSTRAINED|CONSTRAINED_202547_2025-11-20_0656|BY_IF
2000-280-868|VF|1347|0|6200000072|1|0|24-APR-2027|0|75|1200|10080|13|0|202547|CONSTRAINED|CONSTRAINED|CONSTRAINED_202547_2025-11-20_0656|BY_IF
2000-280-868|VF|1348|0|6200000072|1|0|26-JUN-2027|0|75|1200|10080|13|0|202547|CONSTRAINED|CONSTRAINED|CONSTRAINED_202547_2025-11-20_0656|BY_IF
2000-280-868|VF|1349|0|6200000072|1|0|31-OCT-2026|0|75|1200|10080|13|0|202547|CONSTRAINED|CONSTRAINED|CONSTRAINED_202547_2025-11-20_0656|BY_IF
2000-280-868|VF|1350|0|6200000072|1|0|12-SEP-2026|0|75|1200|10080|13|0|202547|CONSTRAINED|CONSTRAINED|CONSTRAINED_202547_2025-11-20_0656|BY_IF
2000-280-868|VF|1351|0|6200000072|1|0|16-JAN-2027|0|75|1200|10080|13|0|202547|CONSTRAINED|CONSTRAINED|CONSTRAINED_202547_2025-11-20_0656|BY_IF
2000-280-868|VF|1352|0|6200000072|1|0|06-MAR-2027|0|75|1200|10080|13|0|202547|CONSTRAINED|CONSTRAINED|CONSTRAINED_202547_2025-11-20_0656|BY_IF
2000-280-868|VF|1353|0|6200000072|1|0|22-MAY-2027|0|75|1200|10080|13|0|202547|CONSTRAINED|CONSTRAINED|CONSTRAINED_202547_2025-11-20_0656|BY_IF
2000-280-868|VF|1354|0|6200000072|1|0|07-NOV-2026|0|75|1200|10080|13|0|202547|CONSTRAINED|CONSTRAINED|CONSTRAINED_202547_2025-11-20_0656|BY_IF
2000-280-868|VF|1355|0|6200000072|1|0|05-SEP-2026|0|75|1200|10080|13|0|202547|CONSTRAINED|CONSTRAINED|CONSTRAINED_202547_2025-11-20_0656|BY_IF
2000-280-868|VF|1356|0|6200000072|1|0|09-JAN-2027|0|75|1200|10080|13|0|202547|CONSTRAINED|CONSTRAINED|CONSTRAINED_202547_2025-11-20_0656|BY_IF
2000-280-868|VF|1357|0|6200000072|1|0|13-MAR-2027|0|75|1200|10080|13|0|202547|CONSTRAINED|CONSTRAINED|CONSTRAINED_202547_2025-11-20_0656|BY_IF
2000-280-868|VF|1358|0|6200000072|1|0|15-MAY-2027|0|75|1200|10080|13|0|202547|CONSTRAINED|CONSTRAINED|CONSTRAINED_202547_2025-11-20_0656|BY_IF
2000-280-868|VF|1359|0|6200000072|1|0|17-OCT-2026|0|75|1200|10080|13|0|202547|CONSTRAINED|CONSTRAINED|CONSTRAINED_202547_2025-11-20_0656|BY_IF
2000-280-868|VF|1360|0|6200000072|1|0|26-SEP-2026|0|75|1200|10080|13|0|202547|CONSTRAINED|CONSTRAINED|CONSTRAINED_202547_2025-11-20_0656|BY_IF
2000-280-868|VF|1361|0|6200000072|1|0|02-JAN-2027|0|75|1200|10080|13|0|202547|CONSTRAINED|CONSTRAINED|CONSTRAINED_202547_2025-11-20_0656|BY_IF
2000-280-868|VF|1362|0|6200000072|1|0|20-MAR-2027|0|75|1200|10080|13|0|202547|CONSTRAINED|CONSTRAINED|CONSTRAINED_202547_2025-11-20_0656|BY_IF
2000-280-868|VF|1363|0|6200000072|1|0|05-JUN-2027|0|75|1200|10080|13|0|202547|CONSTRAINED|CONSTRAINED|CONSTRAINED_202547_2025-11-20_0656|BY_IF
2000-280-868|VF|1364|0|6200000072|1|0|24-OCT-2026|0|75|1200|10080|13|0|202547|CONSTRAINED|CONSTRAINED|CONSTRAINED_202547_2025-11-20_0656|BY_IF
2000-280-868|VF|1365|0|6200000072|1|0|19-SEP-2026|0|75|1200|10080|13|0|202547|CONSTRAINED|CONSTRAINED|CONSTRAINED_202547_2025-11-20_0656|BY_IF
2000-280-868|VF|1366|0|6200000072|1|0|26-DEC-2026|0|75|1200|10080|13|0|202547|CONSTRAINED|CONSTRAINED|CONSTRAINED_202547_2025-11-20_0656|BY_IF
2000-280-868|VF|1367|0|6200000072|1|0|27-MAR-2027|0|75|1200|10080|13|0|202547|CONSTRAINED|CONSTRAINED|CONSTRAINED_202547_2025-11-20_0656|BY_IF
2000-280-868|VF|1368|0|6200000072|1|0|29-MAY-2027|0|75|1200|10080|13|0|202547|CONSTRAINED|CONSTRAINED|CONSTRAINED_202547_2025-11-20_0656|BY_IF
2000-280-868|VF|1369|0|6200000072|1|0|10-OCT-2026|0|75|1200|10080|13|0|202547|CONSTRAINED|CONSTRAINED|CONSTRAINED_202547_2025-11-20_0656|BY_IF
2000-280-868|VF|1370|0|6200000072|1|0|03-OCT-2026|0|75|1200|10080|13|0|202547|CONSTRAINED|CONSTRAINED|CONSTRAINED_202547_2025-11-20_0656|BY_IF
2000-280-868|VF|1371|0|6200000072|1|0|01-AUG-2026|0|75|1200|10080|13|0|202547|CONSTRAINED|CONSTRAINED|CONSTRAINED_202547_2025-11-20_0656|BY_IF
2000-280-868|VF|1372|0|6200000072|1|0|24-JUL-2027|0|75|1200|10080|13|0|202547|CONSTRAINED|CONSTRAINED|CONSTRAINED_202547_2025-11-20_0656|BY_IF
2000-280-868|VF|1373|0|6200000072|1|0|01-MAY-2027|0|75|1200|10080|13|0|202547|CONSTRAINED|CONSTRAINED|CONSTRAINED_202547_2025-11-20_0656|BY_IF
2000-280-868|VF|1374|0|6200000072|1|0|17-JUL-2027|0|75|1200|10080|13|0|202547|CONSTRAINED|CONSTRAINED|CONSTRAINED_202547_2025-11-20_0656|BY_IF
2000-280-868|VF|1375|0|6200000072|1|0|08-MAY-2027|0|75|1200|10080|13|0|202547|CONSTRAINED|CONSTRAINED|CONSTRAINED_202547_2025-11-20_0656|BY_IF
2000-280-868|VF|1376|0|6200000072|1|0|10-JUL-2027|0|75|1200|10080|13|0|202547|CONSTRAINED|CONSTRAINED|CONSTRAINED_202547_2025-11-20_0656|BY_IF
2000-280-868|VF|1377|0|6200000072|1|0|12-DEC-2026|0|75|1200|10080|13|0|202547|CONSTRAINED|CONSTRAINED|CONSTRAINED_202547_2025-11-20_0656|BY_IF
2000-280-868|VF|1378|0|6200000072|1|0|27-FEB-2027|0|75|1200|10080|13|0|202547|CONSTRAINED|CONSTRAINED|CONSTRAINED_202547_2025-11-20_0656|BY_IF
2000-280-868|VF|1379|0|6200000072|1|0|19-DEC-2026|0|75|1200|10080|13|0|202547|CONSTRAINED|CONSTRAINED|CONSTRAINED_202547_2025-11-20_0656|BY_IF
2000-280-868|VF|1380|0|6200000072|1|0|20-FEB-2027|0|75|1200|10080|13|0|202547|CONSTRAINED|CONSTRAINED|CONSTRAINED_202547_2025-11-20_0656|BY_IF
2000-280-868|VF|1381|0|6200000072|1|0|15-AUG-2026|0|75|1200|10080|13|0|202547|CONSTRAINED|CONSTRAINED|CONSTRAINED_202547_2025-11-20_0656|BY_IF
2000-280-868|VF|1382|0|6200000072|1|0|28-NOV-2026|0|75|1200|10080|13|0|202547|CONSTRAINED|CONSTRAINED|CONSTRAINED_202547_2025-11-20_0656|BY_IF
2000-280-868|VF|1383|0|6200000072|1|0|13-FEB-2027|0|75|1200|10080|13|0|202547|CONSTRAINED|CONSTRAINED|CONSTRAINED_202547_2025-11-20_0656|BY_IF
2000-285-610|1006|182|0|6200000072|1|1|06-DEC-2025|0|49|400|10080|10|0|202547|CONSTRAINED|CONSTRAINED|CONSTRAINED_202547_2025-11-20_0656|BY_IF
2000-285-610|1006|183|0|6200000072|1|1|20-DEC-2025|0|75|400|10080|10|0|202547|CONSTRAINED|CONSTRAINED|CONSTRAINED_202547_2025-11-20_0656|BY_IF
2000-285-610|1006|184|0|6200000072|1|1|03-JAN-2026|0|75|400|10080|10|0|202547|CONSTRAINED|CONSTRAINED|CONSTRAINED_202547_2025-11-20_0656|BY_IF
2000-285-610|1006|185|0|6200000072|1|1|13-DEC-2025|0|75|400|10080|10|0|202547|CONSTRAINED|CONSTRAINED|CONSTRAINED_202547_2025-11-20_0656|BY_IF
2000-285-610|1006|186|0|6200000072|1|1|27-DEC-2025|0|75|400|10080|10|0|202547|CONSTRAINED|CONSTRAINED|CONSTRAINED_202547_2025-11-20_0656|BY_IF
2000-285-610|1006|187|0|6200000072|1|1|10-JAN-2026|0|75|400|10080|10|0|202547|CONSTRAINED|CONSTRAINED|CONSTRAINED_202547_2025-11-20_0656|BY_IF
2000-285-610|VF|433|0|6200000072|1|1|06-JUN-2026|0|75|400|10080|10|0|202547|CONSTRAINED|CONSTRAINED|CONSTRAINED_202547_2025-11-20_0656|BY_IF
2000-285-610|VF|434|0|6200000072|1|1|30-MAY-2026|0|75|400|10080|10|0|202547|CONSTRAINED|CONSTRAINED|CONSTRAINED_202547_2025-11-20_0656|BY_IF
2000-285-610|VF|435|0|6200000072|1|1|22-NOV-2025|0|60|510|10080|11|0|202547|CONSTRAINED|CONSTRAINED|CONSTRAINED_202547_2025-11-20_0656|BY_IF
2000-285-610|VF|436|0|6200000072|1|1|17-JAN-2026|0|75|400|10080|10|0|202547|CONSTRAINED|CONSTRAINED|CONSTRAINED_202547_2025-11-20_0656|BY_IF
2000-285-610|VF|437|0|6200000072|1|1|23-MAY-2026|0|75|400|10080|10|0|202547|CONSTRAINED|CONSTRAINED|CONSTRAINED_202547_2025-11-20_0656|BY_IF
2000-285-610|VF|438|0|6200000072|1|1|16-MAY-2026|0|75|400|10080|10|0|202547|CONSTRAINED|CONSTRAINED|CONSTRAINED_202547_2025-11-20_0656|BY_IF
2000-285-610|VF|439|0|6200000072|1|1|09-MAY-2026|0|75|400|10080|10|0|202547|CONSTRAINED|CONSTRAINED|CONSTRAINED_202547_2025-11-20_0656|BY_IF
2000-285-610|VF|440|0|6200000072|1|1|02-MAY-2026|0|75|400|10080|10|0|202547|CONSTRAINED|CONSTRAINED|CONSTRAINED_202547_2025-11-20_0656|BY_IF
2000-285-610|VF|441|0|6200000072|1|1|25-APR-2026|0|75|400|10080|10|0|202547|CONSTRAINED|CONSTRAINED|CONSTRAINED_202547_2025-11-20_0656|BY_IF
2000-285-610|VF|442|0|6200000072|1|1|18-APR-2026|0|75|400|10080|10|0|202547|CONSTRAINED|CONSTRAINED|CONSTRAINED_202547_2025-11-20_0656|BY_IF
2000-285-610|VF|443|0|6200000072|1|1|11-APR-2026|0|75|400|10080|10|0|202547|CONSTRAINED|CONSTRAINED|CONSTRAINED_202547_2025-11-20_0656|BY_IF
2000-285-610|VF|444|0|6200000072|1|1|04-APR-2026|0|75|400|10080|10|0|202547|CONSTRAINED|CONSTRAINED|CONSTRAINED_202547_2025-11-20_0656|BY_IF
2000-285-610|VF|445|0|6200000072|1|1|28-MAR-2026|0|75|400|10080|10|0|202547|CONSTRAINED|CONSTRAINED|CONSTRAINED_202547_2025-11-20_0656|BY_IF
2000-285-610|VF|446|0|6200000072|1|1|21-MAR-2026|0|75|400|10080|10|0|202547|CONSTRAINED|CONSTRAINED|CONSTRAINED_202547_2025-11-20_0656|BY_IF
2000-285-610|VF|447|0|6200000072|1|1|25-JUL-2026|0|75|400|10080|10|0|202547|CONSTRAINED|CONSTRAINED|CONSTRAINED_202547_2025-11-20_0656|BY_IF
2000-285-610|VF|448|0|6200000072|1|1|14-MAR-2026|0|75|400|10080|10|0|202547|CONSTRAINED|CONSTRAINED|CONSTRAINED_202547_2025-11-20_0656|BY_IF
2000-285-610|VF|449|0|6200000072|1|1|07-MAR-2026|0|75|400|10080|10|0|202547|CONSTRAINED|CONSTRAINED|CONSTRAINED_202547_2025-11-20_0656|BY_IF
2000-285-610|VF|450|0|6200000072|1|1|21-FEB-2026|0|75|400|10080|10|0|202547|CONSTRAINED|CONSTRAINED|CONSTRAINED_202547_2025-11-20_0656|BY_IF
2000-285-610|VF|451|0|6200000072|1|1|28-FEB-2026|0|75|400|10080|10|0|202547|CONSTRAINED|CONSTRAINED|CONSTRAINED_202547_2025-11-20_0656|BY_IF
2000-285-610|VF|452|0|6200000072|1|1|11-JUL-2026|0|75|400|10080|10|0|202547|CONSTRAINED|CONSTRAINED|CONSTRAINED_202547_2025-11-20_0656|BY_IF
2000-285-610|VF|453|0|6200000072|1|1|18-JUL-2026|0|75|400|10080|10|0|202547|CONSTRAINED|CONSTRAINED|CONSTRAINED_202547_2025-11-20_0656|BY_IF
2000-285-610|VF|454|0|6200000072|1|1|07-FEB-2026|0|75|400|10080|10|0|202547|CONSTRAINED|CONSTRAINED|CONSTRAINED_202547_2025-11-20_0656|BY_IF
2000-285-610|VF|455|0|6200000072|1|1|14-FEB-2026|0|75|400|10080|10|0|202547|CONSTRAINED|CONSTRAINED|CONSTRAINED_202547_2025-11-20_0656|BY_IF
2000-285-610|VF|456|0|6200000072|1|1|27-JUN-2026|0|75|400|10080|10|0|202547|CONSTRAINED|CONSTRAINED|CONSTRAINED_202547_2025-11-20_0656|BY_IF
2000-285-610|VF|457|0|6200000072|1|1|04-JUL-2026|0|75|400|10080|10|0|202547|CONSTRAINED|CONSTRAINED|CONSTRAINED_202547_2025-11-20_0656|BY_IF
2000-285-610|VF|458|0|6200000072|1|1|20-JUN-2026|0|75|400|10080|10|0|202547|CONSTRAINED|CONSTRAINED|CONSTRAINED_202547_2025-11-20_0656|BY_IF
2000-285-610|VF|459|0|6200000072|1|1|13-JUN-2026|0|75|400|10080|10|0|202547|CONSTRAINED|CONSTRAINED|CONSTRAINED_202547_2025-11-20_0656|BY_IF
2000-285-610|VF|460|0|6200000072|1|1|24-JAN-2026|0|75|400|10080|10|0|202547|CONSTRAINED|CONSTRAINED|CONSTRAINED_202547_2025-11-20_0656|BY_IF
2000-285-610|VF|461|0|6200000072|1|1|31-JAN-2026|0|75|400|10080|10|0|202547|CONSTRAINED|CONSTRAINED|CONSTRAINED_202547_2025-11-20_0656|BY_IF
2000-285-610|VF|1384|0|6200000072|1|0|10-OCT-2026|0|75|1200|10080|13|0|202547|CONSTRAINED|CONSTRAINED|CONSTRAINED_202547_2025-11-20_0656|BY_IF
2000-285-610|VF|1385|0|6200000072|1|0|15-MAY-2027|0|75|1200|10080|13|0|202547|CONSTRAINED|CONSTRAINED|CONSTRAINED_202547_2025-11-20_0656|BY_IF
2000-285-610|VF|1386|0|6200000072|1|0|03-JUL-2027|0|75|1200|10080|13|0|202547|CONSTRAINED|CONSTRAINED|CONSTRAINED_202547_2025-11-20_0656|BY_IF
2000-285-610|VF|1387|0|6200000072|1|0|26-SEP-2026|0|75|1200|10080|13|0|202547|CONSTRAINED|CONSTRAINED|CONSTRAINED_202547_2025-11-20_0656|BY_IF
2000-285-610|VF|1388|0|6200000072|1|0|20-FEB-2027|0|75|1200|10080|13|0|202547|CONSTRAINED|CONSTRAINED|CONSTRAINED_202547_2025-11-20_0656|BY_IF
2000-285-610|VF|1389|0|6200000072|1|0|17-JUL-2027|0|75|1200|10080|13|0|202547|CONSTRAINED|CONSTRAINED|CONSTRAINED_202547_2025-11-20_0656|BY_IF
2000-285-610|VF|1390|0|6200000072|1|0|07-NOV-2026|0|75|1200|10080|13|0|202547|CONSTRAINED|CONSTRAINED|CONSTRAINED_202547_2025-11-20_0656|BY_IF
2000-285-610|VF|1391|0|6200000072|1|0|20-MAR-2027|0|75|1200|10080|13|0|202547|CONSTRAINED|CONSTRAINED|CONSTRAINED_202547_2025-11-20_0656|BY_IF
2000-285-610|VF|1392|0|6200000072|1|0|21-NOV-2026|0|75|1200|10080|13|0|202547|CONSTRAINED|CONSTRAINED|CONSTRAINED_202547_2025-11-20_0656|BY_IF
2000-285-610|VF|1393|0|6200000072|1|0|03-APR-2027|0|75|1200|10080|13|0|202547|CONSTRAINED|CONSTRAINED|CONSTRAINED_202547_2025-11-20_0656|BY_IF
2000-285-610|VF|1394|0|6200000072|1|0|24-OCT-2026|0|75|1200|10080|13|0|202547|CONSTRAINED|CONSTRAINED|CONSTRAINED_202547_2025-11-20_0656|BY_IF
2000-285-610|VF|1395|0|6200000072|1|0|06-MAR-2027|0|75|1200|10080|13|0|202547|CONSTRAINED|CONSTRAINED|CONSTRAINED_202547_2025-11-20_0656|BY_IF
2000-285-610|VF|1396|0|6200000072|1|0|05-DEC-2026|0|75|1200|10080|13|0|202547|CONSTRAINED|CONSTRAINED|CONSTRAINED_202547_2025-11-20_0656|BY_IF
2000-285-610|VF|1397|0|6200000072|1|0|17-APR-2027|0|75|1200|10080|13|0|202547|CONSTRAINED|CONSTRAINED|CONSTRAINED_202547_2025-11-20_0656|BY_IF
2000-285-610|VF|1398|0|6200000072|1|0|19-DEC-2026|0|75|1200|10080|13|0|202547|CONSTRAINED|CONSTRAINED|CONSTRAINED_202547_2025-11-20_0656|BY_IF
2000-285-610|VF|1399|0|6200000072|1|0|01-MAY-2027|0|75|1200|10080|13|0|202547|CONSTRAINED|CONSTRAINED|CONSTRAINED_202547_2025-11-20_0656|BY_IF
2000-285-610|VF|1400|0|6200000072|1|0|12-SEP-2026|0|75|1200|10080|13|0|202547|CONSTRAINED|CONSTRAINED|CONSTRAINED_202547_2025-11-20_0656|BY_IF
2000-285-610|VF|1401|0|6200000072|1|0|09-JAN-2027|0|75|1200|10080|13|0|202547|CONSTRAINED|CONSTRAINED|CONSTRAINED_202547_2025-11-20_0656|BY_IF
2000-285-610|VF|1402|0|6200000072|1|0|05-JUN-2027|0|75|1200|10080|13|0|202547|CONSTRAINED|CONSTRAINED|CONSTRAINED_202547_2025-11-20_0656|BY_IF
2000-285-610|VF|1403|0|6200000072|1|0|29-AUG-2026|0|75|1200|10080|13|0|202547|CONSTRAINED|CONSTRAINED|CONSTRAINED_202547_2025-11-20_0656|BY_IF
2000-285-610|VF|1404|0|6200000072|1|0|23-JAN-2027|0|75|1200|10080|13|0|202547|CONSTRAINED|CONSTRAINED|CONSTRAINED_202547_2025-11-20_0656|BY_IF
2000-285-610|VF|1405|0|6200000072|1|0|19-JUN-2027|0|75|1200|10080|13|0|202547|CONSTRAINED|CONSTRAINED|CONSTRAINED_202547_2025-11-20_0656|BY_IF
2000-285-610|VF|1406|0|6200000072|1|0|15-AUG-2026|0|75|1200|10080|13|0|202547|CONSTRAINED|CONSTRAINED|CONSTRAINED_202547_2025-11-20_0656|BY_IF
2000-285-610|VF|1407|0|6200000072|1|0|26-DEC-2026|0|75|1200|10080|13|0|202547|CONSTRAINED|CONSTRAINED|CONSTRAINED_202547_2025-11-20_0656|BY_IF
2000-285-610|VF|1408|0|6200000072|1|0|22-MAY-2027|0|75|1200|10080|13|0|202547|CONSTRAINED|CONSTRAINED|CONSTRAINED_202547_2025-11-20_0656|BY_IF
2000-285-610|VF|1409|0|6200000072|1|0|03-OCT-2026|0|75|1200|10080|13|0|202547|CONSTRAINED|CONSTRAINED|CONSTRAINED_202547_2025-11-20_0656|BY_IF
2000-285-610|VF|1410|0|6200000072|1|0|13-FEB-2027|0|75|1200|10080|13|0|202547|CONSTRAINED|CONSTRAINED|CONSTRAINED_202547_2025-11-20_0656|BY_IF
2000-285-610|VF|1411|0|6200000072|1|0|26-JUN-2027|0|75|1200|10080|13|0|202547|CONSTRAINED|CONSTRAINED|CONSTRAINED_202547_2025-11-20_0656|BY_IF
2000-285-610|VF|1412|0|6200000072|1|0|19-SEP-2026|0|75|1200|10080|13|0|202547|CONSTRAINED|CONSTRAINED|CONSTRAINED_202547_2025-11-20_0656|BY_IF
2000-285-610|VF|1413|0|6200000072|1|0|27-FEB-2027|0|75|1200|10080|13|0|202547|CONSTRAINED|CONSTRAINED|CONSTRAINED_202547_2025-11-20_0656|BY_IF
2000-285-610|VF|1414|0|6200000072|1|0|10-JUL-2027|0|75|1200|10080|13|0|202547|CONSTRAINED|CONSTRAINED|CONSTRAINED_202547_2025-11-20_0656|BY_IF
2000-285-610|VF|1415|0|6200000072|1|0|31-OCT-2026|0|75|1200|10080|13|0|202547|CONSTRAINED|CONSTRAINED|CONSTRAINED_202547_2025-11-20_0656|BY_IF
2000-285-610|VF|1416|0|6200000072|1|0|27-MAR-2027|0|75|1200|10080|13|0|202547|CONSTRAINED|CONSTRAINED|CONSTRAINED_202547_2025-11-20_0656|BY_IF
2000-285-610|VF|1417|0|6200000072|1|0|14-NOV-2026|0|75|1200|10080|13|0|202547|CONSTRAINED|CONSTRAINED|CONSTRAINED_202547_2025-11-20_0656|BY_IF
2000-285-610|VF|1418|0|6200000072|1|0|10-APR-2027|0|75|1200|10080|13|0|202547|CONSTRAINED|CONSTRAINED|CONSTRAINED_202547_2025-11-20_0656|BY_IF
2000-285-610|VF|1419|0|6200000072|1|0|17-OCT-2026|0|75|1200|10080|13|0|202547|CONSTRAINED|CONSTRAINED|CONSTRAINED_202547_2025-11-20_0656|BY_IF
2000-285-610|VF|1420|0|6200000072|1|0|13-MAR-2027|0|75|1200|10080|13|0|202547|CONSTRAINED|CONSTRAINED|CONSTRAINED_202547_2025-11-20_0656|BY_IF
2000-285-610|VF|1421|0|6200000072|1|0|01-AUG-2026|0|75|1200|10080|13|0|202547|CONSTRAINED|CONSTRAINED|CONSTRAINED_202547_2025-11-20_0656|BY_IF
2000-285-610|VF|1422|0|6200000072|1|0|28-NOV-2026|0|75|1200|10080|13|0|202547|CONSTRAINED|CONSTRAINED|CONSTRAINED_202547_2025-11-20_0656|BY_IF
2000-285-610|VF|1423|0|6200000072|1|0|24-APR-2027|0|75|1200|10080|13|0|202547|CONSTRAINED|CONSTRAINED|CONSTRAINED_202547_2025-11-20_0656|BY_IF
2000-285-610|VF|1424|0|6200000072|1|0|12-DEC-2026|0|75|1200|10080|13|0|202547|CONSTRAINED|CONSTRAINED|CONSTRAINED_202547_2025-11-20_0656|BY_IF
2000-285-610|VF|1425|0|6200000072|1|0|08-MAY-2027|0|75|1200|10080|13|0|202547|CONSTRAINED|CONSTRAINED|CONSTRAINED_202547_2025-11-20_0656|BY_IF
2000-285-610|VF|1426|0|6200000072|1|0|24-JUL-2027|0|75|1200|10080|13|0|202547|CONSTRAINED|CONSTRAINED|CONSTRAINED_202547_2025-11-20_0656|BY_IF
2000-285-610|VF|1427|0|6200000072|1|0|05-SEP-2026|0|75|1200|10080|13|0|202547|CONSTRAINED|CONSTRAINED|CONSTRAINED_202547_2025-11-20_0656|BY_IF
2000-285-610|VF|1428|0|6200000072|1|0|16-JAN-2027|0|75|1200|10080|13|0|202547|CONSTRAINED|CONSTRAINED|CONSTRAINED_202547_2025-11-20_0656|BY_IF
2000-285-610|VF|1429|0|6200000072|1|0|29-MAY-2027|0|75|1200|10080|13|0|202547|CONSTRAINED|CONSTRAINED|CONSTRAINED_202547_2025-11-20_0656|BY_IF
2000-285-610|VF|1430|0|6200000072|1|0|22-AUG-2026|0|75|1200|10080|13|0|202547|CONSTRAINED|CONSTRAINED|CONSTRAINED_202547_2025-11-20_0656|BY_IF
2000-285-610|VF|1431|0|6200000072|1|0|30-JAN-2027|0|75|1200|10080|13|0|202547|CONSTRAINED|CONSTRAINED|CONSTRAINED_202547_2025-11-20_0656|BY_IF
2000-285-610|VF|1432|0|6200000072|1|0|12-JUN-2027|0|75|1200|10080|13|0|202547|CONSTRAINED|CONSTRAINED|CONSTRAINED_202547_2025-11-20_0656|BY_IF
2000-285-610|VF|1433|0|6200000072|1|0|08-AUG-2026|0|75|1200|10080|13|0|202547|CONSTRAINED|CONSTRAINED|CONSTRAINED_202547_2025-11-20_0656|BY_IF
2000-285-610|VF|1434|0|6200000072|1|0|02-JAN-2027|0|75|1200|10080|13|0|202547|CONSTRAINED|CONSTRAINED|CONSTRAINED_202547_2025-11-20_0656|BY_IF
2000-285-610|VF|1435|0|6200000072|1|0|06-FEB-2027|0|75|1200|10080|13|0|202547|CONSTRAINED|CONSTRAINED|CONSTRAINED_202547_2025-11-20_0656|BY_IF
2001-000-001|VF|1436|0|6200000072|1|0|08-MAY-2027|0|75|1200|10080|13|0|202547|CONSTRAINED|CONSTRAINED|CONSTRAINED_202547_2025-11-20_0656|BY_IF
2001-000-001|VF|1437|0|6200000072|1|0|14-NOV-2026|0|75|1200|10080|13|0|202547|CONSTRAINED|CONSTRAINED|CONSTRAINED_202547_2025-11-20_0656|BY_IF
2001-000-001|VF|1438|0|6200000072|1|0|04-JUL-2026|0|75|1200|10080|13|0|202547|CONSTRAINED|CONSTRAINED|CONSTRAINED_202547_2025-11-20_0656|BY_IF
2001-000-001|VF|1440|0|6200000072|1|0|24-JAN-2026|0|75|1200|10080|13|0|202547|CONSTRAINED|CONSTRAINED|CONSTRAINED_202547_2025-11-20_0656|BY_IF
2001-000-001|VF|1441|0|6200000072|1|0|24-APR-2027|0|75|1200|10080|13|0|202547|CONSTRAINED|CONSTRAINED|CONSTRAINED_202547_2025-11-20_0656|BY_IF
2001-000-001|VF|1443|0|6200000072|1|0|10-JAN-2026|0|75|1200|10080|13|0|202547|CONSTRAINED|CONSTRAINED|CONSTRAINED_202547_2025-11-20_0656|BY_IF
2001-000-001|VF|1444|0|6200000072|1|0|17-OCT-2026|0|75|1200|10080|13|0|202547|CONSTRAINED|CONSTRAINED|CONSTRAINED_202547_2025-11-20_0656|BY_IF
2001-000-001|VF|1445|0|6200000072|1|0|06-JUN-2026|0|75|1200|10080|13|0|202547|CONSTRAINED|CONSTRAINED|CONSTRAINED_202547_2025-11-20_0656|BY_IF
2001-000-001|VF|1446|0|6200000072|1|0|13-MAR-2027|0|75|1200|10080|13|0|202547|CONSTRAINED|CONSTRAINED|CONSTRAINED_202547_2025-11-20_0656|BY_IF
2001-000-001|VF|1447|0|6200000072|1|0|25-OCT-2025|0|25|1200|10080|13|0|202547|CONSTRAINED|CONSTRAINED|CONSTRAINED_202547_2025-11-20_0656|BY_IF
2001-000-001|VF|1448|0|6200000072|1|0|15-MAY-2027|0|75|1200|10080|13|0|202547|CONSTRAINED|CONSTRAINED|CONSTRAINED_202547_2025-11-20_0656|BY_IF
2001-000-001|VF|1449|0|6200000072|1|0|24-JUL-2027|0|75|1200|10080|13|0|202547|CONSTRAINED|CONSTRAINED|CONSTRAINED_202547_2025-11-20_0656|BY_IF
2001-000-001|VF|1450|0|6200000072|1|0|11-JUL-2026|0|75|1200|10080|13|0|202547|CONSTRAINED|CONSTRAINED|CONSTRAINED_202547_2025-11-20_0656|BY_IF
2001-000-001|VF|1452|0|6200000072|1|0|14-MAR-2026|0|75|1200|10080|13|0|202547|CONSTRAINED|CONSTRAINED|CONSTRAINED_202547_2025-11-20_0656|BY_IF
2001-000-001|VF|1453|0|6200000072|1|0|05-DEC-2026|0|75|1200|10080|13|0|202547|CONSTRAINED|CONSTRAINED|CONSTRAINED_202547_2025-11-20_0656|BY_IF
2001-000-001|VF|1454|0|6200000072|1|0|03-APR-2027|0|75|1200|10080|13|0|202547|CONSTRAINED|CONSTRAINED|CONSTRAINED_202547_2025-11-20_0656|BY_IF
2001-000-001|VF|1455|0|6200000072|1|0|25-JUL-2026|0|75|1200|10080|13|0|202547|CONSTRAINED|CONSTRAINED|CONSTRAINED_202547_2025-11-20_0656|BY_IF
2001-000-001|VF|1457|0|6200000072|1|0|28-FEB-2026|0|75|1200|10080|13|0|202547|CONSTRAINED|CONSTRAINED|CONSTRAINED_202547_2025-11-20_0656|BY_IF
2001-000-001|VF|1458|0|6200000072|1|0|19-DEC-2026|0|75|1200|10080|13|0|202547|CONSTRAINED|CONSTRAINED|CONSTRAINED_202547_2025-11-20_0656|BY_IF
2001-000-001|VF|1459|0|6200000072|1|0|20-MAR-2027|0|75|1200|10080|13|0|202547|CONSTRAINED|CONSTRAINED|CONSTRAINED_202547_2025-11-20_0656|BY_IF
2001-000-001|VF|1460|0|6200000072|1|0|07-NOV-2026|0|75|1200|10080|13|0|202547|CONSTRAINED|CONSTRAINED|CONSTRAINED_202547_2025-11-20_0656|BY_IF
2001-000-001|VF|1461|0|6200000072|1|0|13-JUN-2026|0|75|1200|10080|13|0|202547|CONSTRAINED|CONSTRAINED|CONSTRAINED_202547_2025-11-20_0656|BY_IF
2001-000-001|VF|1463|0|6200000072|1|0|14-FEB-2026|0|75|1200|10080|13|0|202547|CONSTRAINED|CONSTRAINED|CONSTRAINED_202547_2025-11-20_0656|BY_IF
2001-000-001|VF|1464|0|6200000072|1|0|01-MAY-2027|0|75|1200|10080|13|0|202547|CONSTRAINED|CONSTRAINED|CONSTRAINED_202547_2025-11-20_0656|BY_IF
2001-000-001|VF|1465|0|6200000072|1|0|27-JUN-2026|0|75|1200|10080|13|0|202547|CONSTRAINED|CONSTRAINED|CONSTRAINED_202547_2025-11-20_0656|BY_IF
2001-000-001|VF|1467|0|6200000072|1|0|31-JAN-2026|0|75|1200|10080|13|0|202547|CONSTRAINED|CONSTRAINED|CONSTRAINED_202547_2025-11-20_0656|BY_IF
2001-000-001|VF|1468|0|6200000072|1|0|21-NOV-2026|0|75|1200|10080|13|0|202547|CONSTRAINED|CONSTRAINED|CONSTRAINED_202547_2025-11-20_0656|BY_IF
2001-000-001|VF|1469|0|6200000072|1|0|17-APR-2027|0|75|1200|10080|13|0|202547|CONSTRAINED|CONSTRAINED|CONSTRAINED_202547_2025-11-20_0656|BY_IF
2001-000-001|VF|1470|0|6200000072|1|0|17-JAN-2026|0|75|1200|10080|13|0|202547|CONSTRAINED|CONSTRAINED|CONSTRAINED_202547_2025-11-20_0656|BY_IF
2001-000-001|VF|1471|0|6200000072|1|0|24-OCT-2026|0|75|1200|10080|13|0|202547|CONSTRAINED|CONSTRAINED|CONSTRAINED_202547_2025-11-20_0656|BY_IF
2001-000-001|VF|1472|0|6200000072|1|0|30-MAY-2026|0|75|1200|10080|13|0|202547|CONSTRAINED|CONSTRAINED|CONSTRAINED_202547_2025-11-20_0656|BY_IF
2001-000-001|VF|1473|0|6200000072|1|0|06-MAR-2027|0|75|1200|10080|13|0|202547|CONSTRAINED|CONSTRAINED|CONSTRAINED_202547_2025-11-20_0656|BY_IF
2001-000-001|VF|1474|0|6200000072|1|0|26-SEP-2026|0|75|1200|10080|13|0|202547|CONSTRAINED|CONSTRAINED|CONSTRAINED_202547_2025-11-20_0656|BY_IF
2001-000-001|VF|1475|0|6200000072|1|0|02-MAY-2026|0|75|1200|10080|13|0|202547|CONSTRAINED|CONSTRAINED|CONSTRAINED_202547_2025-11-20_0656|BY_IF
2001-000-001|VF|1476|0|6200000072|1|0|03-JAN-2026|0|75|1200|10080|13|0|202547|CONSTRAINED|CONSTRAINED|CONSTRAINED_202547_2025-11-20_0656|BY_IF
2001-000-001|VF|1477|0|6200000072|1|0|23-JAN-2027|0|75|1200|10080|13|0|202547|CONSTRAINED|CONSTRAINED|CONSTRAINED_202547_2025-11-20_0656|BY_IF
2001-000-001|VF|1478|0|6200000072|1|0|19-JUN-2027|0|75|1200|10080|13|0|202547|CONSTRAINED|CONSTRAINED|CONSTRAINED_202547_2025-11-20_0656|BY_IF
2001-000-001|VF|1479|0|6200000072|1|0|10-OCT-2026|0|75|1200|10080|13|0|202547|CONSTRAINED|CONSTRAINED|CONSTRAINED_202547_2025-11-20_0656|BY_IF
2001-000-001|VF|1480|0|6200000072|1|0|16-MAY-2026|0|75|1200|10080|13|0|202547|CONSTRAINED|CONSTRAINED|CONSTRAINED_202547_2025-11-20_0656|BY_IF
2001-000-001|VF|1481|0|6200000072|1|0|20-DEC-2025|0|75|1200|10080|13|0|202547|CONSTRAINED|CONSTRAINED|CONSTRAINED_202547_2025-11-20_0656|BY_IF
2001-000-001|VF|1482|0|6200000072|1|0|09-JAN-2027|0|75|1200|10080|13|0|202547|CONSTRAINED|CONSTRAINED|CONSTRAINED_202547_2025-11-20_0656|BY_IF
2001-000-001|VF|1483|0|6200000072|1|0|05-JUN-2027|0|75|1200|10080|13|0|202547|CONSTRAINED|CONSTRAINED|CONSTRAINED_202547_2025-11-20_0656|BY_IF
2001-000-001|VF|1484|0|6200000072|1|0|29-AUG-2026|0|75|1200|10080|13|0|202547|CONSTRAINED|CONSTRAINED|CONSTRAINED_202547_2025-11-20_0656|BY_IF
2001-000-001|VF|1485|0|6200000072|1|0|06-DEC-2025|0|49|1200|10080|13|0|202547|CONSTRAINED|CONSTRAINED|CONSTRAINED_202547_2025-11-20_0656|BY_IF
2001-000-001|VF|1486|0|6200000072|1|0|04-APR-2026|0|75|1200|10080|13|0|202547|CONSTRAINED|CONSTRAINED|CONSTRAINED_202547_2025-11-20_0656|BY_IF
2001-000-001|VF|1487|0|6200000072|1|0|20-FEB-2027|0|75|1200|10080|13|0|202547|CONSTRAINED|CONSTRAINED|CONSTRAINED_202547_2025-11-20_0656|BY_IF
2001-000-001|VF|1488|0|6200000072|1|0|17-JUL-2027|0|75|1200|10080|13|0|202547|CONSTRAINED|CONSTRAINED|CONSTRAINED_202547_2025-11-20_0656|BY_IF
2001-000-001|VF|1489|0|6200000072|1|0|12-SEP-2026|0|75|1200|10080|13|0|202547|CONSTRAINED|CONSTRAINED|CONSTRAINED_202547_2025-11-20_0656|BY_IF
2001-000-001|VF|1490|0|6200000072|1|0|18-APR-2026|0|75|1200|10080|13|0|202547|CONSTRAINED|CONSTRAINED|CONSTRAINED_202547_2025-11-20_0656|BY_IF
2001-000-001|VF|1491|0|6200000072|1|0|06-FEB-2027|0|75|1200|10080|13|0|202547|CONSTRAINED|CONSTRAINED|CONSTRAINED_202547_2025-11-20_0656|BY_IF
2001-000-001|VF|1492|0|6200000072|1|0|03-JUL-2027|0|75|1200|10080|13|0|202547|CONSTRAINED|CONSTRAINED|CONSTRAINED_202547_2025-11-20_0656|BY_IF
2001-000-001|VF|1494|0|6200000072|1|0|15-AUG-2026|0|75|1200|10080|13|0|202547|CONSTRAINED|CONSTRAINED|CONSTRAINED_202547_2025-11-20_0656|BY_IF
2001-000-001|VF|1495|0|6200000072|1|0|21-MAR-2026|0|75|1200|10080|13|0|202547|CONSTRAINED|CONSTRAINED|CONSTRAINED_202547_2025-11-20_0656|BY_IF
2001-000-001|VF|1496|0|6200000072|1|0|26-DEC-2026|0|75|1200|10080|13|0|202547|CONSTRAINED|CONSTRAINED|CONSTRAINED_202547_2025-11-20_0656|BY_IF
2001-000-001|VF|1497|0|6200000072|1|0|22-MAY-2027|0|75|1200|10080|13|0|202547|CONSTRAINED|CONSTRAINED|CONSTRAINED_202547_2025-11-20_0656|BY_IF
2001-000-001|VF|1498|0|6200000072|1|0|18-JUL-2026|0|75|1200|10080|13|0|202547|CONSTRAINED|CONSTRAINED|CONSTRAINED_202547_2025-11-20_0656|BY_IF
2001-000-001|VF|1500|0|6200000072|1|0|07-MAR-2026|0|75|1200|10080|13|0|202547|CONSTRAINED|CONSTRAINED|CONSTRAINED_202547_2025-11-20_0656|BY_IF
2001-000-001|VF|1501|0|6200000072|1|0|28-NOV-2026|0|75|1200|10080|13|0|202547|CONSTRAINED|CONSTRAINED|CONSTRAINED_202547_2025-11-20_0656|BY_IF
2001-000-001|VF|1502|0|6200000072|1|0|10-APR-2027|0|75|1200|10080|13|0|202547|CONSTRAINED|CONSTRAINED|CONSTRAINED_202547_2025-11-20_0656|BY_IF
2001-000-001|VF|1503|0|6200000072|1|0|01-AUG-2026|0|75|1200|10080|13|0|202547|CONSTRAINED|CONSTRAINED|CONSTRAINED_202547_2025-11-20_0656|BY_IF
2001-000-001|VF|1505|0|6200000072|1|0|21-FEB-2026|0|75|1200|10080|13|0|202547|CONSTRAINED|CONSTRAINED|CONSTRAINED_202547_2025-11-20_0656|BY_IF
2001-000-001|VF|1506|0|6200000072|1|0|12-DEC-2026|0|75|1200|10080|13|0|202547|CONSTRAINED|CONSTRAINED|CONSTRAINED_202547_2025-11-20_0656|BY_IF
2001-000-001|VF|1507|0|6200000072|1|0|27-MAR-2027|0|75|1200|10080|13|0|202547|CONSTRAINED|CONSTRAINED|CONSTRAINED_202547_2025-11-20_0656|BY_IF
2001-000-001|VF|1508|0|6200000072|1|0|31-OCT-2026|0|75|1200|10080|13|0|202547|CONSTRAINED|CONSTRAINED|CONSTRAINED_202547_2025-11-20_0656|BY_IF
2001-000-001|VF|1509|0|6200000072|1|0|20-JUN-2026|0|75|1200|10080|13|0|202547|CONSTRAINED|CONSTRAINED|CONSTRAINED_202547_2025-11-20_0656|BY_IF
2001-000-001|VF|1511|0|6200000072|1|0|07-FEB-2026|0|75|1200|10080|13|0|202547|CONSTRAINED|CONSTRAINED|CONSTRAINED_202547_2025-11-20_0656|BY_IF
2001-000-001|VF|1512|0|6200000072|1|0|19-SEP-2026|0|75|1200|10080|13|0|202547|CONSTRAINED|CONSTRAINED|CONSTRAINED_202547_2025-11-20_0656|BY_IF
2001-000-001|VF|1513|0|6200000072|1|0|09-MAY-2026|0|75|1200|10080|13|0|202547|CONSTRAINED|CONSTRAINED|CONSTRAINED_202547_2025-11-20_0656|BY_IF
2001-000-001|VF|1514|0|6200000072|1|0|27-DEC-2025|0|75|1200|10080|13|0|202547|CONSTRAINED|CONSTRAINED|CONSTRAINED_202547_2025-11-20_0656|BY_IF
2001-000-001|VF|1515|0|6200000072|1|0|30-JAN-2027|0|75|1200|10080|13|0|202547|CONSTRAINED|CONSTRAINED|CONSTRAINED_202547_2025-11-20_0656|BY_IF
2001-000-001|VF|1516|0|6200000072|1|0|12-JUN-2027|0|75|1200|10080|13|0|202547|CONSTRAINED|CONSTRAINED|CONSTRAINED_202547_2025-11-20_0656|BY_IF
2001-000-001|VF|1517|0|6200000072|1|0|03-OCT-2026|0|75|1200|10080|13|0|202547|CONSTRAINED|CONSTRAINED|CONSTRAINED_202547_2025-11-20_0656|BY_IF
2001-000-001|VF|1518|0|6200000072|1|0|23-MAY-2026|0|75|1200|10080|13|0|202547|CONSTRAINED|CONSTRAINED|CONSTRAINED_202547_2025-11-20_0656|BY_IF
2001-000-001|VF|1519|0|6200000072|1|0|13-DEC-2025|0|75|1200|10080|13|0|202547|CONSTRAINED|CONSTRAINED|CONSTRAINED_202547_2025-11-20_0656|BY_IF
2001-000-001|VF|1520|0|6200000072|1|0|16-JAN-2027|0|75|1200|10080|13|0|202547|CONSTRAINED|CONSTRAINED|CONSTRAINED_202547_2025-11-20_0656|BY_IF
2001-000-001|VF|1521|0|6200000072|1|0|29-MAY-2027|0|75|1200|10080|13|0|202547|CONSTRAINED|CONSTRAINED|CONSTRAINED_202547_2025-11-20_0656|BY_IF
2001-000-001|VF|1522|0|6200000072|1|0|22-AUG-2026|0|75|1200|10080|13|0|202547|CONSTRAINED|CONSTRAINED|CONSTRAINED_202547_2025-11-20_0656|BY_IF
2001-000-001|VF|1523|0|6200000072|1|0|11-APR-2026|0|75|1200|10080|13|0|202547|CONSTRAINED|CONSTRAINED|CONSTRAINED_202547_2025-11-20_0656|BY_IF
2001-000-001|VF|1524|0|6200000072|1|0|22-NOV-2025|0|98|1200|10080|13|0|202547|CONSTRAINED|CONSTRAINED|CONSTRAINED_202547_2025-11-20_0656|BY_IF
2001-000-001|VF|1525|0|6200000072|1|0|27-FEB-2027|0|75|1200|10080|13|0|202547|CONSTRAINED|CONSTRAINED|CONSTRAINED_202547_2025-11-20_0656|BY_IF
2001-000-001|VF|1526|0|6200000072|1|0|10-JUL-2027|0|75|1200|10080|13|0|202547|CONSTRAINED|CONSTRAINED|CONSTRAINED_202547_2025-11-20_0656|BY_IF
2001-000-001|VF|1527|0|6200000072|1|0|05-SEP-2026|0|75|1200|10080|13|0|202547|CONSTRAINED|CONSTRAINED|CONSTRAINED_202547_2025-11-20_0656|BY_IF
2001-000-001|VF|1528|0|6200000072|1|0|25-APR-2026|0|75|1200|10080|13|0|202547|CONSTRAINED|CONSTRAINED|CONSTRAINED_202547_2025-11-20_0656|BY_IF
2001-000-001|VF|1529|0|6200000072|1|0|18-OCT-2025|0|49|1200|10080|13|0|202547|CONSTRAINED|CONSTRAINED|CONSTRAINED_202547_2025-11-20_0656|BY_IF
2001-000-001|VF|1530|0|6200000072|1|0|13-FEB-2027|0|75|1200|10080|13|0|202547|CONSTRAINED|CONSTRAINED|CONSTRAINED_202547_2025-11-20_0656|BY_IF
2001-000-001|VF|1531|0|6200000072|1|0|26-JUN-2027|0|75|1200|10080|13|0|202547|CONSTRAINED|CONSTRAINED|CONSTRAINED_202547_2025-11-20_0656|BY_IF
2001-000-001|VF|1533|0|6200000072|1|0|08-AUG-2026|0|75|1200|10080|13|0|202547|CONSTRAINED|CONSTRAINED|CONSTRAINED_202547_2025-11-20_0656|BY_IF
2001-000-001|VF|1534|0|6200000072|1|0|28-MAR-2026|0|75|1200|10080|13|0|202547|CONSTRAINED|CONSTRAINED|CONSTRAINED_202547_2025-11-20_0656|BY_IF
2001-000-001|VF|1535|0|6200000072|1|0|02-JAN-2027|0|75|1200|10080|13|0|202547|CONSTRAINED|CONSTRAINED|CONSTRAINED_202547_2025-11-20_0656|BY_IF
2001-001-001|VF|286|0|6200000072|1|1|14-MAR-2026|0|75|400|10080|10|0|202547|CONSTRAINED|CONSTRAINED|CONSTRAINED_202547_2025-11-20_0656|BY_IF
2001-001-001|VF|287|0|6200000072|1|1|07-MAR-2026|0|75|400|10080|10|0|202547|CONSTRAINED|CONSTRAINED|CONSTRAINED_202547_2025-11-20_0656|BY_IF
2001-001-001|VF|288|0|6200000072|1|1|25-JUL-2026|0|75|400|10080|10|0|202547|CONSTRAINED|CONSTRAINED|CONSTRAINED_202547_2025-11-20_0656|BY_IF
2001-001-001|VF|289|0|6200000072|1|1|10-JAN-2026|0|75|400|10080|10|0|202547|CONSTRAINED|CONSTRAINED|CONSTRAINED_202547_2025-11-20_0656|BY_IF
2001-001-001|VF|290|0|6200000072|1|1|17-JAN-2026|0|75|400|10080|10|0|202547|CONSTRAINED|CONSTRAINED|CONSTRAINED_202547_2025-11-20_0656|BY_IF
2001-001-001|VF|291|0|6200000072|1|1|30-MAY-2026|0|75|400|10080|10|0|202547|CONSTRAINED|CONSTRAINED|CONSTRAINED_202547_2025-11-20_0656|BY_IF
2001-001-001|VF|292|0|6200000072|1|1|06-JUN-2026|0|75|400|10080|10|0|202547|CONSTRAINED|CONSTRAINED|CONSTRAINED_202547_2025-11-20_0656|BY_IF
2001-001-001|VF|293|0|6200000072|1|1|31-JAN-2026|0|75|400|10080|10|0|202547|CONSTRAINED|CONSTRAINED|CONSTRAINED_202547_2025-11-20_0656|BY_IF
2001-001-001|VF|294|0|6200000072|1|1|24-JAN-2026|0|75|400|10080|10|0|202547|CONSTRAINED|CONSTRAINED|CONSTRAINED_202547_2025-11-20_0656|BY_IF
2001-001-001|VF|295|0|6200000072|1|1|13-JUN-2026|0|75|400|10080|10|0|202547|CONSTRAINED|CONSTRAINED|CONSTRAINED_202547_2025-11-20_0656|BY_IF
2001-001-001|VF|296|0|6200000072|1|1|20-JUN-2026|0|75|400|10080|10|0|202547|CONSTRAINED|CONSTRAINED|CONSTRAINED_202547_2025-11-20_0656|BY_IF
2001-001-001|VF|297|0|6200000072|1|1|14-FEB-2026|0|75|400|10080|10|0|202547|CONSTRAINED|CONSTRAINED|CONSTRAINED_202547_2025-11-20_0656|BY_IF
2001-001-001|VF|298|0|6200000072|1|1|07-FEB-2026|0|75|400|10080|10|0|202547|CONSTRAINED|CONSTRAINED|CONSTRAINED_202547_2025-11-20_0656|BY_IF
2001-001-001|VF|299|0|6200000072|1|1|27-JUN-2026|0|75|400|10080|10|0|202547|CONSTRAINED|CONSTRAINED|CONSTRAINED_202547_2025-11-20_0656|BY_IF
2001-001-001|VF|300|0|6200000072|1|1|04-JUL-2026|0|75|400|10080|10|0|202547|CONSTRAINED|CONSTRAINED|CONSTRAINED_202547_2025-11-20_0656|BY_IF
2001-001-001|VF|301|0|6200000072|1|1|28-FEB-2026|0|75|400|10080|10|0|202547|CONSTRAINED|CONSTRAINED|CONSTRAINED_202547_2025-11-20_0656|BY_IF
2001-001-001|VF|302|0|6200000072|1|1|21-FEB-2026|0|75|400|10080|10|0|202547|CONSTRAINED|CONSTRAINED|CONSTRAINED_202547_2025-11-20_0656|BY_IF
2001-001-001|VF|303|0|6200000072|1|1|11-JUL-2026|0|75|400|10080|10|0|202547|CONSTRAINED|CONSTRAINED|CONSTRAINED_202547_2025-11-20_0656|BY_IF
2001-001-001|VF|304|0|6200000072|1|1|18-JUL-2026|0|75|400|10080|10|0|202547|CONSTRAINED|CONSTRAINED|CONSTRAINED_202547_2025-11-20_0656|BY_IF
2001-001-001|VF|305|0|6200000072|1|1|27-DEC-2025|0|75|400|10080|10|0|202547|CONSTRAINED|CONSTRAINED|CONSTRAINED_202547_2025-11-20_0656|BY_IF
2001-001-001|VF|306|0|6200000072|1|1|03-JAN-2026|0|75|400|10080|10|0|202547|CONSTRAINED|CONSTRAINED|CONSTRAINED_202547_2025-11-20_0656|BY_IF
2001-001-001|VF|307|0|6200000072|1|1|16-MAY-2026|0|75|400|10080|10|0|202547|CONSTRAINED|CONSTRAINED|CONSTRAINED_202547_2025-11-20_0656|BY_IF
2001-001-001|VF|308|0|6200000072|1|1|23-MAY-2026|0|75|400|10080|10|0|202547|CONSTRAINED|CONSTRAINED|CONSTRAINED_202547_2025-11-20_0656|BY_IF
2001-001-001|VF|309|0|6200000072|1|1|28-MAR-2026|0|75|400|10080|10|0|202547|CONSTRAINED|CONSTRAINED|CONSTRAINED_202547_2025-11-20_0656|BY_IF
2001-001-001|VF|310|0|6200000072|1|1|21-MAR-2026|0|75|400|10080|10|0|202547|CONSTRAINED|CONSTRAINED|CONSTRAINED_202547_2025-11-20_0656|BY_IF
2001-001-001|VF|311|0|6200000072|1|1|11-APR-2026|0|75|400|10080|10|0|202547|CONSTRAINED|CONSTRAINED|CONSTRAINED_202547_2025-11-20_0656|BY_IF
2001-001-001|VF|312|0|6200000072|1|1|04-APR-2026|0|75|400|10080|10|0|202547|CONSTRAINED|CONSTRAINED|CONSTRAINED_202547_2025-11-20_0656|BY_IF
2001-001-001|VF|313|0|6200000072|1|1|25-APR-2026|0|75|400|10080|10|0|202547|CONSTRAINED|CONSTRAINED|CONSTRAINED_202547_2025-11-20_0656|BY_IF
2001-001-001|VF|314|0|6200000072|1|1|18-APR-2026|0|75|400|10080|10|0|202547|CONSTRAINED|CONSTRAINED|CONSTRAINED_202547_2025-11-20_0656|BY_IF
2001-001-001|VF|315|0|6200000072|1|1|13-DEC-2025|0|75|400|10080|10|0|202547|CONSTRAINED|CONSTRAINED|CONSTRAINED_202547_2025-11-20_0656|BY_IF
2001-001-001|VF|316|0|6200000072|1|1|20-DEC-2025|0|75|400|10080|10|0|202547|CONSTRAINED|CONSTRAINED|CONSTRAINED_202547_2025-11-20_0656|BY_IF
2001-001-001|VF|317|0|6200000072|1|1|09-MAY-2026|0|75|400|10080|10|0|202547|CONSTRAINED|CONSTRAINED|CONSTRAINED_202547_2025-11-20_0656|BY_IF
2001-001-001|VF|318|0|6200000072|1|1|02-MAY-2026|0|75|400|10080|10|0|202547|CONSTRAINED|CONSTRAINED|CONSTRAINED_202547_2025-11-20_0656|BY_IF
2001-001-001|VF|319|0|6200000072|1|1|22-NOV-2025|0|38|510|10080|11|0|202547|CONSTRAINED|CONSTRAINED|CONSTRAINED_202547_2025-11-20_0656|BY_IF
2001-001-001|VF|320|0|6200000072|1|1|06-DEC-2025|0|49|400|10080|10|0|202547|CONSTRAINED|CONSTRAINED|CONSTRAINED_202547_2025-11-20_0656|BY_IF
2001-001-001|VF|1536|0|6200000072|1|0|03-JUL-2027|0|75|1200|10080|13|0|202547|CONSTRAINED|CONSTRAINED|CONSTRAINED_202547_2025-11-20_0656|BY_IF
2001-001-001|VF|1537|0|6200000072|1|0|21-NOV-2026|0|75|1200|10080|13|0|202547|CONSTRAINED|CONSTRAINED|CONSTRAINED_202547_2025-11-20_0656|BY_IF
2001-001-001|VF|1538|0|6200000072|1|0|26-DEC-2026|0|75|1200|10080|13|0|202547|CONSTRAINED|CONSTRAINED|CONSTRAINED_202547_2025-11-20_0656|BY_IF
2001-001-001|VF|1539|0|6200000072|1|0|08-MAY-2027|0|75|1200|10080|13|0|202547|CONSTRAINED|CONSTRAINED|CONSTRAINED_202547_2025-11-20_0656|BY_IF
2001-001-001|VF|1540|0|6200000072|1|0|10-APR-2027|0|75|1200|10080|13|0|202547|CONSTRAINED|CONSTRAINED|CONSTRAINED_202547_2025-11-20_0656|BY_IF
2001-001-001|VF|1541|0|6200000072|1|0|20-FEB-2027|0|75|1200|10080|13|0|202547|CONSTRAINED|CONSTRAINED|CONSTRAINED_202547_2025-11-20_0656|BY_IF
2001-001-001|VF|1542|0|6200000072|1|0|13-MAR-2027|0|75|1200|10080|13|0|202547|CONSTRAINED|CONSTRAINED|CONSTRAINED_202547_2025-11-20_0656|BY_IF
2001-001-001|VF|1543|0|6200000072|1|0|15-AUG-2026|0|75|1200|10080|13|0|202547|CONSTRAINED|CONSTRAINED|CONSTRAINED_202547_2025-11-20_0656|BY_IF
2001-001-001|VF|1544|0|6200000072|1|0|12-DEC-2026|0|75|1200|10080|13|0|202547|CONSTRAINED|CONSTRAINED|CONSTRAINED_202547_2025-11-20_0656|BY_IF
2001-001-001|VF|1545|0|6200000072|1|0|26-JUN-2027|0|75|1200|10080|13|0|202547|CONSTRAINED|CONSTRAINED|CONSTRAINED_202547_2025-11-20_0656|BY_IF
2001-001-001|VF|1546|0|6200000072|1|0|12-SEP-2026|0|75|1200|10080|13|0|202547|CONSTRAINED|CONSTRAINED|CONSTRAINED_202547_2025-11-20_0656|BY_IF
2001-001-001|VF|1547|0|6200000072|1|0|29-MAY-2027|0|75|1200|10080|13|0|202547|CONSTRAINED|CONSTRAINED|CONSTRAINED_202547_2025-11-20_0656|BY_IF
2001-001-001|VF|1548|0|6200000072|1|0|17-OCT-2026|0|75|1200|10080|13|0|202547|CONSTRAINED|CONSTRAINED|CONSTRAINED_202547_2025-11-20_0656|BY_IF
2001-001-001|VF|1549|0|6200000072|1|0|10-OCT-2026|0|75|1200|10080|13|0|202547|CONSTRAINED|CONSTRAINED|CONSTRAINED_202547_2025-11-20_0656|BY_IF
2001-001-001|VF|1550|0|6200000072|1|0|14-NOV-2026|0|75|1200|10080|13|0|202547|CONSTRAINED|CONSTRAINED|CONSTRAINED_202547_2025-11-20_0656|BY_IF
2001-001-001|VF|1551|0|6200000072|1|0|01-AUG-2026|0|75|1200|10080|13|0|202547|CONSTRAINED|CONSTRAINED|CONSTRAINED_202547_2025-11-20_0656|BY_IF
2001-001-001|VF|1552|0|6200000072|1|0|16-JAN-2027|0|75|1200|10080|13|0|202547|CONSTRAINED|CONSTRAINED|CONSTRAINED_202547_2025-11-20_0656|BY_IF
2001-001-001|VF|1553|0|6200000072|1|0|17-APR-2027|0|75|1200|10080|13|0|202547|CONSTRAINED|CONSTRAINED|CONSTRAINED_202547_2025-11-20_0656|BY_IF
2001-001-001|VF|1554|0|6200000072|1|0|13-FEB-2027|0|75|1200|10080|13|0|202547|CONSTRAINED|CONSTRAINED|CONSTRAINED_202547_2025-11-20_0656|BY_IF
2001-001-001|VF|1555|0|6200000072|1|0|20-MAR-2027|0|75|1200|10080|13|0|202547|CONSTRAINED|CONSTRAINED|CONSTRAINED_202547_2025-11-20_0656|BY_IF
2001-001-001|VF|1556|0|6200000072|1|0|22-AUG-2026|0|75|1200|10080|13|0|202547|CONSTRAINED|CONSTRAINED|CONSTRAINED_202547_2025-11-20_0656|BY_IF
2001-001-001|VF|1557|0|6200000072|1|0|05-DEC-2026|0|75|1200|10080|13|0|202547|CONSTRAINED|CONSTRAINED|CONSTRAINED_202547_2025-11-20_0656|BY_IF
2001-001-001|VF|1558|0|6200000072|1|0|19-JUN-2027|0|75|1200|10080|13|0|202547|CONSTRAINED|CONSTRAINED|CONSTRAINED_202547_2025-11-20_0656|BY_IF
2001-001-001|VF|1559|0|6200000072|1|0|24-JUL-2027|0|75|1200|10080|13|0|202547|CONSTRAINED|CONSTRAINED|CONSTRAINED_202547_2025-11-20_0656|BY_IF
2001-001-001|VF|1560|0|6200000072|1|0|19-SEP-2026|0|75|1200|10080|13|0|202547|CONSTRAINED|CONSTRAINED|CONSTRAINED_202547_2025-11-20_0656|BY_IF
2001-001-001|VF|1561|0|6200000072|1|0|22-MAY-2027|0|75|1200|10080|13|0|202547|CONSTRAINED|CONSTRAINED|CONSTRAINED_202547_2025-11-20_0656|BY_IF
2001-001-001|VF|1562|0|6200000072|1|0|07-NOV-2026|0|75|1200|10080|13|0|202547|CONSTRAINED|CONSTRAINED|CONSTRAINED_202547_2025-11-20_0656|BY_IF
2001-001-001|VF|1563|0|6200000072|1|0|17-JUL-2027|0|75|1200|10080|13|0|202547|CONSTRAINED|CONSTRAINED|CONSTRAINED_202547_2025-11-20_0656|BY_IF
2001-001-001|VF|1564|0|6200000072|1|0|06-FEB-2027|0|75|1200|10080|13|0|202547|CONSTRAINED|CONSTRAINED|CONSTRAINED_202547_2025-11-20_0656|BY_IF
2001-001-001|VF|1565|0|6200000072|1|0|09-JAN-2027|0|75|1200|10080|13|0|202547|CONSTRAINED|CONSTRAINED|CONSTRAINED_202547_2025-11-20_0656|BY_IF
2001-001-001|VF|1566|0|6200000072|1|0|24-APR-2027|0|75|1200|10080|13|0|202547|CONSTRAINED|CONSTRAINED|CONSTRAINED_202547_2025-11-20_0656|BY_IF
2001-001-001|VF|1567|0|6200000072|1|0|27-MAR-2027|0|75|1200|10080|13|0|202547|CONSTRAINED|CONSTRAINED|CONSTRAINED_202547_2025-11-20_0656|BY_IF
2001-001-001|VF|1568|0|6200000072|1|0|12-JUN-2027|0|75|1200|10080|13|0|202547|CONSTRAINED|CONSTRAINED|CONSTRAINED_202547_2025-11-20_0656|BY_IF
2001-001-001|VF|1569|0|6200000072|1|0|29-AUG-2026|0|75|1200|10080|13|0|202547|CONSTRAINED|CONSTRAINED|CONSTRAINED_202547_2025-11-20_0656|BY_IF
2001-001-001|VF|1570|0|6200000072|1|0|15-MAY-2027|0|75|1200|10080|13|0|202547|CONSTRAINED|CONSTRAINED|CONSTRAINED_202547_2025-11-20_0656|BY_IF
2001-001-001|VF|1571|0|6200000072|1|0|31-OCT-2026|0|75|1200|10080|13|0|202547|CONSTRAINED|CONSTRAINED|CONSTRAINED_202547_2025-11-20_0656|BY_IF
2001-001-001|VF|1572|0|6200000072|1|0|26-SEP-2026|0|75|1200|10080|13|0|202547|CONSTRAINED|CONSTRAINED|CONSTRAINED_202547_2025-11-20_0656|BY_IF
2001-001-001|VF|1573|0|6200000072|1|0|28-NOV-2026|0|75|1200|10080|13|0|202547|CONSTRAINED|CONSTRAINED|CONSTRAINED_202547_2025-11-20_0656|BY_IF
2001-001-001|VF|1574|0|6200000072|1|0|10-JUL-2027|0|75|1200|10080|13|0|202547|CONSTRAINED|CONSTRAINED|CONSTRAINED_202547_2025-11-20_0656|BY_IF
2001-001-001|VF|1575|0|6200000072|1|0|30-JAN-2027|0|75|1200|10080|13|0|202547|CONSTRAINED|CONSTRAINED|CONSTRAINED_202547_2025-11-20_0656|BY_IF
2001-001-001|VF|1576|0|6200000072|1|0|02-JAN-2027|0|75|1200|10080|13|0|202547|CONSTRAINED|CONSTRAINED|CONSTRAINED_202547_2025-11-20_0656|BY_IF
2001-001-001|VF|1577|0|6200000072|1|0|01-MAY-2027|0|75|1200|10080|13|0|202547|CONSTRAINED|CONSTRAINED|CONSTRAINED_202547_2025-11-20_0656|BY_IF
2001-001-001|VF|1578|0|6200000072|1|0|03-APR-2027|0|75|1200|10080|13|0|202547|CONSTRAINED|CONSTRAINED|CONSTRAINED_202547_2025-11-20_0656|BY_IF
2001-001-001|VF|1579|0|6200000072|1|0|27-FEB-2027|0|75|1200|10080|13|0|202547|CONSTRAINED|CONSTRAINED|CONSTRAINED_202547_2025-11-20_0656|BY_IF
2001-001-001|VF|1580|0|6200000072|1|0|06-MAR-2027|0|75|1200|10080|13|0|202547|CONSTRAINED|CONSTRAINED|CONSTRAINED_202547_2025-11-20_0656|BY_IF
2001-001-001|VF|1581|0|6200000072|1|0|08-AUG-2026|0|75|1200|10080|13|0|202547|CONSTRAINED|CONSTRAINED|CONSTRAINED_202547_2025-11-20_0656|BY_IF
2001-001-001|VF|1582|0|6200000072|1|0|19-DEC-2026|0|75|1200|10080|13|0|202547|CONSTRAINED|CONSTRAINED|CONSTRAINED_202547_2025-11-20_0656|BY_IF
2001-001-001|VF|1583|0|6200000072|1|0|05-JUN-2027|0|75|1200|10080|13|0|202547|CONSTRAINED|CONSTRAINED|CONSTRAINED_202547_2025-11-20_0656|BY_IF
2001-001-001|VF|1584|0|6200000072|1|0|05-SEP-2026|0|75|1200|10080|13|0|202547|CONSTRAINED|CONSTRAINED|CONSTRAINED_202547_2025-11-20_0656|BY_IF
2001-001-001|VF|1585|0|6200000072|1|0|24-OCT-2026|0|75|1200|10080|13|0|202547|CONSTRAINED|CONSTRAINED|CONSTRAINED_202547_2025-11-20_0656|BY_IF
2001-001-001|VF|1586|0|6200000072|1|0|03-OCT-2026|0|75|1200|10080|13|0|202547|CONSTRAINED|CONSTRAINED|CONSTRAINED_202547_2025-11-20_0656|BY_IF
2001-001-001|VF|1587|0|6200000072|1|0|23-JAN-2027|0|75|1200|10080|13|0|202547|CONSTRAINED|CONSTRAINED|CONSTRAINED_202547_2025-11-20_0656|BY_IF
