ITEM|SOURCE|DEST|SEQNUM|HEADERSEQNUM|SCHEDARRIVDATE|SCHEDSHIPDATE|QTY|FIRMPLANSW|SOURCING|TRANSMODE|PROJECT|CAPTURE_WK|CAPTURE_TYPE|SIMULATION_NAME|SOLVE_VERSION|U_PLANMODULE
100000000004|1011|VF|3742|3742|08-MAY-2027|08-MAY-2027|7.605018|0|100000000004_1011_VF|IFTransmode| |202547|CONSTRAINED|CONSTRAINED|CONSTRAINED_202547_2025-11-20_0656|BY_IF
100000000004|1011|VF|3743|3743|15-MAY-2027|15-MAY-2027|75|0|100000000004_1011_VF|IFTransmode| |202547|CONSTRAINED|CONSTRAINED|CONSTRAINED_202547_2025-11-20_0656|BY_IF
100000000004|1011|VF|3744|3744|05-JUN-2027|05-JUN-2027|75|0|100000000004_1011_VF|IFTransmode| |202547|CONSTRAINED|CONSTRAINED|CONSTRAINED_202547_2025-11-20_0656|BY_IF
100000000004|1011|VF|3745|3745|12-JUN-2027|12-JUN-2027|75|0|100000000004_1011_VF|IFTransmode| |202547|CONSTRAINED|CONSTRAINED|CONSTRAINED_202547_2025-11-20_0656|BY_IF
100000000004|1011|VF|3746|3746|19-JUN-2027|19-JUN-2027|75|0|100000000004_1011_VF|IFTransmode| |202547|CONSTRAINED|CONSTRAINED|CONSTRAINED_202547_2025-11-20_0656|BY_IF
100000000004|1011|VF|3747|3747|26-JUN-2027|26-JUN-2027|75|0|100000000004_1011_VF|IFTransmode| |202547|CONSTRAINED|CONSTRAINED|CONSTRAINED_202547_2025-11-20_0656|BY_IF
100000000004|1011|VF|3748|3748|03-JUL-2027|03-JUL-2027|75|0|100000000004_1011_VF|IFTransmode| |202547|CONSTRAINED|CONSTRAINED|CONSTRAINED_202547_2025-11-20_0656|BY_IF
100000000004|1011|VF|3749|3749|10-JUL-2027|10-JUL-2027|75|0|100000000004_1011_VF|IFTransmode| |202547|CONSTRAINED|CONSTRAINED|CONSTRAINED_202547_2025-11-20_0656|BY_IF
100000000004|1011|VF|3750|3750|17-JUL-2027|17-JUL-2027|75|0|100000000004_1011_VF|IFTransmode| |202547|CONSTRAINED|CONSTRAINED|CONSTRAINED_202547_2025-11-20_0656|BY_IF
100000000004|1011|VF|3751|3751|24-JUL-2027|24-JUL-2027|75|0|100000000004_1011_VF|IFTransmode| |202547|CONSTRAINED|CONSTRAINED|CONSTRAINED_202547_2025-11-20_0656|BY_IF
100000000004|1004|VF|4135|4135|22-NOV-2025|22-NOV-2025|38|0|100000000004_1004_VF|IFTransmode| |202547|CONSTRAINED|CONSTRAINED|CONSTRAINED_202547_2025-11-20_0656|BY_IF
100000000004|1004|VF|4136|4136|01-AUG-2026|01-AUG-2026|75|0|100000000004_1004_VF|IFTransmode| |202547|CONSTRAINED|CONSTRAINED|CONSTRAINED_202547_2025-11-20_0656|BY_IF
100000000004|1004|VF|4137|4137|08-AUG-2026|08-AUG-2026|75|0|100000000004_1004_VF|IFTransmode| |202547|CONSTRAINED|CONSTRAINED|CONSTRAINED_202547_2025-11-20_0656|BY_IF
100000000004|1004|VF|4138|4138|15-AUG-2026|15-AUG-2026|75|0|100000000004_1004_VF|IFTransmode| |202547|CONSTRAINED|CONSTRAINED|CONSTRAINED_202547_2025-11-20_0656|BY_IF
100000000004|1004|VF|4139|4139|22-AUG-2026|22-AUG-2026|75|0|100000000004_1004_VF|IFTransmode| |202547|CONSTRAINED|CONSTRAINED|CONSTRAINED_202547_2025-11-20_0656|BY_IF
100000000004|1004|VF|4140|4140|29-AUG-2026|29-AUG-2026|75|0|100000000004_1004_VF|IFTransmode| |202547|CONSTRAINED|CONSTRAINED|CONSTRAINED_202547_2025-11-20_0656|BY_IF
100000000004|1004|VF|4141|4141|05-SEP-2026|05-SEP-2026|75|0|100000000004_1004_VF|IFTransmode| |202547|CONSTRAINED|CONSTRAINED|CONSTRAINED_202547_2025-11-20_0656|BY_IF
100000000004|1004|VF|4142|4142|12-SEP-2026|12-SEP-2026|75|0|100000000004_1004_VF|IFTransmode| |202547|CONSTRAINED|CONSTRAINED|CONSTRAINED_202547_2025-11-20_0656|BY_IF
100000000004|1004|VF|4143|4143|19-SEP-2026|19-SEP-2026|75|0|100000000004_1004_VF|IFTransmode| |202547|CONSTRAINED|CONSTRAINED|CONSTRAINED_202547_2025-11-20_0656|BY_IF
100000000004|1004|VF|4144|4144|26-SEP-2026|26-SEP-2026|75|0|100000000004_1004_VF|IFTransmode| |202547|CONSTRAINED|CONSTRAINED|CONSTRAINED_202547_2025-11-20_0656|BY_IF
100000000004|1004|VF|4145|4145|03-OCT-2026|03-OCT-2026|75|0|100000000004_1004_VF|IFTransmode| |202547|CONSTRAINED|CONSTRAINED|CONSTRAINED_202547_2025-11-20_0656|BY_IF
100000000004|1004|VF|4146|4146|10-OCT-2026|10-OCT-2026|75|0|100000000004_1004_VF|IFTransmode| |202547|CONSTRAINED|CONSTRAINED|CONSTRAINED_202547_2025-11-20_0656|BY_IF
100000000004|1004|VF|4147|4147|17-OCT-2026|17-OCT-2026|75|0|100000000004_1004_VF|IFTransmode| |202547|CONSTRAINED|CONSTRAINED|CONSTRAINED_202547_2025-11-20_0656|BY_IF
100000000004|1004|VF|4148|4148|24-OCT-2026|24-OCT-2026|75|0|100000000004_1004_VF|IFTransmode| |202547|CONSTRAINED|CONSTRAINED|CONSTRAINED_202547_2025-11-20_0656|BY_IF
100000000004|1004|VF|4149|4149|31-OCT-2026|31-OCT-2026|75|0|100000000004_1004_VF|IFTransmode| |202547|CONSTRAINED|CONSTRAINED|CONSTRAINED_202547_2025-11-20_0656|BY_IF
100000000004|1004|VF|4150|4150|07-NOV-2026|07-NOV-2026|75|0|100000000004_1004_VF|IFTransmode| |202547|CONSTRAINED|CONSTRAINED|CONSTRAINED_202547_2025-11-20_0656|BY_IF
100000000004|1004|VF|4151|4151|14-NOV-2026|14-NOV-2026|75|0|100000000004_1004_VF|IFTransmode| |202547|CONSTRAINED|CONSTRAINED|CONSTRAINED_202547_2025-11-20_0656|BY_IF
100000000004|1004|VF|4152|4152|21-NOV-2026|21-NOV-2026|75|0|100000000004_1004_VF|IFTransmode| |202547|CONSTRAINED|CONSTRAINED|CONSTRAINED_202547_2025-11-20_0656|BY_IF
100000000004|1004|VF|4153|4153|28-NOV-2026|28-NOV-2026|75|0|100000000004_1004_VF|IFTransmode| |202547|CONSTRAINED|CONSTRAINED|CONSTRAINED_202547_2025-11-20_0656|BY_IF
100000000004|1004|VF|4154|4154|05-DEC-2026|05-DEC-2026|75|0|100000000004_1004_VF|IFTransmode| |202547|CONSTRAINED|CONSTRAINED|CONSTRAINED_202547_2025-11-20_0656|BY_IF
100000000004|1004|VF|4155|4155|12-DEC-2026|12-DEC-2026|75|0|100000000004_1004_VF|IFTransmode| |202547|CONSTRAINED|CONSTRAINED|CONSTRAINED_202547_2025-11-20_0656|BY_IF
100000000004|1004|VF|4156|4156|19-DEC-2026|19-DEC-2026|75|0|100000000004_1004_VF|IFTransmode| |202547|CONSTRAINED|CONSTRAINED|CONSTRAINED_202547_2025-11-20_0656|BY_IF
100000000004|1004|VF|4157|4157|26-DEC-2026|26-DEC-2026|75|0|100000000004_1004_VF|IFTransmode| |202547|CONSTRAINED|CONSTRAINED|CONSTRAINED_202547_2025-11-20_0656|BY_IF
100000000004|1004|VF|4158|4158|02-JAN-2027|02-JAN-2027|75|0|100000000004_1004_VF|IFTransmode| |202547|CONSTRAINED|CONSTRAINED|CONSTRAINED_202547_2025-11-20_0656|BY_IF
100000000004|1004|VF|4159|4159|09-JAN-2027|09-JAN-2027|75|0|100000000004_1004_VF|IFTransmode| |202547|CONSTRAINED|CONSTRAINED|CONSTRAINED_202547_2025-11-20_0656|BY_IF
100000000004|1004|VF|4160|4160|16-JAN-2027|16-JAN-2027|75|0|100000000004_1004_VF|IFTransmode| |202547|CONSTRAINED|CONSTRAINED|CONSTRAINED_202547_2025-11-20_0656|BY_IF
100000000004|1004|VF|4161|4161|23-JAN-2027|23-JAN-2027|75|0|100000000004_1004_VF|IFTransmode| |202547|CONSTRAINED|CONSTRAINED|CONSTRAINED_202547_2025-11-20_0656|BY_IF
100000000004|1004|VF|4162|4162|30-JAN-2027|30-JAN-2027|75|0|100000000004_1004_VF|IFTransmode| |202547|CONSTRAINED|CONSTRAINED|CONSTRAINED_202547_2025-11-20_0656|BY_IF
100000000004|1004|VF|4163|4163|06-FEB-2027|06-FEB-2027|75|0|100000000004_1004_VF|IFTransmode| |202547|CONSTRAINED|CONSTRAINED|CONSTRAINED_202547_2025-11-20_0656|BY_IF
100000000004|1004|VF|4164|4164|13-FEB-2027|13-FEB-2027|75|0|100000000004_1004_VF|IFTransmode| |202547|CONSTRAINED|CONSTRAINED|CONSTRAINED_202547_2025-11-20_0656|BY_IF
100000000004|1004|VF|4165|4165|20-FEB-2027|20-FEB-2027|75|0|100000000004_1004_VF|IFTransmode| |202547|CONSTRAINED|CONSTRAINED|CONSTRAINED_202547_2025-11-20_0656|BY_IF
100000000004|1004|VF|4166|4166|27-FEB-2027|27-FEB-2027|75|0|100000000004_1004_VF|IFTransmode| |202547|CONSTRAINED|CONSTRAINED|CONSTRAINED_202547_2025-11-20_0656|BY_IF
100000000004|1004|VF|4167|4167|06-MAR-2027|06-MAR-2027|75|0|100000000004_1004_VF|IFTransmode| |202547|CONSTRAINED|CONSTRAINED|CONSTRAINED_202547_2025-11-20_0656|BY_IF
100000000004|1004|VF|4168|4168|13-MAR-2027|13-MAR-2027|75|0|100000000004_1004_VF|IFTransmode| |202547|CONSTRAINED|CONSTRAINED|CONSTRAINED_202547_2025-11-20_0656|BY_IF
100000000004|1004|VF|4169|4169|20-MAR-2027|20-MAR-2027|75|0|100000000004_1004_VF|IFTransmode| |202547|CONSTRAINED|CONSTRAINED|CONSTRAINED_202547_2025-11-20_0656|BY_IF
100000000004|1004|VF|4170|4170|27-MAR-2027|27-MAR-2027|75|0|100000000004_1004_VF|IFTransmode| |202547|CONSTRAINED|CONSTRAINED|CONSTRAINED_202547_2025-11-20_0656|BY_IF
100000000004|1004|VF|4171|4171|03-APR-2027|03-APR-2027|75|0|100000000004_1004_VF|IFTransmode| |202547|CONSTRAINED|CONSTRAINED|CONSTRAINED_202547_2025-11-20_0656|BY_IF
100000000004|1004|VF|4172|4172|10-APR-2027|10-APR-2027|75|0|100000000004_1004_VF|IFTransmode| |202547|CONSTRAINED|CONSTRAINED|CONSTRAINED_202547_2025-11-20_0656|BY_IF
100000000004|1004|VF|4173|4173|17-APR-2027|17-APR-2027|75|0|100000000004_1004_VF|IFTransmode| |202547|CONSTRAINED|CONSTRAINED|CONSTRAINED_202547_2025-11-20_0656|BY_IF
100000000004|1004|VF|4174|4174|24-APR-2027|24-APR-2027|75|0|100000000004_1004_VF|IFTransmode| |202547|CONSTRAINED|CONSTRAINED|CONSTRAINED_202547_2025-11-20_0656|BY_IF
100000000004|1004|VF|4175|4175|01-MAY-2027|01-MAY-2027|75|0|100000000004_1004_VF|IFTransmode| |202547|CONSTRAINED|CONSTRAINED|CONSTRAINED_202547_2025-11-20_0656|BY_IF
100000000004|1004|VF|4176|4176|08-MAY-2027|08-MAY-2027|67.394981|0|100000000004_1004_VF|IFTransmode| |202547|CONSTRAINED|CONSTRAINED|CONSTRAINED_202547_2025-11-20_0656|BY_IF
100000000004|1004|VF|4177|4177|22-MAY-2027|22-MAY-2027|75|0|100000000004_1004_VF|IFTransmode| |202547|CONSTRAINED|CONSTRAINED|CONSTRAINED_202547_2025-11-20_0656|BY_IF
100000000004|1004|VF|4178|4178|29-MAY-2027|29-MAY-2027|75|0|100000000004_1004_VF|IFTransmode| |202547|CONSTRAINED|CONSTRAINED|CONSTRAINED_202547_2025-11-20_0656|BY_IF
100000000005|1004|VF|3918|3918|22-NOV-2025|22-NOV-2025|38|0|100000000005_1004_VF|IFTransmode| |202547|CONSTRAINED|CONSTRAINED|CONSTRAINED_202547_2025-11-20_0656|BY_IF
100000000005|1004|VF|3919|3919|01-AUG-2026|01-AUG-2026|75|0|100000000005_1004_VF|IFTransmode| |202547|CONSTRAINED|CONSTRAINED|CONSTRAINED_202547_2025-11-20_0656|BY_IF
100000000005|1004|VF|3920|3920|08-AUG-2026|08-AUG-2026|75|0|100000000005_1004_VF|IFTransmode| |202547|CONSTRAINED|CONSTRAINED|CONSTRAINED_202547_2025-11-20_0656|BY_IF
100000000005|1004|VF|3921|3921|15-AUG-2026|15-AUG-2026|75|0|100000000005_1004_VF|IFTransmode| |202547|CONSTRAINED|CONSTRAINED|CONSTRAINED_202547_2025-11-20_0656|BY_IF
100000000005|1004|VF|3922|3922|22-AUG-2026|22-AUG-2026|75|0|100000000005_1004_VF|IFTransmode| |202547|CONSTRAINED|CONSTRAINED|CONSTRAINED_202547_2025-11-20_0656|BY_IF
100000000005|1004|VF|3923|3923|29-AUG-2026|29-AUG-2026|75|0|100000000005_1004_VF|IFTransmode| |202547|CONSTRAINED|CONSTRAINED|CONSTRAINED_202547_2025-11-20_0656|BY_IF
100000000005|1004|VF|3924|3924|05-SEP-2026|05-SEP-2026|75|0|100000000005_1004_VF|IFTransmode| |202547|CONSTRAINED|CONSTRAINED|CONSTRAINED_202547_2025-11-20_0656|BY_IF
100000000005|1004|VF|3925|3925|12-SEP-2026|12-SEP-2026|75|0|100000000005_1004_VF|IFTransmode| |202547|CONSTRAINED|CONSTRAINED|CONSTRAINED_202547_2025-11-20_0656|BY_IF
100000000005|1004|VF|3926|3926|19-SEP-2026|19-SEP-2026|75|0|100000000005_1004_VF|IFTransmode| |202547|CONSTRAINED|CONSTRAINED|CONSTRAINED_202547_2025-11-20_0656|BY_IF
100000000005|1004|VF|3927|3927|26-SEP-2026|26-SEP-2026|75|0|100000000005_1004_VF|IFTransmode| |202547|CONSTRAINED|CONSTRAINED|CONSTRAINED_202547_2025-11-20_0656|BY_IF
100000000005|1004|VF|3928|3928|03-OCT-2026|03-OCT-2026|75|0|100000000005_1004_VF|IFTransmode| |202547|CONSTRAINED|CONSTRAINED|CONSTRAINED_202547_2025-11-20_0656|BY_IF
100000000005|1004|VF|3929|3929|10-OCT-2026|10-OCT-2026|75|0|100000000005_1004_VF|IFTransmode| |202547|CONSTRAINED|CONSTRAINED|CONSTRAINED_202547_2025-11-20_0656|BY_IF
100000000005|1004|VF|3930|3930|17-OCT-2026|17-OCT-2026|75|0|100000000005_1004_VF|IFTransmode| |202547|CONSTRAINED|CONSTRAINED|CONSTRAINED_202547_2025-11-20_0656|BY_IF
100000000005|1004|VF|3931|3931|24-OCT-2026|24-OCT-2026|75|0|100000000005_1004_VF|IFTransmode| |202547|CONSTRAINED|CONSTRAINED|CONSTRAINED_202547_2025-11-20_0656|BY_IF
100000000005|1004|VF|3932|3932|31-OCT-2026|31-OCT-2026|75|0|100000000005_1004_VF|IFTransmode| |202547|CONSTRAINED|CONSTRAINED|CONSTRAINED_202547_2025-11-20_0656|BY_IF
100000000005|1004|VF|3933|3933|07-NOV-2026|07-NOV-2026|75|0|100000000005_1004_VF|IFTransmode| |202547|CONSTRAINED|CONSTRAINED|CONSTRAINED_202547_2025-11-20_0656|BY_IF
100000000005|1004|VF|3934|3934|14-NOV-2026|14-NOV-2026|75|0|100000000005_1004_VF|IFTransmode| |202547|CONSTRAINED|CONSTRAINED|CONSTRAINED_202547_2025-11-20_0656|BY_IF
100000000005|1004|VF|3935|3935|21-NOV-2026|21-NOV-2026|75|0|100000000005_1004_VF|IFTransmode| |202547|CONSTRAINED|CONSTRAINED|CONSTRAINED_202547_2025-11-20_0656|BY_IF
100000000005|1004|VF|3936|3936|28-NOV-2026|28-NOV-2026|75|0|100000000005_1004_VF|IFTransmode| |202547|CONSTRAINED|CONSTRAINED|CONSTRAINED_202547_2025-11-20_0656|BY_IF
100000000005|1004|VF|3937|3937|05-DEC-2026|05-DEC-2026|75|0|100000000005_1004_VF|IFTransmode| |202547|CONSTRAINED|CONSTRAINED|CONSTRAINED_202547_2025-11-20_0656|BY_IF
100000000005|1004|VF|3938|3938|12-DEC-2026|12-DEC-2026|75|0|100000000005_1004_VF|IFTransmode| |202547|CONSTRAINED|CONSTRAINED|CONSTRAINED_202547_2025-11-20_0656|BY_IF
100000000005|1004|VF|3939|3939|19-DEC-2026|19-DEC-2026|75|0|100000000005_1004_VF|IFTransmode| |202547|CONSTRAINED|CONSTRAINED|CONSTRAINED_202547_2025-11-20_0656|BY_IF
100000000005|1004|VF|3940|3940|26-DEC-2026|26-DEC-2026|75|0|100000000005_1004_VF|IFTransmode| |202547|CONSTRAINED|CONSTRAINED|CONSTRAINED_202547_2025-11-20_0656|BY_IF
100000000005|1004|VF|3941|3941|02-JAN-2027|02-JAN-2027|75|0|100000000005_1004_VF|IFTransmode| |202547|CONSTRAINED|CONSTRAINED|CONSTRAINED_202547_2025-11-20_0656|BY_IF
100000000005|1004|VF|3942|3942|09-JAN-2027|09-JAN-2027|75|0|100000000005_1004_VF|IFTransmode| |202547|CONSTRAINED|CONSTRAINED|CONSTRAINED_202547_2025-11-20_0656|BY_IF
100000000005|1004|VF|3943|3943|16-JAN-2027|16-JAN-2027|75|0|100000000005_1004_VF|IFTransmode| |202547|CONSTRAINED|CONSTRAINED|CONSTRAINED_202547_2025-11-20_0656|BY_IF
100000000005|1004|VF|3944|3944|23-JAN-2027|23-JAN-2027|75|0|100000000005_1004_VF|IFTransmode| |202547|CONSTRAINED|CONSTRAINED|CONSTRAINED_202547_2025-11-20_0656|BY_IF
100000000005|1004|VF|3945|3945|30-JAN-2027|30-JAN-2027|75|0|100000000005_1004_VF|IFTransmode| |202547|CONSTRAINED|CONSTRAINED|CONSTRAINED_202547_2025-11-20_0656|BY_IF
100000000005|1004|VF|3946|3946|06-FEB-2027|06-FEB-2027|75|0|100000000005_1004_VF|IFTransmode| |202547|CONSTRAINED|CONSTRAINED|CONSTRAINED_202547_2025-11-20_0656|BY_IF
100000000005|1004|VF|3947|3947|13-FEB-2027|13-FEB-2027|75|0|100000000005_1004_VF|IFTransmode| |202547|CONSTRAINED|CONSTRAINED|CONSTRAINED_202547_2025-11-20_0656|BY_IF
100000000005|1004|VF|3948|3948|20-FEB-2027|20-FEB-2027|75|0|100000000005_1004_VF|IFTransmode| |202547|CONSTRAINED|CONSTRAINED|CONSTRAINED_202547_2025-11-20_0656|BY_IF
100000000005|1004|VF|3949|3949|27-FEB-2027|27-FEB-2027|75|0|100000000005_1004_VF|IFTransmode| |202547|CONSTRAINED|CONSTRAINED|CONSTRAINED_202547_2025-11-20_0656|BY_IF
100000000005|1004|VF|3950|3950|06-MAR-2027|06-MAR-2027|75|0|100000000005_1004_VF|IFTransmode| |202547|CONSTRAINED|CONSTRAINED|CONSTRAINED_202547_2025-11-20_0656|BY_IF
100000000005|1004|VF|3951|3951|13-MAR-2027|13-MAR-2027|75|0|100000000005_1004_VF|IFTransmode| |202547|CONSTRAINED|CONSTRAINED|CONSTRAINED_202547_2025-11-20_0656|BY_IF
100000000005|1004|VF|3952|3952|20-MAR-2027|20-MAR-2027|75|0|100000000005_1004_VF|IFTransmode| |202547|CONSTRAINED|CONSTRAINED|CONSTRAINED_202547_2025-11-20_0656|BY_IF
100000000005|1004|VF|3953|3953|27-MAR-2027|27-MAR-2027|75|0|100000000005_1004_VF|IFTransmode| |202547|CONSTRAINED|CONSTRAINED|CONSTRAINED_202547_2025-11-20_0656|BY_IF
100000000005|1004|VF|3954|3954|03-APR-2027|03-APR-2027|75|0|100000000005_1004_VF|IFTransmode| |202547|CONSTRAINED|CONSTRAINED|CONSTRAINED_202547_2025-11-20_0656|BY_IF
100000000005|1004|VF|3955|3955|10-APR-2027|10-APR-2027|75|0|100000000005_1004_VF|IFTransmode| |202547|CONSTRAINED|CONSTRAINED|CONSTRAINED_202547_2025-11-20_0656|BY_IF
100000000005|1004|VF|3956|3956|17-APR-2027|17-APR-2027|75|0|100000000005_1004_VF|IFTransmode| |202547|CONSTRAINED|CONSTRAINED|CONSTRAINED_202547_2025-11-20_0656|BY_IF
100000000005|1004|VF|3957|3957|24-APR-2027|24-APR-2027|75|0|100000000005_1004_VF|IFTransmode| |202547|CONSTRAINED|CONSTRAINED|CONSTRAINED_202547_2025-11-20_0656|BY_IF
100000000005|1004|VF|3958|3958|01-MAY-2027|01-MAY-2027|75|0|100000000005_1004_VF|IFTransmode| |202547|CONSTRAINED|CONSTRAINED|CONSTRAINED_202547_2025-11-20_0656|BY_IF
100000000005|1004|VF|3959|3959|08-MAY-2027|08-MAY-2027|75|0|100000000005_1004_VF|IFTransmode| |202547|CONSTRAINED|CONSTRAINED|CONSTRAINED_202547_2025-11-20_0656|BY_IF
100000000005|1004|VF|3960|3960|15-MAY-2027|15-MAY-2027|75|0|100000000005_1004_VF|IFTransmode| |202547|CONSTRAINED|CONSTRAINED|CONSTRAINED_202547_2025-11-20_0656|BY_IF
100000000005|1004|VF|3961|3961|22-MAY-2027|22-MAY-2027|75|0|100000000005_1004_VF|IFTransmode| |202547|CONSTRAINED|CONSTRAINED|CONSTRAINED_202547_2025-11-20_0656|BY_IF
100000000005|1004|VF|3962|3962|29-MAY-2027|29-MAY-2027|75|0|100000000005_1004_VF|IFTransmode| |202547|CONSTRAINED|CONSTRAINED|CONSTRAINED_202547_2025-11-20_0656|BY_IF
100000000005|1004|VF|3963|3963|05-JUN-2027|05-JUN-2027|75|0|100000000005_1004_VF|IFTransmode| |202547|CONSTRAINED|CONSTRAINED|CONSTRAINED_202547_2025-11-20_0656|BY_IF
100000000005|1004|VF|3964|3964|12-JUN-2027|12-JUN-2027|75|0|100000000005_1004_VF|IFTransmode| |202547|CONSTRAINED|CONSTRAINED|CONSTRAINED_202547_2025-11-20_0656|BY_IF
100000000005|1004|VF|3965|3965|19-JUN-2027|19-JUN-2027|75|0|100000000005_1004_VF|IFTransmode| |202547|CONSTRAINED|CONSTRAINED|CONSTRAINED_202547_2025-11-20_0656|BY_IF
100000000005|1004|VF|3966|3966|26-JUN-2027|26-JUN-2027|75|0|100000000005_1004_VF|IFTransmode| |202547|CONSTRAINED|CONSTRAINED|CONSTRAINED_202547_2025-11-20_0656|BY_IF
100000000005|1004|VF|3967|3967|03-JUL-2027|03-JUL-2027|75|0|100000000005_1004_VF|IFTransmode| |202547|CONSTRAINED|CONSTRAINED|CONSTRAINED_202547_2025-11-20_0656|BY_IF
100000000005|1004|VF|3968|3968|10-JUL-2027|10-JUL-2027|75|0|100000000005_1004_VF|IFTransmode| |202547|CONSTRAINED|CONSTRAINED|CONSTRAINED_202547_2025-11-20_0656|BY_IF
100000000005|1004|VF|3969|3969|17-JUL-2027|17-JUL-2027|75|0|100000000005_1004_VF|IFTransmode| |202547|CONSTRAINED|CONSTRAINED|CONSTRAINED_202547_2025-11-20_0656|BY_IF
100000000005|1004|VF|3970|3970|24-JUL-2027|24-JUL-2027|75|0|100000000005_1004_VF|IFTransmode| |202547|CONSTRAINED|CONSTRAINED|CONSTRAINED_202547_2025-11-20_0656|BY_IF
100000000008|1003|VF|1571|1571|01-AUG-2026|01-AUG-2026|37.5|0|100000000008_1003_VF|IFTransmode| |202547|CONSTRAINED|CONSTRAINED|CONSTRAINED_202547_2025-11-20_0656|BY_IF
100000000008|1003|VF|1572|1572|08-AUG-2026|08-AUG-2026|37.5|0|100000000008_1003_VF|IFTransmode| |202547|CONSTRAINED|CONSTRAINED|CONSTRAINED_202547_2025-11-20_0656|BY_IF
100000000008|1003|VF|1573|1573|15-AUG-2026|15-AUG-2026|37.5|0|100000000008_1003_VF|IFTransmode| |202547|CONSTRAINED|CONSTRAINED|CONSTRAINED_202547_2025-11-20_0656|BY_IF
100000000008|1003|VF|1574|1574|22-AUG-2026|22-AUG-2026|37.5|0|100000000008_1003_VF|IFTransmode| |202547|CONSTRAINED|CONSTRAINED|CONSTRAINED_202547_2025-11-20_0656|BY_IF
100000000008|1003|VF|1575|1575|29-AUG-2026|29-AUG-2026|37.5|0|100000000008_1003_VF|IFTransmode| |202547|CONSTRAINED|CONSTRAINED|CONSTRAINED_202547_2025-11-20_0656|BY_IF
100000000008|1003|VF|1576|1576|05-SEP-2026|05-SEP-2026|37.5|0|100000000008_1003_VF|IFTransmode| |202547|CONSTRAINED|CONSTRAINED|CONSTRAINED_202547_2025-11-20_0656|BY_IF
100000000008|1003|VF|1577|1577|12-SEP-2026|12-SEP-2026|37.5|0|100000000008_1003_VF|IFTransmode| |202547|CONSTRAINED|CONSTRAINED|CONSTRAINED_202547_2025-11-20_0656|BY_IF
100000000008|1003|VF|1578|1578|19-SEP-2026|19-SEP-2026|37.5|0|100000000008_1003_VF|IFTransmode| |202547|CONSTRAINED|CONSTRAINED|CONSTRAINED_202547_2025-11-20_0656|BY_IF
100000000008|1003|VF|1579|1579|26-SEP-2026|26-SEP-2026|37.5|0|100000000008_1003_VF|IFTransmode| |202547|CONSTRAINED|CONSTRAINED|CONSTRAINED_202547_2025-11-20_0656|BY_IF
100000000008|1003|VF|1580|1580|03-OCT-2026|03-OCT-2026|37.5|0|100000000008_1003_VF|IFTransmode| |202547|CONSTRAINED|CONSTRAINED|CONSTRAINED_202547_2025-11-20_0656|BY_IF
100000000008|1003|VF|1581|1581|10-OCT-2026|10-OCT-2026|37.5|0|100000000008_1003_VF|IFTransmode| |202547|CONSTRAINED|CONSTRAINED|CONSTRAINED_202547_2025-11-20_0656|BY_IF
100000000008|1003|VF|1582|1582|17-OCT-2026|17-OCT-2026|37.5|0|100000000008_1003_VF|IFTransmode| |202547|CONSTRAINED|CONSTRAINED|CONSTRAINED_202547_2025-11-20_0656|BY_IF
100000000008|1003|VF|1583|1583|24-OCT-2026|24-OCT-2026|37.5|0|100000000008_1003_VF|IFTransmode| |202547|CONSTRAINED|CONSTRAINED|CONSTRAINED_202547_2025-11-20_0656|BY_IF
100000000008|1003|VF|1584|1584|31-OCT-2026|31-OCT-2026|37.5|0|100000000008_1003_VF|IFTransmode| |202547|CONSTRAINED|CONSTRAINED|CONSTRAINED_202547_2025-11-20_0656|BY_IF
100000000008|1003|VF|1585|1585|07-NOV-2026|07-NOV-2026|37.5|0|100000000008_1003_VF|IFTransmode| |202547|CONSTRAINED|CONSTRAINED|CONSTRAINED_202547_2025-11-20_0656|BY_IF
100000000008|1003|VF|1586|1586|14-NOV-2026|14-NOV-2026|37.5|0|100000000008_1003_VF|IFTransmode| |202547|CONSTRAINED|CONSTRAINED|CONSTRAINED_202547_2025-11-20_0656|BY_IF
100000000008|1003|VF|1587|1587|21-NOV-2026|21-NOV-2026|37.5|0|100000000008_1003_VF|IFTransmode| |202547|CONSTRAINED|CONSTRAINED|CONSTRAINED_202547_2025-11-20_0656|BY_IF
100000000008|1003|VF|1588|1588|28-NOV-2026|28-NOV-2026|37.5|0|100000000008_1003_VF|IFTransmode| |202547|CONSTRAINED|CONSTRAINED|CONSTRAINED_202547_2025-11-20_0656|BY_IF
100000000008|1003|VF|1589|1589|05-DEC-2026|05-DEC-2026|37.5|0|100000000008_1003_VF|IFTransmode| |202547|CONSTRAINED|CONSTRAINED|CONSTRAINED_202547_2025-11-20_0656|BY_IF
100000000008|1003|VF|1590|1590|12-DEC-2026|12-DEC-2026|37.5|0|100000000008_1003_VF|IFTransmode| |202547|CONSTRAINED|CONSTRAINED|CONSTRAINED_202547_2025-11-20_0656|BY_IF
100000000008|1003|VF|1591|1591|19-DEC-2026|19-DEC-2026|37.5|0|100000000008_1003_VF|IFTransmode| |202547|CONSTRAINED|CONSTRAINED|CONSTRAINED_202547_2025-11-20_0656|BY_IF
100000000008|1003|VF|1592|1592|26-DEC-2026|26-DEC-2026|37.5|0|100000000008_1003_VF|IFTransmode| |202547|CONSTRAINED|CONSTRAINED|CONSTRAINED_202547_2025-11-20_0656|BY_IF
100000000008|1003|VF|1593|1593|02-JAN-2027|02-JAN-2027|37.5|0|100000000008_1003_VF|IFTransmode| |202547|CONSTRAINED|CONSTRAINED|CONSTRAINED_202547_2025-11-20_0656|BY_IF
100000000008|1003|VF|1594|1594|09-JAN-2027|09-JAN-2027|37.5|0|100000000008_1003_VF|IFTransmode| |202547|CONSTRAINED|CONSTRAINED|CONSTRAINED_202547_2025-11-20_0656|BY_IF
100000000008|1003|VF|1595|1595|16-JAN-2027|16-JAN-2027|37.5|0|100000000008_1003_VF|IFTransmode| |202547|CONSTRAINED|CONSTRAINED|CONSTRAINED_202547_2025-11-20_0656|BY_IF
100000000008|1003|VF|1596|1596|23-JAN-2027|23-JAN-2027|37.5|0|100000000008_1003_VF|IFTransmode| |202547|CONSTRAINED|CONSTRAINED|CONSTRAINED_202547_2025-11-20_0656|BY_IF
100000000008|1003|VF|1597|1597|30-JAN-2027|30-JAN-2027|37.5|0|100000000008_1003_VF|IFTransmode| |202547|CONSTRAINED|CONSTRAINED|CONSTRAINED_202547_2025-11-20_0656|BY_IF
100000000008|1003|VF|1598|1598|06-FEB-2027|06-FEB-2027|37.5|0|100000000008_1003_VF|IFTransmode| |202547|CONSTRAINED|CONSTRAINED|CONSTRAINED_202547_2025-11-20_0656|BY_IF
100000000008|1003|VF|1599|1599|13-FEB-2027|13-FEB-2027|37.5|0|100000000008_1003_VF|IFTransmode| |202547|CONSTRAINED|CONSTRAINED|CONSTRAINED_202547_2025-11-20_0656|BY_IF
100000000008|1003|VF|1600|1600|20-FEB-2027|20-FEB-2027|37.5|0|100000000008_1003_VF|IFTransmode| |202547|CONSTRAINED|CONSTRAINED|CONSTRAINED_202547_2025-11-20_0656|BY_IF
100000000008|1003|VF|1601|1601|27-FEB-2027|27-FEB-2027|37.5|0|100000000008_1003_VF|IFTransmode| |202547|CONSTRAINED|CONSTRAINED|CONSTRAINED_202547_2025-11-20_0656|BY_IF
100000000008|1003|VF|1602|1602|06-MAR-2027|06-MAR-2027|37.5|0|100000000008_1003_VF|IFTransmode| |202547|CONSTRAINED|CONSTRAINED|CONSTRAINED_202547_2025-11-20_0656|BY_IF
100000000008|1003|VF|1603|1603|13-MAR-2027|13-MAR-2027|37.5|0|100000000008_1003_VF|IFTransmode| |202547|CONSTRAINED|CONSTRAINED|CONSTRAINED_202547_2025-11-20_0656|BY_IF
100000000008|1003|VF|1604|1604|20-MAR-2027|20-MAR-2027|37.5|0|100000000008_1003_VF|IFTransmode| |202547|CONSTRAINED|CONSTRAINED|CONSTRAINED_202547_2025-11-20_0656|BY_IF
100000000008|1003|VF|1605|1605|27-MAR-2027|27-MAR-2027|37.5|0|100000000008_1003_VF|IFTransmode| |202547|CONSTRAINED|CONSTRAINED|CONSTRAINED_202547_2025-11-20_0656|BY_IF
100000000008|1003|VF|1606|1606|03-APR-2027|03-APR-2027|37.5|0|100000000008_1003_VF|IFTransmode| |202547|CONSTRAINED|CONSTRAINED|CONSTRAINED_202547_2025-11-20_0656|BY_IF
100000000008|1003|VF|1607|1607|10-APR-2027|10-APR-2027|37.5|0|100000000008_1003_VF|IFTransmode| |202547|CONSTRAINED|CONSTRAINED|CONSTRAINED_202547_2025-11-20_0656|BY_IF
100000000008|1003|VF|1608|1608|17-APR-2027|17-APR-2027|37.5|0|100000000008_1003_VF|IFTransmode| |202547|CONSTRAINED|CONSTRAINED|CONSTRAINED_202547_2025-11-20_0656|BY_IF
100000000008|1003|VF|1609|1609|24-APR-2027|24-APR-2027|37.5|0|100000000008_1003_VF|IFTransmode| |202547|CONSTRAINED|CONSTRAINED|CONSTRAINED_202547_2025-11-20_0656|BY_IF
100000000008|1003|VF|1610|1610|01-MAY-2027|01-MAY-2027|37.5|0|100000000008_1003_VF|IFTransmode| |202547|CONSTRAINED|CONSTRAINED|CONSTRAINED_202547_2025-11-20_0656|BY_IF
100000000008|1003|VF|1611|1611|08-MAY-2027|08-MAY-2027|37.5|0|100000000008_1003_VF|IFTransmode| |202547|CONSTRAINED|CONSTRAINED|CONSTRAINED_202547_2025-11-20_0656|BY_IF
100000000008|1003|VF|1612|1612|15-MAY-2027|15-MAY-2027|37.5|0|100000000008_1003_VF|IFTransmode| |202547|CONSTRAINED|CONSTRAINED|CONSTRAINED_202547_2025-11-20_0656|BY_IF
100000000008|1003|VF|1613|1613|22-MAY-2027|22-MAY-2027|37.5|0|100000000008_1003_VF|IFTransmode| |202547|CONSTRAINED|CONSTRAINED|CONSTRAINED_202547_2025-11-20_0656|BY_IF
100000000008|1003|VF|1614|1614|29-MAY-2027|29-MAY-2027|37.5|0|100000000008_1003_VF|IFTransmode| |202547|CONSTRAINED|CONSTRAINED|CONSTRAINED_202547_2025-11-20_0656|BY_IF
100000000008|1003|VF|1615|1615|05-JUN-2027|05-JUN-2027|37.5|0|100000000008_1003_VF|IFTransmode| |202547|CONSTRAINED|CONSTRAINED|CONSTRAINED_202547_2025-11-20_0656|BY_IF
100000000008|1003|VF|1616|1616|12-JUN-2027|12-JUN-2027|37.5|0|100000000008_1003_VF|IFTransmode| |202547|CONSTRAINED|CONSTRAINED|CONSTRAINED_202547_2025-11-20_0656|BY_IF
100000000008|1003|VF|1617|1617|19-JUN-2027|19-JUN-2027|37.5|0|100000000008_1003_VF|IFTransmode| |202547|CONSTRAINED|CONSTRAINED|CONSTRAINED_202547_2025-11-20_0656|BY_IF
100000000008|1003|VF|1618|1618|26-JUN-2027|26-JUN-2027|37.5|0|100000000008_1003_VF|IFTransmode| |202547|CONSTRAINED|CONSTRAINED|CONSTRAINED_202547_2025-11-20_0656|BY_IF
100000000008|1003|VF|1619|1619|03-JUL-2027|03-JUL-2027|37.5|0|100000000008_1003_VF|IFTransmode| |202547|CONSTRAINED|CONSTRAINED|CONSTRAINED_202547_2025-11-20_0656|BY_IF
100000000008|1003|VF|1620|1620|10-JUL-2027|10-JUL-2027|37.5|0|100000000008_1003_VF|IFTransmode| |202547|CONSTRAINED|CONSTRAINED|CONSTRAINED_202547_2025-11-20_0656|BY_IF
100000000008|1003|VF|1621|1621|17-JUL-2027|17-JUL-2027|37.5|0|100000000008_1003_VF|IFTransmode| |202547|CONSTRAINED|CONSTRAINED|CONSTRAINED_202547_2025-11-20_0656|BY_IF
100000000008|1003|VF|1622|1622|24-JUL-2027|24-JUL-2027|37.5|0|100000000008_1003_VF|IFTransmode| |202547|CONSTRAINED|CONSTRAINED|CONSTRAINED_202547_2025-11-20_0656|BY_IF
100000000008|1006|VF|1829|1829|06-DEC-2025|06-DEC-2025|17|0|100000000008_1006_VF|IFTransmode| |202547|CONSTRAINED|CONSTRAINED|CONSTRAINED_202547_2025-11-20_0656|BY_IF
100000000008|1006|VF|1830|1830|01-AUG-2026|01-AUG-2026|37.5|0|100000000008_1006_VF|IFTransmode| |202547|CONSTRAINED|CONSTRAINED|CONSTRAINED_202547_2025-11-20_0656|BY_IF
100000000008|1006|VF|1831|1831|08-AUG-2026|08-AUG-2026|37.5|0|100000000008_1006_VF|IFTransmode| |202547|CONSTRAINED|CONSTRAINED|CONSTRAINED_202547_2025-11-20_0656|BY_IF
100000000008|1006|VF|1832|1832|15-AUG-2026|15-AUG-2026|37.5|0|100000000008_1006_VF|IFTransmode| |202547|CONSTRAINED|CONSTRAINED|CONSTRAINED_202547_2025-11-20_0656|BY_IF
100000000008|1006|VF|1833|1833|22-AUG-2026|22-AUG-2026|37.5|0|100000000008_1006_VF|IFTransmode| |202547|CONSTRAINED|CONSTRAINED|CONSTRAINED_202547_2025-11-20_0656|BY_IF
100000000008|1006|VF|1834|1834|29-AUG-2026|29-AUG-2026|37.5|0|100000000008_1006_VF|IFTransmode| |202547|CONSTRAINED|CONSTRAINED|CONSTRAINED_202547_2025-11-20_0656|BY_IF
100000000008|1006|VF|1835|1835|05-SEP-2026|05-SEP-2026|37.5|0|100000000008_1006_VF|IFTransmode| |202547|CONSTRAINED|CONSTRAINED|CONSTRAINED_202547_2025-11-20_0656|BY_IF
100000000008|1006|VF|1836|1836|12-SEP-2026|12-SEP-2026|37.5|0|100000000008_1006_VF|IFTransmode| |202547|CONSTRAINED|CONSTRAINED|CONSTRAINED_202547_2025-11-20_0656|BY_IF
100000000008|1006|VF|1837|1837|19-SEP-2026|19-SEP-2026|37.5|0|100000000008_1006_VF|IFTransmode| |202547|CONSTRAINED|CONSTRAINED|CONSTRAINED_202547_2025-11-20_0656|BY_IF
100000000008|1006|VF|1838|1838|26-SEP-2026|26-SEP-2026|37.5|0|100000000008_1006_VF|IFTransmode| |202547|CONSTRAINED|CONSTRAINED|CONSTRAINED_202547_2025-11-20_0656|BY_IF
100000000008|1006|VF|1839|1839|03-OCT-2026|03-OCT-2026|37.5|0|100000000008_1006_VF|IFTransmode| |202547|CONSTRAINED|CONSTRAINED|CONSTRAINED_202547_2025-11-20_0656|BY_IF
100000000008|1006|VF|1840|1840|10-OCT-2026|10-OCT-2026|37.5|0|100000000008_1006_VF|IFTransmode| |202547|CONSTRAINED|CONSTRAINED|CONSTRAINED_202547_2025-11-20_0656|BY_IF
100000000008|1006|VF|1841|1841|17-OCT-2026|17-OCT-2026|37.5|0|100000000008_1006_VF|IFTransmode| |202547|CONSTRAINED|CONSTRAINED|CONSTRAINED_202547_2025-11-20_0656|BY_IF
100000000008|1006|VF|1842|1842|24-OCT-2026|24-OCT-2026|37.5|0|100000000008_1006_VF|IFTransmode| |202547|CONSTRAINED|CONSTRAINED|CONSTRAINED_202547_2025-11-20_0656|BY_IF
100000000008|1006|VF|1843|1843|31-OCT-2026|31-OCT-2026|37.5|0|100000000008_1006_VF|IFTransmode| |202547|CONSTRAINED|CONSTRAINED|CONSTRAINED_202547_2025-11-20_0656|BY_IF
100000000008|1006|VF|1844|1844|07-NOV-2026|07-NOV-2026|37.5|0|100000000008_1006_VF|IFTransmode| |202547|CONSTRAINED|CONSTRAINED|CONSTRAINED_202547_2025-11-20_0656|BY_IF
100000000008|1006|VF|1845|1845|14-NOV-2026|14-NOV-2026|37.5|0|100000000008_1006_VF|IFTransmode| |202547|CONSTRAINED|CONSTRAINED|CONSTRAINED_202547_2025-11-20_0656|BY_IF
100000000008|1006|VF|1846|1846|21-NOV-2026|21-NOV-2026|37.5|0|100000000008_1006_VF|IFTransmode| |202547|CONSTRAINED|CONSTRAINED|CONSTRAINED_202547_2025-11-20_0656|BY_IF
100000000008|1006|VF|1847|1847|28-NOV-2026|28-NOV-2026|37.5|0|100000000008_1006_VF|IFTransmode| |202547|CONSTRAINED|CONSTRAINED|CONSTRAINED_202547_2025-11-20_0656|BY_IF
100000000008|1006|VF|1848|1848|05-DEC-2026|05-DEC-2026|37.5|0|100000000008_1006_VF|IFTransmode| |202547|CONSTRAINED|CONSTRAINED|CONSTRAINED_202547_2025-11-20_0656|BY_IF
100000000008|1006|VF|1849|1849|12-DEC-2026|12-DEC-2026|37.5|0|100000000008_1006_VF|IFTransmode| |202547|CONSTRAINED|CONSTRAINED|CONSTRAINED_202547_2025-11-20_0656|BY_IF
100000000008|1006|VF|1850|1850|19-DEC-2026|19-DEC-2026|37.5|0|100000000008_1006_VF|IFTransmode| |202547|CONSTRAINED|CONSTRAINED|CONSTRAINED_202547_2025-11-20_0656|BY_IF
100000000008|1006|VF|1851|1851|26-DEC-2026|26-DEC-2026|37.5|0|100000000008_1006_VF|IFTransmode| |202547|CONSTRAINED|CONSTRAINED|CONSTRAINED_202547_2025-11-20_0656|BY_IF
100000000008|1006|VF|1852|1852|02-JAN-2027|02-JAN-2027|37.5|0|100000000008_1006_VF|IFTransmode| |202547|CONSTRAINED|CONSTRAINED|CONSTRAINED_202547_2025-11-20_0656|BY_IF
100000000008|1006|VF|1853|1853|09-JAN-2027|09-JAN-2027|37.5|0|100000000008_1006_VF|IFTransmode| |202547|CONSTRAINED|CONSTRAINED|CONSTRAINED_202547_2025-11-20_0656|BY_IF
100000000008|1006|VF|1854|1854|16-JAN-2027|16-JAN-2027|37.5|0|100000000008_1006_VF|IFTransmode| |202547|CONSTRAINED|CONSTRAINED|CONSTRAINED_202547_2025-11-20_0656|BY_IF
100000000008|1006|VF|1855|1855|23-JAN-2027|23-JAN-2027|37.5|0|100000000008_1006_VF|IFTransmode| |202547|CONSTRAINED|CONSTRAINED|CONSTRAINED_202547_2025-11-20_0656|BY_IF
100000000008|1006|VF|1856|1856|30-JAN-2027|30-JAN-2027|37.5|0|100000000008_1006_VF|IFTransmode| |202547|CONSTRAINED|CONSTRAINED|CONSTRAINED_202547_2025-11-20_0656|BY_IF
100000000008|1006|VF|1857|1857|06-FEB-2027|06-FEB-2027|37.5|0|100000000008_1006_VF|IFTransmode| |202547|CONSTRAINED|CONSTRAINED|CONSTRAINED_202547_2025-11-20_0656|BY_IF
100000000008|1006|VF|1858|1858|13-FEB-2027|13-FEB-2027|37.5|0|100000000008_1006_VF|IFTransmode| |202547|CONSTRAINED|CONSTRAINED|CONSTRAINED_202547_2025-11-20_0656|BY_IF
100000000008|1006|VF|1859|1859|20-FEB-2027|20-FEB-2027|37.5|0|100000000008_1006_VF|IFTransmode| |202547|CONSTRAINED|CONSTRAINED|CONSTRAINED_202547_2025-11-20_0656|BY_IF
100000000008|1006|VF|1860|1860|27-FEB-2027|27-FEB-2027|37.5|0|100000000008_1006_VF|IFTransmode| |202547|CONSTRAINED|CONSTRAINED|CONSTRAINED_202547_2025-11-20_0656|BY_IF
100000000008|1006|VF|1861|1861|06-MAR-2027|06-MAR-2027|37.5|0|100000000008_1006_VF|IFTransmode| |202547|CONSTRAINED|CONSTRAINED|CONSTRAINED_202547_2025-11-20_0656|BY_IF
100000000008|1006|VF|1862|1862|13-MAR-2027|13-MAR-2027|37.5|0|100000000008_1006_VF|IFTransmode| |202547|CONSTRAINED|CONSTRAINED|CONSTRAINED_202547_2025-11-20_0656|BY_IF
100000000008|1006|VF|1863|1863|20-MAR-2027|20-MAR-2027|37.5|0|100000000008_1006_VF|IFTransmode| |202547|CONSTRAINED|CONSTRAINED|CONSTRAINED_202547_2025-11-20_0656|BY_IF
100000000008|1006|VF|1864|1864|27-MAR-2027|27-MAR-2027|37.5|0|100000000008_1006_VF|IFTransmode| |202547|CONSTRAINED|CONSTRAINED|CONSTRAINED_202547_2025-11-20_0656|BY_IF
100000000008|1006|VF|1865|1865|03-APR-2027|03-APR-2027|37.5|0|100000000008_1006_VF|IFTransmode| |202547|CONSTRAINED|CONSTRAINED|CONSTRAINED_202547_2025-11-20_0656|BY_IF
100000000008|1006|VF|1866|1866|10-APR-2027|10-APR-2027|37.5|0|100000000008_1006_VF|IFTransmode| |202547|CONSTRAINED|CONSTRAINED|CONSTRAINED_202547_2025-11-20_0656|BY_IF
100000000008|1006|VF|1867|1867|17-APR-2027|17-APR-2027|37.5|0|100000000008_1006_VF|IFTransmode| |202547|CONSTRAINED|CONSTRAINED|CONSTRAINED_202547_2025-11-20_0656|BY_IF
100000000008|1006|VF|1868|1868|24-APR-2027|24-APR-2027|37.5|0|100000000008_1006_VF|IFTransmode| |202547|CONSTRAINED|CONSTRAINED|CONSTRAINED_202547_2025-11-20_0656|BY_IF
100000000008|1006|VF|1869|1869|01-MAY-2027|01-MAY-2027|37.5|0|100000000008_1006_VF|IFTransmode| |202547|CONSTRAINED|CONSTRAINED|CONSTRAINED_202547_2025-11-20_0656|BY_IF
100000000008|1006|VF|1870|1870|08-MAY-2027|08-MAY-2027|37.5|0|100000000008_1006_VF|IFTransmode| |202547|CONSTRAINED|CONSTRAINED|CONSTRAINED_202547_2025-11-20_0656|BY_IF
100000000008|1006|VF|1871|1871|15-MAY-2027|15-MAY-2027|37.5|0|100000000008_1006_VF|IFTransmode| |202547|CONSTRAINED|CONSTRAINED|CONSTRAINED_202547_2025-11-20_0656|BY_IF
100000000008|1006|VF|1872|1872|22-MAY-2027|22-MAY-2027|37.5|0|100000000008_1006_VF|IFTransmode| |202547|CONSTRAINED|CONSTRAINED|CONSTRAINED_202547_2025-11-20_0656|BY_IF
100000000008|1006|VF|1873|1873|29-MAY-2027|29-MAY-2027|37.5|0|100000000008_1006_VF|IFTransmode| |202547|CONSTRAINED|CONSTRAINED|CONSTRAINED_202547_2025-11-20_0656|BY_IF
100000000008|1006|VF|1874|1874|05-JUN-2027|05-JUN-2027|37.5|0|100000000008_1006_VF|IFTransmode| |202547|CONSTRAINED|CONSTRAINED|CONSTRAINED_202547_2025-11-20_0656|BY_IF
100000000008|1006|VF|1875|1875|12-JUN-2027|12-JUN-2027|37.5|0|100000000008_1006_VF|IFTransmode| |202547|CONSTRAINED|CONSTRAINED|CONSTRAINED_202547_2025-11-20_0656|BY_IF
100000000008|1006|VF|1876|1876|19-JUN-2027|19-JUN-2027|37.5|0|100000000008_1006_VF|IFTransmode| |202547|CONSTRAINED|CONSTRAINED|CONSTRAINED_202547_2025-11-20_0656|BY_IF
100000000008|1006|VF|1877|1877|26-JUN-2027|26-JUN-2027|37.5|0|100000000008_1006_VF|IFTransmode| |202547|CONSTRAINED|CONSTRAINED|CONSTRAINED_202547_2025-11-20_0656|BY_IF
100000000008|1006|VF|1878|1878|03-JUL-2027|03-JUL-2027|37.5|0|100000000008_1006_VF|IFTransmode| |202547|CONSTRAINED|CONSTRAINED|CONSTRAINED_202547_2025-11-20_0656|BY_IF
100000000008|1006|VF|1879|1879|10-JUL-2027|10-JUL-2027|37.5|0|100000000008_1006_VF|IFTransmode| |202547|CONSTRAINED|CONSTRAINED|CONSTRAINED_202547_2025-11-20_0656|BY_IF
100000000008|1006|VF|1880|1880|17-JUL-2027|17-JUL-2027|37.5|0|100000000008_1006_VF|IFTransmode| |202547|CONSTRAINED|CONSTRAINED|CONSTRAINED_202547_2025-11-20_0656|BY_IF
100000000008|1006|VF|1881|1881|24-JUL-2027|24-JUL-2027|37.5|0|100000000008_1006_VF|IFTransmode| |202547|CONSTRAINED|CONSTRAINED|CONSTRAINED_202547_2025-11-20_0656|BY_IF
100000000009|1006|VF|6128|6128|01-AUG-2026|01-AUG-2026|75|0|100000000009_1006_VF|IFTransmode| |202547|CONSTRAINED|CONSTRAINED|CONSTRAINED_202547_2025-11-20_0656|BY_IF
100000000009|1006|VF|6129|6129|08-AUG-2026|08-AUG-2026|75|0|100000000009_1006_VF|IFTransmode| |202547|CONSTRAINED|CONSTRAINED|CONSTRAINED_202547_2025-11-20_0656|BY_IF
100000000009|1006|VF|6130|6130|15-AUG-2026|15-AUG-2026|75|0|100000000009_1006_VF|IFTransmode| |202547|CONSTRAINED|CONSTRAINED|CONSTRAINED_202547_2025-11-20_0656|BY_IF
100000000009|1006|VF|6131|6131|22-AUG-2026|22-AUG-2026|75|0|100000000009_1006_VF|IFTransmode| |202547|CONSTRAINED|CONSTRAINED|CONSTRAINED_202547_2025-11-20_0656|BY_IF
100000000009|1006|VF|6132|6132|29-AUG-2026|29-AUG-2026|75|0|100000000009_1006_VF|IFTransmode| |202547|CONSTRAINED|CONSTRAINED|CONSTRAINED_202547_2025-11-20_0656|BY_IF
100000000009|1006|VF|6133|6133|05-SEP-2026|05-SEP-2026|75|0|100000000009_1006_VF|IFTransmode| |202547|CONSTRAINED|CONSTRAINED|CONSTRAINED_202547_2025-11-20_0656|BY_IF
100000000009|1006|VF|6134|6134|12-SEP-2026|12-SEP-2026|75|0|100000000009_1006_VF|IFTransmode| |202547|CONSTRAINED|CONSTRAINED|CONSTRAINED_202547_2025-11-20_0656|BY_IF
100000000009|1006|VF|6135|6135|19-SEP-2026|19-SEP-2026|75|0|100000000009_1006_VF|IFTransmode| |202547|CONSTRAINED|CONSTRAINED|CONSTRAINED_202547_2025-11-20_0656|BY_IF
100000000009|1006|VF|6136|6136|26-SEP-2026|26-SEP-2026|75|0|100000000009_1006_VF|IFTransmode| |202547|CONSTRAINED|CONSTRAINED|CONSTRAINED_202547_2025-11-20_0656|BY_IF
100000000009|1006|VF|6137|6137|03-OCT-2026|03-OCT-2026|75|0|100000000009_1006_VF|IFTransmode| |202547|CONSTRAINED|CONSTRAINED|CONSTRAINED_202547_2025-11-20_0656|BY_IF
100000000009|1006|VF|6138|6138|10-OCT-2026|10-OCT-2026|75|0|100000000009_1006_VF|IFTransmode| |202547|CONSTRAINED|CONSTRAINED|CONSTRAINED_202547_2025-11-20_0656|BY_IF
100000000009|1006|VF|6139|6139|17-OCT-2026|17-OCT-2026|75|0|100000000009_1006_VF|IFTransmode| |202547|CONSTRAINED|CONSTRAINED|CONSTRAINED_202547_2025-11-20_0656|BY_IF
100000000009|1006|VF|6140|6140|24-OCT-2026|24-OCT-2026|75|0|100000000009_1006_VF|IFTransmode| |202547|CONSTRAINED|CONSTRAINED|CONSTRAINED_202547_2025-11-20_0656|BY_IF
100000000009|1006|VF|6141|6141|31-OCT-2026|31-OCT-2026|75|0|100000000009_1006_VF|IFTransmode| |202547|CONSTRAINED|CONSTRAINED|CONSTRAINED_202547_2025-11-20_0656|BY_IF
100000000009|1006|VF|6142|6142|07-NOV-2026|07-NOV-2026|75|0|100000000009_1006_VF|IFTransmode| |202547|CONSTRAINED|CONSTRAINED|CONSTRAINED_202547_2025-11-20_0656|BY_IF
100000000009|1006|VF|6143|6143|14-NOV-2026|14-NOV-2026|75|0|100000000009_1006_VF|IFTransmode| |202547|CONSTRAINED|CONSTRAINED|CONSTRAINED_202547_2025-11-20_0656|BY_IF
100000000009|1006|VF|6144|6144|21-NOV-2026|21-NOV-2026|75|0|100000000009_1006_VF|IFTransmode| |202547|CONSTRAINED|CONSTRAINED|CONSTRAINED_202547_2025-11-20_0656|BY_IF
100000000009|1006|VF|6145|6145|28-NOV-2026|28-NOV-2026|75|0|100000000009_1006_VF|IFTransmode| |202547|CONSTRAINED|CONSTRAINED|CONSTRAINED_202547_2025-11-20_0656|BY_IF
100000000009|1006|VF|6146|6146|05-DEC-2026|05-DEC-2026|75|0|100000000009_1006_VF|IFTransmode| |202547|CONSTRAINED|CONSTRAINED|CONSTRAINED_202547_2025-11-20_0656|BY_IF
100000000009|1006|VF|6147|6147|12-DEC-2026|12-DEC-2026|75|0|100000000009_1006_VF|IFTransmode| |202547|CONSTRAINED|CONSTRAINED|CONSTRAINED_202547_2025-11-20_0656|BY_IF
100000000009|1006|VF|6148|6148|19-DEC-2026|19-DEC-2026|75|0|100000000009_1006_VF|IFTransmode| |202547|CONSTRAINED|CONSTRAINED|CONSTRAINED_202547_2025-11-20_0656|BY_IF
100000000009|1006|VF|6149|6149|26-DEC-2026|26-DEC-2026|75|0|100000000009_1006_VF|IFTransmode| |202547|CONSTRAINED|CONSTRAINED|CONSTRAINED_202547_2025-11-20_0656|BY_IF
100000000009|1006|VF|6150|6150|02-JAN-2027|02-JAN-2027|75|0|100000000009_1006_VF|IFTransmode| |202547|CONSTRAINED|CONSTRAINED|CONSTRAINED_202547_2025-11-20_0656|BY_IF
100000000009|1006|VF|6151|6151|09-JAN-2027|09-JAN-2027|75|0|100000000009_1006_VF|IFTransmode| |202547|CONSTRAINED|CONSTRAINED|CONSTRAINED_202547_2025-11-20_0656|BY_IF
100000000009|1006|VF|6152|6152|16-JAN-2027|16-JAN-2027|75|0|100000000009_1006_VF|IFTransmode| |202547|CONSTRAINED|CONSTRAINED|CONSTRAINED_202547_2025-11-20_0656|BY_IF
100000000009|1006|VF|6153|6153|23-JAN-2027|23-JAN-2027|75|0|100000000009_1006_VF|IFTransmode| |202547|CONSTRAINED|CONSTRAINED|CONSTRAINED_202547_2025-11-20_0656|BY_IF
100000000009|1006|VF|6154|6154|30-JAN-2027|30-JAN-2027|75|0|100000000009_1006_VF|IFTransmode| |202547|CONSTRAINED|CONSTRAINED|CONSTRAINED_202547_2025-11-20_0656|BY_IF
100000000009|1006|VF|6155|6155|06-FEB-2027|06-FEB-2027|75|0|100000000009_1006_VF|IFTransmode| |202547|CONSTRAINED|CONSTRAINED|CONSTRAINED_202547_2025-11-20_0656|BY_IF
100000000009|1006|VF|6156|6156|13-FEB-2027|13-FEB-2027|75|0|100000000009_1006_VF|IFTransmode| |202547|CONSTRAINED|CONSTRAINED|CONSTRAINED_202547_2025-11-20_0656|BY_IF
100000000009|1006|VF|6157|6157|20-FEB-2027|20-FEB-2027|75|0|100000000009_1006_VF|IFTransmode| |202547|CONSTRAINED|CONSTRAINED|CONSTRAINED_202547_2025-11-20_0656|BY_IF
100000000009|1006|VF|6158|6158|27-FEB-2027|27-FEB-2027|75|0|100000000009_1006_VF|IFTransmode| |202547|CONSTRAINED|CONSTRAINED|CONSTRAINED_202547_2025-11-20_0656|BY_IF
100000000009|1006|VF|6159|6159|06-MAR-2027|06-MAR-2027|75|0|100000000009_1006_VF|IFTransmode| |202547|CONSTRAINED|CONSTRAINED|CONSTRAINED_202547_2025-11-20_0656|BY_IF
100000000009|1006|VF|6160|6160|13-MAR-2027|13-MAR-2027|75|0|100000000009_1006_VF|IFTransmode| |202547|CONSTRAINED|CONSTRAINED|CONSTRAINED_202547_2025-11-20_0656|BY_IF
100000000009|1006|VF|6161|6161|20-MAR-2027|20-MAR-2027|75|0|100000000009_1006_VF|IFTransmode| |202547|CONSTRAINED|CONSTRAINED|CONSTRAINED_202547_2025-11-20_0656|BY_IF
100000000009|1006|VF|6162|6162|27-MAR-2027|27-MAR-2027|75|0|100000000009_1006_VF|IFTransmode| |202547|CONSTRAINED|CONSTRAINED|CONSTRAINED_202547_2025-11-20_0656|BY_IF
100000000009|1006|VF|6163|6163|03-APR-2027|03-APR-2027|75|0|100000000009_1006_VF|IFTransmode| |202547|CONSTRAINED|CONSTRAINED|CONSTRAINED_202547_2025-11-20_0656|BY_IF
100000000009|1006|VF|6164|6164|10-APR-2027|10-APR-2027|75|0|100000000009_1006_VF|IFTransmode| |202547|CONSTRAINED|CONSTRAINED|CONSTRAINED_202547_2025-11-20_0656|BY_IF
100000000009|1006|VF|6165|6165|17-APR-2027|17-APR-2027|75|0|100000000009_1006_VF|IFTransmode| |202547|CONSTRAINED|CONSTRAINED|CONSTRAINED_202547_2025-11-20_0656|BY_IF
100000000009|1006|VF|6166|6166|24-APR-2027|24-APR-2027|75|0|100000000009_1006_VF|IFTransmode| |202547|CONSTRAINED|CONSTRAINED|CONSTRAINED_202547_2025-11-20_0656|BY_IF
100000000009|1006|VF|6167|6167|01-MAY-2027|01-MAY-2027|75|0|100000000009_1006_VF|IFTransmode| |202547|CONSTRAINED|CONSTRAINED|CONSTRAINED_202547_2025-11-20_0656|BY_IF
100000000009|1006|VF|6168|6168|08-MAY-2027|08-MAY-2027|75|0|100000000009_1006_VF|IFTransmode| |202547|CONSTRAINED|CONSTRAINED|CONSTRAINED_202547_2025-11-20_0656|BY_IF
100000000009|1006|VF|6169|6169|15-MAY-2027|15-MAY-2027|75|0|100000000009_1006_VF|IFTransmode| |202547|CONSTRAINED|CONSTRAINED|CONSTRAINED_202547_2025-11-20_0656|BY_IF
100000000009|1006|VF|6170|6170|22-MAY-2027|22-MAY-2027|75|0|100000000009_1006_VF|IFTransmode| |202547|CONSTRAINED|CONSTRAINED|CONSTRAINED_202547_2025-11-20_0656|BY_IF
100000000009|1006|VF|6171|6171|29-MAY-2027|29-MAY-2027|75|0|100000000009_1006_VF|IFTransmode| |202547|CONSTRAINED|CONSTRAINED|CONSTRAINED_202547_2025-11-20_0656|BY_IF
100000000009|1006|VF|6172|6172|05-JUN-2027|05-JUN-2027|75|0|100000000009_1006_VF|IFTransmode| |202547|CONSTRAINED|CONSTRAINED|CONSTRAINED_202547_2025-11-20_0656|BY_IF
100000000009|1006|VF|6173|6173|12-JUN-2027|12-JUN-2027|75|0|100000000009_1006_VF|IFTransmode| |202547|CONSTRAINED|CONSTRAINED|CONSTRAINED_202547_2025-11-20_0656|BY_IF
100000000009|1006|VF|6174|6174|19-JUN-2027|19-JUN-2027|75|0|100000000009_1006_VF|IFTransmode| |202547|CONSTRAINED|CONSTRAINED|CONSTRAINED_202547_2025-11-20_0656|BY_IF
100000000009|1006|VF|6175|6175|26-JUN-2027|26-JUN-2027|75|0|100000000009_1006_VF|IFTransmode| |202547|CONSTRAINED|CONSTRAINED|CONSTRAINED_202547_2025-11-20_0656|BY_IF
100000000009|1006|VF|6176|6176|03-JUL-2027|03-JUL-2027|75|0|100000000009_1006_VF|IFTransmode| |202547|CONSTRAINED|CONSTRAINED|CONSTRAINED_202547_2025-11-20_0656|BY_IF
100000000009|1006|VF|6177|6177|10-JUL-2027|10-JUL-2027|75|0|100000000009_1006_VF|IFTransmode| |202547|CONSTRAINED|CONSTRAINED|CONSTRAINED_202547_2025-11-20_0656|BY_IF
100000000009|1006|VF|6178|6178|17-JUL-2027|17-JUL-2027|75|0|100000000009_1006_VF|IFTransmode| |202547|CONSTRAINED|CONSTRAINED|CONSTRAINED_202547_2025-11-20_0656|BY_IF
100000000009|1006|VF|6179|6179|24-JUL-2027|24-JUL-2027|75|0|100000000009_1006_VF|IFTransmode| |202547|CONSTRAINED|CONSTRAINED|CONSTRAINED_202547_2025-11-20_0656|BY_IF
100000000110|1006|VF|446|446|22-NOV-2025|22-NOV-2025|60|0|100000000110_1006_VF|IFTransmode| |202547|CONSTRAINED|CONSTRAINED|CONSTRAINED_202547_2025-11-20_0656|BY_IF
100000000110|1006|VF|447|447|01-AUG-2026|01-AUG-2026|75|0|100000000110_1006_VF|IFTransmode| |202547|CONSTRAINED|CONSTRAINED|CONSTRAINED_202547_2025-11-20_0656|BY_IF
100000000110|1006|VF|448|448|08-AUG-2026|08-AUG-2026|75|0|100000000110_1006_VF|IFTransmode| |202547|CONSTRAINED|CONSTRAINED|CONSTRAINED_202547_2025-11-20_0656|BY_IF
100000000110|1006|VF|449|449|15-AUG-2026|15-AUG-2026|75|0|100000000110_1006_VF|IFTransmode| |202547|CONSTRAINED|CONSTRAINED|CONSTRAINED_202547_2025-11-20_0656|BY_IF
100000000110|1006|VF|450|450|22-AUG-2026|22-AUG-2026|75|0|100000000110_1006_VF|IFTransmode| |202547|CONSTRAINED|CONSTRAINED|CONSTRAINED_202547_2025-11-20_0656|BY_IF
100000000110|1006|VF|451|451|29-AUG-2026|29-AUG-2026|75|0|100000000110_1006_VF|IFTransmode| |202547|CONSTRAINED|CONSTRAINED|CONSTRAINED_202547_2025-11-20_0656|BY_IF
100000000110|1006|VF|452|452|05-SEP-2026|05-SEP-2026|75|0|100000000110_1006_VF|IFTransmode| |202547|CONSTRAINED|CONSTRAINED|CONSTRAINED_202547_2025-11-20_0656|BY_IF
100000000110|1006|VF|453|453|12-SEP-2026|12-SEP-2026|75|0|100000000110_1006_VF|IFTransmode| |202547|CONSTRAINED|CONSTRAINED|CONSTRAINED_202547_2025-11-20_0656|BY_IF
100000000110|1006|VF|454|454|19-SEP-2026|19-SEP-2026|75|0|100000000110_1006_VF|IFTransmode| |202547|CONSTRAINED|CONSTRAINED|CONSTRAINED_202547_2025-11-20_0656|BY_IF
100000000110|1006|VF|455|455|26-SEP-2026|26-SEP-2026|75|0|100000000110_1006_VF|IFTransmode| |202547|CONSTRAINED|CONSTRAINED|CONSTRAINED_202547_2025-11-20_0656|BY_IF
100000000110|1006|VF|456|456|03-OCT-2026|03-OCT-2026|75|0|100000000110_1006_VF|IFTransmode| |202547|CONSTRAINED|CONSTRAINED|CONSTRAINED_202547_2025-11-20_0656|BY_IF
100000000110|1006|VF|457|457|10-OCT-2026|10-OCT-2026|75|0|100000000110_1006_VF|IFTransmode| |202547|CONSTRAINED|CONSTRAINED|CONSTRAINED_202547_2025-11-20_0656|BY_IF
100000000110|1006|VF|458|458|17-OCT-2026|17-OCT-2026|75|0|100000000110_1006_VF|IFTransmode| |202547|CONSTRAINED|CONSTRAINED|CONSTRAINED_202547_2025-11-20_0656|BY_IF
100000000110|1006|VF|459|459|24-OCT-2026|24-OCT-2026|75|0|100000000110_1006_VF|IFTransmode| |202547|CONSTRAINED|CONSTRAINED|CONSTRAINED_202547_2025-11-20_0656|BY_IF
100000000110|1006|VF|460|460|31-OCT-2026|31-OCT-2026|75|0|100000000110_1006_VF|IFTransmode| |202547|CONSTRAINED|CONSTRAINED|CONSTRAINED_202547_2025-11-20_0656|BY_IF
100000000110|1006|VF|461|461|07-NOV-2026|07-NOV-2026|75|0|100000000110_1006_VF|IFTransmode| |202547|CONSTRAINED|CONSTRAINED|CONSTRAINED_202547_2025-11-20_0656|BY_IF
100000000110|1006|VF|462|462|14-NOV-2026|14-NOV-2026|75|0|100000000110_1006_VF|IFTransmode| |202547|CONSTRAINED|CONSTRAINED|CONSTRAINED_202547_2025-11-20_0656|BY_IF
100000000110|1006|VF|463|463|21-NOV-2026|21-NOV-2026|75|0|100000000110_1006_VF|IFTransmode| |202547|CONSTRAINED|CONSTRAINED|CONSTRAINED_202547_2025-11-20_0656|BY_IF
100000000110|1006|VF|464|464|28-NOV-2026|28-NOV-2026|75|0|100000000110_1006_VF|IFTransmode| |202547|CONSTRAINED|CONSTRAINED|CONSTRAINED_202547_2025-11-20_0656|BY_IF
100000000110|1006|VF|465|465|05-DEC-2026|05-DEC-2026|75|0|100000000110_1006_VF|IFTransmode| |202547|CONSTRAINED|CONSTRAINED|CONSTRAINED_202547_2025-11-20_0656|BY_IF
100000000110|1006|VF|466|466|12-DEC-2026|12-DEC-2026|75|0|100000000110_1006_VF|IFTransmode| |202547|CONSTRAINED|CONSTRAINED|CONSTRAINED_202547_2025-11-20_0656|BY_IF
100000000110|1006|VF|467|467|19-DEC-2026|19-DEC-2026|75|0|100000000110_1006_VF|IFTransmode| |202547|CONSTRAINED|CONSTRAINED|CONSTRAINED_202547_2025-11-20_0656|BY_IF
100000000110|1006|VF|468|468|26-DEC-2026|26-DEC-2026|75|0|100000000110_1006_VF|IFTransmode| |202547|CONSTRAINED|CONSTRAINED|CONSTRAINED_202547_2025-11-20_0656|BY_IF
100000000110|1006|VF|469|469|02-JAN-2027|02-JAN-2027|75|0|100000000110_1006_VF|IFTransmode| |202547|CONSTRAINED|CONSTRAINED|CONSTRAINED_202547_2025-11-20_0656|BY_IF
100000000110|1006|VF|470|470|09-JAN-2027|09-JAN-2027|75|0|100000000110_1006_VF|IFTransmode| |202547|CONSTRAINED|CONSTRAINED|CONSTRAINED_202547_2025-11-20_0656|BY_IF
100000000110|1006|VF|471|471|16-JAN-2027|16-JAN-2027|75|0|100000000110_1006_VF|IFTransmode| |202547|CONSTRAINED|CONSTRAINED|CONSTRAINED_202547_2025-11-20_0656|BY_IF
100000000110|1006|VF|472|472|23-JAN-2027|23-JAN-2027|75|0|100000000110_1006_VF|IFTransmode| |202547|CONSTRAINED|CONSTRAINED|CONSTRAINED_202547_2025-11-20_0656|BY_IF
100000000110|1006|VF|473|473|30-JAN-2027|30-JAN-2027|75|0|100000000110_1006_VF|IFTransmode| |202547|CONSTRAINED|CONSTRAINED|CONSTRAINED_202547_2025-11-20_0656|BY_IF
100000000110|1006|VF|474|474|06-FEB-2027|06-FEB-2027|75|0|100000000110_1006_VF|IFTransmode| |202547|CONSTRAINED|CONSTRAINED|CONSTRAINED_202547_2025-11-20_0656|BY_IF
100000000110|1006|VF|475|475|13-FEB-2027|13-FEB-2027|75|0|100000000110_1006_VF|IFTransmode| |202547|CONSTRAINED|CONSTRAINED|CONSTRAINED_202547_2025-11-20_0656|BY_IF
100000000110|1006|VF|476|476|20-FEB-2027|20-FEB-2027|75|0|100000000110_1006_VF|IFTransmode| |202547|CONSTRAINED|CONSTRAINED|CONSTRAINED_202547_2025-11-20_0656|BY_IF
100000000110|1006|VF|477|477|27-FEB-2027|27-FEB-2027|75|0|100000000110_1006_VF|IFTransmode| |202547|CONSTRAINED|CONSTRAINED|CONSTRAINED_202547_2025-11-20_0656|BY_IF
100000000110|1006|VF|478|478|06-MAR-2027|06-MAR-2027|75|0|100000000110_1006_VF|IFTransmode| |202547|CONSTRAINED|CONSTRAINED|CONSTRAINED_202547_2025-11-20_0656|BY_IF
100000000110|1006|VF|479|479|13-MAR-2027|13-MAR-2027|75|0|100000000110_1006_VF|IFTransmode| |202547|CONSTRAINED|CONSTRAINED|CONSTRAINED_202547_2025-11-20_0656|BY_IF
100000000110|1006|VF|480|480|10-APR-2027|10-APR-2027|75|0|100000000110_1006_VF|IFTransmode| |202547|CONSTRAINED|CONSTRAINED|CONSTRAINED_202547_2025-11-20_0656|BY_IF
100000000110|1006|VF|481|481|17-APR-2027|17-APR-2027|75|0|100000000110_1006_VF|IFTransmode| |202547|CONSTRAINED|CONSTRAINED|CONSTRAINED_202547_2025-11-20_0656|BY_IF
100000000110|1006|VF|482|482|24-APR-2027|24-APR-2027|75|0|100000000110_1006_VF|IFTransmode| |202547|CONSTRAINED|CONSTRAINED|CONSTRAINED_202547_2025-11-20_0656|BY_IF
100000000110|1006|VF|483|483|01-MAY-2027|01-MAY-2027|75|0|100000000110_1006_VF|IFTransmode| |202547|CONSTRAINED|CONSTRAINED|CONSTRAINED_202547_2025-11-20_0656|BY_IF
100000000110|1006|VF|484|484|15-MAY-2027|15-MAY-2027|75|0|100000000110_1006_VF|IFTransmode| |202547|CONSTRAINED|CONSTRAINED|CONSTRAINED_202547_2025-11-20_0656|BY_IF
100000000110|1006|VF|485|485|29-MAY-2027|29-MAY-2027|75|0|100000000110_1006_VF|IFTransmode| |202547|CONSTRAINED|CONSTRAINED|CONSTRAINED_202547_2025-11-20_0656|BY_IF
100000000110|1006|VF|486|486|05-JUN-2027|05-JUN-2027|75|0|100000000110_1006_VF|IFTransmode| |202547|CONSTRAINED|CONSTRAINED|CONSTRAINED_202547_2025-11-20_0656|BY_IF
100000000110|1006|VF|487|487|12-JUN-2027|12-JUN-2027|75|0|100000000110_1006_VF|IFTransmode| |202547|CONSTRAINED|CONSTRAINED|CONSTRAINED_202547_2025-11-20_0656|BY_IF
100000000110|1006|VF|488|488|10-JUL-2027|10-JUL-2027|75|0|100000000110_1006_VF|IFTransmode| |202547|CONSTRAINED|CONSTRAINED|CONSTRAINED_202547_2025-11-20_0656|BY_IF
100000000110|1006|VF|489|489|24-JUL-2027|24-JUL-2027|75|0|100000000110_1006_VF|IFTransmode| |202547|CONSTRAINED|CONSTRAINED|CONSTRAINED_202547_2025-11-20_0656|BY_IF
100000000110|1003|VF|980|980|20-MAR-2027|20-MAR-2027|75|0|100000000110_1003_VF|IFTransmode| |202547|CONSTRAINED|CONSTRAINED|CONSTRAINED_202547_2025-11-20_0656|BY_IF
100000000110|1003|VF|981|981|27-MAR-2027|27-MAR-2027|75|0|100000000110_1003_VF|IFTransmode| |202547|CONSTRAINED|CONSTRAINED|CONSTRAINED_202547_2025-11-20_0656|BY_IF
100000000110|1003|VF|982|982|03-APR-2027|03-APR-2027|75|0|100000000110_1003_VF|IFTransmode| |202547|CONSTRAINED|CONSTRAINED|CONSTRAINED_202547_2025-11-20_0656|BY_IF
100000000110|1003|VF|983|983|08-MAY-2027|08-MAY-2027|75|0|100000000110_1003_VF|IFTransmode| |202547|CONSTRAINED|CONSTRAINED|CONSTRAINED_202547_2025-11-20_0656|BY_IF
100000000110|1003|VF|984|984|22-MAY-2027|22-MAY-2027|75|0|100000000110_1003_VF|IFTransmode| |202547|CONSTRAINED|CONSTRAINED|CONSTRAINED_202547_2025-11-20_0656|BY_IF
100000000110|1003|VF|985|985|19-JUN-2027|19-JUN-2027|75|0|100000000110_1003_VF|IFTransmode| |202547|CONSTRAINED|CONSTRAINED|CONSTRAINED_202547_2025-11-20_0656|BY_IF
100000000110|1003|VF|986|986|26-JUN-2027|26-JUN-2027|75|0|100000000110_1003_VF|IFTransmode| |202547|CONSTRAINED|CONSTRAINED|CONSTRAINED_202547_2025-11-20_0656|BY_IF
100000000110|1003|VF|987|987|03-JUL-2027|03-JUL-2027|75|0|100000000110_1003_VF|IFTransmode| |202547|CONSTRAINED|CONSTRAINED|CONSTRAINED_202547_2025-11-20_0656|BY_IF
100000000110|1003|VF|988|988|17-JUL-2027|17-JUL-2027|75|0|100000000110_1003_VF|IFTransmode| |202547|CONSTRAINED|CONSTRAINED|CONSTRAINED_202547_2025-11-20_0656|BY_IF
100000000111|1006|VF|4871|4871|22-NOV-2025|22-NOV-2025|38|0|100000000111_1006_VF|IFTransmode| |202547|CONSTRAINED|CONSTRAINED|CONSTRAINED_202547_2025-11-20_0656|BY_IF
100000000111|1006|VF|4872|4872|01-AUG-2026|01-AUG-2026|75|0|100000000111_1006_VF|IFTransmode| |202547|CONSTRAINED|CONSTRAINED|CONSTRAINED_202547_2025-11-20_0656|BY_IF
100000000111|1006|VF|4873|4873|08-AUG-2026|08-AUG-2026|75|0|100000000111_1006_VF|IFTransmode| |202547|CONSTRAINED|CONSTRAINED|CONSTRAINED_202547_2025-11-20_0656|BY_IF
100000000111|1006|VF|4874|4874|15-AUG-2026|15-AUG-2026|75|0|100000000111_1006_VF|IFTransmode| |202547|CONSTRAINED|CONSTRAINED|CONSTRAINED_202547_2025-11-20_0656|BY_IF
100000000111|1006|VF|4875|4875|22-AUG-2026|22-AUG-2026|75|0|100000000111_1006_VF|IFTransmode| |202547|CONSTRAINED|CONSTRAINED|CONSTRAINED_202547_2025-11-20_0656|BY_IF
100000000111|1006|VF|4876|4876|29-AUG-2026|29-AUG-2026|75|0|100000000111_1006_VF|IFTransmode| |202547|CONSTRAINED|CONSTRAINED|CONSTRAINED_202547_2025-11-20_0656|BY_IF
100000000111|1006|VF|4877|4877|05-SEP-2026|05-SEP-2026|75|0|100000000111_1006_VF|IFTransmode| |202547|CONSTRAINED|CONSTRAINED|CONSTRAINED_202547_2025-11-20_0656|BY_IF
100000000111|1006|VF|4878|4878|12-SEP-2026|12-SEP-2026|75|0|100000000111_1006_VF|IFTransmode| |202547|CONSTRAINED|CONSTRAINED|CONSTRAINED_202547_2025-11-20_0656|BY_IF
100000000111|1006|VF|4879|4879|19-SEP-2026|19-SEP-2026|75|0|100000000111_1006_VF|IFTransmode| |202547|CONSTRAINED|CONSTRAINED|CONSTRAINED_202547_2025-11-20_0656|BY_IF
100000000111|1006|VF|4880|4880|26-SEP-2026|26-SEP-2026|75|0|100000000111_1006_VF|IFTransmode| |202547|CONSTRAINED|CONSTRAINED|CONSTRAINED_202547_2025-11-20_0656|BY_IF
100000000111|1006|VF|4881|4881|03-OCT-2026|03-OCT-2026|75|0|100000000111_1006_VF|IFTransmode| |202547|CONSTRAINED|CONSTRAINED|CONSTRAINED_202547_2025-11-20_0656|BY_IF
100000000111|1006|VF|4882|4882|10-OCT-2026|10-OCT-2026|75|0|100000000111_1006_VF|IFTransmode| |202547|CONSTRAINED|CONSTRAINED|CONSTRAINED_202547_2025-11-20_0656|BY_IF
100000000111|1006|VF|4883|4883|17-OCT-2026|17-OCT-2026|75|0|100000000111_1006_VF|IFTransmode| |202547|CONSTRAINED|CONSTRAINED|CONSTRAINED_202547_2025-11-20_0656|BY_IF
100000000111|1006|VF|4884|4884|24-OCT-2026|24-OCT-2026|75|0|100000000111_1006_VF|IFTransmode| |202547|CONSTRAINED|CONSTRAINED|CONSTRAINED_202547_2025-11-20_0656|BY_IF
100000000111|1006|VF|4885|4885|31-OCT-2026|31-OCT-2026|75|0|100000000111_1006_VF|IFTransmode| |202547|CONSTRAINED|CONSTRAINED|CONSTRAINED_202547_2025-11-20_0656|BY_IF
100000000111|1006|VF|4886|4886|07-NOV-2026|07-NOV-2026|75|0|100000000111_1006_VF|IFTransmode| |202547|CONSTRAINED|CONSTRAINED|CONSTRAINED_202547_2025-11-20_0656|BY_IF
100000000111|1006|VF|4887|4887|14-NOV-2026|14-NOV-2026|75|0|100000000111_1006_VF|IFTransmode| |202547|CONSTRAINED|CONSTRAINED|CONSTRAINED_202547_2025-11-20_0656|BY_IF
100000000111|1006|VF|4888|4888|21-NOV-2026|21-NOV-2026|75|0|100000000111_1006_VF|IFTransmode| |202547|CONSTRAINED|CONSTRAINED|CONSTRAINED_202547_2025-11-20_0656|BY_IF
100000000111|1006|VF|4889|4889|28-NOV-2026|28-NOV-2026|75|0|100000000111_1006_VF|IFTransmode| |202547|CONSTRAINED|CONSTRAINED|CONSTRAINED_202547_2025-11-20_0656|BY_IF
100000000111|1006|VF|4890|4890|05-DEC-2026|05-DEC-2026|75|0|100000000111_1006_VF|IFTransmode| |202547|CONSTRAINED|CONSTRAINED|CONSTRAINED_202547_2025-11-20_0656|BY_IF
100000000111|1006|VF|4891|4891|12-DEC-2026|12-DEC-2026|75|0|100000000111_1006_VF|IFTransmode| |202547|CONSTRAINED|CONSTRAINED|CONSTRAINED_202547_2025-11-20_0656|BY_IF
100000000111|1006|VF|4892|4892|19-DEC-2026|19-DEC-2026|75|0|100000000111_1006_VF|IFTransmode| |202547|CONSTRAINED|CONSTRAINED|CONSTRAINED_202547_2025-11-20_0656|BY_IF
100000000111|1006|VF|4893|4893|26-DEC-2026|26-DEC-2026|75|0|100000000111_1006_VF|IFTransmode| |202547|CONSTRAINED|CONSTRAINED|CONSTRAINED_202547_2025-11-20_0656|BY_IF
100000000111|1006|VF|4894|4894|02-JAN-2027|02-JAN-2027|75|0|100000000111_1006_VF|IFTransmode| |202547|CONSTRAINED|CONSTRAINED|CONSTRAINED_202547_2025-11-20_0656|BY_IF
100000000111|1006|VF|4895|4895|09-JAN-2027|09-JAN-2027|75|0|100000000111_1006_VF|IFTransmode| |202547|CONSTRAINED|CONSTRAINED|CONSTRAINED_202547_2025-11-20_0656|BY_IF
100000000111|1006|VF|4896|4896|16-JAN-2027|16-JAN-2027|75|0|100000000111_1006_VF|IFTransmode| |202547|CONSTRAINED|CONSTRAINED|CONSTRAINED_202547_2025-11-20_0656|BY_IF
100000000111|1006|VF|4897|4897|23-JAN-2027|23-JAN-2027|75|0|100000000111_1006_VF|IFTransmode| |202547|CONSTRAINED|CONSTRAINED|CONSTRAINED_202547_2025-11-20_0656|BY_IF
100000000111|1006|VF|4898|4898|30-JAN-2027|30-JAN-2027|75|0|100000000111_1006_VF|IFTransmode| |202547|CONSTRAINED|CONSTRAINED|CONSTRAINED_202547_2025-11-20_0656|BY_IF
100000000111|1006|VF|4899|4899|06-FEB-2027|06-FEB-2027|75|0|100000000111_1006_VF|IFTransmode| |202547|CONSTRAINED|CONSTRAINED|CONSTRAINED_202547_2025-11-20_0656|BY_IF
100000000111|1006|VF|4900|4900|13-FEB-2027|13-FEB-2027|75|0|100000000111_1006_VF|IFTransmode| |202547|CONSTRAINED|CONSTRAINED|CONSTRAINED_202547_2025-11-20_0656|BY_IF
100000000111|1006|VF|4901|4901|20-FEB-2027|20-FEB-2027|75|0|100000000111_1006_VF|IFTransmode| |202547|CONSTRAINED|CONSTRAINED|CONSTRAINED_202547_2025-11-20_0656|BY_IF
100000000111|1006|VF|4902|4902|27-FEB-2027|27-FEB-2027|75|0|100000000111_1006_VF|IFTransmode| |202547|CONSTRAINED|CONSTRAINED|CONSTRAINED_202547_2025-11-20_0656|BY_IF
100000000111|1006|VF|4903|4903|06-MAR-2027|06-MAR-2027|75|0|100000000111_1006_VF|IFTransmode| |202547|CONSTRAINED|CONSTRAINED|CONSTRAINED_202547_2025-11-20_0656|BY_IF
100000000111|1006|VF|4904|4904|13-MAR-2027|13-MAR-2027|75|0|100000000111_1006_VF|IFTransmode| |202547|CONSTRAINED|CONSTRAINED|CONSTRAINED_202547_2025-11-20_0656|BY_IF
100000000111|1006|VF|4905|4905|20-MAR-2027|20-MAR-2027|75|0|100000000111_1006_VF|IFTransmode| |202547|CONSTRAINED|CONSTRAINED|CONSTRAINED_202547_2025-11-20_0656|BY_IF
100000000111|1006|VF|4906|4906|27-MAR-2027|27-MAR-2027|75|0|100000000111_1006_VF|IFTransmode| |202547|CONSTRAINED|CONSTRAINED|CONSTRAINED_202547_2025-11-20_0656|BY_IF
100000000111|1006|VF|4907|4907|03-APR-2027|03-APR-2027|75|0|100000000111_1006_VF|IFTransmode| |202547|CONSTRAINED|CONSTRAINED|CONSTRAINED_202547_2025-11-20_0656|BY_IF
100000000111|1006|VF|4908|4908|10-APR-2027|10-APR-2027|75|0|100000000111_1006_VF|IFTransmode| |202547|CONSTRAINED|CONSTRAINED|CONSTRAINED_202547_2025-11-20_0656|BY_IF
100000000111|1006|VF|4909|4909|17-APR-2027|17-APR-2027|75|0|100000000111_1006_VF|IFTransmode| |202547|CONSTRAINED|CONSTRAINED|CONSTRAINED_202547_2025-11-20_0656|BY_IF
100000000111|1006|VF|4910|4910|24-APR-2027|24-APR-2027|75|0|100000000111_1006_VF|IFTransmode| |202547|CONSTRAINED|CONSTRAINED|CONSTRAINED_202547_2025-11-20_0656|BY_IF
100000000111|1006|VF|4911|4911|01-MAY-2027|01-MAY-2027|75|0|100000000111_1006_VF|IFTransmode| |202547|CONSTRAINED|CONSTRAINED|CONSTRAINED_202547_2025-11-20_0656|BY_IF
100000000111|1006|VF|4912|4912|08-MAY-2027|08-MAY-2027|75|0|100000000111_1006_VF|IFTransmode| |202547|CONSTRAINED|CONSTRAINED|CONSTRAINED_202547_2025-11-20_0656|BY_IF
100000000111|1006|VF|4913|4913|15-MAY-2027|15-MAY-2027|75|0|100000000111_1006_VF|IFTransmode| |202547|CONSTRAINED|CONSTRAINED|CONSTRAINED_202547_2025-11-20_0656|BY_IF
100000000111|1006|VF|4914|4914|22-MAY-2027|22-MAY-2027|75|0|100000000111_1006_VF|IFTransmode| |202547|CONSTRAINED|CONSTRAINED|CONSTRAINED_202547_2025-11-20_0656|BY_IF
100000000111|1006|VF|4915|4915|29-MAY-2027|29-MAY-2027|75|0|100000000111_1006_VF|IFTransmode| |202547|CONSTRAINED|CONSTRAINED|CONSTRAINED_202547_2025-11-20_0656|BY_IF
100000000111|1006|VF|4916|4916|05-JUN-2027|05-JUN-2027|75|0|100000000111_1006_VF|IFTransmode| |202547|CONSTRAINED|CONSTRAINED|CONSTRAINED_202547_2025-11-20_0656|BY_IF
100000000111|1006|VF|4917|4917|12-JUN-2027|12-JUN-2027|75|0|100000000111_1006_VF|IFTransmode| |202547|CONSTRAINED|CONSTRAINED|CONSTRAINED_202547_2025-11-20_0656|BY_IF
100000000111|1006|VF|4918|4918|19-JUN-2027|19-JUN-2027|75|0|100000000111_1006_VF|IFTransmode| |202547|CONSTRAINED|CONSTRAINED|CONSTRAINED_202547_2025-11-20_0656|BY_IF
100000000111|1006|VF|4919|4919|26-JUN-2027|26-JUN-2027|75|0|100000000111_1006_VF|IFTransmode| |202547|CONSTRAINED|CONSTRAINED|CONSTRAINED_202547_2025-11-20_0656|BY_IF
100000000111|1006|VF|4920|4920|03-JUL-2027|03-JUL-2027|75|0|100000000111_1006_VF|IFTransmode| |202547|CONSTRAINED|CONSTRAINED|CONSTRAINED_202547_2025-11-20_0656|BY_IF
100000000111|1006|VF|4921|4921|10-JUL-2027|10-JUL-2027|75|0|100000000111_1006_VF|IFTransmode| |202547|CONSTRAINED|CONSTRAINED|CONSTRAINED_202547_2025-11-20_0656|BY_IF
100000000111|1006|VF|4922|4922|17-JUL-2027|17-JUL-2027|75|0|100000000111_1006_VF|IFTransmode| |202547|CONSTRAINED|CONSTRAINED|CONSTRAINED_202547_2025-11-20_0656|BY_IF
100000000111|1006|VF|4923|4923|24-JUL-2027|24-JUL-2027|75|0|100000000111_1006_VF|IFTransmode| |202547|CONSTRAINED|CONSTRAINED|CONSTRAINED_202547_2025-11-20_0656|BY_IF
100000000112|1006|VF|5926|5926|22-NOV-2025|22-NOV-2025|38|0|100000000112_1006_VF|IFTransmode| |202547|CONSTRAINED|CONSTRAINED|CONSTRAINED_202547_2025-11-20_0656|BY_IF
100000000112|1006|VF|5927|5927|01-AUG-2026|01-AUG-2026|75|0|100000000112_1006_VF|IFTransmode| |202547|CONSTRAINED|CONSTRAINED|CONSTRAINED_202547_2025-11-20_0656|BY_IF
100000000112|1006|VF|5928|5928|08-AUG-2026|08-AUG-2026|75|0|100000000112_1006_VF|IFTransmode| |202547|CONSTRAINED|CONSTRAINED|CONSTRAINED_202547_2025-11-20_0656|BY_IF
100000000112|1006|VF|5929|5929|15-AUG-2026|15-AUG-2026|75|0|100000000112_1006_VF|IFTransmode| |202547|CONSTRAINED|CONSTRAINED|CONSTRAINED_202547_2025-11-20_0656|BY_IF
100000000112|1006|VF|5930|5930|22-AUG-2026|22-AUG-2026|75|0|100000000112_1006_VF|IFTransmode| |202547|CONSTRAINED|CONSTRAINED|CONSTRAINED_202547_2025-11-20_0656|BY_IF
100000000112|1006|VF|5931|5931|29-AUG-2026|29-AUG-2026|75|0|100000000112_1006_VF|IFTransmode| |202547|CONSTRAINED|CONSTRAINED|CONSTRAINED_202547_2025-11-20_0656|BY_IF
100000000112|1006|VF|5932|5932|05-SEP-2026|05-SEP-2026|75|0|100000000112_1006_VF|IFTransmode| |202547|CONSTRAINED|CONSTRAINED|CONSTRAINED_202547_2025-11-20_0656|BY_IF
100000000112|1006|VF|5933|5933|12-SEP-2026|12-SEP-2026|75|0|100000000112_1006_VF|IFTransmode| |202547|CONSTRAINED|CONSTRAINED|CONSTRAINED_202547_2025-11-20_0656|BY_IF
100000000112|1006|VF|5934|5934|19-SEP-2026|19-SEP-2026|75|0|100000000112_1006_VF|IFTransmode| |202547|CONSTRAINED|CONSTRAINED|CONSTRAINED_202547_2025-11-20_0656|BY_IF
100000000112|1006|VF|5935|5935|26-SEP-2026|26-SEP-2026|75|0|100000000112_1006_VF|IFTransmode| |202547|CONSTRAINED|CONSTRAINED|CONSTRAINED_202547_2025-11-20_0656|BY_IF
100000000112|1006|VF|5936|5936|03-OCT-2026|03-OCT-2026|75|0|100000000112_1006_VF|IFTransmode| |202547|CONSTRAINED|CONSTRAINED|CONSTRAINED_202547_2025-11-20_0656|BY_IF
100000000112|1006|VF|5937|5937|10-OCT-2026|10-OCT-2026|75|0|100000000112_1006_VF|IFTransmode| |202547|CONSTRAINED|CONSTRAINED|CONSTRAINED_202547_2025-11-20_0656|BY_IF
100000000112|1006|VF|5938|5938|17-OCT-2026|17-OCT-2026|75|0|100000000112_1006_VF|IFTransmode| |202547|CONSTRAINED|CONSTRAINED|CONSTRAINED_202547_2025-11-20_0656|BY_IF
100000000112|1006|VF|5939|5939|24-OCT-2026|24-OCT-2026|75|0|100000000112_1006_VF|IFTransmode| |202547|CONSTRAINED|CONSTRAINED|CONSTRAINED_202547_2025-11-20_0656|BY_IF
100000000112|1006|VF|5940|5940|31-OCT-2026|31-OCT-2026|75|0|100000000112_1006_VF|IFTransmode| |202547|CONSTRAINED|CONSTRAINED|CONSTRAINED_202547_2025-11-20_0656|BY_IF
100000000112|1006|VF|5941|5941|07-NOV-2026|07-NOV-2026|75|0|100000000112_1006_VF|IFTransmode| |202547|CONSTRAINED|CONSTRAINED|CONSTRAINED_202547_2025-11-20_0656|BY_IF
100000000112|1006|VF|5942|5942|14-NOV-2026|14-NOV-2026|75|0|100000000112_1006_VF|IFTransmode| |202547|CONSTRAINED|CONSTRAINED|CONSTRAINED_202547_2025-11-20_0656|BY_IF
100000000112|1006|VF|5943|5943|21-NOV-2026|21-NOV-2026|75|0|100000000112_1006_VF|IFTransmode| |202547|CONSTRAINED|CONSTRAINED|CONSTRAINED_202547_2025-11-20_0656|BY_IF
100000000112|1006|VF|5944|5944|28-NOV-2026|28-NOV-2026|75|0|100000000112_1006_VF|IFTransmode| |202547|CONSTRAINED|CONSTRAINED|CONSTRAINED_202547_2025-11-20_0656|BY_IF
100000000112|1006|VF|5945|5945|05-DEC-2026|05-DEC-2026|75|0|100000000112_1006_VF|IFTransmode| |202547|CONSTRAINED|CONSTRAINED|CONSTRAINED_202547_2025-11-20_0656|BY_IF
100000000112|1006|VF|5946|5946|12-DEC-2026|12-DEC-2026|75|0|100000000112_1006_VF|IFTransmode| |202547|CONSTRAINED|CONSTRAINED|CONSTRAINED_202547_2025-11-20_0656|BY_IF
100000000112|1006|VF|5947|5947|19-DEC-2026|19-DEC-2026|75|0|100000000112_1006_VF|IFTransmode| |202547|CONSTRAINED|CONSTRAINED|CONSTRAINED_202547_2025-11-20_0656|BY_IF
100000000112|1006|VF|5948|5948|26-DEC-2026|26-DEC-2026|75|0|100000000112_1006_VF|IFTransmode| |202547|CONSTRAINED|CONSTRAINED|CONSTRAINED_202547_2025-11-20_0656|BY_IF
100000000112|1006|VF|5949|5949|02-JAN-2027|02-JAN-2027|75|0|100000000112_1006_VF|IFTransmode| |202547|CONSTRAINED|CONSTRAINED|CONSTRAINED_202547_2025-11-20_0656|BY_IF
100000000112|1006|VF|5950|5950|09-JAN-2027|09-JAN-2027|75|0|100000000112_1006_VF|IFTransmode| |202547|CONSTRAINED|CONSTRAINED|CONSTRAINED_202547_2025-11-20_0656|BY_IF
100000000112|1006|VF|5951|5951|16-JAN-2027|16-JAN-2027|75|0|100000000112_1006_VF|IFTransmode| |202547|CONSTRAINED|CONSTRAINED|CONSTRAINED_202547_2025-11-20_0656|BY_IF
100000000112|1006|VF|5952|5952|23-JAN-2027|23-JAN-2027|75|0|100000000112_1006_VF|IFTransmode| |202547|CONSTRAINED|CONSTRAINED|CONSTRAINED_202547_2025-11-20_0656|BY_IF
100000000112|1006|VF|5953|5953|30-JAN-2027|30-JAN-2027|75|0|100000000112_1006_VF|IFTransmode| |202547|CONSTRAINED|CONSTRAINED|CONSTRAINED_202547_2025-11-20_0656|BY_IF
100000000112|1006|VF|5954|5954|06-FEB-2027|06-FEB-2027|75|0|100000000112_1006_VF|IFTransmode| |202547|CONSTRAINED|CONSTRAINED|CONSTRAINED_202547_2025-11-20_0656|BY_IF
100000000112|1006|VF|5955|5955|13-FEB-2027|13-FEB-2027|75|0|100000000112_1006_VF|IFTransmode| |202547|CONSTRAINED|CONSTRAINED|CONSTRAINED_202547_2025-11-20_0656|BY_IF
100000000112|1006|VF|5956|5956|20-FEB-2027|20-FEB-2027|75|0|100000000112_1006_VF|IFTransmode| |202547|CONSTRAINED|CONSTRAINED|CONSTRAINED_202547_2025-11-20_0656|BY_IF
100000000112|1006|VF|5957|5957|27-FEB-2027|27-FEB-2027|75|0|100000000112_1006_VF|IFTransmode| |202547|CONSTRAINED|CONSTRAINED|CONSTRAINED_202547_2025-11-20_0656|BY_IF
100000000112|1006|VF|5958|5958|06-MAR-2027|06-MAR-2027|75|0|100000000112_1006_VF|IFTransmode| |202547|CONSTRAINED|CONSTRAINED|CONSTRAINED_202547_2025-11-20_0656|BY_IF
100000000112|1006|VF|5959|5959|13-MAR-2027|13-MAR-2027|75|0|100000000112_1006_VF|IFTransmode| |202547|CONSTRAINED|CONSTRAINED|CONSTRAINED_202547_2025-11-20_0656|BY_IF
100000000112|1006|VF|5960|5960|20-MAR-2027|20-MAR-2027|75|0|100000000112_1006_VF|IFTransmode| |202547|CONSTRAINED|CONSTRAINED|CONSTRAINED_202547_2025-11-20_0656|BY_IF
100000000112|1006|VF|5961|5961|27-MAR-2027|27-MAR-2027|75|0|100000000112_1006_VF|IFTransmode| |202547|CONSTRAINED|CONSTRAINED|CONSTRAINED_202547_2025-11-20_0656|BY_IF
100000000112|1006|VF|5962|5962|03-APR-2027|03-APR-2027|75|0|100000000112_1006_VF|IFTransmode| |202547|CONSTRAINED|CONSTRAINED|CONSTRAINED_202547_2025-11-20_0656|BY_IF
100000000112|1006|VF|5963|5963|10-APR-2027|10-APR-2027|75|0|100000000112_1006_VF|IFTransmode| |202547|CONSTRAINED|CONSTRAINED|CONSTRAINED_202547_2025-11-20_0656|BY_IF
100000000112|1006|VF|5964|5964|17-APR-2027|17-APR-2027|75|0|100000000112_1006_VF|IFTransmode| |202547|CONSTRAINED|CONSTRAINED|CONSTRAINED_202547_2025-11-20_0656|BY_IF
100000000112|1006|VF|5965|5965|24-APR-2027|24-APR-2027|75|0|100000000112_1006_VF|IFTransmode| |202547|CONSTRAINED|CONSTRAINED|CONSTRAINED_202547_2025-11-20_0656|BY_IF
100000000112|1006|VF|5966|5966|01-MAY-2027|01-MAY-2027|75|0|100000000112_1006_VF|IFTransmode| |202547|CONSTRAINED|CONSTRAINED|CONSTRAINED_202547_2025-11-20_0656|BY_IF
100000000112|1006|VF|5967|5967|08-MAY-2027|08-MAY-2027|75|0|100000000112_1006_VF|IFTransmode| |202547|CONSTRAINED|CONSTRAINED|CONSTRAINED_202547_2025-11-20_0656|BY_IF
100000000112|1006|VF|5968|5968|15-MAY-2027|15-MAY-2027|75|0|100000000112_1006_VF|IFTransmode| |202547|CONSTRAINED|CONSTRAINED|CONSTRAINED_202547_2025-11-20_0656|BY_IF
100000000112|1006|VF|5969|5969|22-MAY-2027|22-MAY-2027|75|0|100000000112_1006_VF|IFTransmode| |202547|CONSTRAINED|CONSTRAINED|CONSTRAINED_202547_2025-11-20_0656|BY_IF
100000000112|1006|VF|5970|5970|29-MAY-2027|29-MAY-2027|75|0|100000000112_1006_VF|IFTransmode| |202547|CONSTRAINED|CONSTRAINED|CONSTRAINED_202547_2025-11-20_0656|BY_IF
100000000112|1006|VF|5971|5971|05-JUN-2027|05-JUN-2027|75|0|100000000112_1006_VF|IFTransmode| |202547|CONSTRAINED|CONSTRAINED|CONSTRAINED_202547_2025-11-20_0656|BY_IF
100000000112|1006|VF|5972|5972|12-JUN-2027|12-JUN-2027|75|0|100000000112_1006_VF|IFTransmode| |202547|CONSTRAINED|CONSTRAINED|CONSTRAINED_202547_2025-11-20_0656|BY_IF
100000000112|1006|VF|5973|5973|19-JUN-2027|19-JUN-2027|75|0|100000000112_1006_VF|IFTransmode| |202547|CONSTRAINED|CONSTRAINED|CONSTRAINED_202547_2025-11-20_0656|BY_IF
100000000112|1006|VF|5974|5974|26-JUN-2027|26-JUN-2027|75|0|100000000112_1006_VF|IFTransmode| |202547|CONSTRAINED|CONSTRAINED|CONSTRAINED_202547_2025-11-20_0656|BY_IF
100000000112|1006|VF|5975|5975|03-JUL-2027|03-JUL-2027|75|0|100000000112_1006_VF|IFTransmode| |202547|CONSTRAINED|CONSTRAINED|CONSTRAINED_202547_2025-11-20_0656|BY_IF
100000000112|1006|VF|5976|5976|10-JUL-2027|10-JUL-2027|75|0|100000000112_1006_VF|IFTransmode| |202547|CONSTRAINED|CONSTRAINED|CONSTRAINED_202547_2025-11-20_0656|BY_IF
100000000112|1006|VF|5977|5977|17-JUL-2027|17-JUL-2027|75|0|100000000112_1006_VF|IFTransmode| |202547|CONSTRAINED|CONSTRAINED|CONSTRAINED_202547_2025-11-20_0656|BY_IF
100000000112|1006|VF|5978|5978|24-JUL-2027|24-JUL-2027|75|0|100000000112_1006_VF|IFTransmode| |202547|CONSTRAINED|CONSTRAINED|CONSTRAINED_202547_2025-11-20_0656|BY_IF
100000000113|1006|VF|4468|4468|22-NOV-2025|22-NOV-2025|38|0|100000000113_1006_VF|IFTransmode| |202547|CONSTRAINED|CONSTRAINED|CONSTRAINED_202547_2025-11-20_0656|BY_IF
100000000113|1006|VF|4469|4469|01-AUG-2026|01-AUG-2026|75|0|100000000113_1006_VF|IFTransmode| |202547|CONSTRAINED|CONSTRAINED|CONSTRAINED_202547_2025-11-20_0656|BY_IF
100000000113|1006|VF|4470|4470|08-AUG-2026|08-AUG-2026|75|0|100000000113_1006_VF|IFTransmode| |202547|CONSTRAINED|CONSTRAINED|CONSTRAINED_202547_2025-11-20_0656|BY_IF
100000000113|1006|VF|4471|4471|15-AUG-2026|15-AUG-2026|75|0|100000000113_1006_VF|IFTransmode| |202547|CONSTRAINED|CONSTRAINED|CONSTRAINED_202547_2025-11-20_0656|BY_IF
100000000113|1006|VF|4472|4472|22-AUG-2026|22-AUG-2026|75|0|100000000113_1006_VF|IFTransmode| |202547|CONSTRAINED|CONSTRAINED|CONSTRAINED_202547_2025-11-20_0656|BY_IF
100000000113|1006|VF|4473|4473|29-AUG-2026|29-AUG-2026|75|0|100000000113_1006_VF|IFTransmode| |202547|CONSTRAINED|CONSTRAINED|CONSTRAINED_202547_2025-11-20_0656|BY_IF
100000000113|1006|VF|4474|4474|05-SEP-2026|05-SEP-2026|75|0|100000000113_1006_VF|IFTransmode| |202547|CONSTRAINED|CONSTRAINED|CONSTRAINED_202547_2025-11-20_0656|BY_IF
100000000113|1006|VF|4475|4475|12-SEP-2026|12-SEP-2026|75|0|100000000113_1006_VF|IFTransmode| |202547|CONSTRAINED|CONSTRAINED|CONSTRAINED_202547_2025-11-20_0656|BY_IF
100000000113|1006|VF|4476|4476|19-SEP-2026|19-SEP-2026|75|0|100000000113_1006_VF|IFTransmode| |202547|CONSTRAINED|CONSTRAINED|CONSTRAINED_202547_2025-11-20_0656|BY_IF
100000000113|1006|VF|4477|4477|26-SEP-2026|26-SEP-2026|75|0|100000000113_1006_VF|IFTransmode| |202547|CONSTRAINED|CONSTRAINED|CONSTRAINED_202547_2025-11-20_0656|BY_IF
100000000113|1006|VF|4478|4478|03-OCT-2026|03-OCT-2026|75|0|100000000113_1006_VF|IFTransmode| |202547|CONSTRAINED|CONSTRAINED|CONSTRAINED_202547_2025-11-20_0656|BY_IF
100000000113|1006|VF|4479|4479|10-OCT-2026|10-OCT-2026|75|0|100000000113_1006_VF|IFTransmode| |202547|CONSTRAINED|CONSTRAINED|CONSTRAINED_202547_2025-11-20_0656|BY_IF
100000000113|1006|VF|4480|4480|17-OCT-2026|17-OCT-2026|75|0|100000000113_1006_VF|IFTransmode| |202547|CONSTRAINED|CONSTRAINED|CONSTRAINED_202547_2025-11-20_0656|BY_IF
100000000113|1006|VF|4481|4481|24-OCT-2026|24-OCT-2026|75|0|100000000113_1006_VF|IFTransmode| |202547|CONSTRAINED|CONSTRAINED|CONSTRAINED_202547_2025-11-20_0656|BY_IF
100000000113|1006|VF|4482|4482|31-OCT-2026|31-OCT-2026|75|0|100000000113_1006_VF|IFTransmode| |202547|CONSTRAINED|CONSTRAINED|CONSTRAINED_202547_2025-11-20_0656|BY_IF
100000000113|1006|VF|4483|4483|07-NOV-2026|07-NOV-2026|75|0|100000000113_1006_VF|IFTransmode| |202547|CONSTRAINED|CONSTRAINED|CONSTRAINED_202547_2025-11-20_0656|BY_IF
100000000113|1006|VF|4484|4484|14-NOV-2026|14-NOV-2026|75|0|100000000113_1006_VF|IFTransmode| |202547|CONSTRAINED|CONSTRAINED|CONSTRAINED_202547_2025-11-20_0656|BY_IF
100000000113|1006|VF|4485|4485|21-NOV-2026|21-NOV-2026|75|0|100000000113_1006_VF|IFTransmode| |202547|CONSTRAINED|CONSTRAINED|CONSTRAINED_202547_2025-11-20_0656|BY_IF
100000000113|1006|VF|4486|4486|28-NOV-2026|28-NOV-2026|75|0|100000000113_1006_VF|IFTransmode| |202547|CONSTRAINED|CONSTRAINED|CONSTRAINED_202547_2025-11-20_0656|BY_IF
100000000113|1006|VF|4487|4487|05-DEC-2026|05-DEC-2026|75|0|100000000113_1006_VF|IFTransmode| |202547|CONSTRAINED|CONSTRAINED|CONSTRAINED_202547_2025-11-20_0656|BY_IF
100000000113|1006|VF|4488|4488|12-DEC-2026|12-DEC-2026|75|0|100000000113_1006_VF|IFTransmode| |202547|CONSTRAINED|CONSTRAINED|CONSTRAINED_202547_2025-11-20_0656|BY_IF
100000000113|1006|VF|4489|4489|19-DEC-2026|19-DEC-2026|75|0|100000000113_1006_VF|IFTransmode| |202547|CONSTRAINED|CONSTRAINED|CONSTRAINED_202547_2025-11-20_0656|BY_IF
100000000113|1006|VF|4490|4490|26-DEC-2026|26-DEC-2026|75|0|100000000113_1006_VF|IFTransmode| |202547|CONSTRAINED|CONSTRAINED|CONSTRAINED_202547_2025-11-20_0656|BY_IF
100000000113|1006|VF|4491|4491|02-JAN-2027|02-JAN-2027|75|0|100000000113_1006_VF|IFTransmode| |202547|CONSTRAINED|CONSTRAINED|CONSTRAINED_202547_2025-11-20_0656|BY_IF
100000000113|1006|VF|4492|4492|09-JAN-2027|09-JAN-2027|75|0|100000000113_1006_VF|IFTransmode| |202547|CONSTRAINED|CONSTRAINED|CONSTRAINED_202547_2025-11-20_0656|BY_IF
100000000113|1006|VF|4493|4493|16-JAN-2027|16-JAN-2027|75|0|100000000113_1006_VF|IFTransmode| |202547|CONSTRAINED|CONSTRAINED|CONSTRAINED_202547_2025-11-20_0656|BY_IF
100000000113|1006|VF|4494|4494|23-JAN-2027|23-JAN-2027|75|0|100000000113_1006_VF|IFTransmode| |202547|CONSTRAINED|CONSTRAINED|CONSTRAINED_202547_2025-11-20_0656|BY_IF
100000000113|1006|VF|4495|4495|30-JAN-2027|30-JAN-2027|75|0|100000000113_1006_VF|IFTransmode| |202547|CONSTRAINED|CONSTRAINED|CONSTRAINED_202547_2025-11-20_0656|BY_IF
100000000113|1006|VF|4496|4496|06-FEB-2027|06-FEB-2027|75|0|100000000113_1006_VF|IFTransmode| |202547|CONSTRAINED|CONSTRAINED|CONSTRAINED_202547_2025-11-20_0656|BY_IF
100000000113|1006|VF|4497|4497|13-FEB-2027|13-FEB-2027|75|0|100000000113_1006_VF|IFTransmode| |202547|CONSTRAINED|CONSTRAINED|CONSTRAINED_202547_2025-11-20_0656|BY_IF
100000000113|1006|VF|4498|4498|20-FEB-2027|20-FEB-2027|75|0|100000000113_1006_VF|IFTransmode| |202547|CONSTRAINED|CONSTRAINED|CONSTRAINED_202547_2025-11-20_0656|BY_IF
100000000113|1006|VF|4499|4499|27-FEB-2027|27-FEB-2027|75|0|100000000113_1006_VF|IFTransmode| |202547|CONSTRAINED|CONSTRAINED|CONSTRAINED_202547_2025-11-20_0656|BY_IF
100000000113|1006|VF|4500|4500|06-MAR-2027|06-MAR-2027|75|0|100000000113_1006_VF|IFTransmode| |202547|CONSTRAINED|CONSTRAINED|CONSTRAINED_202547_2025-11-20_0656|BY_IF
100000000113|1006|VF|4501|4501|13-MAR-2027|13-MAR-2027|75|0|100000000113_1006_VF|IFTransmode| |202547|CONSTRAINED|CONSTRAINED|CONSTRAINED_202547_2025-11-20_0656|BY_IF
100000000113|1006|VF|4502|4502|20-MAR-2027|20-MAR-2027|75|0|100000000113_1006_VF|IFTransmode| |202547|CONSTRAINED|CONSTRAINED|CONSTRAINED_202547_2025-11-20_0656|BY_IF
100000000113|1006|VF|4503|4503|27-MAR-2027|27-MAR-2027|75|0|100000000113_1006_VF|IFTransmode| |202547|CONSTRAINED|CONSTRAINED|CONSTRAINED_202547_2025-11-20_0656|BY_IF
100000000113|1006|VF|4504|4504|03-APR-2027|03-APR-2027|75|0|100000000113_1006_VF|IFTransmode| |202547|CONSTRAINED|CONSTRAINED|CONSTRAINED_202547_2025-11-20_0656|BY_IF
100000000113|1006|VF|4505|4505|10-APR-2027|10-APR-2027|75|0|100000000113_1006_VF|IFTransmode| |202547|CONSTRAINED|CONSTRAINED|CONSTRAINED_202547_2025-11-20_0656|BY_IF
100000000113|1006|VF|4506|4506|17-APR-2027|17-APR-2027|75|0|100000000113_1006_VF|IFTransmode| |202547|CONSTRAINED|CONSTRAINED|CONSTRAINED_202547_2025-11-20_0656|BY_IF
100000000113|1006|VF|4507|4507|24-APR-2027|24-APR-2027|75|0|100000000113_1006_VF|IFTransmode| |202547|CONSTRAINED|CONSTRAINED|CONSTRAINED_202547_2025-11-20_0656|BY_IF
100000000113|1006|VF|4508|4508|01-MAY-2027|01-MAY-2027|75|0|100000000113_1006_VF|IFTransmode| |202547|CONSTRAINED|CONSTRAINED|CONSTRAINED_202547_2025-11-20_0656|BY_IF
100000000113|1006|VF|4509|4509|08-MAY-2027|08-MAY-2027|75|0|100000000113_1006_VF|IFTransmode| |202547|CONSTRAINED|CONSTRAINED|CONSTRAINED_202547_2025-11-20_0656|BY_IF
100000000113|1006|VF|4510|4510|15-MAY-2027|15-MAY-2027|75|0|100000000113_1006_VF|IFTransmode| |202547|CONSTRAINED|CONSTRAINED|CONSTRAINED_202547_2025-11-20_0656|BY_IF
100000000113|1006|VF|4511|4511|22-MAY-2027|22-MAY-2027|75|0|100000000113_1006_VF|IFTransmode| |202547|CONSTRAINED|CONSTRAINED|CONSTRAINED_202547_2025-11-20_0656|BY_IF
100000000113|1006|VF|4512|4512|29-MAY-2027|29-MAY-2027|75|0|100000000113_1006_VF|IFTransmode| |202547|CONSTRAINED|CONSTRAINED|CONSTRAINED_202547_2025-11-20_0656|BY_IF
100000000113|1006|VF|4513|4513|05-JUN-2027|05-JUN-2027|75|0|100000000113_1006_VF|IFTransmode| |202547|CONSTRAINED|CONSTRAINED|CONSTRAINED_202547_2025-11-20_0656|BY_IF
100000000113|1006|VF|4514|4514|12-JUN-2027|12-JUN-2027|75|0|100000000113_1006_VF|IFTransmode| |202547|CONSTRAINED|CONSTRAINED|CONSTRAINED_202547_2025-11-20_0656|BY_IF
100000000113|1006|VF|4515|4515|19-JUN-2027|19-JUN-2027|75|0|100000000113_1006_VF|IFTransmode| |202547|CONSTRAINED|CONSTRAINED|CONSTRAINED_202547_2025-11-20_0656|BY_IF
100000000113|1006|VF|4516|4516|26-JUN-2027|26-JUN-2027|75|0|100000000113_1006_VF|IFTransmode| |202547|CONSTRAINED|CONSTRAINED|CONSTRAINED_202547_2025-11-20_0656|BY_IF
100000000113|1006|VF|4517|4517|03-JUL-2027|03-JUL-2027|75|0|100000000113_1006_VF|IFTransmode| |202547|CONSTRAINED|CONSTRAINED|CONSTRAINED_202547_2025-11-20_0656|BY_IF
100000000113|1006|VF|4518|4518|10-JUL-2027|10-JUL-2027|75|0|100000000113_1006_VF|IFTransmode| |202547|CONSTRAINED|CONSTRAINED|CONSTRAINED_202547_2025-11-20_0656|BY_IF
100000000113|1006|VF|4519|4519|17-JUL-2027|17-JUL-2027|75|0|100000000113_1006_VF|IFTransmode| |202547|CONSTRAINED|CONSTRAINED|CONSTRAINED_202547_2025-11-20_0656|BY_IF
100000000113|1006|VF|4520|4520|24-JUL-2027|24-JUL-2027|75|0|100000000113_1006_VF|IFTransmode| |202547|CONSTRAINED|CONSTRAINED|CONSTRAINED_202547_2025-11-20_0656|BY_IF
100000002011|1004|VF|2652|2652|22-NOV-2025|22-NOV-2025|38|0|100000002011_1004_VF|IFTransmode| |202547|CONSTRAINED|CONSTRAINED|CONSTRAINED_202547_2025-11-20_0656|BY_IF
100000002011|1004|VF|2653|2653|01-AUG-2026|01-AUG-2026|75|0|100000002011_1004_VF|IFTransmode| |202547|CONSTRAINED|CONSTRAINED|CONSTRAINED_202547_2025-11-20_0656|BY_IF
100000002011|1004|VF|2654|2654|08-AUG-2026|08-AUG-2026|75|0|100000002011_1004_VF|IFTransmode| |202547|CONSTRAINED|CONSTRAINED|CONSTRAINED_202547_2025-11-20_0656|BY_IF
100000002011|1004|VF|2655|2655|15-AUG-2026|15-AUG-2026|75|0|100000002011_1004_VF|IFTransmode| |202547|CONSTRAINED|CONSTRAINED|CONSTRAINED_202547_2025-11-20_0656|BY_IF
100000002011|1004|VF|2656|2656|22-AUG-2026|22-AUG-2026|75|0|100000002011_1004_VF|IFTransmode| |202547|CONSTRAINED|CONSTRAINED|CONSTRAINED_202547_2025-11-20_0656|BY_IF
100000002011|1004|VF|2657|2657|29-AUG-2026|29-AUG-2026|75|0|100000002011_1004_VF|IFTransmode| |202547|CONSTRAINED|CONSTRAINED|CONSTRAINED_202547_2025-11-20_0656|BY_IF
100000002011|1004|VF|2658|2658|05-SEP-2026|05-SEP-2026|75|0|100000002011_1004_VF|IFTransmode| |202547|CONSTRAINED|CONSTRAINED|CONSTRAINED_202547_2025-11-20_0656|BY_IF
100000002011|1004|VF|2659|2659|12-SEP-2026|12-SEP-2026|75|0|100000002011_1004_VF|IFTransmode| |202547|CONSTRAINED|CONSTRAINED|CONSTRAINED_202547_2025-11-20_0656|BY_IF
100000002011|1004|VF|2660|2660|19-SEP-2026|19-SEP-2026|75|0|100000002011_1004_VF|IFTransmode| |202547|CONSTRAINED|CONSTRAINED|CONSTRAINED_202547_2025-11-20_0656|BY_IF
100000002011|1004|VF|2661|2661|26-SEP-2026|26-SEP-2026|75|0|100000002011_1004_VF|IFTransmode| |202547|CONSTRAINED|CONSTRAINED|CONSTRAINED_202547_2025-11-20_0656|BY_IF
100000002011|1004|VF|2662|2662|03-OCT-2026|03-OCT-2026|75|0|100000002011_1004_VF|IFTransmode| |202547|CONSTRAINED|CONSTRAINED|CONSTRAINED_202547_2025-11-20_0656|BY_IF
100000002011|1004|VF|2663|2663|10-OCT-2026|10-OCT-2026|75|0|100000002011_1004_VF|IFTransmode| |202547|CONSTRAINED|CONSTRAINED|CONSTRAINED_202547_2025-11-20_0656|BY_IF
100000002011|1004|VF|2664|2664|17-OCT-2026|17-OCT-2026|75|0|100000002011_1004_VF|IFTransmode| |202547|CONSTRAINED|CONSTRAINED|CONSTRAINED_202547_2025-11-20_0656|BY_IF
100000002011|1004|VF|2665|2665|24-OCT-2026|24-OCT-2026|75|0|100000002011_1004_VF|IFTransmode| |202547|CONSTRAINED|CONSTRAINED|CONSTRAINED_202547_2025-11-20_0656|BY_IF
100000002011|1004|VF|2666|2666|31-OCT-2026|31-OCT-2026|75|0|100000002011_1004_VF|IFTransmode| |202547|CONSTRAINED|CONSTRAINED|CONSTRAINED_202547_2025-11-20_0656|BY_IF
100000002011|1004|VF|2667|2667|07-NOV-2026|07-NOV-2026|75|0|100000002011_1004_VF|IFTransmode| |202547|CONSTRAINED|CONSTRAINED|CONSTRAINED_202547_2025-11-20_0656|BY_IF
100000002011|1004|VF|2668|2668|14-NOV-2026|14-NOV-2026|75|0|100000002011_1004_VF|IFTransmode| |202547|CONSTRAINED|CONSTRAINED|CONSTRAINED_202547_2025-11-20_0656|BY_IF
100000002011|1004|VF|2669|2669|21-NOV-2026|21-NOV-2026|75|0|100000002011_1004_VF|IFTransmode| |202547|CONSTRAINED|CONSTRAINED|CONSTRAINED_202547_2025-11-20_0656|BY_IF
100000002011|1004|VF|2670|2670|28-NOV-2026|28-NOV-2026|75|0|100000002011_1004_VF|IFTransmode| |202547|CONSTRAINED|CONSTRAINED|CONSTRAINED_202547_2025-11-20_0656|BY_IF
100000002011|1004|VF|2671|2671|05-DEC-2026|05-DEC-2026|75|0|100000002011_1004_VF|IFTransmode| |202547|CONSTRAINED|CONSTRAINED|CONSTRAINED_202547_2025-11-20_0656|BY_IF
100000002011|1004|VF|2672|2672|12-DEC-2026|12-DEC-2026|75|0|100000002011_1004_VF|IFTransmode| |202547|CONSTRAINED|CONSTRAINED|CONSTRAINED_202547_2025-11-20_0656|BY_IF
100000002011|1004|VF|2673|2673|19-DEC-2026|19-DEC-2026|75|0|100000002011_1004_VF|IFTransmode| |202547|CONSTRAINED|CONSTRAINED|CONSTRAINED_202547_2025-11-20_0656|BY_IF
100000002011|1004|VF|2674|2674|26-DEC-2026|26-DEC-2026|75|0|100000002011_1004_VF|IFTransmode| |202547|CONSTRAINED|CONSTRAINED|CONSTRAINED_202547_2025-11-20_0656|BY_IF
100000002011|1004|VF|2675|2675|02-JAN-2027|02-JAN-2027|75|0|100000002011_1004_VF|IFTransmode| |202547|CONSTRAINED|CONSTRAINED|CONSTRAINED_202547_2025-11-20_0656|BY_IF
100000002011|1004|VF|2676|2676|09-JAN-2027|09-JAN-2027|75|0|100000002011_1004_VF|IFTransmode| |202547|CONSTRAINED|CONSTRAINED|CONSTRAINED_202547_2025-11-20_0656|BY_IF
100000002011|1004|VF|2677|2677|16-JAN-2027|16-JAN-2027|75|0|100000002011_1004_VF|IFTransmode| |202547|CONSTRAINED|CONSTRAINED|CONSTRAINED_202547_2025-11-20_0656|BY_IF
100000002011|1004|VF|2678|2678|23-JAN-2027|23-JAN-2027|75|0|100000002011_1004_VF|IFTransmode| |202547|CONSTRAINED|CONSTRAINED|CONSTRAINED_202547_2025-11-20_0656|BY_IF
100000002011|1004|VF|2679|2679|30-JAN-2027|30-JAN-2027|75|0|100000002011_1004_VF|IFTransmode| |202547|CONSTRAINED|CONSTRAINED|CONSTRAINED_202547_2025-11-20_0656|BY_IF
100000002011|1004|VF|2680|2680|06-FEB-2027|06-FEB-2027|75|0|100000002011_1004_VF|IFTransmode| |202547|CONSTRAINED|CONSTRAINED|CONSTRAINED_202547_2025-11-20_0656|BY_IF
100000002011|1004|VF|2681|2681|13-FEB-2027|13-FEB-2027|75|0|100000002011_1004_VF|IFTransmode| |202547|CONSTRAINED|CONSTRAINED|CONSTRAINED_202547_2025-11-20_0656|BY_IF
100000002011|1004|VF|2682|2682|20-FEB-2027|20-FEB-2027|75|0|100000002011_1004_VF|IFTransmode| |202547|CONSTRAINED|CONSTRAINED|CONSTRAINED_202547_2025-11-20_0656|BY_IF
100000002011|1004|VF|2683|2683|27-FEB-2027|27-FEB-2027|75|0|100000002011_1004_VF|IFTransmode| |202547|CONSTRAINED|CONSTRAINED|CONSTRAINED_202547_2025-11-20_0656|BY_IF
100000002011|1004|VF|2684|2684|06-MAR-2027|06-MAR-2027|75|0|100000002011_1004_VF|IFTransmode| |202547|CONSTRAINED|CONSTRAINED|CONSTRAINED_202547_2025-11-20_0656|BY_IF
100000002011|1004|VF|2685|2685|13-MAR-2027|13-MAR-2027|75|0|100000002011_1004_VF|IFTransmode| |202547|CONSTRAINED|CONSTRAINED|CONSTRAINED_202547_2025-11-20_0656|BY_IF
100000002011|1004|VF|2686|2686|20-MAR-2027|20-MAR-2027|75|0|100000002011_1004_VF|IFTransmode| |202547|CONSTRAINED|CONSTRAINED|CONSTRAINED_202547_2025-11-20_0656|BY_IF
100000002011|1004|VF|2687|2687|27-MAR-2027|27-MAR-2027|75|0|100000002011_1004_VF|IFTransmode| |202547|CONSTRAINED|CONSTRAINED|CONSTRAINED_202547_2025-11-20_0656|BY_IF
100000002011|1004|VF|2688|2688|03-APR-2027|03-APR-2027|75|0|100000002011_1004_VF|IFTransmode| |202547|CONSTRAINED|CONSTRAINED|CONSTRAINED_202547_2025-11-20_0656|BY_IF
100000002011|1004|VF|2689|2689|10-APR-2027|10-APR-2027|75|0|100000002011_1004_VF|IFTransmode| |202547|CONSTRAINED|CONSTRAINED|CONSTRAINED_202547_2025-11-20_0656|BY_IF
100000002011|1004|VF|2690|2690|17-APR-2027|17-APR-2027|75|0|100000002011_1004_VF|IFTransmode| |202547|CONSTRAINED|CONSTRAINED|CONSTRAINED_202547_2025-11-20_0656|BY_IF
100000002011|1004|VF|2691|2691|24-APR-2027|24-APR-2027|75|0|100000002011_1004_VF|IFTransmode| |202547|CONSTRAINED|CONSTRAINED|CONSTRAINED_202547_2025-11-20_0656|BY_IF
100000002011|1004|VF|2692|2692|01-MAY-2027|01-MAY-2027|75|0|100000002011_1004_VF|IFTransmode| |202547|CONSTRAINED|CONSTRAINED|CONSTRAINED_202547_2025-11-20_0656|BY_IF
100000002011|1004|VF|2693|2693|08-MAY-2027|08-MAY-2027|75|0|100000002011_1004_VF|IFTransmode| |202547|CONSTRAINED|CONSTRAINED|CONSTRAINED_202547_2025-11-20_0656|BY_IF
100000002011|1004|VF|2694|2694|15-MAY-2027|15-MAY-2027|75|0|100000002011_1004_VF|IFTransmode| |202547|CONSTRAINED|CONSTRAINED|CONSTRAINED_202547_2025-11-20_0656|BY_IF
100000002011|1004|VF|2695|2695|22-MAY-2027|22-MAY-2027|75|0|100000002011_1004_VF|IFTransmode| |202547|CONSTRAINED|CONSTRAINED|CONSTRAINED_202547_2025-11-20_0656|BY_IF
100000002011|1004|VF|2696|2696|29-MAY-2027|29-MAY-2027|75|0|100000002011_1004_VF|IFTransmode| |202547|CONSTRAINED|CONSTRAINED|CONSTRAINED_202547_2025-11-20_0656|BY_IF
100000002011|1004|VF|2697|2697|05-JUN-2027|05-JUN-2027|75|0|100000002011_1004_VF|IFTransmode| |202547|CONSTRAINED|CONSTRAINED|CONSTRAINED_202547_2025-11-20_0656|BY_IF
100000002011|1004|VF|2698|2698|12-JUN-2027|12-JUN-2027|75|0|100000002011_1004_VF|IFTransmode| |202547|CONSTRAINED|CONSTRAINED|CONSTRAINED_202547_2025-11-20_0656|BY_IF
100000002011|1004|VF|2699|2699|19-JUN-2027|19-JUN-2027|75|0|100000002011_1004_VF|IFTransmode| |202547|CONSTRAINED|CONSTRAINED|CONSTRAINED_202547_2025-11-20_0656|BY_IF
100000002011|1004|VF|2700|2700|26-JUN-2027|26-JUN-2027|75|0|100000002011_1004_VF|IFTransmode| |202547|CONSTRAINED|CONSTRAINED|CONSTRAINED_202547_2025-11-20_0656|BY_IF
100000002011|1004|VF|2701|2701|03-JUL-2027|03-JUL-2027|75|0|100000002011_1004_VF|IFTransmode| |202547|CONSTRAINED|CONSTRAINED|CONSTRAINED_202547_2025-11-20_0656|BY_IF
100000002011|1004|VF|2702|2702|10-JUL-2027|10-JUL-2027|75|0|100000002011_1004_VF|IFTransmode| |202547|CONSTRAINED|CONSTRAINED|CONSTRAINED_202547_2025-11-20_0656|BY_IF
100000002011|1004|VF|2703|2703|17-JUL-2027|17-JUL-2027|75|0|100000002011_1004_VF|IFTransmode| |202547|CONSTRAINED|CONSTRAINED|CONSTRAINED_202547_2025-11-20_0656|BY_IF
100000002011|1004|VF|2704|2704|24-JUL-2027|24-JUL-2027|75|0|100000002011_1004_VF|IFTransmode| |202547|CONSTRAINED|CONSTRAINED|CONSTRAINED_202547_2025-11-20_0656|BY_IF
100000002012|1017|VF|3041|3041|22-NOV-2025|22-NOV-2025|38|0|100000002012_1017_VF|IFTransmode| |202547|CONSTRAINED|CONSTRAINED|CONSTRAINED_202547_2025-11-20_0656|BY_IF
100000002012|1017|VF|3042|3042|01-AUG-2026|01-AUG-2026|75|0|100000002012_1017_VF|IFTransmode| |202547|CONSTRAINED|CONSTRAINED|CONSTRAINED_202547_2025-11-20_0656|BY_IF
100000002012|1017|VF|3043|3043|08-AUG-2026|08-AUG-2026|75|0|100000002012_1017_VF|IFTransmode| |202547|CONSTRAINED|CONSTRAINED|CONSTRAINED_202547_2025-11-20_0656|BY_IF
100000002012|1017|VF|3044|3044|15-AUG-2026|15-AUG-2026|75|0|100000002012_1017_VF|IFTransmode| |202547|CONSTRAINED|CONSTRAINED|CONSTRAINED_202547_2025-11-20_0656|BY_IF
100000002012|1017|VF|3045|3045|22-AUG-2026|22-AUG-2026|75|0|100000002012_1017_VF|IFTransmode| |202547|CONSTRAINED|CONSTRAINED|CONSTRAINED_202547_2025-11-20_0656|BY_IF
100000002012|1017|VF|3046|3046|29-AUG-2026|29-AUG-2026|75|0|100000002012_1017_VF|IFTransmode| |202547|CONSTRAINED|CONSTRAINED|CONSTRAINED_202547_2025-11-20_0656|BY_IF
100000002012|1017|VF|3047|3047|05-SEP-2026|05-SEP-2026|75|0|100000002012_1017_VF|IFTransmode| |202547|CONSTRAINED|CONSTRAINED|CONSTRAINED_202547_2025-11-20_0656|BY_IF
100000002012|1017|VF|3048|3048|12-SEP-2026|12-SEP-2026|75|0|100000002012_1017_VF|IFTransmode| |202547|CONSTRAINED|CONSTRAINED|CONSTRAINED_202547_2025-11-20_0656|BY_IF
100000002012|1017|VF|3049|3049|19-SEP-2026|19-SEP-2026|75|0|100000002012_1017_VF|IFTransmode| |202547|CONSTRAINED|CONSTRAINED|CONSTRAINED_202547_2025-11-20_0656|BY_IF
100000002012|1017|VF|3050|3050|26-SEP-2026|26-SEP-2026|75|0|100000002012_1017_VF|IFTransmode| |202547|CONSTRAINED|CONSTRAINED|CONSTRAINED_202547_2025-11-20_0656|BY_IF
100000002012|1017|VF|3051|3051|03-OCT-2026|03-OCT-2026|75|0|100000002012_1017_VF|IFTransmode| |202547|CONSTRAINED|CONSTRAINED|CONSTRAINED_202547_2025-11-20_0656|BY_IF
100000002012|1017|VF|3052|3052|10-OCT-2026|10-OCT-2026|75|0|100000002012_1017_VF|IFTransmode| |202547|CONSTRAINED|CONSTRAINED|CONSTRAINED_202547_2025-11-20_0656|BY_IF
100000002012|1017|VF|3053|3053|17-OCT-2026|17-OCT-2026|75|0|100000002012_1017_VF|IFTransmode| |202547|CONSTRAINED|CONSTRAINED|CONSTRAINED_202547_2025-11-20_0656|BY_IF
100000002012|1017|VF|3054|3054|24-OCT-2026|24-OCT-2026|75|0|100000002012_1017_VF|IFTransmode| |202547|CONSTRAINED|CONSTRAINED|CONSTRAINED_202547_2025-11-20_0656|BY_IF
100000002012|1017|VF|3055|3055|31-OCT-2026|31-OCT-2026|75|0|100000002012_1017_VF|IFTransmode| |202547|CONSTRAINED|CONSTRAINED|CONSTRAINED_202547_2025-11-20_0656|BY_IF
100000002012|1017|VF|3056|3056|07-NOV-2026|07-NOV-2026|75|0|100000002012_1017_VF|IFTransmode| |202547|CONSTRAINED|CONSTRAINED|CONSTRAINED_202547_2025-11-20_0656|BY_IF
100000002012|1017|VF|3057|3057|14-NOV-2026|14-NOV-2026|75|0|100000002012_1017_VF|IFTransmode| |202547|CONSTRAINED|CONSTRAINED|CONSTRAINED_202547_2025-11-20_0656|BY_IF
100000002012|1017|VF|3058|3058|21-NOV-2026|21-NOV-2026|75|0|100000002012_1017_VF|IFTransmode| |202547|CONSTRAINED|CONSTRAINED|CONSTRAINED_202547_2025-11-20_0656|BY_IF
100000002012|1017|VF|3059|3059|28-NOV-2026|28-NOV-2026|75|0|100000002012_1017_VF|IFTransmode| |202547|CONSTRAINED|CONSTRAINED|CONSTRAINED_202547_2025-11-20_0656|BY_IF
100000002012|1017|VF|3060|3060|05-DEC-2026|05-DEC-2026|75|0|100000002012_1017_VF|IFTransmode| |202547|CONSTRAINED|CONSTRAINED|CONSTRAINED_202547_2025-11-20_0656|BY_IF
100000002012|1017|VF|3061|3061|12-DEC-2026|12-DEC-2026|75|0|100000002012_1017_VF|IFTransmode| |202547|CONSTRAINED|CONSTRAINED|CONSTRAINED_202547_2025-11-20_0656|BY_IF
100000002012|1017|VF|3062|3062|19-DEC-2026|19-DEC-2026|75|0|100000002012_1017_VF|IFTransmode| |202547|CONSTRAINED|CONSTRAINED|CONSTRAINED_202547_2025-11-20_0656|BY_IF
100000002012|1017|VF|3063|3063|26-DEC-2026|26-DEC-2026|75|0|100000002012_1017_VF|IFTransmode| |202547|CONSTRAINED|CONSTRAINED|CONSTRAINED_202547_2025-11-20_0656|BY_IF
100000002012|1017|VF|3064|3064|02-JAN-2027|02-JAN-2027|75|0|100000002012_1017_VF|IFTransmode| |202547|CONSTRAINED|CONSTRAINED|CONSTRAINED_202547_2025-11-20_0656|BY_IF
100000002012|1017|VF|3065|3065|09-JAN-2027|09-JAN-2027|75|0|100000002012_1017_VF|IFTransmode| |202547|CONSTRAINED|CONSTRAINED|CONSTRAINED_202547_2025-11-20_0656|BY_IF
100000002012|1017|VF|3066|3066|16-JAN-2027|16-JAN-2027|75|0|100000002012_1017_VF|IFTransmode| |202547|CONSTRAINED|CONSTRAINED|CONSTRAINED_202547_2025-11-20_0656|BY_IF
100000002012|1017|VF|3067|3067|23-JAN-2027|23-JAN-2027|75|0|100000002012_1017_VF|IFTransmode| |202547|CONSTRAINED|CONSTRAINED|CONSTRAINED_202547_2025-11-20_0656|BY_IF
100000002012|1017|VF|3068|3068|30-JAN-2027|30-JAN-2027|75|0|100000002012_1017_VF|IFTransmode| |202547|CONSTRAINED|CONSTRAINED|CONSTRAINED_202547_2025-11-20_0656|BY_IF
100000002012|1017|VF|3069|3069|06-FEB-2027|06-FEB-2027|75|0|100000002012_1017_VF|IFTransmode| |202547|CONSTRAINED|CONSTRAINED|CONSTRAINED_202547_2025-11-20_0656|BY_IF
100000002012|1017|VF|3070|3070|13-FEB-2027|13-FEB-2027|75|0|100000002012_1017_VF|IFTransmode| |202547|CONSTRAINED|CONSTRAINED|CONSTRAINED_202547_2025-11-20_0656|BY_IF
100000002012|1017|VF|3071|3071|20-FEB-2027|20-FEB-2027|75|0|100000002012_1017_VF|IFTransmode| |202547|CONSTRAINED|CONSTRAINED|CONSTRAINED_202547_2025-11-20_0656|BY_IF
100000002012|1017|VF|3072|3072|27-FEB-2027|27-FEB-2027|75|0|100000002012_1017_VF|IFTransmode| |202547|CONSTRAINED|CONSTRAINED|CONSTRAINED_202547_2025-11-20_0656|BY_IF
100000002012|1017|VF|3073|3073|06-MAR-2027|06-MAR-2027|75|0|100000002012_1017_VF|IFTransmode| |202547|CONSTRAINED|CONSTRAINED|CONSTRAINED_202547_2025-11-20_0656|BY_IF
100000002012|1017|VF|3074|3074|13-MAR-2027|13-MAR-2027|75|0|100000002012_1017_VF|IFTransmode| |202547|CONSTRAINED|CONSTRAINED|CONSTRAINED_202547_2025-11-20_0656|BY_IF
100000002012|1017|VF|3075|3075|20-MAR-2027|20-MAR-2027|75|0|100000002012_1017_VF|IFTransmode| |202547|CONSTRAINED|CONSTRAINED|CONSTRAINED_202547_2025-11-20_0656|BY_IF
100000002012|1017|VF|3076|3076|27-MAR-2027|27-MAR-2027|75|0|100000002012_1017_VF|IFTransmode| |202547|CONSTRAINED|CONSTRAINED|CONSTRAINED_202547_2025-11-20_0656|BY_IF
100000002012|1017|VF|3077|3077|03-APR-2027|03-APR-2027|75|0|100000002012_1017_VF|IFTransmode| |202547|CONSTRAINED|CONSTRAINED|CONSTRAINED_202547_2025-11-20_0656|BY_IF
100000002012|1017|VF|3078|3078|10-APR-2027|10-APR-2027|75|0|100000002012_1017_VF|IFTransmode| |202547|CONSTRAINED|CONSTRAINED|CONSTRAINED_202547_2025-11-20_0656|BY_IF
100000002012|1017|VF|3079|3079|17-APR-2027|17-APR-2027|75|0|100000002012_1017_VF|IFTransmode| |202547|CONSTRAINED|CONSTRAINED|CONSTRAINED_202547_2025-11-20_0656|BY_IF
100000002012|1017|VF|3080|3080|24-APR-2027|24-APR-2027|75|0|100000002012_1017_VF|IFTransmode| |202547|CONSTRAINED|CONSTRAINED|CONSTRAINED_202547_2025-11-20_0656|BY_IF
100000002012|1017|VF|3081|3081|01-MAY-2027|01-MAY-2027|75|0|100000002012_1017_VF|IFTransmode| |202547|CONSTRAINED|CONSTRAINED|CONSTRAINED_202547_2025-11-20_0656|BY_IF
100000002012|1017|VF|3082|3082|08-MAY-2027|08-MAY-2027|75|0|100000002012_1017_VF|IFTransmode| |202547|CONSTRAINED|CONSTRAINED|CONSTRAINED_202547_2025-11-20_0656|BY_IF
100000002012|1017|VF|3083|3083|15-MAY-2027|15-MAY-2027|75|0|100000002012_1017_VF|IFTransmode| |202547|CONSTRAINED|CONSTRAINED|CONSTRAINED_202547_2025-11-20_0656|BY_IF
100000002012|1017|VF|3084|3084|22-MAY-2027|22-MAY-2027|75|0|100000002012_1017_VF|IFTransmode| |202547|CONSTRAINED|CONSTRAINED|CONSTRAINED_202547_2025-11-20_0656|BY_IF
100000002012|1017|VF|3085|3085|29-MAY-2027|29-MAY-2027|75|0|100000002012_1017_VF|IFTransmode| |202547|CONSTRAINED|CONSTRAINED|CONSTRAINED_202547_2025-11-20_0656|BY_IF
100000002012|1017|VF|3086|3086|05-JUN-2027|05-JUN-2027|75|0|100000002012_1017_VF|IFTransmode| |202547|CONSTRAINED|CONSTRAINED|CONSTRAINED_202547_2025-11-20_0656|BY_IF
100000002012|1017|VF|3087|3087|12-JUN-2027|12-JUN-2027|75|0|100000002012_1017_VF|IFTransmode| |202547|CONSTRAINED|CONSTRAINED|CONSTRAINED_202547_2025-11-20_0656|BY_IF
100000002012|1017|VF|3088|3088|19-JUN-2027|19-JUN-2027|75|0|100000002012_1017_VF|IFTransmode| |202547|CONSTRAINED|CONSTRAINED|CONSTRAINED_202547_2025-11-20_0656|BY_IF
100000002012|1017|VF|3089|3089|26-JUN-2027|26-JUN-2027|75|0|100000002012_1017_VF|IFTransmode| |202547|CONSTRAINED|CONSTRAINED|CONSTRAINED_202547_2025-11-20_0656|BY_IF
100000002012|1017|VF|3090|3090|03-JUL-2027|03-JUL-2027|75|0|100000002012_1017_VF|IFTransmode| |202547|CONSTRAINED|CONSTRAINED|CONSTRAINED_202547_2025-11-20_0656|BY_IF
100000002012|1017|VF|3091|3091|10-JUL-2027|10-JUL-2027|75|0|100000002012_1017_VF|IFTransmode| |202547|CONSTRAINED|CONSTRAINED|CONSTRAINED_202547_2025-11-20_0656|BY_IF
100000002012|1017|VF|3092|3092|17-JUL-2027|17-JUL-2027|75|0|100000002012_1017_VF|IFTransmode| |202547|CONSTRAINED|CONSTRAINED|CONSTRAINED_202547_2025-11-20_0656|BY_IF
100000002012|1017|VF|3093|3093|24-JUL-2027|24-JUL-2027|75|0|100000002012_1017_VF|IFTransmode| |202547|CONSTRAINED|CONSTRAINED|CONSTRAINED_202547_2025-11-20_0656|BY_IF
100000002013|1006|1017|2705|2705|02-AUG-2025|26-JUL-2025|371.047913|0|100000002013_1006_1017|IFTransmode| |202547|CONSTRAINED|CONSTRAINED|CONSTRAINED_202547_2025-11-20_0656|BY_IF
100000002013|1006|1017|2706|2706|09-AUG-2025|02-AUG-2025|623.566711|0|100000002013_1006_1017|IFTransmode| |202547|CONSTRAINED|CONSTRAINED|CONSTRAINED_202547_2025-11-20_0656|BY_IF
100000002013|1006|1017|2707|2707|16-AUG-2025|09-AUG-2025|300.96109|0|100000002013_1006_1017|IFTransmode| |202547|CONSTRAINED|CONSTRAINED|CONSTRAINED_202547_2025-11-20_0656|BY_IF
100000002013|1006|1017|2708|2708|23-AUG-2025|16-AUG-2025|108.222298|0|100000002013_1006_1017|IFTransmode| |202547|CONSTRAINED|CONSTRAINED|CONSTRAINED_202547_2025-11-20_0656|BY_IF
100000002013|1006|1017|2709|2709|30-AUG-2025|23-AUG-2025|10.30689|0|100000002013_1006_1017|IFTransmode| |202547|CONSTRAINED|CONSTRAINED|CONSTRAINED_202547_2025-11-20_0656|BY_IF
100000002013|1006|1017|2710|2710|20-SEP-2025|13-SEP-2025|51.534439|0|100000002013_1006_1017|IFTransmode| |202547|CONSTRAINED|CONSTRAINED|CONSTRAINED_202547_2025-11-20_0656|BY_IF
100000002013|1006|1017|2711|2711|22-NOV-2025|15-NOV-2025|39.166168|0|100000002013_1006_1017|IFTransmode| |202547|CONSTRAINED|CONSTRAINED|CONSTRAINED_202547_2025-11-20_0656|BY_IF
100000002013|1006|1017|2712|2712|06-DEC-2025|29-NOV-2025|50.50375|0|100000002013_1006_1017|IFTransmode| |202547|CONSTRAINED|CONSTRAINED|CONSTRAINED_202547_2025-11-20_0656|BY_IF
100000002013|1006|1017|2713|2713|13-DEC-2025|06-DEC-2025|77.301651|0|100000002013_1006_1017|IFTransmode| |202547|CONSTRAINED|CONSTRAINED|CONSTRAINED_202547_2025-11-20_0656|BY_IF
100000002013|1006|1017|2714|2714|20-DEC-2025|13-DEC-2025|77.301651|0|100000002013_1006_1017|IFTransmode| |202547|CONSTRAINED|CONSTRAINED|CONSTRAINED_202547_2025-11-20_0656|BY_IF
100000002013|1006|1017|2715|2715|27-DEC-2025|20-DEC-2025|77.301651|0|100000002013_1006_1017|IFTransmode| |202547|CONSTRAINED|CONSTRAINED|CONSTRAINED_202547_2025-11-20_0656|BY_IF
100000002013|1006|1017|2716|2716|03-JAN-2026|27-DEC-2025|77.301651|0|100000002013_1006_1017|IFTransmode| |202547|CONSTRAINED|CONSTRAINED|CONSTRAINED_202547_2025-11-20_0656|BY_IF
100000002013|1006|1017|2717|2717|10-JAN-2026|03-JAN-2026|77.301651|0|100000002013_1006_1017|IFTransmode| |202547|CONSTRAINED|CONSTRAINED|CONSTRAINED_202547_2025-11-20_0656|BY_IF
100000002013|1006|1017|2718|2718|17-JAN-2026|10-JAN-2026|77.301651|0|100000002013_1006_1017|IFTransmode| |202547|CONSTRAINED|CONSTRAINED|CONSTRAINED_202547_2025-11-20_0656|BY_IF
100000002013|1006|1017|2719|2719|24-JAN-2026|17-JAN-2026|77.301651|0|100000002013_1006_1017|IFTransmode| |202547|CONSTRAINED|CONSTRAINED|CONSTRAINED_202547_2025-11-20_0656|BY_IF
100000002013|1006|1017|2720|2720|31-JAN-2026|24-JAN-2026|77.301651|0|100000002013_1006_1017|IFTransmode| |202547|CONSTRAINED|CONSTRAINED|CONSTRAINED_202547_2025-11-20_0656|BY_IF
100000002013|1006|1017|2721|2721|07-FEB-2026|31-JAN-2026|77.301651|0|100000002013_1006_1017|IFTransmode| |202547|CONSTRAINED|CONSTRAINED|CONSTRAINED_202547_2025-11-20_0656|BY_IF
100000002013|1006|1017|2722|2722|14-FEB-2026|07-FEB-2026|77.301651|0|100000002013_1006_1017|IFTransmode| |202547|CONSTRAINED|CONSTRAINED|CONSTRAINED_202547_2025-11-20_0656|BY_IF
100000002013|1006|1017|2723|2723|21-FEB-2026|14-FEB-2026|77.301651|0|100000002013_1006_1017|IFTransmode| |202547|CONSTRAINED|CONSTRAINED|CONSTRAINED_202547_2025-11-20_0656|BY_IF
100000002013|1006|1017|2724|2724|28-FEB-2026|21-FEB-2026|77.301651|0|100000002013_1006_1017|IFTransmode| |202547|CONSTRAINED|CONSTRAINED|CONSTRAINED_202547_2025-11-20_0656|BY_IF
100000002013|1006|1017|2725|2725|07-MAR-2026|28-FEB-2026|77.301651|0|100000002013_1006_1017|IFTransmode| |202547|CONSTRAINED|CONSTRAINED|CONSTRAINED_202547_2025-11-20_0656|BY_IF
100000002013|1006|1017|2726|2726|14-MAR-2026|07-MAR-2026|77.301651|0|100000002013_1006_1017|IFTransmode| |202547|CONSTRAINED|CONSTRAINED|CONSTRAINED_202547_2025-11-20_0656|BY_IF
100000002013|1006|1017|2727|2727|21-MAR-2026|14-MAR-2026|77.301651|0|100000002013_1006_1017|IFTransmode| |202547|CONSTRAINED|CONSTRAINED|CONSTRAINED_202547_2025-11-20_0656|BY_IF
100000002013|1006|1017|2728|2728|28-MAR-2026|21-MAR-2026|77.301651|0|100000002013_1006_1017|IFTransmode| |202547|CONSTRAINED|CONSTRAINED|CONSTRAINED_202547_2025-11-20_0656|BY_IF
100000002013|1006|1017|2729|2729|04-APR-2026|28-MAR-2026|77.301651|0|100000002013_1006_1017|IFTransmode| |202547|CONSTRAINED|CONSTRAINED|CONSTRAINED_202547_2025-11-20_0656|BY_IF
100000002013|1006|1017|2730|2730|11-APR-2026|04-APR-2026|77.301651|0|100000002013_1006_1017|IFTransmode| |202547|CONSTRAINED|CONSTRAINED|CONSTRAINED_202547_2025-11-20_0656|BY_IF
100000002013|1006|1017|2731|2731|18-APR-2026|11-APR-2026|77.301651|0|100000002013_1006_1017|IFTransmode| |202547|CONSTRAINED|CONSTRAINED|CONSTRAINED_202547_2025-11-20_0656|BY_IF
100000002013|1006|1017|2732|2732|25-APR-2026|18-APR-2026|77.301651|0|100000002013_1006_1017|IFTransmode| |202547|CONSTRAINED|CONSTRAINED|CONSTRAINED_202547_2025-11-20_0656|BY_IF
100000002013|1006|1017|2733|2733|02-MAY-2026|25-APR-2026|77.301651|0|100000002013_1006_1017|IFTransmode| |202547|CONSTRAINED|CONSTRAINED|CONSTRAINED_202547_2025-11-20_0656|BY_IF
100000002013|1006|1017|2734|2734|09-MAY-2026|02-MAY-2026|77.301651|0|100000002013_1006_1017|IFTransmode| |202547|CONSTRAINED|CONSTRAINED|CONSTRAINED_202547_2025-11-20_0656|BY_IF
100000002013|1006|1017|2735|2735|16-MAY-2026|09-MAY-2026|77.301651|0|100000002013_1006_1017|IFTransmode| |202547|CONSTRAINED|CONSTRAINED|CONSTRAINED_202547_2025-11-20_0656|BY_IF
100000002013|1006|1017|2736|2736|23-MAY-2026|16-MAY-2026|77.301651|0|100000002013_1006_1017|IFTransmode| |202547|CONSTRAINED|CONSTRAINED|CONSTRAINED_202547_2025-11-20_0656|BY_IF
100000002013|1006|1017|2737|2737|30-MAY-2026|23-MAY-2026|77.301651|0|100000002013_1006_1017|IFTransmode| |202547|CONSTRAINED|CONSTRAINED|CONSTRAINED_202547_2025-11-20_0656|BY_IF
100000002013|1006|1017|2738|2738|06-JUN-2026|30-MAY-2026|77.301651|0|100000002013_1006_1017|IFTransmode| |202547|CONSTRAINED|CONSTRAINED|CONSTRAINED_202547_2025-11-20_0656|BY_IF
100000002013|1006|1017|2739|2739|13-JUN-2026|06-JUN-2026|77.301651|0|100000002013_1006_1017|IFTransmode| |202547|CONSTRAINED|CONSTRAINED|CONSTRAINED_202547_2025-11-20_0656|BY_IF
100000002013|1006|1017|2740|2740|20-JUN-2026|13-JUN-2026|77.301651|0|100000002013_1006_1017|IFTransmode| |202547|CONSTRAINED|CONSTRAINED|CONSTRAINED_202547_2025-11-20_0656|BY_IF
100000002013|1006|1017|2741|2741|27-JUN-2026|20-JUN-2026|77.301651|0|100000002013_1006_1017|IFTransmode| |202547|CONSTRAINED|CONSTRAINED|CONSTRAINED_202547_2025-11-20_0656|BY_IF
100000002013|1006|1017|2742|2742|04-JUL-2026|27-JUN-2026|77.301651|0|100000002013_1006_1017|IFTransmode| |202547|CONSTRAINED|CONSTRAINED|CONSTRAINED_202547_2025-11-20_0656|BY_IF
100000002013|1006|1017|2743|2743|11-JUL-2026|04-JUL-2026|77.301651|0|100000002013_1006_1017|IFTransmode| |202547|CONSTRAINED|CONSTRAINED|CONSTRAINED_202547_2025-11-20_0656|BY_IF
100000002013|1006|1017|2744|2744|18-JUL-2026|11-JUL-2026|77.301651|0|100000002013_1006_1017|IFTransmode| |202547|CONSTRAINED|CONSTRAINED|CONSTRAINED_202547_2025-11-20_0656|BY_IF
100000002013|1006|1017|2745|2745|25-JUL-2026|18-JUL-2026|77.301651|0|100000002013_1006_1017|IFTransmode| |202547|CONSTRAINED|CONSTRAINED|CONSTRAINED_202547_2025-11-20_0656|BY_IF
100000002013|1006|1017|2746|2746|01-AUG-2026|25-JUL-2026|77.301651|0|100000002013_1006_1017|IFTransmode| |202547|CONSTRAINED|CONSTRAINED|CONSTRAINED_202547_2025-11-20_0656|BY_IF
100000002013|1006|1017|2747|2747|08-AUG-2026|01-AUG-2026|77.301651|0|100000002013_1006_1017|IFTransmode| |202547|CONSTRAINED|CONSTRAINED|CONSTRAINED_202547_2025-11-20_0656|BY_IF
100000002013|1006|1017|2748|2748|15-AUG-2026|08-AUG-2026|77.301651|0|100000002013_1006_1017|IFTransmode| |202547|CONSTRAINED|CONSTRAINED|CONSTRAINED_202547_2025-11-20_0656|BY_IF
100000002013|1006|1017|2749|2749|22-AUG-2026|15-AUG-2026|77.301651|0|100000002013_1006_1017|IFTransmode| |202547|CONSTRAINED|CONSTRAINED|CONSTRAINED_202547_2025-11-20_0656|BY_IF
100000002013|1006|1017|2750|2750|29-AUG-2026|22-AUG-2026|77.301651|0|100000002013_1006_1017|IFTransmode| |202547|CONSTRAINED|CONSTRAINED|CONSTRAINED_202547_2025-11-20_0656|BY_IF
100000002013|1006|1017|2751|2751|05-SEP-2026|29-AUG-2026|77.301651|0|100000002013_1006_1017|IFTransmode| |202547|CONSTRAINED|CONSTRAINED|CONSTRAINED_202547_2025-11-20_0656|BY_IF
100000002013|1006|1017|2752|2752|12-SEP-2026|05-SEP-2026|77.301651|0|100000002013_1006_1017|IFTransmode| |202547|CONSTRAINED|CONSTRAINED|CONSTRAINED_202547_2025-11-20_0656|BY_IF
100000002013|1006|1017|2753|2753|19-SEP-2026|12-SEP-2026|77.301651|0|100000002013_1006_1017|IFTransmode| |202547|CONSTRAINED|CONSTRAINED|CONSTRAINED_202547_2025-11-20_0656|BY_IF
100000002013|1006|1017|2754|2754|26-SEP-2026|19-SEP-2026|77.301651|0|100000002013_1006_1017|IFTransmode| |202547|CONSTRAINED|CONSTRAINED|CONSTRAINED_202547_2025-11-20_0656|BY_IF
100000002013|1006|1017|2755|2755|03-OCT-2026|26-SEP-2026|77.301651|0|100000002013_1006_1017|IFTransmode| |202547|CONSTRAINED|CONSTRAINED|CONSTRAINED_202547_2025-11-20_0656|BY_IF
100000002013|1006|1017|2756|2756|10-OCT-2026|03-OCT-2026|77.301651|0|100000002013_1006_1017|IFTransmode| |202547|CONSTRAINED|CONSTRAINED|CONSTRAINED_202547_2025-11-20_0656|BY_IF
100000002013|1006|1017|2757|2757|17-OCT-2026|10-OCT-2026|77.301651|0|100000002013_1006_1017|IFTransmode| |202547|CONSTRAINED|CONSTRAINED|CONSTRAINED_202547_2025-11-20_0656|BY_IF
100000002013|1006|1017|2758|2758|24-OCT-2026|17-OCT-2026|77.301651|0|100000002013_1006_1017|IFTransmode| |202547|CONSTRAINED|CONSTRAINED|CONSTRAINED_202547_2025-11-20_0656|BY_IF
100000002013|1006|1017|2759|2759|31-OCT-2026|24-OCT-2026|77.301651|0|100000002013_1006_1017|IFTransmode| |202547|CONSTRAINED|CONSTRAINED|CONSTRAINED_202547_2025-11-20_0656|BY_IF
100000002013|1006|1017|2760|2760|07-NOV-2026|31-OCT-2026|77.301651|0|100000002013_1006_1017|IFTransmode| |202547|CONSTRAINED|CONSTRAINED|CONSTRAINED_202547_2025-11-20_0656|BY_IF
100000002013|1006|1017|2761|2761|14-NOV-2026|07-NOV-2026|77.301651|0|100000002013_1006_1017|IFTransmode| |202547|CONSTRAINED|CONSTRAINED|CONSTRAINED_202547_2025-11-20_0656|BY_IF
100000002013|1006|1017|2762|2762|21-NOV-2026|14-NOV-2026|77.301651|0|100000002013_1006_1017|IFTransmode| |202547|CONSTRAINED|CONSTRAINED|CONSTRAINED_202547_2025-11-20_0656|BY_IF
100000002013|1006|1017|2763|2763|28-NOV-2026|21-NOV-2026|77.301651|0|100000002013_1006_1017|IFTransmode| |202547|CONSTRAINED|CONSTRAINED|CONSTRAINED_202547_2025-11-20_0656|BY_IF
100000002013|1006|1017|2764|2764|05-DEC-2026|28-NOV-2026|77.301651|0|100000002013_1006_1017|IFTransmode| |202547|CONSTRAINED|CONSTRAINED|CONSTRAINED_202547_2025-11-20_0656|BY_IF
100000002013|1006|1017|2765|2765|12-DEC-2026|05-DEC-2026|77.301651|0|100000002013_1006_1017|IFTransmode| |202547|CONSTRAINED|CONSTRAINED|CONSTRAINED_202547_2025-11-20_0656|BY_IF
100000002013|1006|1017|2766|2766|19-DEC-2026|12-DEC-2026|77.301651|0|100000002013_1006_1017|IFTransmode| |202547|CONSTRAINED|CONSTRAINED|CONSTRAINED_202547_2025-11-20_0656|BY_IF
100000002013|1006|1017|2767|2767|26-DEC-2026|19-DEC-2026|77.301651|0|100000002013_1006_1017|IFTransmode| |202547|CONSTRAINED|CONSTRAINED|CONSTRAINED_202547_2025-11-20_0656|BY_IF
100000002013|1006|1017|2768|2768|02-JAN-2027|26-DEC-2026|77.301651|0|100000002013_1006_1017|IFTransmode| |202547|CONSTRAINED|CONSTRAINED|CONSTRAINED_202547_2025-11-20_0656|BY_IF
100000002013|1006|1017|2769|2769|09-JAN-2027|02-JAN-2027|77.301651|0|100000002013_1006_1017|IFTransmode| |202547|CONSTRAINED|CONSTRAINED|CONSTRAINED_202547_2025-11-20_0656|BY_IF
100000002013|1006|1017|2770|2770|16-JAN-2027|09-JAN-2027|77.301651|0|100000002013_1006_1017|IFTransmode| |202547|CONSTRAINED|CONSTRAINED|CONSTRAINED_202547_2025-11-20_0656|BY_IF
100000002013|1006|1017|2771|2771|23-JAN-2027|16-JAN-2027|77.301651|0|100000002013_1006_1017|IFTransmode| |202547|CONSTRAINED|CONSTRAINED|CONSTRAINED_202547_2025-11-20_0656|BY_IF
100000002013|1006|1017|2772|2772|30-JAN-2027|23-JAN-2027|77.301651|0|100000002013_1006_1017|IFTransmode| |202547|CONSTRAINED|CONSTRAINED|CONSTRAINED_202547_2025-11-20_0656|BY_IF
100000002013|1006|1017|2773|2773|06-FEB-2027|30-JAN-2027|77.301651|0|100000002013_1006_1017|IFTransmode| |202547|CONSTRAINED|CONSTRAINED|CONSTRAINED_202547_2025-11-20_0656|BY_IF
100000002013|1006|1017|2774|2774|13-FEB-2027|06-FEB-2027|77.301651|0|100000002013_1006_1017|IFTransmode| |202547|CONSTRAINED|CONSTRAINED|CONSTRAINED_202547_2025-11-20_0656|BY_IF
100000002013|1006|1017|2775|2775|20-FEB-2027|13-FEB-2027|77.301651|0|100000002013_1006_1017|IFTransmode| |202547|CONSTRAINED|CONSTRAINED|CONSTRAINED_202547_2025-11-20_0656|BY_IF
100000002013|1006|1017|2776|2776|27-FEB-2027|20-FEB-2027|77.301651|0|100000002013_1006_1017|IFTransmode| |202547|CONSTRAINED|CONSTRAINED|CONSTRAINED_202547_2025-11-20_0656|BY_IF
100000002013|1006|1017|2777|2777|06-MAR-2027|27-FEB-2027|77.301651|0|100000002013_1006_1017|IFTransmode| |202547|CONSTRAINED|CONSTRAINED|CONSTRAINED_202547_2025-11-20_0656|BY_IF
100000002013|1006|1017|2778|2778|13-MAR-2027|06-MAR-2027|77.301651|0|100000002013_1006_1017|IFTransmode| |202547|CONSTRAINED|CONSTRAINED|CONSTRAINED_202547_2025-11-20_0656|BY_IF
100000002013|1006|1017|2779|2779|20-MAR-2027|13-MAR-2027|77.301651|0|100000002013_1006_1017|IFTransmode| |202547|CONSTRAINED|CONSTRAINED|CONSTRAINED_202547_2025-11-20_0656|BY_IF
100000002013|1006|1017|2780|2780|27-MAR-2027|20-MAR-2027|77.301651|0|100000002013_1006_1017|IFTransmode| |202547|CONSTRAINED|CONSTRAINED|CONSTRAINED_202547_2025-11-20_0656|BY_IF
100000002013|1006|1017|2781|2781|03-APR-2027|27-MAR-2027|77.301651|0|100000002013_1006_1017|IFTransmode| |202547|CONSTRAINED|CONSTRAINED|CONSTRAINED_202547_2025-11-20_0656|BY_IF
100000002013|1006|1017|2782|2782|10-APR-2027|03-APR-2027|77.301651|0|100000002013_1006_1017|IFTransmode| |202547|CONSTRAINED|CONSTRAINED|CONSTRAINED_202547_2025-11-20_0656|BY_IF
100000002013|1006|1017|2783|2783|17-APR-2027|10-APR-2027|77.301651|0|100000002013_1006_1017|IFTransmode| |202547|CONSTRAINED|CONSTRAINED|CONSTRAINED_202547_2025-11-20_0656|BY_IF
100000002013|1006|1017|2784|2784|24-APR-2027|17-APR-2027|77.301651|0|100000002013_1006_1017|IFTransmode| |202547|CONSTRAINED|CONSTRAINED|CONSTRAINED_202547_2025-11-20_0656|BY_IF
100000002013|1006|1017|2785|2785|01-MAY-2027|24-APR-2027|77.301651|0|100000002013_1006_1017|IFTransmode| |202547|CONSTRAINED|CONSTRAINED|CONSTRAINED_202547_2025-11-20_0656|BY_IF
100000002013|1006|1017|2786|2786|08-MAY-2027|01-MAY-2027|77.301651|0|100000002013_1006_1017|IFTransmode| |202547|CONSTRAINED|CONSTRAINED|CONSTRAINED_202547_2025-11-20_0656|BY_IF
100000002013|1006|1017|2787|2787|15-MAY-2027|08-MAY-2027|77.301651|0|100000002013_1006_1017|IFTransmode| |202547|CONSTRAINED|CONSTRAINED|CONSTRAINED_202547_2025-11-20_0656|BY_IF
100000002013|1006|1017|2788|2788|22-MAY-2027|15-MAY-2027|77.301651|0|100000002013_1006_1017|IFTransmode| |202547|CONSTRAINED|CONSTRAINED|CONSTRAINED_202547_2025-11-20_0656|BY_IF
100000002013|1006|1017|2789|2789|29-MAY-2027|22-MAY-2027|77.301651|0|100000002013_1006_1017|IFTransmode| |202547|CONSTRAINED|CONSTRAINED|CONSTRAINED_202547_2025-11-20_0656|BY_IF
100000002013|1006|1017|2790|2790|05-JUN-2027|29-MAY-2027|77.301651|0|100000002013_1006_1017|IFTransmode| |202547|CONSTRAINED|CONSTRAINED|CONSTRAINED_202547_2025-11-20_0656|BY_IF
100000002013|1006|1017|2791|2791|12-JUN-2027|05-JUN-2027|77.301651|0|100000002013_1006_1017|IFTransmode| |202547|CONSTRAINED|CONSTRAINED|CONSTRAINED_202547_2025-11-20_0656|BY_IF
100000002013|1006|1017|2792|2792|19-JUN-2027|12-JUN-2027|77.301651|0|100000002013_1006_1017|IFTransmode| |202547|CONSTRAINED|CONSTRAINED|CONSTRAINED_202547_2025-11-20_0656|BY_IF
100000002013|1006|1017|2793|2793|26-JUN-2027|19-JUN-2027|77.301651|0|100000002013_1006_1017|IFTransmode| |202547|CONSTRAINED|CONSTRAINED|CONSTRAINED_202547_2025-11-20_0656|BY_IF
100000002013|1006|1017|2794|2794|03-JUL-2027|26-JUN-2027|77.301651|0|100000002013_1006_1017|IFTransmode| |202547|CONSTRAINED|CONSTRAINED|CONSTRAINED_202547_2025-11-20_0656|BY_IF
100000002013|1006|1017|2795|2795|10-JUL-2027|03-JUL-2027|77.301651|0|100000002013_1006_1017|IFTransmode| |202547|CONSTRAINED|CONSTRAINED|CONSTRAINED_202547_2025-11-20_0656|BY_IF
100000002013|1006|1017|2796|2796|17-JUL-2027|10-JUL-2027|77.301651|0|100000002013_1006_1017|IFTransmode| |202547|CONSTRAINED|CONSTRAINED|CONSTRAINED_202547_2025-11-20_0656|BY_IF
100000002013|1006|1017|2797|2797|24-JUL-2027|17-JUL-2027|77.301651|0|100000002013_1006_1017|IFTransmode| |202547|CONSTRAINED|CONSTRAINED|CONSTRAINED_202547_2025-11-20_0656|BY_IF
100000002013|1006|VF|2895|2895|22-NOV-2025|22-NOV-2025|16|0|100000002013_1006_VF|IFTransmode| |202547|CONSTRAINED|CONSTRAINED|CONSTRAINED_202547_2025-11-20_0656|BY_IF
100000002013|1006|VF|2896|2896|01-AUG-2026|01-AUG-2026|75|0|100000002013_1006_VF|IFTransmode| |202547|CONSTRAINED|CONSTRAINED|CONSTRAINED_202547_2025-11-20_0656|BY_IF
100000002013|1006|VF|2897|2897|08-AUG-2026|08-AUG-2026|75|0|100000002013_1006_VF|IFTransmode| |202547|CONSTRAINED|CONSTRAINED|CONSTRAINED_202547_2025-11-20_0656|BY_IF
100000002013|1006|VF|2898|2898|15-AUG-2026|15-AUG-2026|75|0|100000002013_1006_VF|IFTransmode| |202547|CONSTRAINED|CONSTRAINED|CONSTRAINED_202547_2025-11-20_0656|BY_IF
100000002013|1006|VF|2899|2899|22-AUG-2026|22-AUG-2026|75|0|100000002013_1006_VF|IFTransmode| |202547|CONSTRAINED|CONSTRAINED|CONSTRAINED_202547_2025-11-20_0656|BY_IF
100000002013|1006|VF|2900|2900|29-AUG-2026|29-AUG-2026|75|0|100000002013_1006_VF|IFTransmode| |202547|CONSTRAINED|CONSTRAINED|CONSTRAINED_202547_2025-11-20_0656|BY_IF
100000002013|1006|VF|2901|2901|05-SEP-2026|05-SEP-2026|75|0|100000002013_1006_VF|IFTransmode| |202547|CONSTRAINED|CONSTRAINED|CONSTRAINED_202547_2025-11-20_0656|BY_IF
100000002013|1006|VF|2902|2902|12-SEP-2026|12-SEP-2026|75|0|100000002013_1006_VF|IFTransmode| |202547|CONSTRAINED|CONSTRAINED|CONSTRAINED_202547_2025-11-20_0656|BY_IF
100000002013|1006|VF|2903|2903|19-SEP-2026|19-SEP-2026|75|0|100000002013_1006_VF|IFTransmode| |202547|CONSTRAINED|CONSTRAINED|CONSTRAINED_202547_2025-11-20_0656|BY_IF
100000002013|1006|VF|2904|2904|26-SEP-2026|26-SEP-2026|75|0|100000002013_1006_VF|IFTransmode| |202547|CONSTRAINED|CONSTRAINED|CONSTRAINED_202547_2025-11-20_0656|BY_IF
100000002013|1006|VF|2905|2905|03-OCT-2026|03-OCT-2026|75|0|100000002013_1006_VF|IFTransmode| |202547|CONSTRAINED|CONSTRAINED|CONSTRAINED_202547_2025-11-20_0656|BY_IF
100000002013|1006|VF|2906|2906|10-OCT-2026|10-OCT-2026|75|0|100000002013_1006_VF|IFTransmode| |202547|CONSTRAINED|CONSTRAINED|CONSTRAINED_202547_2025-11-20_0656|BY_IF
100000002013|1006|VF|2907|2907|17-OCT-2026|17-OCT-2026|75|0|100000002013_1006_VF|IFTransmode| |202547|CONSTRAINED|CONSTRAINED|CONSTRAINED_202547_2025-11-20_0656|BY_IF
100000002013|1006|VF|2908|2908|24-OCT-2026|24-OCT-2026|75|0|100000002013_1006_VF|IFTransmode| |202547|CONSTRAINED|CONSTRAINED|CONSTRAINED_202547_2025-11-20_0656|BY_IF
100000002013|1006|VF|2909|2909|31-OCT-2026|31-OCT-2026|75|0|100000002013_1006_VF|IFTransmode| |202547|CONSTRAINED|CONSTRAINED|CONSTRAINED_202547_2025-11-20_0656|BY_IF
100000002013|1006|VF|2910|2910|07-NOV-2026|07-NOV-2026|75|0|100000002013_1006_VF|IFTransmode| |202547|CONSTRAINED|CONSTRAINED|CONSTRAINED_202547_2025-11-20_0656|BY_IF
100000002013|1006|VF|2911|2911|14-NOV-2026|14-NOV-2026|75|0|100000002013_1006_VF|IFTransmode| |202547|CONSTRAINED|CONSTRAINED|CONSTRAINED_202547_2025-11-20_0656|BY_IF
100000002013|1006|VF|2912|2912|21-NOV-2026|21-NOV-2026|75|0|100000002013_1006_VF|IFTransmode| |202547|CONSTRAINED|CONSTRAINED|CONSTRAINED_202547_2025-11-20_0656|BY_IF
100000002013|1006|VF|2913|2913|28-NOV-2026|28-NOV-2026|75|0|100000002013_1006_VF|IFTransmode| |202547|CONSTRAINED|CONSTRAINED|CONSTRAINED_202547_2025-11-20_0656|BY_IF
100000002013|1006|VF|2914|2914|05-DEC-2026|05-DEC-2026|75|0|100000002013_1006_VF|IFTransmode| |202547|CONSTRAINED|CONSTRAINED|CONSTRAINED_202547_2025-11-20_0656|BY_IF
100000002013|1006|VF|2915|2915|12-DEC-2026|12-DEC-2026|75|0|100000002013_1006_VF|IFTransmode| |202547|CONSTRAINED|CONSTRAINED|CONSTRAINED_202547_2025-11-20_0656|BY_IF
100000002013|1006|VF|2916|2916|19-DEC-2026|19-DEC-2026|75|0|100000002013_1006_VF|IFTransmode| |202547|CONSTRAINED|CONSTRAINED|CONSTRAINED_202547_2025-11-20_0656|BY_IF
100000002013|1006|VF|2917|2917|26-DEC-2026|26-DEC-2026|75|0|100000002013_1006_VF|IFTransmode| |202547|CONSTRAINED|CONSTRAINED|CONSTRAINED_202547_2025-11-20_0656|BY_IF
100000002013|1006|VF|2918|2918|02-JAN-2027|02-JAN-2027|75|0|100000002013_1006_VF|IFTransmode| |202547|CONSTRAINED|CONSTRAINED|CONSTRAINED_202547_2025-11-20_0656|BY_IF
100000002013|1006|VF|2919|2919|09-JAN-2027|09-JAN-2027|75|0|100000002013_1006_VF|IFTransmode| |202547|CONSTRAINED|CONSTRAINED|CONSTRAINED_202547_2025-11-20_0656|BY_IF
100000002013|1006|VF|2920|2920|16-JAN-2027|16-JAN-2027|75|0|100000002013_1006_VF|IFTransmode| |202547|CONSTRAINED|CONSTRAINED|CONSTRAINED_202547_2025-11-20_0656|BY_IF
100000002013|1006|VF|2921|2921|23-JAN-2027|23-JAN-2027|75|0|100000002013_1006_VF|IFTransmode| |202547|CONSTRAINED|CONSTRAINED|CONSTRAINED_202547_2025-11-20_0656|BY_IF
100000002013|1006|VF|2922|2922|30-JAN-2027|30-JAN-2027|75|0|100000002013_1006_VF|IFTransmode| |202547|CONSTRAINED|CONSTRAINED|CONSTRAINED_202547_2025-11-20_0656|BY_IF
100000002013|1006|VF|2923|2923|06-FEB-2027|06-FEB-2027|75|0|100000002013_1006_VF|IFTransmode| |202547|CONSTRAINED|CONSTRAINED|CONSTRAINED_202547_2025-11-20_0656|BY_IF
100000002013|1006|VF|2924|2924|13-FEB-2027|13-FEB-2027|75|0|100000002013_1006_VF|IFTransmode| |202547|CONSTRAINED|CONSTRAINED|CONSTRAINED_202547_2025-11-20_0656|BY_IF
100000002013|1006|VF|2925|2925|20-FEB-2027|20-FEB-2027|75|0|100000002013_1006_VF|IFTransmode| |202547|CONSTRAINED|CONSTRAINED|CONSTRAINED_202547_2025-11-20_0656|BY_IF
100000002013|1006|VF|2926|2926|27-FEB-2027|27-FEB-2027|75|0|100000002013_1006_VF|IFTransmode| |202547|CONSTRAINED|CONSTRAINED|CONSTRAINED_202547_2025-11-20_0656|BY_IF
100000002013|1006|VF|2927|2927|06-MAR-2027|06-MAR-2027|75|0|100000002013_1006_VF|IFTransmode| |202547|CONSTRAINED|CONSTRAINED|CONSTRAINED_202547_2025-11-20_0656|BY_IF
100000002013|1006|VF|2928|2928|13-MAR-2027|13-MAR-2027|75|0|100000002013_1006_VF|IFTransmode| |202547|CONSTRAINED|CONSTRAINED|CONSTRAINED_202547_2025-11-20_0656|BY_IF
100000002013|1006|VF|2929|2929|20-MAR-2027|20-MAR-2027|75|0|100000002013_1006_VF|IFTransmode| |202547|CONSTRAINED|CONSTRAINED|CONSTRAINED_202547_2025-11-20_0656|BY_IF
100000002013|1006|VF|2930|2930|27-MAR-2027|27-MAR-2027|75|0|100000002013_1006_VF|IFTransmode| |202547|CONSTRAINED|CONSTRAINED|CONSTRAINED_202547_2025-11-20_0656|BY_IF
100000002013|1006|VF|2931|2931|03-APR-2027|03-APR-2027|75|0|100000002013_1006_VF|IFTransmode| |202547|CONSTRAINED|CONSTRAINED|CONSTRAINED_202547_2025-11-20_0656|BY_IF
100000002013|1006|VF|2932|2932|10-APR-2027|10-APR-2027|75|0|100000002013_1006_VF|IFTransmode| |202547|CONSTRAINED|CONSTRAINED|CONSTRAINED_202547_2025-11-20_0656|BY_IF
100000002013|1006|VF|2933|2933|17-APR-2027|17-APR-2027|75|0|100000002013_1006_VF|IFTransmode| |202547|CONSTRAINED|CONSTRAINED|CONSTRAINED_202547_2025-11-20_0656|BY_IF
100000002013|1006|VF|2934|2934|24-APR-2027|24-APR-2027|75|0|100000002013_1006_VF|IFTransmode| |202547|CONSTRAINED|CONSTRAINED|CONSTRAINED_202547_2025-11-20_0656|BY_IF
100000002013|1006|VF|2935|2935|01-MAY-2027|01-MAY-2027|75|0|100000002013_1006_VF|IFTransmode| |202547|CONSTRAINED|CONSTRAINED|CONSTRAINED_202547_2025-11-20_0656|BY_IF
100000002013|1006|VF|2936|2936|08-MAY-2027|08-MAY-2027|75|0|100000002013_1006_VF|IFTransmode| |202547|CONSTRAINED|CONSTRAINED|CONSTRAINED_202547_2025-11-20_0656|BY_IF
100000002013|1006|VF|2937|2937|15-MAY-2027|15-MAY-2027|75|0|100000002013_1006_VF|IFTransmode| |202547|CONSTRAINED|CONSTRAINED|CONSTRAINED_202547_2025-11-20_0656|BY_IF
100000002013|1006|VF|2938|2938|22-MAY-2027|22-MAY-2027|75|0|100000002013_1006_VF|IFTransmode| |202547|CONSTRAINED|CONSTRAINED|CONSTRAINED_202547_2025-11-20_0656|BY_IF
100000002013|1006|VF|2939|2939|29-MAY-2027|29-MAY-2027|75|0|100000002013_1006_VF|IFTransmode| |202547|CONSTRAINED|CONSTRAINED|CONSTRAINED_202547_2025-11-20_0656|BY_IF
100000002013|1006|VF|2940|2940|05-JUN-2027|05-JUN-2027|75|0|100000002013_1006_VF|IFTransmode| |202547|CONSTRAINED|CONSTRAINED|CONSTRAINED_202547_2025-11-20_0656|BY_IF
100000002013|1006|VF|2941|2941|12-JUN-2027|12-JUN-2027|75|0|100000002013_1006_VF|IFTransmode| |202547|CONSTRAINED|CONSTRAINED|CONSTRAINED_202547_2025-11-20_0656|BY_IF
100000002013|1006|VF|2942|2942|19-JUN-2027|19-JUN-2027|75|0|100000002013_1006_VF|IFTransmode| |202547|CONSTRAINED|CONSTRAINED|CONSTRAINED_202547_2025-11-20_0656|BY_IF
100000002013|1006|VF|2943|2943|26-JUN-2027|26-JUN-2027|75|0|100000002013_1006_VF|IFTransmode| |202547|CONSTRAINED|CONSTRAINED|CONSTRAINED_202547_2025-11-20_0656|BY_IF
100000002013|1006|VF|2944|2944|03-JUL-2027|03-JUL-2027|75|0|100000002013_1006_VF|IFTransmode| |202547|CONSTRAINED|CONSTRAINED|CONSTRAINED_202547_2025-11-20_0656|BY_IF
100000002013|1006|VF|2945|2945|10-JUL-2027|10-JUL-2027|75|0|100000002013_1006_VF|IFTransmode| |202547|CONSTRAINED|CONSTRAINED|CONSTRAINED_202547_2025-11-20_0656|BY_IF
100000002013|1006|VF|2946|2946|17-JUL-2027|17-JUL-2027|75|0|100000002013_1006_VF|IFTransmode| |202547|CONSTRAINED|CONSTRAINED|CONSTRAINED_202547_2025-11-20_0656|BY_IF
100000002013|1006|VF|2947|2947|24-JUL-2027|24-JUL-2027|75|0|100000002013_1006_VF|IFTransmode| |202547|CONSTRAINED|CONSTRAINED|CONSTRAINED_202547_2025-11-20_0656|BY_IF
100000002014|1006|VF|5007|5007|22-NOV-2025|22-NOV-2025|38|0|100000002014_1006_VF|IFTransmode| |202547|CONSTRAINED|CONSTRAINED|CONSTRAINED_202547_2025-11-20_0656|BY_IF
100000002014|1006|VF|5008|5008|01-AUG-2026|01-AUG-2026|75|0|100000002014_1006_VF|IFTransmode| |202547|CONSTRAINED|CONSTRAINED|CONSTRAINED_202547_2025-11-20_0656|BY_IF
100000002014|1006|VF|5009|5009|08-AUG-2026|08-AUG-2026|75|0|100000002014_1006_VF|IFTransmode| |202547|CONSTRAINED|CONSTRAINED|CONSTRAINED_202547_2025-11-20_0656|BY_IF
100000002014|1006|VF|5010|5010|15-AUG-2026|15-AUG-2026|75|0|100000002014_1006_VF|IFTransmode| |202547|CONSTRAINED|CONSTRAINED|CONSTRAINED_202547_2025-11-20_0656|BY_IF
100000002014|1006|VF|5011|5011|22-AUG-2026|22-AUG-2026|75|0|100000002014_1006_VF|IFTransmode| |202547|CONSTRAINED|CONSTRAINED|CONSTRAINED_202547_2025-11-20_0656|BY_IF
100000002014|1006|VF|5012|5012|29-AUG-2026|29-AUG-2026|75|0|100000002014_1006_VF|IFTransmode| |202547|CONSTRAINED|CONSTRAINED|CONSTRAINED_202547_2025-11-20_0656|BY_IF
100000002014|1006|VF|5013|5013|05-SEP-2026|05-SEP-2026|75|0|100000002014_1006_VF|IFTransmode| |202547|CONSTRAINED|CONSTRAINED|CONSTRAINED_202547_2025-11-20_0656|BY_IF
100000002014|1006|VF|5014|5014|12-SEP-2026|12-SEP-2026|75|0|100000002014_1006_VF|IFTransmode| |202547|CONSTRAINED|CONSTRAINED|CONSTRAINED_202547_2025-11-20_0656|BY_IF
100000002014|1006|VF|5015|5015|19-SEP-2026|19-SEP-2026|75|0|100000002014_1006_VF|IFTransmode| |202547|CONSTRAINED|CONSTRAINED|CONSTRAINED_202547_2025-11-20_0656|BY_IF
100000002014|1006|VF|5016|5016|26-SEP-2026|26-SEP-2026|75|0|100000002014_1006_VF|IFTransmode| |202547|CONSTRAINED|CONSTRAINED|CONSTRAINED_202547_2025-11-20_0656|BY_IF
100000002014|1006|VF|5017|5017|03-OCT-2026|03-OCT-2026|75|0|100000002014_1006_VF|IFTransmode| |202547|CONSTRAINED|CONSTRAINED|CONSTRAINED_202547_2025-11-20_0656|BY_IF
100000002014|1006|VF|5018|5018|10-OCT-2026|10-OCT-2026|75|0|100000002014_1006_VF|IFTransmode| |202547|CONSTRAINED|CONSTRAINED|CONSTRAINED_202547_2025-11-20_0656|BY_IF
100000002014|1006|VF|5019|5019|17-OCT-2026|17-OCT-2026|75|0|100000002014_1006_VF|IFTransmode| |202547|CONSTRAINED|CONSTRAINED|CONSTRAINED_202547_2025-11-20_0656|BY_IF
100000002014|1006|VF|5020|5020|24-OCT-2026|24-OCT-2026|75|0|100000002014_1006_VF|IFTransmode| |202547|CONSTRAINED|CONSTRAINED|CONSTRAINED_202547_2025-11-20_0656|BY_IF
100000002014|1006|VF|5021|5021|31-OCT-2026|31-OCT-2026|75|0|100000002014_1006_VF|IFTransmode| |202547|CONSTRAINED|CONSTRAINED|CONSTRAINED_202547_2025-11-20_0656|BY_IF
100000002014|1006|VF|5022|5022|07-NOV-2026|07-NOV-2026|75|0|100000002014_1006_VF|IFTransmode| |202547|CONSTRAINED|CONSTRAINED|CONSTRAINED_202547_2025-11-20_0656|BY_IF
100000002014|1006|VF|5023|5023|14-NOV-2026|14-NOV-2026|75|0|100000002014_1006_VF|IFTransmode| |202547|CONSTRAINED|CONSTRAINED|CONSTRAINED_202547_2025-11-20_0656|BY_IF
100000002014|1006|VF|5024|5024|21-NOV-2026|21-NOV-2026|75|0|100000002014_1006_VF|IFTransmode| |202547|CONSTRAINED|CONSTRAINED|CONSTRAINED_202547_2025-11-20_0656|BY_IF
100000002014|1006|VF|5025|5025|28-NOV-2026|28-NOV-2026|75|0|100000002014_1006_VF|IFTransmode| |202547|CONSTRAINED|CONSTRAINED|CONSTRAINED_202547_2025-11-20_0656|BY_IF
100000002014|1006|VF|5026|5026|05-DEC-2026|05-DEC-2026|75|0|100000002014_1006_VF|IFTransmode| |202547|CONSTRAINED|CONSTRAINED|CONSTRAINED_202547_2025-11-20_0656|BY_IF
100000002014|1006|VF|5027|5027|12-DEC-2026|12-DEC-2026|75|0|100000002014_1006_VF|IFTransmode| |202547|CONSTRAINED|CONSTRAINED|CONSTRAINED_202547_2025-11-20_0656|BY_IF
100000002014|1006|VF|5028|5028|19-DEC-2026|19-DEC-2026|75|0|100000002014_1006_VF|IFTransmode| |202547|CONSTRAINED|CONSTRAINED|CONSTRAINED_202547_2025-11-20_0656|BY_IF
100000002014|1006|VF|5029|5029|26-DEC-2026|26-DEC-2026|75|0|100000002014_1006_VF|IFTransmode| |202547|CONSTRAINED|CONSTRAINED|CONSTRAINED_202547_2025-11-20_0656|BY_IF
100000002014|1006|VF|5030|5030|02-JAN-2027|02-JAN-2027|75|0|100000002014_1006_VF|IFTransmode| |202547|CONSTRAINED|CONSTRAINED|CONSTRAINED_202547_2025-11-20_0656|BY_IF
100000002014|1006|VF|5031|5031|09-JAN-2027|09-JAN-2027|75|0|100000002014_1006_VF|IFTransmode| |202547|CONSTRAINED|CONSTRAINED|CONSTRAINED_202547_2025-11-20_0656|BY_IF
100000002014|1006|VF|5032|5032|16-JAN-2027|16-JAN-2027|75|0|100000002014_1006_VF|IFTransmode| |202547|CONSTRAINED|CONSTRAINED|CONSTRAINED_202547_2025-11-20_0656|BY_IF
100000002014|1006|VF|5033|5033|23-JAN-2027|23-JAN-2027|75|0|100000002014_1006_VF|IFTransmode| |202547|CONSTRAINED|CONSTRAINED|CONSTRAINED_202547_2025-11-20_0656|BY_IF
100000002014|1006|VF|5034|5034|30-JAN-2027|30-JAN-2027|75|0|100000002014_1006_VF|IFTransmode| |202547|CONSTRAINED|CONSTRAINED|CONSTRAINED_202547_2025-11-20_0656|BY_IF
100000002014|1006|VF|5035|5035|06-FEB-2027|06-FEB-2027|75|0|100000002014_1006_VF|IFTransmode| |202547|CONSTRAINED|CONSTRAINED|CONSTRAINED_202547_2025-11-20_0656|BY_IF
100000002014|1006|VF|5036|5036|13-FEB-2027|13-FEB-2027|75|0|100000002014_1006_VF|IFTransmode| |202547|CONSTRAINED|CONSTRAINED|CONSTRAINED_202547_2025-11-20_0656|BY_IF
100000002014|1006|VF|5037|5037|20-FEB-2027|20-FEB-2027|75|0|100000002014_1006_VF|IFTransmode| |202547|CONSTRAINED|CONSTRAINED|CONSTRAINED_202547_2025-11-20_0656|BY_IF
100000002014|1006|VF|5038|5038|27-FEB-2027|27-FEB-2027|75|0|100000002014_1006_VF|IFTransmode| |202547|CONSTRAINED|CONSTRAINED|CONSTRAINED_202547_2025-11-20_0656|BY_IF
100000002014|1006|VF|5039|5039|06-MAR-2027|06-MAR-2027|75|0|100000002014_1006_VF|IFTransmode| |202547|CONSTRAINED|CONSTRAINED|CONSTRAINED_202547_2025-11-20_0656|BY_IF
100000002014|1006|VF|5040|5040|13-MAR-2027|13-MAR-2027|75|0|100000002014_1006_VF|IFTransmode| |202547|CONSTRAINED|CONSTRAINED|CONSTRAINED_202547_2025-11-20_0656|BY_IF
100000002014|1006|VF|5041|5041|20-MAR-2027|20-MAR-2027|75|0|100000002014_1006_VF|IFTransmode| |202547|CONSTRAINED|CONSTRAINED|CONSTRAINED_202547_2025-11-20_0656|BY_IF
100000002014|1006|VF|5042|5042|27-MAR-2027|27-MAR-2027|75|0|100000002014_1006_VF|IFTransmode| |202547|CONSTRAINED|CONSTRAINED|CONSTRAINED_202547_2025-11-20_0656|BY_IF
100000002014|1006|VF|5043|5043|03-APR-2027|03-APR-2027|75|0|100000002014_1006_VF|IFTransmode| |202547|CONSTRAINED|CONSTRAINED|CONSTRAINED_202547_2025-11-20_0656|BY_IF
100000002014|1006|VF|5044|5044|10-APR-2027|10-APR-2027|75|0|100000002014_1006_VF|IFTransmode| |202547|CONSTRAINED|CONSTRAINED|CONSTRAINED_202547_2025-11-20_0656|BY_IF
100000002014|1006|VF|5045|5045|17-APR-2027|17-APR-2027|75|0|100000002014_1006_VF|IFTransmode| |202547|CONSTRAINED|CONSTRAINED|CONSTRAINED_202547_2025-11-20_0656|BY_IF
100000002014|1006|VF|5046|5046|24-APR-2027|24-APR-2027|75|0|100000002014_1006_VF|IFTransmode| |202547|CONSTRAINED|CONSTRAINED|CONSTRAINED_202547_2025-11-20_0656|BY_IF
100000002014|1006|VF|5047|5047|01-MAY-2027|01-MAY-2027|75|0|100000002014_1006_VF|IFTransmode| |202547|CONSTRAINED|CONSTRAINED|CONSTRAINED_202547_2025-11-20_0656|BY_IF
100000002014|1006|VF|5048|5048|08-MAY-2027|08-MAY-2027|75|0|100000002014_1006_VF|IFTransmode| |202547|CONSTRAINED|CONSTRAINED|CONSTRAINED_202547_2025-11-20_0656|BY_IF
100000002014|1006|VF|5049|5049|15-MAY-2027|15-MAY-2027|75|0|100000002014_1006_VF|IFTransmode| |202547|CONSTRAINED|CONSTRAINED|CONSTRAINED_202547_2025-11-20_0656|BY_IF
100000002014|1006|VF|5050|5050|22-MAY-2027|22-MAY-2027|75|0|100000002014_1006_VF|IFTransmode| |202547|CONSTRAINED|CONSTRAINED|CONSTRAINED_202547_2025-11-20_0656|BY_IF
100000002014|1006|VF|5051|5051|29-MAY-2027|29-MAY-2027|75|0|100000002014_1006_VF|IFTransmode| |202547|CONSTRAINED|CONSTRAINED|CONSTRAINED_202547_2025-11-20_0656|BY_IF
100000002014|1006|VF|5052|5052|05-JUN-2027|05-JUN-2027|75|0|100000002014_1006_VF|IFTransmode| |202547|CONSTRAINED|CONSTRAINED|CONSTRAINED_202547_2025-11-20_0656|BY_IF
100000002014|1006|VF|5053|5053|12-JUN-2027|12-JUN-2027|75|0|100000002014_1006_VF|IFTransmode| |202547|CONSTRAINED|CONSTRAINED|CONSTRAINED_202547_2025-11-20_0656|BY_IF
100000002014|1006|VF|5054|5054|19-JUN-2027|19-JUN-2027|75|0|100000002014_1006_VF|IFTransmode| |202547|CONSTRAINED|CONSTRAINED|CONSTRAINED_202547_2025-11-20_0656|BY_IF
100000002014|1006|VF|5055|5055|26-JUN-2027|26-JUN-2027|75|0|100000002014_1006_VF|IFTransmode| |202547|CONSTRAINED|CONSTRAINED|CONSTRAINED_202547_2025-11-20_0656|BY_IF
100000002014|1006|VF|5056|5056|03-JUL-2027|03-JUL-2027|75|0|100000002014_1006_VF|IFTransmode| |202547|CONSTRAINED|CONSTRAINED|CONSTRAINED_202547_2025-11-20_0656|BY_IF
100000002014|1006|VF|5057|5057|10-JUL-2027|10-JUL-2027|75|0|100000002014_1006_VF|IFTransmode| |202547|CONSTRAINED|CONSTRAINED|CONSTRAINED_202547_2025-11-20_0656|BY_IF
100000002014|1006|VF|5058|5058|17-JUL-2027|17-JUL-2027|75|0|100000002014_1006_VF|IFTransmode| |202547|CONSTRAINED|CONSTRAINED|CONSTRAINED_202547_2025-11-20_0656|BY_IF
100000002014|1006|VF|5059|5059|24-JUL-2027|24-JUL-2027|75|0|100000002014_1006_VF|IFTransmode| |202547|CONSTRAINED|CONSTRAINED|CONSTRAINED_202547_2025-11-20_0656|BY_IF
100000002015|1006|VF|5979|5979|22-NOV-2025|22-NOV-2025|38|0|100000002015_1006_VF|IFTransmode| |202547|CONSTRAINED|CONSTRAINED|CONSTRAINED_202547_2025-11-20_0656|BY_IF
100000002015|1006|VF|5980|5980|01-AUG-2026|01-AUG-2026|75|0|100000002015_1006_VF|IFTransmode| |202547|CONSTRAINED|CONSTRAINED|CONSTRAINED_202547_2025-11-20_0656|BY_IF
100000002015|1006|VF|5981|5981|08-AUG-2026|08-AUG-2026|75|0|100000002015_1006_VF|IFTransmode| |202547|CONSTRAINED|CONSTRAINED|CONSTRAINED_202547_2025-11-20_0656|BY_IF
100000002015|1006|VF|5982|5982|15-AUG-2026|15-AUG-2026|75|0|100000002015_1006_VF|IFTransmode| |202547|CONSTRAINED|CONSTRAINED|CONSTRAINED_202547_2025-11-20_0656|BY_IF
100000002015|1006|VF|5983|5983|22-AUG-2026|22-AUG-2026|75|0|100000002015_1006_VF|IFTransmode| |202547|CONSTRAINED|CONSTRAINED|CONSTRAINED_202547_2025-11-20_0656|BY_IF
100000002015|1006|VF|5984|5984|29-AUG-2026|29-AUG-2026|75|0|100000002015_1006_VF|IFTransmode| |202547|CONSTRAINED|CONSTRAINED|CONSTRAINED_202547_2025-11-20_0656|BY_IF
100000002015|1006|VF|5985|5985|05-SEP-2026|05-SEP-2026|75|0|100000002015_1006_VF|IFTransmode| |202547|CONSTRAINED|CONSTRAINED|CONSTRAINED_202547_2025-11-20_0656|BY_IF
100000002015|1006|VF|5986|5986|12-SEP-2026|12-SEP-2026|75|0|100000002015_1006_VF|IFTransmode| |202547|CONSTRAINED|CONSTRAINED|CONSTRAINED_202547_2025-11-20_0656|BY_IF
100000002015|1006|VF|5987|5987|19-SEP-2026|19-SEP-2026|75|0|100000002015_1006_VF|IFTransmode| |202547|CONSTRAINED|CONSTRAINED|CONSTRAINED_202547_2025-11-20_0656|BY_IF
100000002015|1006|VF|5988|5988|26-SEP-2026|26-SEP-2026|75|0|100000002015_1006_VF|IFTransmode| |202547|CONSTRAINED|CONSTRAINED|CONSTRAINED_202547_2025-11-20_0656|BY_IF
100000002015|1006|VF|5989|5989|03-OCT-2026|03-OCT-2026|75|0|100000002015_1006_VF|IFTransmode| |202547|CONSTRAINED|CONSTRAINED|CONSTRAINED_202547_2025-11-20_0656|BY_IF
100000002015|1006|VF|5990|5990|10-OCT-2026|10-OCT-2026|75|0|100000002015_1006_VF|IFTransmode| |202547|CONSTRAINED|CONSTRAINED|CONSTRAINED_202547_2025-11-20_0656|BY_IF
100000002015|1006|VF|5991|5991|17-OCT-2026|17-OCT-2026|75|0|100000002015_1006_VF|IFTransmode| |202547|CONSTRAINED|CONSTRAINED|CONSTRAINED_202547_2025-11-20_0656|BY_IF
100000002015|1006|VF|5992|5992|24-OCT-2026|24-OCT-2026|75|0|100000002015_1006_VF|IFTransmode| |202547|CONSTRAINED|CONSTRAINED|CONSTRAINED_202547_2025-11-20_0656|BY_IF
100000002015|1006|VF|5993|5993|31-OCT-2026|31-OCT-2026|75|0|100000002015_1006_VF|IFTransmode| |202547|CONSTRAINED|CONSTRAINED|CONSTRAINED_202547_2025-11-20_0656|BY_IF
100000002015|1006|VF|5994|5994|07-NOV-2026|07-NOV-2026|75|0|100000002015_1006_VF|IFTransmode| |202547|CONSTRAINED|CONSTRAINED|CONSTRAINED_202547_2025-11-20_0656|BY_IF
100000002015|1006|VF|5995|5995|14-NOV-2026|14-NOV-2026|75|0|100000002015_1006_VF|IFTransmode| |202547|CONSTRAINED|CONSTRAINED|CONSTRAINED_202547_2025-11-20_0656|BY_IF
100000002015|1006|VF|5996|5996|21-NOV-2026|21-NOV-2026|75|0|100000002015_1006_VF|IFTransmode| |202547|CONSTRAINED|CONSTRAINED|CONSTRAINED_202547_2025-11-20_0656|BY_IF
100000002015|1006|VF|5997|5997|28-NOV-2026|28-NOV-2026|75|0|100000002015_1006_VF|IFTransmode| |202547|CONSTRAINED|CONSTRAINED|CONSTRAINED_202547_2025-11-20_0656|BY_IF
100000002015|1006|VF|5998|5998|05-DEC-2026|05-DEC-2026|75|0|100000002015_1006_VF|IFTransmode| |202547|CONSTRAINED|CONSTRAINED|CONSTRAINED_202547_2025-11-20_0656|BY_IF
100000002015|1006|VF|5999|5999|12-DEC-2026|12-DEC-2026|75|0|100000002015_1006_VF|IFTransmode| |202547|CONSTRAINED|CONSTRAINED|CONSTRAINED_202547_2025-11-20_0656|BY_IF
100000002015|1006|VF|6000|6000|19-DEC-2026|19-DEC-2026|75|0|100000002015_1006_VF|IFTransmode| |202547|CONSTRAINED|CONSTRAINED|CONSTRAINED_202547_2025-11-20_0656|BY_IF
100000002015|1006|VF|6001|6001|26-DEC-2026|26-DEC-2026|75|0|100000002015_1006_VF|IFTransmode| |202547|CONSTRAINED|CONSTRAINED|CONSTRAINED_202547_2025-11-20_0656|BY_IF
100000002015|1006|VF|6002|6002|02-JAN-2027|02-JAN-2027|75|0|100000002015_1006_VF|IFTransmode| |202547|CONSTRAINED|CONSTRAINED|CONSTRAINED_202547_2025-11-20_0656|BY_IF
100000002015|1006|VF|6003|6003|09-JAN-2027|09-JAN-2027|75|0|100000002015_1006_VF|IFTransmode| |202547|CONSTRAINED|CONSTRAINED|CONSTRAINED_202547_2025-11-20_0656|BY_IF
100000002015|1006|VF|6004|6004|16-JAN-2027|16-JAN-2027|75|0|100000002015_1006_VF|IFTransmode| |202547|CONSTRAINED|CONSTRAINED|CONSTRAINED_202547_2025-11-20_0656|BY_IF
100000002015|1006|VF|6005|6005|23-JAN-2027|23-JAN-2027|75|0|100000002015_1006_VF|IFTransmode| |202547|CONSTRAINED|CONSTRAINED|CONSTRAINED_202547_2025-11-20_0656|BY_IF
100000002015|1006|VF|6006|6006|30-JAN-2027|30-JAN-2027|75|0|100000002015_1006_VF|IFTransmode| |202547|CONSTRAINED|CONSTRAINED|CONSTRAINED_202547_2025-11-20_0656|BY_IF
100000002015|1006|VF|6007|6007|06-FEB-2027|06-FEB-2027|75|0|100000002015_1006_VF|IFTransmode| |202547|CONSTRAINED|CONSTRAINED|CONSTRAINED_202547_2025-11-20_0656|BY_IF
100000002015|1006|VF|6008|6008|13-FEB-2027|13-FEB-2027|75|0|100000002015_1006_VF|IFTransmode| |202547|CONSTRAINED|CONSTRAINED|CONSTRAINED_202547_2025-11-20_0656|BY_IF
100000002015|1006|VF|6009|6009|20-FEB-2027|20-FEB-2027|75|0|100000002015_1006_VF|IFTransmode| |202547|CONSTRAINED|CONSTRAINED|CONSTRAINED_202547_2025-11-20_0656|BY_IF
100000002015|1006|VF|6010|6010|27-FEB-2027|27-FEB-2027|75|0|100000002015_1006_VF|IFTransmode| |202547|CONSTRAINED|CONSTRAINED|CONSTRAINED_202547_2025-11-20_0656|BY_IF
100000002015|1006|VF|6011|6011|06-MAR-2027|06-MAR-2027|75|0|100000002015_1006_VF|IFTransmode| |202547|CONSTRAINED|CONSTRAINED|CONSTRAINED_202547_2025-11-20_0656|BY_IF
100000002015|1006|VF|6012|6012|13-MAR-2027|13-MAR-2027|75|0|100000002015_1006_VF|IFTransmode| |202547|CONSTRAINED|CONSTRAINED|CONSTRAINED_202547_2025-11-20_0656|BY_IF
100000002015|1006|VF|6013|6013|20-MAR-2027|20-MAR-2027|75|0|100000002015_1006_VF|IFTransmode| |202547|CONSTRAINED|CONSTRAINED|CONSTRAINED_202547_2025-11-20_0656|BY_IF
100000002015|1006|VF|6014|6014|27-MAR-2027|27-MAR-2027|75|0|100000002015_1006_VF|IFTransmode| |202547|CONSTRAINED|CONSTRAINED|CONSTRAINED_202547_2025-11-20_0656|BY_IF
100000002015|1006|VF|6015|6015|03-APR-2027|03-APR-2027|75|0|100000002015_1006_VF|IFTransmode| |202547|CONSTRAINED|CONSTRAINED|CONSTRAINED_202547_2025-11-20_0656|BY_IF
100000002015|1006|VF|6016|6016|10-APR-2027|10-APR-2027|75|0|100000002015_1006_VF|IFTransmode| |202547|CONSTRAINED|CONSTRAINED|CONSTRAINED_202547_2025-11-20_0656|BY_IF
100000002015|1006|VF|6017|6017|17-APR-2027|17-APR-2027|75|0|100000002015_1006_VF|IFTransmode| |202547|CONSTRAINED|CONSTRAINED|CONSTRAINED_202547_2025-11-20_0656|BY_IF
100000002015|1006|VF|6018|6018|24-APR-2027|24-APR-2027|75|0|100000002015_1006_VF|IFTransmode| |202547|CONSTRAINED|CONSTRAINED|CONSTRAINED_202547_2025-11-20_0656|BY_IF
100000002015|1006|VF|6019|6019|01-MAY-2027|01-MAY-2027|75|0|100000002015_1006_VF|IFTransmode| |202547|CONSTRAINED|CONSTRAINED|CONSTRAINED_202547_2025-11-20_0656|BY_IF
100000002015|1006|VF|6020|6020|08-MAY-2027|08-MAY-2027|75|0|100000002015_1006_VF|IFTransmode| |202547|CONSTRAINED|CONSTRAINED|CONSTRAINED_202547_2025-11-20_0656|BY_IF
100000002015|1006|VF|6021|6021|15-MAY-2027|15-MAY-2027|75|0|100000002015_1006_VF|IFTransmode| |202547|CONSTRAINED|CONSTRAINED|CONSTRAINED_202547_2025-11-20_0656|BY_IF
100000002015|1006|VF|6022|6022|22-MAY-2027|22-MAY-2027|75|0|100000002015_1006_VF|IFTransmode| |202547|CONSTRAINED|CONSTRAINED|CONSTRAINED_202547_2025-11-20_0656|BY_IF
100000002015|1006|VF|6023|6023|29-MAY-2027|29-MAY-2027|75|0|100000002015_1006_VF|IFTransmode| |202547|CONSTRAINED|CONSTRAINED|CONSTRAINED_202547_2025-11-20_0656|BY_IF
100000002015|1006|VF|6024|6024|05-JUN-2027|05-JUN-2027|75|0|100000002015_1006_VF|IFTransmode| |202547|CONSTRAINED|CONSTRAINED|CONSTRAINED_202547_2025-11-20_0656|BY_IF
100000002015|1006|VF|6025|6025|12-JUN-2027|12-JUN-2027|75|0|100000002015_1006_VF|IFTransmode| |202547|CONSTRAINED|CONSTRAINED|CONSTRAINED_202547_2025-11-20_0656|BY_IF
100000002015|1006|VF|6026|6026|19-JUN-2027|19-JUN-2027|75|0|100000002015_1006_VF|IFTransmode| |202547|CONSTRAINED|CONSTRAINED|CONSTRAINED_202547_2025-11-20_0656|BY_IF
100000002015|1006|VF|6027|6027|26-JUN-2027|26-JUN-2027|75|0|100000002015_1006_VF|IFTransmode| |202547|CONSTRAINED|CONSTRAINED|CONSTRAINED_202547_2025-11-20_0656|BY_IF
100000002015|1006|VF|6028|6028|03-JUL-2027|03-JUL-2027|75|0|100000002015_1006_VF|IFTransmode| |202547|CONSTRAINED|CONSTRAINED|CONSTRAINED_202547_2025-11-20_0656|BY_IF
100000002015|1006|VF|6029|6029|10-JUL-2027|10-JUL-2027|75|0|100000002015_1006_VF|IFTransmode| |202547|CONSTRAINED|CONSTRAINED|CONSTRAINED_202547_2025-11-20_0656|BY_IF
100000002015|1006|VF|6030|6030|17-JUL-2027|17-JUL-2027|75|0|100000002015_1006_VF|IFTransmode| |202547|CONSTRAINED|CONSTRAINED|CONSTRAINED_202547_2025-11-20_0656|BY_IF
100000002015|1006|VF|6031|6031|24-JUL-2027|24-JUL-2027|75|0|100000002015_1006_VF|IFTransmode| |202547|CONSTRAINED|CONSTRAINED|CONSTRAINED_202547_2025-11-20_0656|BY_IF
100000002016|1006|VF|6828|6828|22-NOV-2025|22-NOV-2025|38|0|100000002016_1006_VF|IFTransmode| |202547|CONSTRAINED|CONSTRAINED|CONSTRAINED_202547_2025-11-20_0656|BY_IF
100000002016|1006|VF|6829|6829|01-AUG-2026|01-AUG-2026|75|0|100000002016_1006_VF|IFTransmode| |202547|CONSTRAINED|CONSTRAINED|CONSTRAINED_202547_2025-11-20_0656|BY_IF
100000002016|1006|VF|6830|6830|08-AUG-2026|08-AUG-2026|75|0|100000002016_1006_VF|IFTransmode| |202547|CONSTRAINED|CONSTRAINED|CONSTRAINED_202547_2025-11-20_0656|BY_IF
100000002016|1006|VF|6831|6831|15-AUG-2026|15-AUG-2026|75|0|100000002016_1006_VF|IFTransmode| |202547|CONSTRAINED|CONSTRAINED|CONSTRAINED_202547_2025-11-20_0656|BY_IF
100000002016|1006|VF|6832|6832|22-AUG-2026|22-AUG-2026|75|0|100000002016_1006_VF|IFTransmode| |202547|CONSTRAINED|CONSTRAINED|CONSTRAINED_202547_2025-11-20_0656|BY_IF
100000002016|1006|VF|6833|6833|29-AUG-2026|29-AUG-2026|75|0|100000002016_1006_VF|IFTransmode| |202547|CONSTRAINED|CONSTRAINED|CONSTRAINED_202547_2025-11-20_0656|BY_IF
100000002016|1006|VF|6834|6834|05-SEP-2026|05-SEP-2026|75|0|100000002016_1006_VF|IFTransmode| |202547|CONSTRAINED|CONSTRAINED|CONSTRAINED_202547_2025-11-20_0656|BY_IF
100000002016|1006|VF|6835|6835|12-SEP-2026|12-SEP-2026|75|0|100000002016_1006_VF|IFTransmode| |202547|CONSTRAINED|CONSTRAINED|CONSTRAINED_202547_2025-11-20_0656|BY_IF
100000002016|1006|VF|6836|6836|19-SEP-2026|19-SEP-2026|75|0|100000002016_1006_VF|IFTransmode| |202547|CONSTRAINED|CONSTRAINED|CONSTRAINED_202547_2025-11-20_0656|BY_IF
100000002016|1006|VF|6837|6837|26-SEP-2026|26-SEP-2026|75|0|100000002016_1006_VF|IFTransmode| |202547|CONSTRAINED|CONSTRAINED|CONSTRAINED_202547_2025-11-20_0656|BY_IF
100000002016|1006|VF|6838|6838|03-OCT-2026|03-OCT-2026|75|0|100000002016_1006_VF|IFTransmode| |202547|CONSTRAINED|CONSTRAINED|CONSTRAINED_202547_2025-11-20_0656|BY_IF
100000002016|1006|VF|6839|6839|10-OCT-2026|10-OCT-2026|75|0|100000002016_1006_VF|IFTransmode| |202547|CONSTRAINED|CONSTRAINED|CONSTRAINED_202547_2025-11-20_0656|BY_IF
100000002016|1006|VF|6840|6840|17-OCT-2026|17-OCT-2026|75|0|100000002016_1006_VF|IFTransmode| |202547|CONSTRAINED|CONSTRAINED|CONSTRAINED_202547_2025-11-20_0656|BY_IF
100000002016|1006|VF|6841|6841|24-OCT-2026|24-OCT-2026|75|0|100000002016_1006_VF|IFTransmode| |202547|CONSTRAINED|CONSTRAINED|CONSTRAINED_202547_2025-11-20_0656|BY_IF
100000002016|1006|VF|6842|6842|31-OCT-2026|31-OCT-2026|75|0|100000002016_1006_VF|IFTransmode| |202547|CONSTRAINED|CONSTRAINED|CONSTRAINED_202547_2025-11-20_0656|BY_IF
100000002016|1006|VF|6843|6843|07-NOV-2026|07-NOV-2026|75|0|100000002016_1006_VF|IFTransmode| |202547|CONSTRAINED|CONSTRAINED|CONSTRAINED_202547_2025-11-20_0656|BY_IF
100000002016|1006|VF|6844|6844|14-NOV-2026|14-NOV-2026|75|0|100000002016_1006_VF|IFTransmode| |202547|CONSTRAINED|CONSTRAINED|CONSTRAINED_202547_2025-11-20_0656|BY_IF
100000002016|1006|VF|6845|6845|21-NOV-2026|21-NOV-2026|75|0|100000002016_1006_VF|IFTransmode| |202547|CONSTRAINED|CONSTRAINED|CONSTRAINED_202547_2025-11-20_0656|BY_IF
100000002016|1006|VF|6846|6846|28-NOV-2026|28-NOV-2026|75|0|100000002016_1006_VF|IFTransmode| |202547|CONSTRAINED|CONSTRAINED|CONSTRAINED_202547_2025-11-20_0656|BY_IF
100000002016|1006|VF|6847|6847|05-DEC-2026|05-DEC-2026|75|0|100000002016_1006_VF|IFTransmode| |202547|CONSTRAINED|CONSTRAINED|CONSTRAINED_202547_2025-11-20_0656|BY_IF
100000002016|1006|VF|6848|6848|12-DEC-2026|12-DEC-2026|75|0|100000002016_1006_VF|IFTransmode| |202547|CONSTRAINED|CONSTRAINED|CONSTRAINED_202547_2025-11-20_0656|BY_IF
100000002016|1006|VF|6849|6849|19-DEC-2026|19-DEC-2026|75|0|100000002016_1006_VF|IFTransmode| |202547|CONSTRAINED|CONSTRAINED|CONSTRAINED_202547_2025-11-20_0656|BY_IF
100000002016|1006|VF|6850|6850|26-DEC-2026|26-DEC-2026|75|0|100000002016_1006_VF|IFTransmode| |202547|CONSTRAINED|CONSTRAINED|CONSTRAINED_202547_2025-11-20_0656|BY_IF
100000002016|1006|VF|6851|6851|02-JAN-2027|02-JAN-2027|75|0|100000002016_1006_VF|IFTransmode| |202547|CONSTRAINED|CONSTRAINED|CONSTRAINED_202547_2025-11-20_0656|BY_IF
100000002016|1006|VF|6852|6852|09-JAN-2027|09-JAN-2027|75|0|100000002016_1006_VF|IFTransmode| |202547|CONSTRAINED|CONSTRAINED|CONSTRAINED_202547_2025-11-20_0656|BY_IF
100000002016|1006|VF|6853|6853|16-JAN-2027|16-JAN-2027|75|0|100000002016_1006_VF|IFTransmode| |202547|CONSTRAINED|CONSTRAINED|CONSTRAINED_202547_2025-11-20_0656|BY_IF
100000002016|1006|VF|6854|6854|23-JAN-2027|23-JAN-2027|75|0|100000002016_1006_VF|IFTransmode| |202547|CONSTRAINED|CONSTRAINED|CONSTRAINED_202547_2025-11-20_0656|BY_IF
100000002016|1006|VF|6855|6855|30-JAN-2027|30-JAN-2027|75|0|100000002016_1006_VF|IFTransmode| |202547|CONSTRAINED|CONSTRAINED|CONSTRAINED_202547_2025-11-20_0656|BY_IF
100000002016|1006|VF|6856|6856|06-FEB-2027|06-FEB-2027|75|0|100000002016_1006_VF|IFTransmode| |202547|CONSTRAINED|CONSTRAINED|CONSTRAINED_202547_2025-11-20_0656|BY_IF
100000002016|1006|VF|6857|6857|13-FEB-2027|13-FEB-2027|75|0|100000002016_1006_VF|IFTransmode| |202547|CONSTRAINED|CONSTRAINED|CONSTRAINED_202547_2025-11-20_0656|BY_IF
100000002016|1006|VF|6858|6858|20-FEB-2027|20-FEB-2027|75|0|100000002016_1006_VF|IFTransmode| |202547|CONSTRAINED|CONSTRAINED|CONSTRAINED_202547_2025-11-20_0656|BY_IF
100000002016|1006|VF|6859|6859|27-FEB-2027|27-FEB-2027|75|0|100000002016_1006_VF|IFTransmode| |202547|CONSTRAINED|CONSTRAINED|CONSTRAINED_202547_2025-11-20_0656|BY_IF
100000002016|1006|VF|6860|6860|06-MAR-2027|06-MAR-2027|75|0|100000002016_1006_VF|IFTransmode| |202547|CONSTRAINED|CONSTRAINED|CONSTRAINED_202547_2025-11-20_0656|BY_IF
100000002016|1006|VF|6861|6861|13-MAR-2027|13-MAR-2027|75|0|100000002016_1006_VF|IFTransmode| |202547|CONSTRAINED|CONSTRAINED|CONSTRAINED_202547_2025-11-20_0656|BY_IF
100000002016|1006|VF|6862|6862|20-MAR-2027|20-MAR-2027|75|0|100000002016_1006_VF|IFTransmode| |202547|CONSTRAINED|CONSTRAINED|CONSTRAINED_202547_2025-11-20_0656|BY_IF
100000002016|1006|VF|6863|6863|27-MAR-2027|27-MAR-2027|75|0|100000002016_1006_VF|IFTransmode| |202547|CONSTRAINED|CONSTRAINED|CONSTRAINED_202547_2025-11-20_0656|BY_IF
100000002016|1006|VF|6864|6864|03-APR-2027|03-APR-2027|75|0|100000002016_1006_VF|IFTransmode| |202547|CONSTRAINED|CONSTRAINED|CONSTRAINED_202547_2025-11-20_0656|BY_IF
100000002016|1006|VF|6865|6865|10-APR-2027|10-APR-2027|75|0|100000002016_1006_VF|IFTransmode| |202547|CONSTRAINED|CONSTRAINED|CONSTRAINED_202547_2025-11-20_0656|BY_IF
100000002016|1006|VF|6866|6866|17-APR-2027|17-APR-2027|75|0|100000002016_1006_VF|IFTransmode| |202547|CONSTRAINED|CONSTRAINED|CONSTRAINED_202547_2025-11-20_0656|BY_IF
100000002016|1006|VF|6867|6867|24-APR-2027|24-APR-2027|75|0|100000002016_1006_VF|IFTransmode| |202547|CONSTRAINED|CONSTRAINED|CONSTRAINED_202547_2025-11-20_0656|BY_IF
100000002016|1006|VF|6868|6868|01-MAY-2027|01-MAY-2027|75|0|100000002016_1006_VF|IFTransmode| |202547|CONSTRAINED|CONSTRAINED|CONSTRAINED_202547_2025-11-20_0656|BY_IF
100000002016|1006|VF|6869|6869|08-MAY-2027|08-MAY-2027|75|0|100000002016_1006_VF|IFTransmode| |202547|CONSTRAINED|CONSTRAINED|CONSTRAINED_202547_2025-11-20_0656|BY_IF
100000002016|1006|VF|6870|6870|15-MAY-2027|15-MAY-2027|75|0|100000002016_1006_VF|IFTransmode| |202547|CONSTRAINED|CONSTRAINED|CONSTRAINED_202547_2025-11-20_0656|BY_IF
100000002016|1006|VF|6871|6871|22-MAY-2027|22-MAY-2027|75|0|100000002016_1006_VF|IFTransmode| |202547|CONSTRAINED|CONSTRAINED|CONSTRAINED_202547_2025-11-20_0656|BY_IF
100000002016|1006|VF|6872|6872|29-MAY-2027|29-MAY-2027|75|0|100000002016_1006_VF|IFTransmode| |202547|CONSTRAINED|CONSTRAINED|CONSTRAINED_202547_2025-11-20_0656|BY_IF
100000002016|1006|VF|6873|6873|05-JUN-2027|05-JUN-2027|75|0|100000002016_1006_VF|IFTransmode| |202547|CONSTRAINED|CONSTRAINED|CONSTRAINED_202547_2025-11-20_0656|BY_IF
100000002016|1006|VF|6874|6874|12-JUN-2027|12-JUN-2027|75|0|100000002016_1006_VF|IFTransmode| |202547|CONSTRAINED|CONSTRAINED|CONSTRAINED_202547_2025-11-20_0656|BY_IF
100000002016|1006|VF|6875|6875|19-JUN-2027|19-JUN-2027|75|0|100000002016_1006_VF|IFTransmode| |202547|CONSTRAINED|CONSTRAINED|CONSTRAINED_202547_2025-11-20_0656|BY_IF
100000002016|1006|VF|6876|6876|26-JUN-2027|26-JUN-2027|75|0|100000002016_1006_VF|IFTransmode| |202547|CONSTRAINED|CONSTRAINED|CONSTRAINED_202547_2025-11-20_0656|BY_IF
100000002016|1006|VF|6877|6877|03-JUL-2027|03-JUL-2027|75|0|100000002016_1006_VF|IFTransmode| |202547|CONSTRAINED|CONSTRAINED|CONSTRAINED_202547_2025-11-20_0656|BY_IF
100000002016|1006|VF|6878|6878|10-JUL-2027|10-JUL-2027|75|0|100000002016_1006_VF|IFTransmode| |202547|CONSTRAINED|CONSTRAINED|CONSTRAINED_202547_2025-11-20_0656|BY_IF
100000002016|1006|VF|6879|6879|17-JUL-2027|17-JUL-2027|75|0|100000002016_1006_VF|IFTransmode| |202547|CONSTRAINED|CONSTRAINED|CONSTRAINED_202547_2025-11-20_0656|BY_IF
100000002016|1006|VF|6880|6880|24-JUL-2027|24-JUL-2027|75|0|100000002016_1006_VF|IFTransmode| |202547|CONSTRAINED|CONSTRAINED|CONSTRAINED_202547_2025-11-20_0656|BY_IF
2000-001-049|1006|1003|4697|4697|02-AUG-2025|26-JUL-2025|269.035492|0|2000-001-049_1006_1003|IFTransmode| |202547|CONSTRAINED|CONSTRAINED|CONSTRAINED_202547_2025-11-20_0656|BY_IF
2000-001-049|1006|1003|4698|4698|09-AUG-2025|02-AUG-2025|385.786804|0|2000-001-049_1006_1003|IFTransmode| |202547|CONSTRAINED|CONSTRAINED|CONSTRAINED_202547_2025-11-20_0656|BY_IF
2000-001-049|1006|1003|4699|4699|16-AUG-2025|09-AUG-2025|192.893402|0|2000-001-049_1006_1003|IFTransmode| |202547|CONSTRAINED|CONSTRAINED|CONSTRAINED_202547_2025-11-20_0656|BY_IF
2000-001-049|1006|1003|4700|4700|30-AUG-2025|23-AUG-2025|10.15228|0|2000-001-049_1006_1003|IFTransmode| |202547|CONSTRAINED|CONSTRAINED|CONSTRAINED_202547_2025-11-20_0656|BY_IF
2000-001-049|1006|1003|4701|4701|20-SEP-2025|13-SEP-2025|50.761421|0|2000-001-049_1006_1003|IFTransmode| |202547|CONSTRAINED|CONSTRAINED|CONSTRAINED_202547_2025-11-20_0656|BY_IF
2000-001-050|1006|1003|4183|4183|02-AUG-2025|26-JUL-2025|118.529198|0|2000-001-050_1006_1003|IFTransmode| |202547|CONSTRAINED|CONSTRAINED|CONSTRAINED_202547_2025-11-20_0656|BY_IF
2000-001-050|1006|1003|4184|4184|09-AUG-2025|02-AUG-2025|293.746307|0|2000-001-050_1006_1003|IFTransmode| |202547|CONSTRAINED|CONSTRAINED|CONSTRAINED_202547_2025-11-20_0656|BY_IF
2000-001-050|1006|1003|4185|4185|16-AUG-2025|09-AUG-2025|110.283699|0|2000-001-050_1006_1003|IFTransmode| |202547|CONSTRAINED|CONSTRAINED|CONSTRAINED_202547_2025-11-20_0656|BY_IF
2000-001-050|1006|1003|4186|4186|23-AUG-2025|16-AUG-2025|108.222298|0|2000-001-050_1006_1003|IFTransmode| |202547|CONSTRAINED|CONSTRAINED|CONSTRAINED_202547_2025-11-20_0656|BY_IF
2000-280-868|1006|VF|5060|5060|01-AUG-2026|01-AUG-2026|75|0|2000-280-868_1006_VF|IFTransmode| |202547|CONSTRAINED|CONSTRAINED|CONSTRAINED_202547_2025-11-20_0656|BY_IF
2000-280-868|1006|VF|5061|5061|08-AUG-2026|08-AUG-2026|75|0|2000-280-868_1006_VF|IFTransmode| |202547|CONSTRAINED|CONSTRAINED|CONSTRAINED_202547_2025-11-20_0656|BY_IF
2000-280-868|1006|VF|5062|5062|15-AUG-2026|15-AUG-2026|75|0|2000-280-868_1006_VF|IFTransmode| |202547|CONSTRAINED|CONSTRAINED|CONSTRAINED_202547_2025-11-20_0656|BY_IF
2000-280-868|1006|VF|5063|5063|22-AUG-2026|22-AUG-2026|75|0|2000-280-868_1006_VF|IFTransmode| |202547|CONSTRAINED|CONSTRAINED|CONSTRAINED_202547_2025-11-20_0656|BY_IF
2000-280-868|1006|VF|5064|5064|29-AUG-2026|29-AUG-2026|75|0|2000-280-868_1006_VF|IFTransmode| |202547|CONSTRAINED|CONSTRAINED|CONSTRAINED_202547_2025-11-20_0656|BY_IF
2000-280-868|1006|VF|5065|5065|05-SEP-2026|05-SEP-2026|75|0|2000-280-868_1006_VF|IFTransmode| |202547|CONSTRAINED|CONSTRAINED|CONSTRAINED_202547_2025-11-20_0656|BY_IF
2000-280-868|1006|VF|5066|5066|12-SEP-2026|12-SEP-2026|75|0|2000-280-868_1006_VF|IFTransmode| |202547|CONSTRAINED|CONSTRAINED|CONSTRAINED_202547_2025-11-20_0656|BY_IF
2000-280-868|1006|VF|5067|5067|19-SEP-2026|19-SEP-2026|75|0|2000-280-868_1006_VF|IFTransmode| |202547|CONSTRAINED|CONSTRAINED|CONSTRAINED_202547_2025-11-20_0656|BY_IF
2000-280-868|1006|VF|5068|5068|26-SEP-2026|26-SEP-2026|75|0|2000-280-868_1006_VF|IFTransmode| |202547|CONSTRAINED|CONSTRAINED|CONSTRAINED_202547_2025-11-20_0656|BY_IF
2000-280-868|1006|VF|5069|5069|03-OCT-2026|03-OCT-2026|75|0|2000-280-868_1006_VF|IFTransmode| |202547|CONSTRAINED|CONSTRAINED|CONSTRAINED_202547_2025-11-20_0656|BY_IF
2000-280-868|1006|VF|5070|5070|10-OCT-2026|10-OCT-2026|75|0|2000-280-868_1006_VF|IFTransmode| |202547|CONSTRAINED|CONSTRAINED|CONSTRAINED_202547_2025-11-20_0656|BY_IF
2000-280-868|1006|VF|5071|5071|17-OCT-2026|17-OCT-2026|75|0|2000-280-868_1006_VF|IFTransmode| |202547|CONSTRAINED|CONSTRAINED|CONSTRAINED_202547_2025-11-20_0656|BY_IF
2000-280-868|1006|VF|5072|5072|24-OCT-2026|24-OCT-2026|75|0|2000-280-868_1006_VF|IFTransmode| |202547|CONSTRAINED|CONSTRAINED|CONSTRAINED_202547_2025-11-20_0656|BY_IF
2000-280-868|1006|VF|5073|5073|31-OCT-2026|31-OCT-2026|75|0|2000-280-868_1006_VF|IFTransmode| |202547|CONSTRAINED|CONSTRAINED|CONSTRAINED_202547_2025-11-20_0656|BY_IF
2000-280-868|1006|VF|5074|5074|07-NOV-2026|07-NOV-2026|75|0|2000-280-868_1006_VF|IFTransmode| |202547|CONSTRAINED|CONSTRAINED|CONSTRAINED_202547_2025-11-20_0656|BY_IF
2000-280-868|1006|VF|5075|5075|14-NOV-2026|14-NOV-2026|75|0|2000-280-868_1006_VF|IFTransmode| |202547|CONSTRAINED|CONSTRAINED|CONSTRAINED_202547_2025-11-20_0656|BY_IF
2000-280-868|1006|VF|5076|5076|21-NOV-2026|21-NOV-2026|75|0|2000-280-868_1006_VF|IFTransmode| |202547|CONSTRAINED|CONSTRAINED|CONSTRAINED_202547_2025-11-20_0656|BY_IF
2000-280-868|1006|VF|5077|5077|28-NOV-2026|28-NOV-2026|75|0|2000-280-868_1006_VF|IFTransmode| |202547|CONSTRAINED|CONSTRAINED|CONSTRAINED_202547_2025-11-20_0656|BY_IF
2000-280-868|1006|VF|5078|5078|05-DEC-2026|05-DEC-2026|75|0|2000-280-868_1006_VF|IFTransmode| |202547|CONSTRAINED|CONSTRAINED|CONSTRAINED_202547_2025-11-20_0656|BY_IF
2000-280-868|1006|VF|5079|5079|12-DEC-2026|12-DEC-2026|75|0|2000-280-868_1006_VF|IFTransmode| |202547|CONSTRAINED|CONSTRAINED|CONSTRAINED_202547_2025-11-20_0656|BY_IF
2000-280-868|1006|VF|5080|5080|19-DEC-2026|19-DEC-2026|75|0|2000-280-868_1006_VF|IFTransmode| |202547|CONSTRAINED|CONSTRAINED|CONSTRAINED_202547_2025-11-20_0656|BY_IF
2000-280-868|1006|VF|5081|5081|26-DEC-2026|26-DEC-2026|75|0|2000-280-868_1006_VF|IFTransmode| |202547|CONSTRAINED|CONSTRAINED|CONSTRAINED_202547_2025-11-20_0656|BY_IF
2000-280-868|1006|VF|5082|5082|02-JAN-2027|02-JAN-2027|75|0|2000-280-868_1006_VF|IFTransmode| |202547|CONSTRAINED|CONSTRAINED|CONSTRAINED_202547_2025-11-20_0656|BY_IF
2000-280-868|1006|VF|5083|5083|09-JAN-2027|09-JAN-2027|75|0|2000-280-868_1006_VF|IFTransmode| |202547|CONSTRAINED|CONSTRAINED|CONSTRAINED_202547_2025-11-20_0656|BY_IF
2000-280-868|1006|VF|5084|5084|16-JAN-2027|16-JAN-2027|75|0|2000-280-868_1006_VF|IFTransmode| |202547|CONSTRAINED|CONSTRAINED|CONSTRAINED_202547_2025-11-20_0656|BY_IF
2000-280-868|1006|VF|5085|5085|23-JAN-2027|23-JAN-2027|75|0|2000-280-868_1006_VF|IFTransmode| |202547|CONSTRAINED|CONSTRAINED|CONSTRAINED_202547_2025-11-20_0656|BY_IF
2000-280-868|1006|VF|5086|5086|30-JAN-2027|30-JAN-2027|75|0|2000-280-868_1006_VF|IFTransmode| |202547|CONSTRAINED|CONSTRAINED|CONSTRAINED_202547_2025-11-20_0656|BY_IF
2000-280-868|1006|VF|5087|5087|06-FEB-2027|06-FEB-2027|75|0|2000-280-868_1006_VF|IFTransmode| |202547|CONSTRAINED|CONSTRAINED|CONSTRAINED_202547_2025-11-20_0656|BY_IF
2000-280-868|1006|VF|5088|5088|13-FEB-2027|13-FEB-2027|75|0|2000-280-868_1006_VF|IFTransmode| |202547|CONSTRAINED|CONSTRAINED|CONSTRAINED_202547_2025-11-20_0656|BY_IF
2000-280-868|1006|VF|5089|5089|20-FEB-2027|20-FEB-2027|75|0|2000-280-868_1006_VF|IFTransmode| |202547|CONSTRAINED|CONSTRAINED|CONSTRAINED_202547_2025-11-20_0656|BY_IF
2000-280-868|1006|VF|5090|5090|27-FEB-2027|27-FEB-2027|75|0|2000-280-868_1006_VF|IFTransmode| |202547|CONSTRAINED|CONSTRAINED|CONSTRAINED_202547_2025-11-20_0656|BY_IF
2000-280-868|1006|VF|5091|5091|06-MAR-2027|06-MAR-2027|75|0|2000-280-868_1006_VF|IFTransmode| |202547|CONSTRAINED|CONSTRAINED|CONSTRAINED_202547_2025-11-20_0656|BY_IF
2000-280-868|1006|VF|5092|5092|13-MAR-2027|13-MAR-2027|75|0|2000-280-868_1006_VF|IFTransmode| |202547|CONSTRAINED|CONSTRAINED|CONSTRAINED_202547_2025-11-20_0656|BY_IF
2000-280-868|1006|VF|5093|5093|20-MAR-2027|20-MAR-2027|75|0|2000-280-868_1006_VF|IFTransmode| |202547|CONSTRAINED|CONSTRAINED|CONSTRAINED_202547_2025-11-20_0656|BY_IF
2000-280-868|1006|VF|5094|5094|27-MAR-2027|27-MAR-2027|75|0|2000-280-868_1006_VF|IFTransmode| |202547|CONSTRAINED|CONSTRAINED|CONSTRAINED_202547_2025-11-20_0656|BY_IF
2000-280-868|1006|VF|5095|5095|03-APR-2027|03-APR-2027|75|0|2000-280-868_1006_VF|IFTransmode| |202547|CONSTRAINED|CONSTRAINED|CONSTRAINED_202547_2025-11-20_0656|BY_IF
2000-280-868|1006|VF|5096|5096|10-APR-2027|10-APR-2027|75|0|2000-280-868_1006_VF|IFTransmode| |202547|CONSTRAINED|CONSTRAINED|CONSTRAINED_202547_2025-11-20_0656|BY_IF
2000-280-868|1006|VF|5097|5097|17-APR-2027|17-APR-2027|75|0|2000-280-868_1006_VF|IFTransmode| |202547|CONSTRAINED|CONSTRAINED|CONSTRAINED_202547_2025-11-20_0656|BY_IF
2000-280-868|1006|VF|5098|5098|24-APR-2027|24-APR-2027|75|0|2000-280-868_1006_VF|IFTransmode| |202547|CONSTRAINED|CONSTRAINED|CONSTRAINED_202547_2025-11-20_0656|BY_IF
2000-280-868|1006|VF|5099|5099|01-MAY-2027|01-MAY-2027|75|0|2000-280-868_1006_VF|IFTransmode| |202547|CONSTRAINED|CONSTRAINED|CONSTRAINED_202547_2025-11-20_0656|BY_IF
2000-280-868|1006|VF|5100|5100|08-MAY-2027|08-MAY-2027|75|0|2000-280-868_1006_VF|IFTransmode| |202547|CONSTRAINED|CONSTRAINED|CONSTRAINED_202547_2025-11-20_0656|BY_IF
2000-280-868|1006|VF|5101|5101|15-MAY-2027|15-MAY-2027|75|0|2000-280-868_1006_VF|IFTransmode| |202547|CONSTRAINED|CONSTRAINED|CONSTRAINED_202547_2025-11-20_0656|BY_IF
2000-280-868|1006|VF|5102|5102|22-MAY-2027|22-MAY-2027|75|0|2000-280-868_1006_VF|IFTransmode| |202547|CONSTRAINED|CONSTRAINED|CONSTRAINED_202547_2025-11-20_0656|BY_IF
2000-280-868|1006|VF|5103|5103|29-MAY-2027|29-MAY-2027|75|0|2000-280-868_1006_VF|IFTransmode| |202547|CONSTRAINED|CONSTRAINED|CONSTRAINED_202547_2025-11-20_0656|BY_IF
2000-280-868|1006|VF|5104|5104|05-JUN-2027|05-JUN-2027|75|0|2000-280-868_1006_VF|IFTransmode| |202547|CONSTRAINED|CONSTRAINED|CONSTRAINED_202547_2025-11-20_0656|BY_IF
2000-280-868|1006|VF|5105|5105|12-JUN-2027|12-JUN-2027|75|0|2000-280-868_1006_VF|IFTransmode| |202547|CONSTRAINED|CONSTRAINED|CONSTRAINED_202547_2025-11-20_0656|BY_IF
2000-280-868|1006|VF|5106|5106|19-JUN-2027|19-JUN-2027|75|0|2000-280-868_1006_VF|IFTransmode| |202547|CONSTRAINED|CONSTRAINED|CONSTRAINED_202547_2025-11-20_0656|BY_IF
2000-280-868|1006|VF|5107|5107|26-JUN-2027|26-JUN-2027|75|0|2000-280-868_1006_VF|IFTransmode| |202547|CONSTRAINED|CONSTRAINED|CONSTRAINED_202547_2025-11-20_0656|BY_IF
2000-280-868|1006|VF|5108|5108|03-JUL-2027|03-JUL-2027|75|0|2000-280-868_1006_VF|IFTransmode| |202547|CONSTRAINED|CONSTRAINED|CONSTRAINED_202547_2025-11-20_0656|BY_IF
2000-280-868|1006|VF|5109|5109|10-JUL-2027|10-JUL-2027|75|0|2000-280-868_1006_VF|IFTransmode| |202547|CONSTRAINED|CONSTRAINED|CONSTRAINED_202547_2025-11-20_0656|BY_IF
2000-280-868|1006|VF|5110|5110|17-JUL-2027|17-JUL-2027|75|0|2000-280-868_1006_VF|IFTransmode| |202547|CONSTRAINED|CONSTRAINED|CONSTRAINED_202547_2025-11-20_0656|BY_IF
2000-280-868|1006|VF|5111|5111|24-JUL-2027|24-JUL-2027|75|0|2000-280-868_1006_VF|IFTransmode| |202547|CONSTRAINED|CONSTRAINED|CONSTRAINED_202547_2025-11-20_0656|BY_IF
2000-281-446|1006|1003|5177|5177|02-AUG-2025|26-JUL-2025|118.529198|0|2000-281-446_1006_1003|IFTransmode| |202547|CONSTRAINED|CONSTRAINED|CONSTRAINED_202547_2025-11-20_0656|BY_IF
2000-281-446|1020|1003|6825|6825|09-AUG-2025|02-AUG-2025|293.746307|0|2000-281-446_1020_1003|IFTransmode| |202547|CONSTRAINED|CONSTRAINED|CONSTRAINED_202547_2025-11-20_0656|BY_IF
2000-281-446|1020|1003|6826|6826|16-AUG-2025|09-AUG-2025|110.283699|0|2000-281-446_1020_1003|IFTransmode| |202547|CONSTRAINED|CONSTRAINED|CONSTRAINED_202547_2025-11-20_0656|BY_IF
2000-281-446|1020|1003|6827|6827|23-AUG-2025|16-AUG-2025|108.222298|0|2000-281-446_1020_1003|IFTransmode| |202547|CONSTRAINED|CONSTRAINED|CONSTRAINED_202547_2025-11-20_0656|BY_IF
2000-285-610|1006|VF|5119|5119|01-AUG-2026|01-AUG-2026|75|0|2000-285-610_1006_VF|IFTransmode| |202547|CONSTRAINED|CONSTRAINED|CONSTRAINED_202547_2025-11-20_0656|BY_IF
2000-285-610|1006|VF|5120|5120|08-AUG-2026|08-AUG-2026|75|0|2000-285-610_1006_VF|IFTransmode| |202547|CONSTRAINED|CONSTRAINED|CONSTRAINED_202547_2025-11-20_0656|BY_IF
2000-285-610|1006|VF|5121|5121|15-AUG-2026|15-AUG-2026|75|0|2000-285-610_1006_VF|IFTransmode| |202547|CONSTRAINED|CONSTRAINED|CONSTRAINED_202547_2025-11-20_0656|BY_IF
2000-285-610|1006|VF|5122|5122|22-AUG-2026|22-AUG-2026|75|0|2000-285-610_1006_VF|IFTransmode| |202547|CONSTRAINED|CONSTRAINED|CONSTRAINED_202547_2025-11-20_0656|BY_IF
2000-285-610|1006|VF|5123|5123|29-AUG-2026|29-AUG-2026|75|0|2000-285-610_1006_VF|IFTransmode| |202547|CONSTRAINED|CONSTRAINED|CONSTRAINED_202547_2025-11-20_0656|BY_IF
2000-285-610|1006|VF|5124|5124|05-SEP-2026|05-SEP-2026|75|0|2000-285-610_1006_VF|IFTransmode| |202547|CONSTRAINED|CONSTRAINED|CONSTRAINED_202547_2025-11-20_0656|BY_IF
2000-285-610|1006|VF|5125|5125|12-SEP-2026|12-SEP-2026|75|0|2000-285-610_1006_VF|IFTransmode| |202547|CONSTRAINED|CONSTRAINED|CONSTRAINED_202547_2025-11-20_0656|BY_IF
2000-285-610|1006|VF|5126|5126|19-SEP-2026|19-SEP-2026|75|0|2000-285-610_1006_VF|IFTransmode| |202547|CONSTRAINED|CONSTRAINED|CONSTRAINED_202547_2025-11-20_0656|BY_IF
2000-285-610|1006|VF|5127|5127|26-SEP-2026|26-SEP-2026|75|0|2000-285-610_1006_VF|IFTransmode| |202547|CONSTRAINED|CONSTRAINED|CONSTRAINED_202547_2025-11-20_0656|BY_IF
2000-285-610|1006|VF|5128|5128|03-OCT-2026|03-OCT-2026|75|0|2000-285-610_1006_VF|IFTransmode| |202547|CONSTRAINED|CONSTRAINED|CONSTRAINED_202547_2025-11-20_0656|BY_IF
2000-285-610|1006|VF|5129|5129|10-OCT-2026|10-OCT-2026|75|0|2000-285-610_1006_VF|IFTransmode| |202547|CONSTRAINED|CONSTRAINED|CONSTRAINED_202547_2025-11-20_0656|BY_IF
2000-285-610|1006|VF|5130|5130|17-OCT-2026|17-OCT-2026|75|0|2000-285-610_1006_VF|IFTransmode| |202547|CONSTRAINED|CONSTRAINED|CONSTRAINED_202547_2025-11-20_0656|BY_IF
2000-285-610|1006|VF|5131|5131|24-OCT-2026|24-OCT-2026|75|0|2000-285-610_1006_VF|IFTransmode| |202547|CONSTRAINED|CONSTRAINED|CONSTRAINED_202547_2025-11-20_0656|BY_IF
2000-285-610|1006|VF|5132|5132|31-OCT-2026|31-OCT-2026|75|0|2000-285-610_1006_VF|IFTransmode| |202547|CONSTRAINED|CONSTRAINED|CONSTRAINED_202547_2025-11-20_0656|BY_IF
2000-285-610|1006|VF|5133|5133|07-NOV-2026|07-NOV-2026|75|0|2000-285-610_1006_VF|IFTransmode| |202547|CONSTRAINED|CONSTRAINED|CONSTRAINED_202547_2025-11-20_0656|BY_IF
2000-285-610|1006|VF|5134|5134|14-NOV-2026|14-NOV-2026|75|0|2000-285-610_1006_VF|IFTransmode| |202547|CONSTRAINED|CONSTRAINED|CONSTRAINED_202547_2025-11-20_0656|BY_IF
2000-285-610|1006|VF|5135|5135|21-NOV-2026|21-NOV-2026|75|0|2000-285-610_1006_VF|IFTransmode| |202547|CONSTRAINED|CONSTRAINED|CONSTRAINED_202547_2025-11-20_0656|BY_IF
2000-285-610|1006|VF|5136|5136|28-NOV-2026|28-NOV-2026|75|0|2000-285-610_1006_VF|IFTransmode| |202547|CONSTRAINED|CONSTRAINED|CONSTRAINED_202547_2025-11-20_0656|BY_IF
2000-285-610|1006|VF|5137|5137|05-DEC-2026|05-DEC-2026|75|0|2000-285-610_1006_VF|IFTransmode| |202547|CONSTRAINED|CONSTRAINED|CONSTRAINED_202547_2025-11-20_0656|BY_IF
2000-285-610|1006|VF|5138|5138|12-DEC-2026|12-DEC-2026|75|0|2000-285-610_1006_VF|IFTransmode| |202547|CONSTRAINED|CONSTRAINED|CONSTRAINED_202547_2025-11-20_0656|BY_IF
2000-285-610|1006|VF|5139|5139|19-DEC-2026|19-DEC-2026|75|0|2000-285-610_1006_VF|IFTransmode| |202547|CONSTRAINED|CONSTRAINED|CONSTRAINED_202547_2025-11-20_0656|BY_IF
2000-285-610|1006|VF|5140|5140|26-DEC-2026|26-DEC-2026|75|0|2000-285-610_1006_VF|IFTransmode| |202547|CONSTRAINED|CONSTRAINED|CONSTRAINED_202547_2025-11-20_0656|BY_IF
2000-285-610|1006|VF|5141|5141|02-JAN-2027|02-JAN-2027|75|0|2000-285-610_1006_VF|IFTransmode| |202547|CONSTRAINED|CONSTRAINED|CONSTRAINED_202547_2025-11-20_0656|BY_IF
2000-285-610|1006|VF|5142|5142|09-JAN-2027|09-JAN-2027|75|0|2000-285-610_1006_VF|IFTransmode| |202547|CONSTRAINED|CONSTRAINED|CONSTRAINED_202547_2025-11-20_0656|BY_IF
2000-285-610|1006|VF|5143|5143|16-JAN-2027|16-JAN-2027|75|0|2000-285-610_1006_VF|IFTransmode| |202547|CONSTRAINED|CONSTRAINED|CONSTRAINED_202547_2025-11-20_0656|BY_IF
2000-285-610|1006|VF|5144|5144|23-JAN-2027|23-JAN-2027|75|0|2000-285-610_1006_VF|IFTransmode| |202547|CONSTRAINED|CONSTRAINED|CONSTRAINED_202547_2025-11-20_0656|BY_IF
2000-285-610|1006|VF|5145|5145|30-JAN-2027|30-JAN-2027|75|0|2000-285-610_1006_VF|IFTransmode| |202547|CONSTRAINED|CONSTRAINED|CONSTRAINED_202547_2025-11-20_0656|BY_IF
2000-285-610|1006|VF|5146|5146|06-FEB-2027|06-FEB-2027|75|0|2000-285-610_1006_VF|IFTransmode| |202547|CONSTRAINED|CONSTRAINED|CONSTRAINED_202547_2025-11-20_0656|BY_IF
2000-285-610|1006|VF|5147|5147|13-FEB-2027|13-FEB-2027|75|0|2000-285-610_1006_VF|IFTransmode| |202547|CONSTRAINED|CONSTRAINED|CONSTRAINED_202547_2025-11-20_0656|BY_IF
2000-285-610|1006|VF|5148|5148|20-FEB-2027|20-FEB-2027|75|0|2000-285-610_1006_VF|IFTransmode| |202547|CONSTRAINED|CONSTRAINED|CONSTRAINED_202547_2025-11-20_0656|BY_IF
2000-285-610|1006|VF|5149|5149|27-FEB-2027|27-FEB-2027|75|0|2000-285-610_1006_VF|IFTransmode| |202547|CONSTRAINED|CONSTRAINED|CONSTRAINED_202547_2025-11-20_0656|BY_IF
2000-285-610|1006|VF|5150|5150|06-MAR-2027|06-MAR-2027|75|0|2000-285-610_1006_VF|IFTransmode| |202547|CONSTRAINED|CONSTRAINED|CONSTRAINED_202547_2025-11-20_0656|BY_IF
2000-285-610|1006|VF|5151|5151|13-MAR-2027|13-MAR-2027|75|0|2000-285-610_1006_VF|IFTransmode| |202547|CONSTRAINED|CONSTRAINED|CONSTRAINED_202547_2025-11-20_0656|BY_IF
2000-285-610|1006|VF|5152|5152|20-MAR-2027|20-MAR-2027|75|0|2000-285-610_1006_VF|IFTransmode| |202547|CONSTRAINED|CONSTRAINED|CONSTRAINED_202547_2025-11-20_0656|BY_IF
2000-285-610|1006|VF|5153|5153|27-MAR-2027|27-MAR-2027|75|0|2000-285-610_1006_VF|IFTransmode| |202547|CONSTRAINED|CONSTRAINED|CONSTRAINED_202547_2025-11-20_0656|BY_IF
2000-285-610|1006|VF|5154|5154|03-APR-2027|03-APR-2027|75|0|2000-285-610_1006_VF|IFTransmode| |202547|CONSTRAINED|CONSTRAINED|CONSTRAINED_202547_2025-11-20_0656|BY_IF
2000-285-610|1006|VF|5155|5155|10-APR-2027|10-APR-2027|75|0|2000-285-610_1006_VF|IFTransmode| |202547|CONSTRAINED|CONSTRAINED|CONSTRAINED_202547_2025-11-20_0656|BY_IF
2000-285-610|1006|VF|5156|5156|17-APR-2027|17-APR-2027|75|0|2000-285-610_1006_VF|IFTransmode| |202547|CONSTRAINED|CONSTRAINED|CONSTRAINED_202547_2025-11-20_0656|BY_IF
2000-285-610|1006|VF|5157|5157|24-APR-2027|24-APR-2027|75|0|2000-285-610_1006_VF|IFTransmode| |202547|CONSTRAINED|CONSTRAINED|CONSTRAINED_202547_2025-11-20_0656|BY_IF
2000-285-610|1006|VF|5158|5158|01-MAY-2027|01-MAY-2027|75|0|2000-285-610_1006_VF|IFTransmode| |202547|CONSTRAINED|CONSTRAINED|CONSTRAINED_202547_2025-11-20_0656|BY_IF
2000-285-610|1006|VF|5159|5159|08-MAY-2027|08-MAY-2027|75|0|2000-285-610_1006_VF|IFTransmode| |202547|CONSTRAINED|CONSTRAINED|CONSTRAINED_202547_2025-11-20_0656|BY_IF
2000-285-610|1006|VF|5160|5160|15-MAY-2027|15-MAY-2027|75|0|2000-285-610_1006_VF|IFTransmode| |202547|CONSTRAINED|CONSTRAINED|CONSTRAINED_202547_2025-11-20_0656|BY_IF
2000-285-610|1006|VF|5161|5161|22-MAY-2027|22-MAY-2027|75|0|2000-285-610_1006_VF|IFTransmode| |202547|CONSTRAINED|CONSTRAINED|CONSTRAINED_202547_2025-11-20_0656|BY_IF
2000-285-610|1006|VF|5162|5162|29-MAY-2027|29-MAY-2027|75|0|2000-285-610_1006_VF|IFTransmode| |202547|CONSTRAINED|CONSTRAINED|CONSTRAINED_202547_2025-11-20_0656|BY_IF
2000-285-610|1006|VF|5163|5163|05-JUN-2027|05-JUN-2027|75|0|2000-285-610_1006_VF|IFTransmode| |202547|CONSTRAINED|CONSTRAINED|CONSTRAINED_202547_2025-11-20_0656|BY_IF
2000-285-610|1006|VF|5164|5164|12-JUN-2027|12-JUN-2027|75|0|2000-285-610_1006_VF|IFTransmode| |202547|CONSTRAINED|CONSTRAINED|CONSTRAINED_202547_2025-11-20_0656|BY_IF
2000-285-610|1006|VF|5165|5165|19-JUN-2027|19-JUN-2027|75|0|2000-285-610_1006_VF|IFTransmode| |202547|CONSTRAINED|CONSTRAINED|CONSTRAINED_202547_2025-11-20_0656|BY_IF
2000-285-610|1006|VF|5166|5166|26-JUN-2027|26-JUN-2027|75|0|2000-285-610_1006_VF|IFTransmode| |202547|CONSTRAINED|CONSTRAINED|CONSTRAINED_202547_2025-11-20_0656|BY_IF
2000-285-610|1006|VF|5167|5167|03-JUL-2027|03-JUL-2027|75|0|2000-285-610_1006_VF|IFTransmode| |202547|CONSTRAINED|CONSTRAINED|CONSTRAINED_202547_2025-11-20_0656|BY_IF
2000-285-610|1006|VF|5168|5168|10-JUL-2027|10-JUL-2027|75|0|2000-285-610_1006_VF|IFTransmode| |202547|CONSTRAINED|CONSTRAINED|CONSTRAINED_202547_2025-11-20_0656|BY_IF
2000-285-610|1006|VF|5169|5169|17-JUL-2027|17-JUL-2027|75|0|2000-285-610_1006_VF|IFTransmode| |202547|CONSTRAINED|CONSTRAINED|CONSTRAINED_202547_2025-11-20_0656|BY_IF
2000-285-610|1006|VF|5170|5170|24-JUL-2027|24-JUL-2027|75|0|2000-285-610_1006_VF|IFTransmode| |202547|CONSTRAINED|CONSTRAINED|CONSTRAINED_202547_2025-11-20_0656|BY_IF
2000-285-677|1006|1020|4702|4702|23-AUG-2025|16-AUG-2025|109.870399|0|2000-285-677_1006_1020|IFTransmode| |202547|CONSTRAINED|CONSTRAINED|CONSTRAINED_202547_2025-11-20_0656|BY_IF
2000-285-677|1003|1020|5116|5116|02-AUG-2025|26-JUL-2025|120.334198|0|2000-285-677_1003_1020|IFTransmode| |202547|CONSTRAINED|CONSTRAINED|CONSTRAINED_202547_2025-11-20_0656|BY_IF
2000-285-677|1003|1020|5117|5117|09-AUG-2025|02-AUG-2025|251.132294|0|2000-285-677_1003_1020|IFTransmode| |202547|CONSTRAINED|CONSTRAINED|CONSTRAINED_202547_2025-11-20_0656|BY_IF
2000-285-677|1003|1020|5118|5118|16-AUG-2025|09-AUG-2025|111.963097|0|2000-285-677_1003_1020|IFTransmode| |202547|CONSTRAINED|CONSTRAINED|CONSTRAINED_202547_2025-11-20_0656|BY_IF
2000-311-262|1004|1011|2190|2190|02-AUG-2025|26-JUL-2025|142.132004|0|2000-311-262_1004_1011|IFTransmode| |202547|CONSTRAINED|CONSTRAINED|CONSTRAINED_202547_2025-11-20_0656|BY_IF
2000-311-262|1004|1011|2191|2191|09-AUG-2025|02-AUG-2025|340.101501|0|2000-311-262_1004_1011|IFTransmode| |202547|CONSTRAINED|CONSTRAINED|CONSTRAINED_202547_2025-11-20_0656|BY_IF
2000-311-262|1004|1011|2192|2192|16-AUG-2025|09-AUG-2025|103.553299|0|2000-311-262_1004_1011|IFTransmode| |202547|CONSTRAINED|CONSTRAINED|CONSTRAINED_202547_2025-11-20_0656|BY_IF
2000-311-262|1004|1011|2193|2193|23-AUG-2025|16-AUG-2025|101.522797|0|2000-311-262_1004_1011|IFTransmode| |202547|CONSTRAINED|CONSTRAINED|CONSTRAINED_202547_2025-11-20_0656|BY_IF
2001-001-001|1004|VF|2294|2294|22-NOV-2025|22-NOV-2025|38|0|2001-001-001_1004_VF|IFTransmode| |202547|CONSTRAINED|CONSTRAINED|CONSTRAINED_202547_2025-11-20_0656|BY_IF
2001-001-001|1004|VF|2295|2295|01-AUG-2026|01-AUG-2026|75|0|2001-001-001_1004_VF|IFTransmode| |202547|CONSTRAINED|CONSTRAINED|CONSTRAINED_202547_2025-11-20_0656|BY_IF
2001-001-001|1004|VF|2296|2296|08-AUG-2026|08-AUG-2026|75|0|2001-001-001_1004_VF|IFTransmode| |202547|CONSTRAINED|CONSTRAINED|CONSTRAINED_202547_2025-11-20_0656|BY_IF
2001-001-001|1004|VF|2297|2297|10-OCT-2026|10-OCT-2026|12.99999|0|2001-001-001_1004_VF|IFTransmode| |202547|CONSTRAINED|CONSTRAINED|CONSTRAINED_202547_2025-11-20_0656|BY_IF
2001-001-001|1004|VF|2298|2298|05-DEC-2026|05-DEC-2026|75|0|2001-001-001_1004_VF|IFTransmode| |202547|CONSTRAINED|CONSTRAINED|CONSTRAINED_202547_2025-11-20_0656|BY_IF
2001-001-001|1004|VF|2299|2299|12-DEC-2026|12-DEC-2026|75|0|2001-001-001_1004_VF|IFTransmode| |202547|CONSTRAINED|CONSTRAINED|CONSTRAINED_202547_2025-11-20_0656|BY_IF
2001-001-001|1004|VF|2300|2300|19-DEC-2026|19-DEC-2026|75|0|2001-001-001_1004_VF|IFTransmode| |202547|CONSTRAINED|CONSTRAINED|CONSTRAINED_202547_2025-11-20_0656|BY_IF
2001-001-001|1004|VF|2301|2301|26-DEC-2026|26-DEC-2026|75|0|2001-001-001_1004_VF|IFTransmode| |202547|CONSTRAINED|CONSTRAINED|CONSTRAINED_202547_2025-11-20_0656|BY_IF
2001-001-001|1004|VF|2302|2302|02-JAN-2027|02-JAN-2027|75|0|2001-001-001_1004_VF|IFTransmode| |202547|CONSTRAINED|CONSTRAINED|CONSTRAINED_202547_2025-11-20_0656|BY_IF
2001-001-001|1004|VF|2303|2303|09-JAN-2027|09-JAN-2027|75|0|2001-001-001_1004_VF|IFTransmode| |202547|CONSTRAINED|CONSTRAINED|CONSTRAINED_202547_2025-11-20_0656|BY_IF
2001-001-001|1004|VF|2304|2304|16-JAN-2027|16-JAN-2027|75|0|2001-001-001_1004_VF|IFTransmode| |202547|CONSTRAINED|CONSTRAINED|CONSTRAINED_202547_2025-11-20_0656|BY_IF
2001-001-001|1004|VF|2305|2305|23-JAN-2027|23-JAN-2027|75|0|2001-001-001_1004_VF|IFTransmode| |202547|CONSTRAINED|CONSTRAINED|CONSTRAINED_202547_2025-11-20_0656|BY_IF
2001-001-001|1004|VF|2306|2306|30-JAN-2027|30-JAN-2027|75|0|2001-001-001_1004_VF|IFTransmode| |202547|CONSTRAINED|CONSTRAINED|CONSTRAINED_202547_2025-11-20_0656|BY_IF
2001-001-001|1004|VF|2307|2307|06-FEB-2027|06-FEB-2027|75|0|2001-001-001_1004_VF|IFTransmode| |202547|CONSTRAINED|CONSTRAINED|CONSTRAINED_202547_2025-11-20_0656|BY_IF
2001-001-001|1004|VF|2308|2308|13-FEB-2027|13-FEB-2027|75|0|2001-001-001_1004_VF|IFTransmode| |202547|CONSTRAINED|CONSTRAINED|CONSTRAINED_202547_2025-11-20_0656|BY_IF
2001-001-001|1004|VF|2309|2309|20-FEB-2027|20-FEB-2027|75|0|2001-001-001_1004_VF|IFTransmode| |202547|CONSTRAINED|CONSTRAINED|CONSTRAINED_202547_2025-11-20_0656|BY_IF
2001-001-001|1004|VF|2310|2310|27-FEB-2027|27-FEB-2027|75|0|2001-001-001_1004_VF|IFTransmode| |202547|CONSTRAINED|CONSTRAINED|CONSTRAINED_202547_2025-11-20_0656|BY_IF
2001-001-001|1004|VF|2311|2311|06-MAR-2027|06-MAR-2027|75|0|2001-001-001_1004_VF|IFTransmode| |202547|CONSTRAINED|CONSTRAINED|CONSTRAINED_202547_2025-11-20_0656|BY_IF
2001-001-001|1004|VF|2312|2312|13-MAR-2027|13-MAR-2027|75|0|2001-001-001_1004_VF|IFTransmode| |202547|CONSTRAINED|CONSTRAINED|CONSTRAINED_202547_2025-11-20_0656|BY_IF
2001-001-001|1004|VF|2313|2313|10-APR-2027|10-APR-2027|75|0|2001-001-001_1004_VF|IFTransmode| |202547|CONSTRAINED|CONSTRAINED|CONSTRAINED_202547_2025-11-20_0656|BY_IF
2001-001-001|1004|VF|2314|2314|17-APR-2027|17-APR-2027|75|0|2001-001-001_1004_VF|IFTransmode| |202547|CONSTRAINED|CONSTRAINED|CONSTRAINED_202547_2025-11-20_0656|BY_IF
2001-001-001|1004|VF|2315|2315|24-APR-2027|24-APR-2027|75|0|2001-001-001_1004_VF|IFTransmode| |202547|CONSTRAINED|CONSTRAINED|CONSTRAINED_202547_2025-11-20_0656|BY_IF
2001-001-001|1004|VF|2316|2316|01-MAY-2027|01-MAY-2027|75|0|2001-001-001_1004_VF|IFTransmode| |202547|CONSTRAINED|CONSTRAINED|CONSTRAINED_202547_2025-11-20_0656|BY_IF
2001-001-001|1004|VF|2317|2317|08-MAY-2027|08-MAY-2027|75|0|2001-001-001_1004_VF|IFTransmode| |202547|CONSTRAINED|CONSTRAINED|CONSTRAINED_202547_2025-11-20_0656|BY_IF
2001-001-001|1004|VF|2318|2318|15-MAY-2027|15-MAY-2027|75|0|2001-001-001_1004_VF|IFTransmode| |202547|CONSTRAINED|CONSTRAINED|CONSTRAINED_202547_2025-11-20_0656|BY_IF
2001-001-001|1004|VF|2319|2319|22-MAY-2027|22-MAY-2027|75|0|2001-001-001_1004_VF|IFTransmode| |202547|CONSTRAINED|CONSTRAINED|CONSTRAINED_202547_2025-11-20_0656|BY_IF
2001-001-001|1004|VF|2320|2320|29-MAY-2027|29-MAY-2027|75|0|2001-001-001_1004_VF|IFTransmode| |202547|CONSTRAINED|CONSTRAINED|CONSTRAINED_202547_2025-11-20_0656|BY_IF
2001-001-001|1004|VF|2321|2321|05-JUN-2027|05-JUN-2027|75|0|2001-001-001_1004_VF|IFTransmode| |202547|CONSTRAINED|CONSTRAINED|CONSTRAINED_202547_2025-11-20_0656|BY_IF
2001-001-001|1004|VF|2322|2322|12-JUN-2027|12-JUN-2027|75|0|2001-001-001_1004_VF|IFTransmode| |202547|CONSTRAINED|CONSTRAINED|CONSTRAINED_202547_2025-11-20_0656|BY_IF
2001-001-001|1004|VF|2323|2323|19-JUN-2027|19-JUN-2027|75|0|2001-001-001_1004_VF|IFTransmode| |202547|CONSTRAINED|CONSTRAINED|CONSTRAINED_202547_2025-11-20_0656|BY_IF
2001-001-001|1004|VF|2324|2324|26-JUN-2027|26-JUN-2027|75|0|2001-001-001_1004_VF|IFTransmode| |202547|CONSTRAINED|CONSTRAINED|CONSTRAINED_202547_2025-11-20_0656|BY_IF
2001-001-001|1004|VF|2325|2325|03-JUL-2027|03-JUL-2027|75|0|2001-001-001_1004_VF|IFTransmode| |202547|CONSTRAINED|CONSTRAINED|CONSTRAINED_202547_2025-11-20_0656|BY_IF
2001-001-001|1004|VF|2326|2326|10-JUL-2027|10-JUL-2027|75|0|2001-001-001_1004_VF|IFTransmode| |202547|CONSTRAINED|CONSTRAINED|CONSTRAINED_202547_2025-11-20_0656|BY_IF
2001-001-001|1004|VF|2327|2327|17-JUL-2027|17-JUL-2027|47.000011|0|2001-001-001_1004_VF|IFTransmode| |202547|CONSTRAINED|CONSTRAINED|CONSTRAINED_202547_2025-11-20_0656|BY_IF
2001-001-001|1011|VF|2538|2538|15-AUG-2026|15-AUG-2026|75|0|2001-001-001_1011_VF|IFTransmode| |202547|CONSTRAINED|CONSTRAINED|CONSTRAINED_202547_2025-11-20_0656|BY_IF
2001-001-001|1011|VF|2539|2539|22-AUG-2026|22-AUG-2026|75|0|2001-001-001_1011_VF|IFTransmode| |202547|CONSTRAINED|CONSTRAINED|CONSTRAINED_202547_2025-11-20_0656|BY_IF
2001-001-001|1011|VF|2540|2540|29-AUG-2026|29-AUG-2026|75|0|2001-001-001_1011_VF|IFTransmode| |202547|CONSTRAINED|CONSTRAINED|CONSTRAINED_202547_2025-11-20_0656|BY_IF
2001-001-001|1011|VF|2541|2541|05-SEP-2026|05-SEP-2026|75|0|2001-001-001_1011_VF|IFTransmode| |202547|CONSTRAINED|CONSTRAINED|CONSTRAINED_202547_2025-11-20_0656|BY_IF
2001-001-001|1011|VF|2542|2542|12-SEP-2026|12-SEP-2026|75|0|2001-001-001_1011_VF|IFTransmode| |202547|CONSTRAINED|CONSTRAINED|CONSTRAINED_202547_2025-11-20_0656|BY_IF
2001-001-001|1011|VF|2543|2543|19-SEP-2026|19-SEP-2026|75|0|2001-001-001_1011_VF|IFTransmode| |202547|CONSTRAINED|CONSTRAINED|CONSTRAINED_202547_2025-11-20_0656|BY_IF
2001-001-001|1011|VF|2544|2544|26-SEP-2026|26-SEP-2026|75|0|2001-001-001_1011_VF|IFTransmode| |202547|CONSTRAINED|CONSTRAINED|CONSTRAINED_202547_2025-11-20_0656|BY_IF
2001-001-001|1011|VF|2545|2545|03-OCT-2026|03-OCT-2026|75|0|2001-001-001_1011_VF|IFTransmode| |202547|CONSTRAINED|CONSTRAINED|CONSTRAINED_202547_2025-11-20_0656|BY_IF
2001-001-001|1011|VF|2546|2546|10-OCT-2026|10-OCT-2026|62.000011|0|2001-001-001_1011_VF|IFTransmode| |202547|CONSTRAINED|CONSTRAINED|CONSTRAINED_202547_2025-11-20_0656|BY_IF
2001-001-001|1011|VF|2547|2547|17-OCT-2026|17-OCT-2026|75|0|2001-001-001_1011_VF|IFTransmode| |202547|CONSTRAINED|CONSTRAINED|CONSTRAINED_202547_2025-11-20_0656|BY_IF
2001-001-001|1011|VF|2548|2548|24-OCT-2026|24-OCT-2026|75|0|2001-001-001_1011_VF|IFTransmode| |202547|CONSTRAINED|CONSTRAINED|CONSTRAINED_202547_2025-11-20_0656|BY_IF
2001-001-001|1011|VF|2549|2549|31-OCT-2026|31-OCT-2026|75|0|2001-001-001_1011_VF|IFTransmode| |202547|CONSTRAINED|CONSTRAINED|CONSTRAINED_202547_2025-11-20_0656|BY_IF
2001-001-001|1011|VF|2550|2550|07-NOV-2026|07-NOV-2026|75|0|2001-001-001_1011_VF|IFTransmode| |202547|CONSTRAINED|CONSTRAINED|CONSTRAINED_202547_2025-11-20_0656|BY_IF
2001-001-001|1011|VF|2551|2551|14-NOV-2026|14-NOV-2026|75|0|2001-001-001_1011_VF|IFTransmode| |202547|CONSTRAINED|CONSTRAINED|CONSTRAINED_202547_2025-11-20_0656|BY_IF
2001-001-001|1011|VF|2552|2552|21-NOV-2026|21-NOV-2026|75|0|2001-001-001_1011_VF|IFTransmode| |202547|CONSTRAINED|CONSTRAINED|CONSTRAINED_202547_2025-11-20_0656|BY_IF
2001-001-001|1011|VF|2553|2553|28-NOV-2026|28-NOV-2026|75|0|2001-001-001_1011_VF|IFTransmode| |202547|CONSTRAINED|CONSTRAINED|CONSTRAINED_202547_2025-11-20_0656|BY_IF
2001-001-001|1011|VF|2554|2554|20-MAR-2027|20-MAR-2027|75|0|2001-001-001_1011_VF|IFTransmode| |202547|CONSTRAINED|CONSTRAINED|CONSTRAINED_202547_2025-11-20_0656|BY_IF
2001-001-001|1011|VF|2555|2555|27-MAR-2027|27-MAR-2027|75|0|2001-001-001_1011_VF|IFTransmode| |202547|CONSTRAINED|CONSTRAINED|CONSTRAINED_202547_2025-11-20_0656|BY_IF
2001-001-001|1011|VF|2556|2556|03-APR-2027|03-APR-2027|75|0|2001-001-001_1011_VF|IFTransmode| |202547|CONSTRAINED|CONSTRAINED|CONSTRAINED_202547_2025-11-20_0656|BY_IF
2001-001-001|1011|VF|2557|2557|17-JUL-2027|17-JUL-2027|27.99999|0|2001-001-001_1011_VF|IFTransmode| |202547|CONSTRAINED|CONSTRAINED|CONSTRAINED_202547_2025-11-20_0656|BY_IF
2001-001-001|1011|VF|2558|2558|24-JUL-2027|24-JUL-2027|75|0|2001-001-001_1011_VF|IFTransmode| |202547|CONSTRAINED|CONSTRAINED|CONSTRAINED_202547_2025-11-20_0656|BY_IF
