ITEM|LOC|SEQNUM|HEADERSEQNUM|NEEDDATE|STARTDATE|SCHEDDATE|QTY|FIRMPLANSW|PURCHMETHOD|PROJECT|CAPTURE_WK|CAPTURE_TYPE|SIMULATION_NAME|SOLVE_VERSION|U_PLANMODULE
100000000024|1004|3753|3753|01-JAN-1970|02-AUG-2025|02-AUG-2025|287.756|0|100000000024_1004_PURCH| |202547|CONSTRAINED|CONSTRAINED|CONSTRAINED_202547_2025-11-20_0656|BY_IF
100000000024|1004|3752|3752|01-JAN-1970|26-JUL-2025|26-JUL-2025|784.788|0|100000000024_1004_PURCH| |202547|CONSTRAINED|CONSTRAINED|CONSTRAINED_202547_2025-11-20_0656|BY_IF
100000000025|1004|3917|3917|01-JAN-1970|03-JUL-2027|03-JUL-2027|156.958|0|100000000025_1004_PURCH| |202547|CONSTRAINED|CONSTRAINED|CONSTRAINED_202547_2025-11-20_0656|BY_IF
100000000025|1004|3916|3916|01-JAN-1970|26-JUN-2027|26-JUN-2027|78.479|0|100000000025_1004_PURCH| |202547|CONSTRAINED|CONSTRAINED|CONSTRAINED_202547_2025-11-20_0656|BY_IF
100000000025|1004|3915|3915|01-JAN-1970|19-JUN-2027|19-JUN-2027|78.479|0|100000000025_1004_PURCH| |202547|CONSTRAINED|CONSTRAINED|CONSTRAINED_202547_2025-11-20_0656|BY_IF
100000000025|1004|3914|3914|01-JAN-1970|12-JUN-2027|12-JUN-2027|78.479|0|100000000025_1004_PURCH| |202547|CONSTRAINED|CONSTRAINED|CONSTRAINED_202547_2025-11-20_0656|BY_IF
100000000025|1004|3913|3913|01-JAN-1970|05-JUN-2027|05-JUN-2027|78.479|0|100000000025_1004_PURCH| |202547|CONSTRAINED|CONSTRAINED|CONSTRAINED_202547_2025-11-20_0656|BY_IF
100000000025|1004|3912|3912|01-JAN-1970|29-MAY-2027|29-MAY-2027|78.479|0|100000000025_1004_PURCH| |202547|CONSTRAINED|CONSTRAINED|CONSTRAINED_202547_2025-11-20_0656|BY_IF
100000000025|1004|3911|3911|01-JAN-1970|22-MAY-2027|22-MAY-2027|78.479|0|100000000025_1004_PURCH| |202547|CONSTRAINED|CONSTRAINED|CONSTRAINED_202547_2025-11-20_0656|BY_IF
100000000025|1004|3910|3910|01-JAN-1970|15-MAY-2027|15-MAY-2027|78.479|0|100000000025_1004_PURCH| |202547|CONSTRAINED|CONSTRAINED|CONSTRAINED_202547_2025-11-20_0656|BY_IF
100000000025|1004|3909|3909|01-JAN-1970|08-MAY-2027|08-MAY-2027|78.479|0|100000000025_1004_PURCH| |202547|CONSTRAINED|CONSTRAINED|CONSTRAINED_202547_2025-11-20_0656|BY_IF
100000000025|1004|3908|3908|01-JAN-1970|01-MAY-2027|01-MAY-2027|78.479|0|100000000025_1004_PURCH| |202547|CONSTRAINED|CONSTRAINED|CONSTRAINED_202547_2025-11-20_0656|BY_IF
100000000025|1004|3907|3907|01-JAN-1970|24-APR-2027|24-APR-2027|78.479|0|100000000025_1004_PURCH| |202547|CONSTRAINED|CONSTRAINED|CONSTRAINED_202547_2025-11-20_0656|BY_IF
100000000025|1004|3906|3906|01-JAN-1970|17-APR-2027|17-APR-2027|78.479|0|100000000025_1004_PURCH| |202547|CONSTRAINED|CONSTRAINED|CONSTRAINED_202547_2025-11-20_0656|BY_IF
100000000025|1004|3905|3905|01-JAN-1970|10-APR-2027|10-APR-2027|78.479|0|100000000025_1004_PURCH| |202547|CONSTRAINED|CONSTRAINED|CONSTRAINED_202547_2025-11-20_0656|BY_IF
100000000025|1004|3904|3904|01-JAN-1970|03-APR-2027|03-APR-2027|78.479|0|100000000025_1004_PURCH| |202547|CONSTRAINED|CONSTRAINED|CONSTRAINED_202547_2025-11-20_0656|BY_IF
100000000025|1004|3903|3903|01-JAN-1970|27-MAR-2027|27-MAR-2027|78.479|0|100000000025_1004_PURCH| |202547|CONSTRAINED|CONSTRAINED|CONSTRAINED_202547_2025-11-20_0656|BY_IF
100000000025|1004|3902|3902|01-JAN-1970|20-MAR-2027|20-MAR-2027|78.479|0|100000000025_1004_PURCH| |202547|CONSTRAINED|CONSTRAINED|CONSTRAINED_202547_2025-11-20_0656|BY_IF
100000000025|1004|3901|3901|01-JAN-1970|13-MAR-2027|13-MAR-2027|78.479|0|100000000025_1004_PURCH| |202547|CONSTRAINED|CONSTRAINED|CONSTRAINED_202547_2025-11-20_0656|BY_IF
100000000025|1004|3900|3900|01-JAN-1970|06-MAR-2027|06-MAR-2027|78.479|0|100000000025_1004_PURCH| |202547|CONSTRAINED|CONSTRAINED|CONSTRAINED_202547_2025-11-20_0656|BY_IF
100000000025|1004|3899|3899|01-JAN-1970|27-FEB-2027|27-FEB-2027|78.479|0|100000000025_1004_PURCH| |202547|CONSTRAINED|CONSTRAINED|CONSTRAINED_202547_2025-11-20_0656|BY_IF
100000000025|1004|3898|3898|01-JAN-1970|20-FEB-2027|20-FEB-2027|78.479|0|100000000025_1004_PURCH| |202547|CONSTRAINED|CONSTRAINED|CONSTRAINED_202547_2025-11-20_0656|BY_IF
100000000025|1004|3897|3897|01-JAN-1970|13-FEB-2027|13-FEB-2027|78.479|0|100000000025_1004_PURCH| |202547|CONSTRAINED|CONSTRAINED|CONSTRAINED_202547_2025-11-20_0656|BY_IF
100000000025|1004|3896|3896|01-JAN-1970|06-FEB-2027|06-FEB-2027|78.479|0|100000000025_1004_PURCH| |202547|CONSTRAINED|CONSTRAINED|CONSTRAINED_202547_2025-11-20_0656|BY_IF
100000000025|1004|3895|3895|01-JAN-1970|30-JAN-2027|30-JAN-2027|78.479|0|100000000025_1004_PURCH| |202547|CONSTRAINED|CONSTRAINED|CONSTRAINED_202547_2025-11-20_0656|BY_IF
100000000025|1004|3894|3894|01-JAN-1970|23-JAN-2027|23-JAN-2027|78.479|0|100000000025_1004_PURCH| |202547|CONSTRAINED|CONSTRAINED|CONSTRAINED_202547_2025-11-20_0656|BY_IF
100000000025|1004|3893|3893|01-JAN-1970|16-JAN-2027|16-JAN-2027|78.479|0|100000000025_1004_PURCH| |202547|CONSTRAINED|CONSTRAINED|CONSTRAINED_202547_2025-11-20_0656|BY_IF
100000000025|1004|3892|3892|01-JAN-1970|09-JAN-2027|09-JAN-2027|78.479|0|100000000025_1004_PURCH| |202547|CONSTRAINED|CONSTRAINED|CONSTRAINED_202547_2025-11-20_0656|BY_IF
100000000025|1004|3891|3891|01-JAN-1970|02-JAN-2027|02-JAN-2027|78.479|0|100000000025_1004_PURCH| |202547|CONSTRAINED|CONSTRAINED|CONSTRAINED_202547_2025-11-20_0656|BY_IF
100000000025|1004|3890|3890|01-JAN-1970|26-DEC-2026|26-DEC-2026|78.479|0|100000000025_1004_PURCH| |202547|CONSTRAINED|CONSTRAINED|CONSTRAINED_202547_2025-11-20_0656|BY_IF
100000000025|1004|3889|3889|01-JAN-1970|19-DEC-2026|19-DEC-2026|78.479|0|100000000025_1004_PURCH| |202547|CONSTRAINED|CONSTRAINED|CONSTRAINED_202547_2025-11-20_0656|BY_IF
100000000025|1004|3888|3888|01-JAN-1970|12-DEC-2026|12-DEC-2026|78.479|0|100000000025_1004_PURCH| |202547|CONSTRAINED|CONSTRAINED|CONSTRAINED_202547_2025-11-20_0656|BY_IF
100000000025|1004|3887|3887|01-JAN-1970|05-DEC-2026|05-DEC-2026|78.479|0|100000000025_1004_PURCH| |202547|CONSTRAINED|CONSTRAINED|CONSTRAINED_202547_2025-11-20_0656|BY_IF
100000000025|1004|3886|3886|01-JAN-1970|28-NOV-2026|28-NOV-2026|78.479|0|100000000025_1004_PURCH| |202547|CONSTRAINED|CONSTRAINED|CONSTRAINED_202547_2025-11-20_0656|BY_IF
100000000025|1004|3885|3885|01-JAN-1970|21-NOV-2026|21-NOV-2026|78.479|0|100000000025_1004_PURCH| |202547|CONSTRAINED|CONSTRAINED|CONSTRAINED_202547_2025-11-20_0656|BY_IF
100000000025|1004|3884|3884|01-JAN-1970|14-NOV-2026|14-NOV-2026|78.479|0|100000000025_1004_PURCH| |202547|CONSTRAINED|CONSTRAINED|CONSTRAINED_202547_2025-11-20_0656|BY_IF
100000000025|1004|3883|3883|01-JAN-1970|07-NOV-2026|07-NOV-2026|78.479|0|100000000025_1004_PURCH| |202547|CONSTRAINED|CONSTRAINED|CONSTRAINED_202547_2025-11-20_0656|BY_IF
100000000025|1004|3882|3882|01-JAN-1970|31-OCT-2026|31-OCT-2026|78.479|0|100000000025_1004_PURCH| |202547|CONSTRAINED|CONSTRAINED|CONSTRAINED_202547_2025-11-20_0656|BY_IF
100000000025|1004|3881|3881|01-JAN-1970|24-OCT-2026|24-OCT-2026|78.479|0|100000000025_1004_PURCH| |202547|CONSTRAINED|CONSTRAINED|CONSTRAINED_202547_2025-11-20_0656|BY_IF
100000000025|1004|3880|3880|01-JAN-1970|17-OCT-2026|17-OCT-2026|78.479|0|100000000025_1004_PURCH| |202547|CONSTRAINED|CONSTRAINED|CONSTRAINED_202547_2025-11-20_0656|BY_IF
100000000025|1004|3879|3879|01-JAN-1970|10-OCT-2026|10-OCT-2026|78.479|0|100000000025_1004_PURCH| |202547|CONSTRAINED|CONSTRAINED|CONSTRAINED_202547_2025-11-20_0656|BY_IF
100000000025|1004|3878|3878|01-JAN-1970|03-OCT-2026|03-OCT-2026|78.479|0|100000000025_1004_PURCH| |202547|CONSTRAINED|CONSTRAINED|CONSTRAINED_202547_2025-11-20_0656|BY_IF
100000000025|1004|3877|3877|01-JAN-1970|26-SEP-2026|26-SEP-2026|78.479|0|100000000025_1004_PURCH| |202547|CONSTRAINED|CONSTRAINED|CONSTRAINED_202547_2025-11-20_0656|BY_IF
100000000025|1004|3876|3876|01-JAN-1970|19-SEP-2026|19-SEP-2026|78.479|0|100000000025_1004_PURCH| |202547|CONSTRAINED|CONSTRAINED|CONSTRAINED_202547_2025-11-20_0656|BY_IF
100000000025|1004|3875|3875|01-JAN-1970|12-SEP-2026|12-SEP-2026|78.479|0|100000000025_1004_PURCH| |202547|CONSTRAINED|CONSTRAINED|CONSTRAINED_202547_2025-11-20_0656|BY_IF
100000000025|1004|3874|3874|01-JAN-1970|05-SEP-2026|05-SEP-2026|78.479|0|100000000025_1004_PURCH| |202547|CONSTRAINED|CONSTRAINED|CONSTRAINED_202547_2025-11-20_0656|BY_IF
100000000025|1004|3873|3873|01-JAN-1970|29-AUG-2026|29-AUG-2026|78.479|0|100000000025_1004_PURCH| |202547|CONSTRAINED|CONSTRAINED|CONSTRAINED_202547_2025-11-20_0656|BY_IF
100000000025|1004|3872|3872|01-JAN-1970|22-AUG-2026|22-AUG-2026|78.479|0|100000000025_1004_PURCH| |202547|CONSTRAINED|CONSTRAINED|CONSTRAINED_202547_2025-11-20_0656|BY_IF
100000000025|1004|3871|3871|01-JAN-1970|15-AUG-2026|15-AUG-2026|78.479|0|100000000025_1004_PURCH| |202547|CONSTRAINED|CONSTRAINED|CONSTRAINED_202547_2025-11-20_0656|BY_IF
100000000025|1004|3870|3870|01-JAN-1970|08-AUG-2026|08-AUG-2026|78.479|0|100000000025_1004_PURCH| |202547|CONSTRAINED|CONSTRAINED|CONSTRAINED_202547_2025-11-20_0656|BY_IF
100000000025|1004|3869|3869|01-JAN-1970|01-AUG-2026|01-AUG-2026|78.479|0|100000000025_1004_PURCH| |202547|CONSTRAINED|CONSTRAINED|CONSTRAINED_202547_2025-11-20_0656|BY_IF
100000000025|1004|3868|3868|01-JAN-1970|25-JUL-2026|25-JUL-2026|78.479|0|100000000025_1004_PURCH| |202547|CONSTRAINED|CONSTRAINED|CONSTRAINED_202547_2025-11-20_0656|BY_IF
100000000025|1004|3867|3867|01-JAN-1970|18-JUL-2026|18-JUL-2026|78.479|0|100000000025_1004_PURCH| |202547|CONSTRAINED|CONSTRAINED|CONSTRAINED_202547_2025-11-20_0656|BY_IF
100000000025|1004|3866|3866|01-JAN-1970|11-JUL-2026|11-JUL-2026|78.479|0|100000000025_1004_PURCH| |202547|CONSTRAINED|CONSTRAINED|CONSTRAINED_202547_2025-11-20_0656|BY_IF
100000000025|1004|3865|3865|01-JAN-1970|04-JUL-2026|04-JUL-2026|78.479|0|100000000025_1004_PURCH| |202547|CONSTRAINED|CONSTRAINED|CONSTRAINED_202547_2025-11-20_0656|BY_IF
100000000025|1004|3864|3864|01-JAN-1970|27-JUN-2026|27-JUN-2026|78.479|0|100000000025_1004_PURCH| |202547|CONSTRAINED|CONSTRAINED|CONSTRAINED_202547_2025-11-20_0656|BY_IF
100000000025|1004|3863|3863|01-JAN-1970|20-JUN-2026|20-JUN-2026|78.479|0|100000000025_1004_PURCH| |202547|CONSTRAINED|CONSTRAINED|CONSTRAINED_202547_2025-11-20_0656|BY_IF
100000000025|1004|3862|3862|01-JAN-1970|13-JUN-2026|13-JUN-2026|78.479|0|100000000025_1004_PURCH| |202547|CONSTRAINED|CONSTRAINED|CONSTRAINED_202547_2025-11-20_0656|BY_IF
100000000025|1004|3861|3861|01-JAN-1970|06-JUN-2026|06-JUN-2026|78.479|0|100000000025_1004_PURCH| |202547|CONSTRAINED|CONSTRAINED|CONSTRAINED_202547_2025-11-20_0656|BY_IF
100000000025|1004|3860|3860|01-JAN-1970|30-MAY-2026|30-MAY-2026|78.479|0|100000000025_1004_PURCH| |202547|CONSTRAINED|CONSTRAINED|CONSTRAINED_202547_2025-11-20_0656|BY_IF
100000000025|1004|3859|3859|01-JAN-1970|23-MAY-2026|23-MAY-2026|78.479|0|100000000025_1004_PURCH| |202547|CONSTRAINED|CONSTRAINED|CONSTRAINED_202547_2025-11-20_0656|BY_IF
100000000025|1004|3858|3858|01-JAN-1970|16-MAY-2026|16-MAY-2026|78.479|0|100000000025_1004_PURCH| |202547|CONSTRAINED|CONSTRAINED|CONSTRAINED_202547_2025-11-20_0656|BY_IF
100000000025|1004|3857|3857|01-JAN-1970|09-MAY-2026|09-MAY-2026|78.479|0|100000000025_1004_PURCH| |202547|CONSTRAINED|CONSTRAINED|CONSTRAINED_202547_2025-11-20_0656|BY_IF
100000000025|1004|3856|3856|01-JAN-1970|02-MAY-2026|02-MAY-2026|78.479|0|100000000025_1004_PURCH| |202547|CONSTRAINED|CONSTRAINED|CONSTRAINED_202547_2025-11-20_0656|BY_IF
100000000025|1004|3855|3855|01-JAN-1970|25-APR-2026|25-APR-2026|78.479|0|100000000025_1004_PURCH| |202547|CONSTRAINED|CONSTRAINED|CONSTRAINED_202547_2025-11-20_0656|BY_IF
100000000025|1004|3854|3854|01-JAN-1970|18-APR-2026|18-APR-2026|78.479|0|100000000025_1004_PURCH| |202547|CONSTRAINED|CONSTRAINED|CONSTRAINED_202547_2025-11-20_0656|BY_IF
100000000025|1004|3853|3853|01-JAN-1970|11-APR-2026|11-APR-2026|78.479|0|100000000025_1004_PURCH| |202547|CONSTRAINED|CONSTRAINED|CONSTRAINED_202547_2025-11-20_0656|BY_IF
100000000025|1004|3852|3852|01-JAN-1970|04-APR-2026|04-APR-2026|78.479|0|100000000025_1004_PURCH| |202547|CONSTRAINED|CONSTRAINED|CONSTRAINED_202547_2025-11-20_0656|BY_IF
100000000025|1004|3851|3851|01-JAN-1970|28-MAR-2026|28-MAR-2026|78.479|0|100000000025_1004_PURCH| |202547|CONSTRAINED|CONSTRAINED|CONSTRAINED_202547_2025-11-20_0656|BY_IF
100000000025|1004|3850|3850|01-JAN-1970|21-MAR-2026|21-MAR-2026|78.479|0|100000000025_1004_PURCH| |202547|CONSTRAINED|CONSTRAINED|CONSTRAINED_202547_2025-11-20_0656|BY_IF
100000000025|1004|3849|3849|01-JAN-1970|14-MAR-2026|14-MAR-2026|78.479|0|100000000025_1004_PURCH| |202547|CONSTRAINED|CONSTRAINED|CONSTRAINED_202547_2025-11-20_0656|BY_IF
100000000025|1004|3848|3848|01-JAN-1970|07-MAR-2026|07-MAR-2026|78.479|0|100000000025_1004_PURCH| |202547|CONSTRAINED|CONSTRAINED|CONSTRAINED_202547_2025-11-20_0656|BY_IF
100000000025|1004|3847|3847|01-JAN-1970|28-FEB-2026|28-FEB-2026|78.479|0|100000000025_1004_PURCH| |202547|CONSTRAINED|CONSTRAINED|CONSTRAINED_202547_2025-11-20_0656|BY_IF
100000000025|1004|3846|3846|01-JAN-1970|21-FEB-2026|21-FEB-2026|78.479|0|100000000025_1004_PURCH| |202547|CONSTRAINED|CONSTRAINED|CONSTRAINED_202547_2025-11-20_0656|BY_IF
100000000025|1004|3845|3845|01-JAN-1970|14-FEB-2026|14-FEB-2026|78.479|0|100000000025_1004_PURCH| |202547|CONSTRAINED|CONSTRAINED|CONSTRAINED_202547_2025-11-20_0656|BY_IF
100000000025|1004|3844|3844|01-JAN-1970|07-FEB-2026|07-FEB-2026|78.479|0|100000000025_1004_PURCH| |202547|CONSTRAINED|CONSTRAINED|CONSTRAINED_202547_2025-11-20_0656|BY_IF
100000000025|1004|3843|3843|01-JAN-1970|31-JAN-2026|31-JAN-2026|78.479|0|100000000025_1004_PURCH| |202547|CONSTRAINED|CONSTRAINED|CONSTRAINED_202547_2025-11-20_0656|BY_IF
100000000025|1004|3842|3842|01-JAN-1970|24-JAN-2026|24-JAN-2026|78.479|0|100000000025_1004_PURCH| |202547|CONSTRAINED|CONSTRAINED|CONSTRAINED_202547_2025-11-20_0656|BY_IF
100000000025|1004|3841|3841|01-JAN-1970|17-JAN-2026|17-JAN-2026|78.479|0|100000000025_1004_PURCH| |202547|CONSTRAINED|CONSTRAINED|CONSTRAINED_202547_2025-11-20_0656|BY_IF
100000000025|1004|3840|3840|01-JAN-1970|10-JAN-2026|10-JAN-2026|66.311|0|100000000025_1004_PURCH| |202547|CONSTRAINED|CONSTRAINED|CONSTRAINED_202547_2025-11-20_0656|BY_IF
100000000025|1004|3839|3839|01-JAN-1970|09-AUG-2025|09-AUG-2025|10.464|0|100000000025_1004_PURCH| |202547|CONSTRAINED|CONSTRAINED|CONSTRAINED_202547_2025-11-20_0656|BY_IF
100000000025|1004|3838|3838|01-JAN-1970|02-AUG-2025|02-AUG-2025|287.756|0|100000000025_1004_PURCH| |202547|CONSTRAINED|CONSTRAINED|CONSTRAINED_202547_2025-11-20_0656|BY_IF
100000000025|1004|3837|3837|01-JAN-1970|26-JUL-2025|26-JUL-2025|727.237|0|100000000025_1004_PURCH| |202547|CONSTRAINED|CONSTRAINED|CONSTRAINED_202547_2025-11-20_0656|BY_IF
100000000026|1003|1090|1090|01-JAN-1970|10-JUL-2027|10-JUL-2027|38.651|0|100000000026_1003_PURCH| |202547|CONSTRAINED|CONSTRAINED|CONSTRAINED_202547_2025-11-20_0656|BY_IF
100000000026|1003|1089|1089|01-JAN-1970|03-JUL-2027|03-JUL-2027|38.651|0|100000000026_1003_PURCH| |202547|CONSTRAINED|CONSTRAINED|CONSTRAINED_202547_2025-11-20_0656|BY_IF
100000000026|1003|1088|1088|01-JAN-1970|26-JUN-2027|26-JUN-2027|38.651|0|100000000026_1003_PURCH| |202547|CONSTRAINED|CONSTRAINED|CONSTRAINED_202547_2025-11-20_0656|BY_IF
100000000026|1003|1087|1087|01-JAN-1970|19-JUN-2027|19-JUN-2027|38.651|0|100000000026_1003_PURCH| |202547|CONSTRAINED|CONSTRAINED|CONSTRAINED_202547_2025-11-20_0656|BY_IF
100000000026|1003|1086|1086|01-JAN-1970|12-JUN-2027|12-JUN-2027|38.651|0|100000000026_1003_PURCH| |202547|CONSTRAINED|CONSTRAINED|CONSTRAINED_202547_2025-11-20_0656|BY_IF
100000000026|1003|1085|1085|01-JAN-1970|05-JUN-2027|05-JUN-2027|38.651|0|100000000026_1003_PURCH| |202547|CONSTRAINED|CONSTRAINED|CONSTRAINED_202547_2025-11-20_0656|BY_IF
100000000026|1003|1084|1084|01-JAN-1970|29-MAY-2027|29-MAY-2027|38.651|0|100000000026_1003_PURCH| |202547|CONSTRAINED|CONSTRAINED|CONSTRAINED_202547_2025-11-20_0656|BY_IF
100000000026|1003|1083|1083|01-JAN-1970|22-MAY-2027|22-MAY-2027|38.651|0|100000000026_1003_PURCH| |202547|CONSTRAINED|CONSTRAINED|CONSTRAINED_202547_2025-11-20_0656|BY_IF
100000000026|1003|1082|1082|01-JAN-1970|15-MAY-2027|15-MAY-2027|38.651|0|100000000026_1003_PURCH| |202547|CONSTRAINED|CONSTRAINED|CONSTRAINED_202547_2025-11-20_0656|BY_IF
100000000026|1003|1081|1081|01-JAN-1970|08-MAY-2027|08-MAY-2027|38.651|0|100000000026_1003_PURCH| |202547|CONSTRAINED|CONSTRAINED|CONSTRAINED_202547_2025-11-20_0656|BY_IF
100000000026|1003|1080|1080|01-JAN-1970|01-MAY-2027|01-MAY-2027|38.651|0|100000000026_1003_PURCH| |202547|CONSTRAINED|CONSTRAINED|CONSTRAINED_202547_2025-11-20_0656|BY_IF
100000000026|1003|1079|1079|01-JAN-1970|24-APR-2027|24-APR-2027|38.651|0|100000000026_1003_PURCH| |202547|CONSTRAINED|CONSTRAINED|CONSTRAINED_202547_2025-11-20_0656|BY_IF
100000000026|1003|1078|1078|01-JAN-1970|17-APR-2027|17-APR-2027|38.651|0|100000000026_1003_PURCH| |202547|CONSTRAINED|CONSTRAINED|CONSTRAINED_202547_2025-11-20_0656|BY_IF
100000000026|1003|1077|1077|01-JAN-1970|10-APR-2027|10-APR-2027|38.651|0|100000000026_1003_PURCH| |202547|CONSTRAINED|CONSTRAINED|CONSTRAINED_202547_2025-11-20_0656|BY_IF
100000000026|1003|1076|1076|01-JAN-1970|03-APR-2027|03-APR-2027|38.651|0|100000000026_1003_PURCH| |202547|CONSTRAINED|CONSTRAINED|CONSTRAINED_202547_2025-11-20_0656|BY_IF
100000000026|1003|1075|1075|01-JAN-1970|27-MAR-2027|27-MAR-2027|38.651|0|100000000026_1003_PURCH| |202547|CONSTRAINED|CONSTRAINED|CONSTRAINED_202547_2025-11-20_0656|BY_IF
100000000026|1003|1074|1074|01-JAN-1970|20-MAR-2027|20-MAR-2027|38.651|0|100000000026_1003_PURCH| |202547|CONSTRAINED|CONSTRAINED|CONSTRAINED_202547_2025-11-20_0656|BY_IF
100000000026|1003|1073|1073|01-JAN-1970|13-MAR-2027|13-MAR-2027|38.651|0|100000000026_1003_PURCH| |202547|CONSTRAINED|CONSTRAINED|CONSTRAINED_202547_2025-11-20_0656|BY_IF
100000000026|1003|1072|1072|01-JAN-1970|06-MAR-2027|06-MAR-2027|38.651|0|100000000026_1003_PURCH| |202547|CONSTRAINED|CONSTRAINED|CONSTRAINED_202547_2025-11-20_0656|BY_IF
100000000026|1003|1071|1071|01-JAN-1970|27-FEB-2027|27-FEB-2027|38.651|0|100000000026_1003_PURCH| |202547|CONSTRAINED|CONSTRAINED|CONSTRAINED_202547_2025-11-20_0656|BY_IF
100000000026|1003|1070|1070|01-JAN-1970|20-FEB-2027|20-FEB-2027|38.651|0|100000000026_1003_PURCH| |202547|CONSTRAINED|CONSTRAINED|CONSTRAINED_202547_2025-11-20_0656|BY_IF
100000000026|1003|1069|1069|01-JAN-1970|13-FEB-2027|13-FEB-2027|38.651|0|100000000026_1003_PURCH| |202547|CONSTRAINED|CONSTRAINED|CONSTRAINED_202547_2025-11-20_0656|BY_IF
100000000026|1003|1068|1068|01-JAN-1970|06-FEB-2027|06-FEB-2027|38.651|0|100000000026_1003_PURCH| |202547|CONSTRAINED|CONSTRAINED|CONSTRAINED_202547_2025-11-20_0656|BY_IF
100000000026|1003|1067|1067|01-JAN-1970|30-JAN-2027|30-JAN-2027|38.651|0|100000000026_1003_PURCH| |202547|CONSTRAINED|CONSTRAINED|CONSTRAINED_202547_2025-11-20_0656|BY_IF
100000000026|1003|1066|1066|01-JAN-1970|23-JAN-2027|23-JAN-2027|38.651|0|100000000026_1003_PURCH| |202547|CONSTRAINED|CONSTRAINED|CONSTRAINED_202547_2025-11-20_0656|BY_IF
100000000026|1003|1065|1065|01-JAN-1970|16-JAN-2027|16-JAN-2027|38.651|0|100000000026_1003_PURCH| |202547|CONSTRAINED|CONSTRAINED|CONSTRAINED_202547_2025-11-20_0656|BY_IF
100000000026|1003|1064|1064|01-JAN-1970|09-JAN-2027|09-JAN-2027|38.651|0|100000000026_1003_PURCH| |202547|CONSTRAINED|CONSTRAINED|CONSTRAINED_202547_2025-11-20_0656|BY_IF
100000000026|1003|1063|1063|01-JAN-1970|02-JAN-2027|02-JAN-2027|38.651|0|100000000026_1003_PURCH| |202547|CONSTRAINED|CONSTRAINED|CONSTRAINED_202547_2025-11-20_0656|BY_IF
100000000026|1003|1062|1062|01-JAN-1970|26-DEC-2026|26-DEC-2026|38.651|0|100000000026_1003_PURCH| |202547|CONSTRAINED|CONSTRAINED|CONSTRAINED_202547_2025-11-20_0656|BY_IF
100000000026|1003|1061|1061|01-JAN-1970|19-DEC-2026|19-DEC-2026|38.651|0|100000000026_1003_PURCH| |202547|CONSTRAINED|CONSTRAINED|CONSTRAINED_202547_2025-11-20_0656|BY_IF
100000000026|1003|1060|1060|01-JAN-1970|12-DEC-2026|12-DEC-2026|38.651|0|100000000026_1003_PURCH| |202547|CONSTRAINED|CONSTRAINED|CONSTRAINED_202547_2025-11-20_0656|BY_IF
100000000026|1003|1059|1059|01-JAN-1970|05-DEC-2026|05-DEC-2026|38.651|0|100000000026_1003_PURCH| |202547|CONSTRAINED|CONSTRAINED|CONSTRAINED_202547_2025-11-20_0656|BY_IF
100000000026|1003|1058|1058|01-JAN-1970|28-NOV-2026|28-NOV-2026|38.651|0|100000000026_1003_PURCH| |202547|CONSTRAINED|CONSTRAINED|CONSTRAINED_202547_2025-11-20_0656|BY_IF
100000000026|1003|1057|1057|01-JAN-1970|21-NOV-2026|21-NOV-2026|38.651|0|100000000026_1003_PURCH| |202547|CONSTRAINED|CONSTRAINED|CONSTRAINED_202547_2025-11-20_0656|BY_IF
100000000026|1003|1056|1056|01-JAN-1970|14-NOV-2026|14-NOV-2026|38.651|0|100000000026_1003_PURCH| |202547|CONSTRAINED|CONSTRAINED|CONSTRAINED_202547_2025-11-20_0656|BY_IF
100000000026|1003|1055|1055|01-JAN-1970|07-NOV-2026|07-NOV-2026|38.651|0|100000000026_1003_PURCH| |202547|CONSTRAINED|CONSTRAINED|CONSTRAINED_202547_2025-11-20_0656|BY_IF
100000000026|1003|1054|1054|01-JAN-1970|31-OCT-2026|31-OCT-2026|38.651|0|100000000026_1003_PURCH| |202547|CONSTRAINED|CONSTRAINED|CONSTRAINED_202547_2025-11-20_0656|BY_IF
100000000026|1003|1053|1053|01-JAN-1970|24-OCT-2026|24-OCT-2026|38.651|0|100000000026_1003_PURCH| |202547|CONSTRAINED|CONSTRAINED|CONSTRAINED_202547_2025-11-20_0656|BY_IF
100000000026|1003|1052|1052|01-JAN-1970|17-OCT-2026|17-OCT-2026|38.651|0|100000000026_1003_PURCH| |202547|CONSTRAINED|CONSTRAINED|CONSTRAINED_202547_2025-11-20_0656|BY_IF
100000000026|1003|1051|1051|01-JAN-1970|10-OCT-2026|10-OCT-2026|38.651|0|100000000026_1003_PURCH| |202547|CONSTRAINED|CONSTRAINED|CONSTRAINED_202547_2025-11-20_0656|BY_IF
100000000026|1003|1050|1050|01-JAN-1970|03-OCT-2026|03-OCT-2026|38.651|0|100000000026_1003_PURCH| |202547|CONSTRAINED|CONSTRAINED|CONSTRAINED_202547_2025-11-20_0656|BY_IF
100000000026|1003|1049|1049|01-JAN-1970|26-SEP-2026|26-SEP-2026|38.651|0|100000000026_1003_PURCH| |202547|CONSTRAINED|CONSTRAINED|CONSTRAINED_202547_2025-11-20_0656|BY_IF
100000000026|1003|1048|1048|01-JAN-1970|19-SEP-2026|19-SEP-2026|38.651|0|100000000026_1003_PURCH| |202547|CONSTRAINED|CONSTRAINED|CONSTRAINED_202547_2025-11-20_0656|BY_IF
100000000026|1003|1047|1047|01-JAN-1970|12-SEP-2026|12-SEP-2026|38.651|0|100000000026_1003_PURCH| |202547|CONSTRAINED|CONSTRAINED|CONSTRAINED_202547_2025-11-20_0656|BY_IF
100000000026|1003|1046|1046|01-JAN-1970|05-SEP-2026|05-SEP-2026|38.651|0|100000000026_1003_PURCH| |202547|CONSTRAINED|CONSTRAINED|CONSTRAINED_202547_2025-11-20_0656|BY_IF
100000000026|1003|1045|1045|01-JAN-1970|29-AUG-2026|29-AUG-2026|38.651|0|100000000026_1003_PURCH| |202547|CONSTRAINED|CONSTRAINED|CONSTRAINED_202547_2025-11-20_0656|BY_IF
100000000026|1003|1044|1044|01-JAN-1970|22-AUG-2026|22-AUG-2026|38.651|0|100000000026_1003_PURCH| |202547|CONSTRAINED|CONSTRAINED|CONSTRAINED_202547_2025-11-20_0656|BY_IF
100000000026|1003|1043|1043|01-JAN-1970|15-AUG-2026|15-AUG-2026|38.651|0|100000000026_1003_PURCH| |202547|CONSTRAINED|CONSTRAINED|CONSTRAINED_202547_2025-11-20_0656|BY_IF
100000000026|1003|1042|1042|01-JAN-1970|08-AUG-2026|08-AUG-2026|38.651|0|100000000026_1003_PURCH| |202547|CONSTRAINED|CONSTRAINED|CONSTRAINED_202547_2025-11-20_0656|BY_IF
100000000026|1003|1041|1041|01-JAN-1970|01-AUG-2026|01-AUG-2026|38.651|0|100000000026_1003_PURCH| |202547|CONSTRAINED|CONSTRAINED|CONSTRAINED_202547_2025-11-20_0656|BY_IF
100000000026|1003|1040|1040|01-JAN-1970|25-JUL-2026|25-JUL-2026|38.651|0|100000000026_1003_PURCH| |202547|CONSTRAINED|CONSTRAINED|CONSTRAINED_202547_2025-11-20_0656|BY_IF
100000000026|1003|1039|1039|01-JAN-1970|18-JUL-2026|18-JUL-2026|38.651|0|100000000026_1003_PURCH| |202547|CONSTRAINED|CONSTRAINED|CONSTRAINED_202547_2025-11-20_0656|BY_IF
100000000026|1003|1038|1038|01-JAN-1970|11-JUL-2026|11-JUL-2026|38.651|0|100000000026_1003_PURCH| |202547|CONSTRAINED|CONSTRAINED|CONSTRAINED_202547_2025-11-20_0656|BY_IF
100000000026|1003|1037|1037|01-JAN-1970|04-JUL-2026|04-JUL-2026|38.651|0|100000000026_1003_PURCH| |202547|CONSTRAINED|CONSTRAINED|CONSTRAINED_202547_2025-11-20_0656|BY_IF
100000000026|1003|1036|1036|01-JAN-1970|27-JUN-2026|27-JUN-2026|38.651|0|100000000026_1003_PURCH| |202547|CONSTRAINED|CONSTRAINED|CONSTRAINED_202547_2025-11-20_0656|BY_IF
100000000026|1003|1035|1035|01-JAN-1970|20-JUN-2026|20-JUN-2026|38.651|0|100000000026_1003_PURCH| |202547|CONSTRAINED|CONSTRAINED|CONSTRAINED_202547_2025-11-20_0656|BY_IF
100000000026|1003|1034|1034|01-JAN-1970|13-JUN-2026|13-JUN-2026|38.651|0|100000000026_1003_PURCH| |202547|CONSTRAINED|CONSTRAINED|CONSTRAINED_202547_2025-11-20_0656|BY_IF
100000000026|1003|1033|1033|01-JAN-1970|06-JUN-2026|06-JUN-2026|38.651|0|100000000026_1003_PURCH| |202547|CONSTRAINED|CONSTRAINED|CONSTRAINED_202547_2025-11-20_0656|BY_IF
100000000026|1003|1032|1032|01-JAN-1970|30-MAY-2026|30-MAY-2026|38.651|0|100000000026_1003_PURCH| |202547|CONSTRAINED|CONSTRAINED|CONSTRAINED_202547_2025-11-20_0656|BY_IF
100000000026|1003|1031|1031|01-JAN-1970|23-MAY-2026|23-MAY-2026|38.651|0|100000000026_1003_PURCH| |202547|CONSTRAINED|CONSTRAINED|CONSTRAINED_202547_2025-11-20_0656|BY_IF
100000000026|1003|1030|1030|01-JAN-1970|16-MAY-2026|16-MAY-2026|38.651|0|100000000026_1003_PURCH| |202547|CONSTRAINED|CONSTRAINED|CONSTRAINED_202547_2025-11-20_0656|BY_IF
100000000026|1003|1029|1029|01-JAN-1970|09-MAY-2026|09-MAY-2026|38.651|0|100000000026_1003_PURCH| |202547|CONSTRAINED|CONSTRAINED|CONSTRAINED_202547_2025-11-20_0656|BY_IF
100000000026|1003|1028|1028|01-JAN-1970|02-MAY-2026|02-MAY-2026|38.651|0|100000000026_1003_PURCH| |202547|CONSTRAINED|CONSTRAINED|CONSTRAINED_202547_2025-11-20_0656|BY_IF
100000000026|1003|1027|1027|01-JAN-1970|25-APR-2026|25-APR-2026|38.651|0|100000000026_1003_PURCH| |202547|CONSTRAINED|CONSTRAINED|CONSTRAINED_202547_2025-11-20_0656|BY_IF
100000000026|1003|1026|1026|01-JAN-1970|18-APR-2026|18-APR-2026|38.651|0|100000000026_1003_PURCH| |202547|CONSTRAINED|CONSTRAINED|CONSTRAINED_202547_2025-11-20_0656|BY_IF
100000000026|1003|1025|1025|01-JAN-1970|11-APR-2026|11-APR-2026|38.651|0|100000000026_1003_PURCH| |202547|CONSTRAINED|CONSTRAINED|CONSTRAINED_202547_2025-11-20_0656|BY_IF
100000000026|1003|1024|1024|01-JAN-1970|04-APR-2026|04-APR-2026|38.651|0|100000000026_1003_PURCH| |202547|CONSTRAINED|CONSTRAINED|CONSTRAINED_202547_2025-11-20_0656|BY_IF
100000000026|1003|1023|1023|01-JAN-1970|28-MAR-2026|28-MAR-2026|38.651|0|100000000026_1003_PURCH| |202547|CONSTRAINED|CONSTRAINED|CONSTRAINED_202547_2025-11-20_0656|BY_IF
100000000026|1003|1022|1022|01-JAN-1970|21-MAR-2026|21-MAR-2026|38.651|0|100000000026_1003_PURCH| |202547|CONSTRAINED|CONSTRAINED|CONSTRAINED_202547_2025-11-20_0656|BY_IF
100000000026|1003|1021|1021|01-JAN-1970|14-MAR-2026|14-MAR-2026|38.651|0|100000000026_1003_PURCH| |202547|CONSTRAINED|CONSTRAINED|CONSTRAINED_202547_2025-11-20_0656|BY_IF
100000000026|1003|1020|1020|01-JAN-1970|07-MAR-2026|07-MAR-2026|38.651|0|100000000026_1003_PURCH| |202547|CONSTRAINED|CONSTRAINED|CONSTRAINED_202547_2025-11-20_0656|BY_IF
100000000026|1003|1019|1019|01-JAN-1970|28-FEB-2026|28-FEB-2026|38.651|0|100000000026_1003_PURCH| |202547|CONSTRAINED|CONSTRAINED|CONSTRAINED_202547_2025-11-20_0656|BY_IF
100000000026|1003|1018|1018|01-JAN-1970|21-FEB-2026|21-FEB-2026|38.651|0|100000000026_1003_PURCH| |202547|CONSTRAINED|CONSTRAINED|CONSTRAINED_202547_2025-11-20_0656|BY_IF
100000000026|1003|1017|1017|01-JAN-1970|14-FEB-2026|14-FEB-2026|38.651|0|100000000026_1003_PURCH| |202547|CONSTRAINED|CONSTRAINED|CONSTRAINED_202547_2025-11-20_0656|BY_IF
100000000026|1003|1016|1016|01-JAN-1970|07-FEB-2026|07-FEB-2026|38.651|0|100000000026_1003_PURCH| |202547|CONSTRAINED|CONSTRAINED|CONSTRAINED_202547_2025-11-20_0656|BY_IF
100000000026|1003|1015|1015|01-JAN-1970|31-JAN-2026|31-JAN-2026|38.651|0|100000000026_1003_PURCH| |202547|CONSTRAINED|CONSTRAINED|CONSTRAINED_202547_2025-11-20_0656|BY_IF
100000000026|1003|1014|1014|01-JAN-1970|24-JAN-2026|24-JAN-2026|38.651|0|100000000026_1003_PURCH| |202547|CONSTRAINED|CONSTRAINED|CONSTRAINED_202547_2025-11-20_0656|BY_IF
100000000026|1003|1013|1013|01-JAN-1970|17-JAN-2026|17-JAN-2026|38.651|0|100000000026_1003_PURCH| |202547|CONSTRAINED|CONSTRAINED|CONSTRAINED_202547_2025-11-20_0656|BY_IF
100000000026|1003|1012|1012|01-JAN-1970|10-JAN-2026|10-JAN-2026|27.829|0|100000000026_1003_PURCH| |202547|CONSTRAINED|CONSTRAINED|CONSTRAINED_202547_2025-11-20_0656|BY_IF
100000000026|1003|1011|1011|01-JAN-1970|03-JAN-2026|03-JAN-2026|25.767|0|100000000026_1003_PURCH| |202547|CONSTRAINED|CONSTRAINED|CONSTRAINED_202547_2025-11-20_0656|BY_IF
100000000026|1003|1010|1010|01-JAN-1970|27-DEC-2025|27-DEC-2025|25.767|0|100000000026_1003_PURCH| |202547|CONSTRAINED|CONSTRAINED|CONSTRAINED_202547_2025-11-20_0656|BY_IF
100000000026|1003|1009|1009|01-JAN-1970|20-DEC-2025|20-DEC-2025|25.767|0|100000000026_1003_PURCH| |202547|CONSTRAINED|CONSTRAINED|CONSTRAINED_202547_2025-11-20_0656|BY_IF
100000000026|1003|1008|1008|01-JAN-1970|13-DEC-2025|13-DEC-2025|25.767|0|100000000026_1003_PURCH| |202547|CONSTRAINED|CONSTRAINED|CONSTRAINED_202547_2025-11-20_0656|BY_IF
100000000026|1003|1007|1007|01-JAN-1970|06-DEC-2025|06-DEC-2025|25.767|0|100000000026_1003_PURCH| |202547|CONSTRAINED|CONSTRAINED|CONSTRAINED_202547_2025-11-20_0656|BY_IF
100000000026|1003|1006|1006|01-JAN-1970|29-NOV-2025|29-NOV-2025|25.767|0|100000000026_1003_PURCH| |202547|CONSTRAINED|CONSTRAINED|CONSTRAINED_202547_2025-11-20_0656|BY_IF
100000000026|1003|1005|1005|01-JAN-1970|22-NOV-2025|22-NOV-2025|25.767|0|100000000026_1003_PURCH| |202547|CONSTRAINED|CONSTRAINED|CONSTRAINED_202547_2025-11-20_0656|BY_IF
100000000026|1003|1004|1004|01-JAN-1970|15-NOV-2025|15-NOV-2025|25.767|0|100000000026_1003_PURCH| |202547|CONSTRAINED|CONSTRAINED|CONSTRAINED_202547_2025-11-20_0656|BY_IF
100000000026|1003|1003|1003|01-JAN-1970|08-NOV-2025|08-NOV-2025|25.767|0|100000000026_1003_PURCH| |202547|CONSTRAINED|CONSTRAINED|CONSTRAINED_202547_2025-11-20_0656|BY_IF
100000000026|1003|1002|1002|01-JAN-1970|01-NOV-2025|01-NOV-2025|25.767|0|100000000026_1003_PURCH| |202547|CONSTRAINED|CONSTRAINED|CONSTRAINED_202547_2025-11-20_0656|BY_IF
100000000026|1003|1001|1001|01-JAN-1970|25-OCT-2025|25-OCT-2025|38.651|0|100000000026_1003_PURCH| |202547|CONSTRAINED|CONSTRAINED|CONSTRAINED_202547_2025-11-20_0656|BY_IF
100000000026|1003|1000|1000|01-JAN-1970|18-OCT-2025|18-OCT-2025|38.651|0|100000000026_1003_PURCH| |202547|CONSTRAINED|CONSTRAINED|CONSTRAINED_202547_2025-11-20_0656|BY_IF
100000000026|1003|999|999|01-JAN-1970|11-OCT-2025|11-OCT-2025|38.651|0|100000000026_1003_PURCH| |202547|CONSTRAINED|CONSTRAINED|CONSTRAINED_202547_2025-11-20_0656|BY_IF
100000000026|1003|998|998|01-JAN-1970|04-OCT-2025|04-OCT-2025|38.651|0|100000000026_1003_PURCH| |202547|CONSTRAINED|CONSTRAINED|CONSTRAINED_202547_2025-11-20_0656|BY_IF
100000000026|1003|997|997|01-JAN-1970|27-SEP-2025|27-SEP-2025|38.651|0|100000000026_1003_PURCH| |202547|CONSTRAINED|CONSTRAINED|CONSTRAINED_202547_2025-11-20_0656|BY_IF
100000000026|1003|996|996|01-JAN-1970|20-SEP-2025|20-SEP-2025|38.651|0|100000000026_1003_PURCH| |202547|CONSTRAINED|CONSTRAINED|CONSTRAINED_202547_2025-11-20_0656|BY_IF
100000000026|1003|995|995|01-JAN-1970|13-SEP-2025|13-SEP-2025|38.651|0|100000000026_1003_PURCH| |202547|CONSTRAINED|CONSTRAINED|CONSTRAINED_202547_2025-11-20_0656|BY_IF
100000000026|1003|994|994|01-JAN-1970|06-SEP-2025|06-SEP-2025|38.651|0|100000000026_1003_PURCH| |202547|CONSTRAINED|CONSTRAINED|CONSTRAINED_202547_2025-11-20_0656|BY_IF
100000000026|1003|993|993|01-JAN-1970|30-AUG-2025|30-AUG-2025|38.651|0|100000000026_1003_PURCH| |202547|CONSTRAINED|CONSTRAINED|CONSTRAINED_202547_2025-11-20_0656|BY_IF
100000000026|1003|992|992|01-JAN-1970|23-AUG-2025|23-AUG-2025|38.651|0|100000000026_1003_PURCH| |202547|CONSTRAINED|CONSTRAINED|CONSTRAINED_202547_2025-11-20_0656|BY_IF
100000000026|1003|991|991|01-JAN-1970|16-AUG-2025|16-AUG-2025|38.651|0|100000000026_1003_PURCH| |202547|CONSTRAINED|CONSTRAINED|CONSTRAINED_202547_2025-11-20_0656|BY_IF
100000000026|1003|990|990|01-JAN-1970|09-AUG-2025|09-AUG-2025|38.651|0|100000000026_1003_PURCH| |202547|CONSTRAINED|CONSTRAINED|CONSTRAINED_202547_2025-11-20_0656|BY_IF
100000000026|1003|989|989|01-JAN-1970|02-AUG-2025|02-AUG-2025|38.651|0|100000000026_1003_PURCH| |202547|CONSTRAINED|CONSTRAINED|CONSTRAINED_202547_2025-11-20_0656|BY_IF
100000000026|1006|979|979|01-JAN-1970|10-JUL-2027|10-JUL-2027|41.382|0|100000000026_1006_PURCH| |202547|CONSTRAINED|CONSTRAINED|CONSTRAINED_202547_2025-11-20_0656|BY_IF
100000000026|1006|978|978|01-JAN-1970|03-JUL-2027|03-JUL-2027|41.382|0|100000000026_1006_PURCH| |202547|CONSTRAINED|CONSTRAINED|CONSTRAINED_202547_2025-11-20_0656|BY_IF
100000000026|1006|977|977|01-JAN-1970|26-JUN-2027|26-JUN-2027|41.382|0|100000000026_1006_PURCH| |202547|CONSTRAINED|CONSTRAINED|CONSTRAINED_202547_2025-11-20_0656|BY_IF
100000000026|1006|976|976|01-JAN-1970|19-JUN-2027|19-JUN-2027|41.382|0|100000000026_1006_PURCH| |202547|CONSTRAINED|CONSTRAINED|CONSTRAINED_202547_2025-11-20_0656|BY_IF
100000000026|1006|975|975|01-JAN-1970|12-JUN-2027|12-JUN-2027|41.382|0|100000000026_1006_PURCH| |202547|CONSTRAINED|CONSTRAINED|CONSTRAINED_202547_2025-11-20_0656|BY_IF
100000000026|1006|974|974|01-JAN-1970|05-JUN-2027|05-JUN-2027|41.382|0|100000000026_1006_PURCH| |202547|CONSTRAINED|CONSTRAINED|CONSTRAINED_202547_2025-11-20_0656|BY_IF
100000000026|1006|970|970|01-JAN-1970|08-MAY-2027|08-MAY-2027|41.382|0|100000000026_1006_PURCH| |202547|CONSTRAINED|CONSTRAINED|CONSTRAINED_202547_2025-11-20_0656|BY_IF
100000000026|1006|969|969|01-JAN-1970|01-MAY-2027|01-MAY-2027|41.382|0|100000000026_1006_PURCH| |202547|CONSTRAINED|CONSTRAINED|CONSTRAINED_202547_2025-11-20_0656|BY_IF
100000000026|1006|968|968|01-JAN-1970|24-APR-2027|24-APR-2027|41.382|0|100000000026_1006_PURCH| |202547|CONSTRAINED|CONSTRAINED|CONSTRAINED_202547_2025-11-20_0656|BY_IF
100000000026|1006|967|967|01-JAN-1970|17-APR-2027|17-APR-2027|41.382|0|100000000026_1006_PURCH| |202547|CONSTRAINED|CONSTRAINED|CONSTRAINED_202547_2025-11-20_0656|BY_IF
100000000026|1006|966|966|01-JAN-1970|10-APR-2027|10-APR-2027|41.382|0|100000000026_1006_PURCH| |202547|CONSTRAINED|CONSTRAINED|CONSTRAINED_202547_2025-11-20_0656|BY_IF
100000000026|1006|965|965|01-JAN-1970|03-APR-2027|03-APR-2027|41.382|0|100000000026_1006_PURCH| |202547|CONSTRAINED|CONSTRAINED|CONSTRAINED_202547_2025-11-20_0656|BY_IF
100000000026|1006|964|964|01-JAN-1970|27-MAR-2027|27-MAR-2027|41.382|0|100000000026_1006_PURCH| |202547|CONSTRAINED|CONSTRAINED|CONSTRAINED_202547_2025-11-20_0656|BY_IF
100000000026|1006|963|963|01-JAN-1970|20-MAR-2027|20-MAR-2027|41.382|0|100000000026_1006_PURCH| |202547|CONSTRAINED|CONSTRAINED|CONSTRAINED_202547_2025-11-20_0656|BY_IF
100000000026|1006|962|962|01-JAN-1970|13-MAR-2027|13-MAR-2027|41.382|0|100000000026_1006_PURCH| |202547|CONSTRAINED|CONSTRAINED|CONSTRAINED_202547_2025-11-20_0656|BY_IF
100000000026|1006|961|961|01-JAN-1970|06-MAR-2027|06-MAR-2027|41.382|0|100000000026_1006_PURCH| |202547|CONSTRAINED|CONSTRAINED|CONSTRAINED_202547_2025-11-20_0656|BY_IF
100000000026|1006|960|960|01-JAN-1970|27-FEB-2027|27-FEB-2027|41.382|0|100000000026_1006_PURCH| |202547|CONSTRAINED|CONSTRAINED|CONSTRAINED_202547_2025-11-20_0656|BY_IF
100000000026|1006|959|959|01-JAN-1970|20-FEB-2027|20-FEB-2027|41.382|0|100000000026_1006_PURCH| |202547|CONSTRAINED|CONSTRAINED|CONSTRAINED_202547_2025-11-20_0656|BY_IF
100000000026|1006|958|958|01-JAN-1970|13-FEB-2027|13-FEB-2027|41.382|0|100000000026_1006_PURCH| |202547|CONSTRAINED|CONSTRAINED|CONSTRAINED_202547_2025-11-20_0656|BY_IF
100000000026|1006|957|957|01-JAN-1970|06-FEB-2027|06-FEB-2027|41.382|0|100000000026_1006_PURCH| |202547|CONSTRAINED|CONSTRAINED|CONSTRAINED_202547_2025-11-20_0656|BY_IF
100000000026|1006|956|956|01-JAN-1970|30-JAN-2027|30-JAN-2027|41.382|0|100000000026_1006_PURCH| |202547|CONSTRAINED|CONSTRAINED|CONSTRAINED_202547_2025-11-20_0656|BY_IF
100000000026|1006|955|955|01-JAN-1970|23-JAN-2027|23-JAN-2027|41.382|0|100000000026_1006_PURCH| |202547|CONSTRAINED|CONSTRAINED|CONSTRAINED_202547_2025-11-20_0656|BY_IF
100000000026|1006|954|954|01-JAN-1970|16-JAN-2027|16-JAN-2027|41.382|0|100000000026_1006_PURCH| |202547|CONSTRAINED|CONSTRAINED|CONSTRAINED_202547_2025-11-20_0656|BY_IF
100000000026|1006|953|953|01-JAN-1970|09-JAN-2027|09-JAN-2027|41.382|0|100000000026_1006_PURCH| |202547|CONSTRAINED|CONSTRAINED|CONSTRAINED_202547_2025-11-20_0656|BY_IF
100000000026|1006|952|952|01-JAN-1970|02-JAN-2027|02-JAN-2027|41.382|0|100000000026_1006_PURCH| |202547|CONSTRAINED|CONSTRAINED|CONSTRAINED_202547_2025-11-20_0656|BY_IF
100000000026|1006|951|951|01-JAN-1970|26-DEC-2026|26-DEC-2026|41.382|0|100000000026_1006_PURCH| |202547|CONSTRAINED|CONSTRAINED|CONSTRAINED_202547_2025-11-20_0656|BY_IF
100000000026|1006|950|950|01-JAN-1970|19-DEC-2026|19-DEC-2026|41.382|0|100000000026_1006_PURCH| |202547|CONSTRAINED|CONSTRAINED|CONSTRAINED_202547_2025-11-20_0656|BY_IF
100000000026|1006|949|949|01-JAN-1970|12-DEC-2026|12-DEC-2026|41.382|0|100000000026_1006_PURCH| |202547|CONSTRAINED|CONSTRAINED|CONSTRAINED_202547_2025-11-20_0656|BY_IF
100000000026|1006|948|948|01-JAN-1970|05-DEC-2026|05-DEC-2026|41.382|0|100000000026_1006_PURCH| |202547|CONSTRAINED|CONSTRAINED|CONSTRAINED_202547_2025-11-20_0656|BY_IF
100000000026|1006|947|947|01-JAN-1970|28-NOV-2026|28-NOV-2026|41.382|0|100000000026_1006_PURCH| |202547|CONSTRAINED|CONSTRAINED|CONSTRAINED_202547_2025-11-20_0656|BY_IF
100000000026|1006|946|946|01-JAN-1970|21-NOV-2026|21-NOV-2026|41.382|0|100000000026_1006_PURCH| |202547|CONSTRAINED|CONSTRAINED|CONSTRAINED_202547_2025-11-20_0656|BY_IF
100000000026|1006|945|945|01-JAN-1970|14-NOV-2026|14-NOV-2026|41.382|0|100000000026_1006_PURCH| |202547|CONSTRAINED|CONSTRAINED|CONSTRAINED_202547_2025-11-20_0656|BY_IF
100000000026|1006|944|944|01-JAN-1970|07-NOV-2026|07-NOV-2026|41.382|0|100000000026_1006_PURCH| |202547|CONSTRAINED|CONSTRAINED|CONSTRAINED_202547_2025-11-20_0656|BY_IF
100000000026|1006|943|943|01-JAN-1970|31-OCT-2026|31-OCT-2026|41.382|0|100000000026_1006_PURCH| |202547|CONSTRAINED|CONSTRAINED|CONSTRAINED_202547_2025-11-20_0656|BY_IF
100000000026|1006|942|942|01-JAN-1970|24-OCT-2026|24-OCT-2026|41.382|0|100000000026_1006_PURCH| |202547|CONSTRAINED|CONSTRAINED|CONSTRAINED_202547_2025-11-20_0656|BY_IF
100000000026|1006|941|941|01-JAN-1970|17-OCT-2026|17-OCT-2026|41.382|0|100000000026_1006_PURCH| |202547|CONSTRAINED|CONSTRAINED|CONSTRAINED_202547_2025-11-20_0656|BY_IF
100000000026|1006|940|940|01-JAN-1970|10-OCT-2026|10-OCT-2026|41.382|0|100000000026_1006_PURCH| |202547|CONSTRAINED|CONSTRAINED|CONSTRAINED_202547_2025-11-20_0656|BY_IF
100000000026|1006|939|939|01-JAN-1970|03-OCT-2026|03-OCT-2026|41.382|0|100000000026_1006_PURCH| |202547|CONSTRAINED|CONSTRAINED|CONSTRAINED_202547_2025-11-20_0656|BY_IF
100000000026|1006|938|938|01-JAN-1970|26-SEP-2026|26-SEP-2026|41.382|0|100000000026_1006_PURCH| |202547|CONSTRAINED|CONSTRAINED|CONSTRAINED_202547_2025-11-20_0656|BY_IF
100000000026|1006|937|937|01-JAN-1970|19-SEP-2026|19-SEP-2026|41.382|0|100000000026_1006_PURCH| |202547|CONSTRAINED|CONSTRAINED|CONSTRAINED_202547_2025-11-20_0656|BY_IF
100000000026|1006|936|936|01-JAN-1970|12-SEP-2026|12-SEP-2026|41.382|0|100000000026_1006_PURCH| |202547|CONSTRAINED|CONSTRAINED|CONSTRAINED_202547_2025-11-20_0656|BY_IF
100000000026|1006|935|935|01-JAN-1970|05-SEP-2026|05-SEP-2026|41.382|0|100000000026_1006_PURCH| |202547|CONSTRAINED|CONSTRAINED|CONSTRAINED_202547_2025-11-20_0656|BY_IF
100000000026|1006|934|934|01-JAN-1970|29-AUG-2026|29-AUG-2026|41.382|0|100000000026_1006_PURCH| |202547|CONSTRAINED|CONSTRAINED|CONSTRAINED_202547_2025-11-20_0656|BY_IF
100000000026|1006|933|933|01-JAN-1970|22-AUG-2026|22-AUG-2026|41.382|0|100000000026_1006_PURCH| |202547|CONSTRAINED|CONSTRAINED|CONSTRAINED_202547_2025-11-20_0656|BY_IF
100000000026|1006|932|932|01-JAN-1970|15-AUG-2026|15-AUG-2026|41.382|0|100000000026_1006_PURCH| |202547|CONSTRAINED|CONSTRAINED|CONSTRAINED_202547_2025-11-20_0656|BY_IF
100000000026|1006|931|931|01-JAN-1970|08-AUG-2026|08-AUG-2026|41.382|0|100000000026_1006_PURCH| |202547|CONSTRAINED|CONSTRAINED|CONSTRAINED_202547_2025-11-20_0656|BY_IF
100000000026|1006|930|930|01-JAN-1970|01-AUG-2026|01-AUG-2026|41.382|0|100000000026_1006_PURCH| |202547|CONSTRAINED|CONSTRAINED|CONSTRAINED_202547_2025-11-20_0656|BY_IF
100000000026|1006|929|929|01-JAN-1970|25-JUL-2026|25-JUL-2026|41.382|0|100000000026_1006_PURCH| |202547|CONSTRAINED|CONSTRAINED|CONSTRAINED_202547_2025-11-20_0656|BY_IF
100000000026|1006|928|928|01-JAN-1970|18-JUL-2026|18-JUL-2026|41.382|0|100000000026_1006_PURCH| |202547|CONSTRAINED|CONSTRAINED|CONSTRAINED_202547_2025-11-20_0656|BY_IF
100000000026|1006|927|927|01-JAN-1970|11-JUL-2026|11-JUL-2026|41.382|0|100000000026_1006_PURCH| |202547|CONSTRAINED|CONSTRAINED|CONSTRAINED_202547_2025-11-20_0656|BY_IF
100000000026|1006|926|926|01-JAN-1970|04-JUL-2026|04-JUL-2026|41.382|0|100000000026_1006_PURCH| |202547|CONSTRAINED|CONSTRAINED|CONSTRAINED_202547_2025-11-20_0656|BY_IF
100000000026|1006|973|973|01-JAN-1970|29-MAY-2027|29-MAY-2027|41.382|0|100000000026_1006_PURCH| |202547|CONSTRAINED|CONSTRAINED|CONSTRAINED_202547_2025-11-20_0656|BY_IF
100000000026|1006|972|972|01-JAN-1970|22-MAY-2027|22-MAY-2027|41.382|0|100000000026_1006_PURCH| |202547|CONSTRAINED|CONSTRAINED|CONSTRAINED_202547_2025-11-20_0656|BY_IF
100000000026|1006|971|971|01-JAN-1970|15-MAY-2027|15-MAY-2027|41.382|0|100000000026_1006_PURCH| |202547|CONSTRAINED|CONSTRAINED|CONSTRAINED_202547_2025-11-20_0656|BY_IF
100000000026|1006|925|925|01-JAN-1970|27-JUN-2026|27-JUN-2026|41.382|0|100000000026_1006_PURCH| |202547|CONSTRAINED|CONSTRAINED|CONSTRAINED_202547_2025-11-20_0656|BY_IF
100000000026|1006|924|924|01-JAN-1970|20-JUN-2026|20-JUN-2026|41.382|0|100000000026_1006_PURCH| |202547|CONSTRAINED|CONSTRAINED|CONSTRAINED_202547_2025-11-20_0656|BY_IF
100000000026|1006|923|923|01-JAN-1970|13-JUN-2026|13-JUN-2026|41.382|0|100000000026_1006_PURCH| |202547|CONSTRAINED|CONSTRAINED|CONSTRAINED_202547_2025-11-20_0656|BY_IF
100000000026|1006|922|922|01-JAN-1970|06-JUN-2026|06-JUN-2026|41.382|0|100000000026_1006_PURCH| |202547|CONSTRAINED|CONSTRAINED|CONSTRAINED_202547_2025-11-20_0656|BY_IF
100000000026|1006|921|921|01-JAN-1970|30-MAY-2026|30-MAY-2026|41.382|0|100000000026_1006_PURCH| |202547|CONSTRAINED|CONSTRAINED|CONSTRAINED_202547_2025-11-20_0656|BY_IF
100000000026|1006|920|920|01-JAN-1970|23-MAY-2026|23-MAY-2026|41.382|0|100000000026_1006_PURCH| |202547|CONSTRAINED|CONSTRAINED|CONSTRAINED_202547_2025-11-20_0656|BY_IF
100000000026|1006|919|919|01-JAN-1970|16-MAY-2026|16-MAY-2026|41.382|0|100000000026_1006_PURCH| |202547|CONSTRAINED|CONSTRAINED|CONSTRAINED_202547_2025-11-20_0656|BY_IF
100000000026|1006|918|918|01-JAN-1970|09-MAY-2026|09-MAY-2026|41.382|0|100000000026_1006_PURCH| |202547|CONSTRAINED|CONSTRAINED|CONSTRAINED_202547_2025-11-20_0656|BY_IF
100000000026|1006|917|917|01-JAN-1970|02-MAY-2026|02-MAY-2026|41.382|0|100000000026_1006_PURCH| |202547|CONSTRAINED|CONSTRAINED|CONSTRAINED_202547_2025-11-20_0656|BY_IF
100000000026|1006|916|916|01-JAN-1970|25-APR-2026|25-APR-2026|41.382|0|100000000026_1006_PURCH| |202547|CONSTRAINED|CONSTRAINED|CONSTRAINED_202547_2025-11-20_0656|BY_IF
100000000026|1006|915|915|01-JAN-1970|18-APR-2026|18-APR-2026|41.382|0|100000000026_1006_PURCH| |202547|CONSTRAINED|CONSTRAINED|CONSTRAINED_202547_2025-11-20_0656|BY_IF
100000000026|1006|914|914|01-JAN-1970|11-APR-2026|11-APR-2026|41.382|0|100000000026_1006_PURCH| |202547|CONSTRAINED|CONSTRAINED|CONSTRAINED_202547_2025-11-20_0656|BY_IF
100000000026|1006|913|913|01-JAN-1970|04-APR-2026|04-APR-2026|41.382|0|100000000026_1006_PURCH| |202547|CONSTRAINED|CONSTRAINED|CONSTRAINED_202547_2025-11-20_0656|BY_IF
100000000026|1006|912|912|01-JAN-1970|28-MAR-2026|28-MAR-2026|41.382|0|100000000026_1006_PURCH| |202547|CONSTRAINED|CONSTRAINED|CONSTRAINED_202547_2025-11-20_0656|BY_IF
100000000026|1006|911|911|01-JAN-1970|21-MAR-2026|21-MAR-2026|41.382|0|100000000026_1006_PURCH| |202547|CONSTRAINED|CONSTRAINED|CONSTRAINED_202547_2025-11-20_0656|BY_IF
100000000026|1006|910|910|01-JAN-1970|14-MAR-2026|14-MAR-2026|41.382|0|100000000026_1006_PURCH| |202547|CONSTRAINED|CONSTRAINED|CONSTRAINED_202547_2025-11-20_0656|BY_IF
100000000026|1006|909|909|01-JAN-1970|07-MAR-2026|07-MAR-2026|41.382|0|100000000026_1006_PURCH| |202547|CONSTRAINED|CONSTRAINED|CONSTRAINED_202547_2025-11-20_0656|BY_IF
100000000026|1006|908|908|01-JAN-1970|28-FEB-2026|28-FEB-2026|41.382|0|100000000026_1006_PURCH| |202547|CONSTRAINED|CONSTRAINED|CONSTRAINED_202547_2025-11-20_0656|BY_IF
100000000026|1006|907|907|01-JAN-1970|21-FEB-2026|21-FEB-2026|41.382|0|100000000026_1006_PURCH| |202547|CONSTRAINED|CONSTRAINED|CONSTRAINED_202547_2025-11-20_0656|BY_IF
100000000026|1006|906|906|01-JAN-1970|14-FEB-2026|14-FEB-2026|41.382|0|100000000026_1006_PURCH| |202547|CONSTRAINED|CONSTRAINED|CONSTRAINED_202547_2025-11-20_0656|BY_IF
100000000026|1006|905|905|01-JAN-1970|07-FEB-2026|07-FEB-2026|41.382|0|100000000026_1006_PURCH| |202547|CONSTRAINED|CONSTRAINED|CONSTRAINED_202547_2025-11-20_0656|BY_IF
100000000026|1006|904|904|01-JAN-1970|31-JAN-2026|31-JAN-2026|41.382|0|100000000026_1006_PURCH| |202547|CONSTRAINED|CONSTRAINED|CONSTRAINED_202547_2025-11-20_0656|BY_IF
100000000026|1006|903|903|01-JAN-1970|24-JAN-2026|24-JAN-2026|41.382|0|100000000026_1006_PURCH| |202547|CONSTRAINED|CONSTRAINED|CONSTRAINED_202547_2025-11-20_0656|BY_IF
100000000026|1006|902|902|01-JAN-1970|17-JAN-2026|17-JAN-2026|32.554|0|100000000026_1006_PURCH| |202547|CONSTRAINED|CONSTRAINED|CONSTRAINED_202547_2025-11-20_0656|BY_IF
100000000026|1006|901|901|01-JAN-1970|10-JAN-2026|10-JAN-2026|27.588|0|100000000026_1006_PURCH| |202547|CONSTRAINED|CONSTRAINED|CONSTRAINED_202547_2025-11-20_0656|BY_IF
100000000026|1006|900|900|01-JAN-1970|03-JAN-2026|03-JAN-2026|27.588|0|100000000026_1006_PURCH| |202547|CONSTRAINED|CONSTRAINED|CONSTRAINED_202547_2025-11-20_0656|BY_IF
100000000026|1006|899|899|01-JAN-1970|27-DEC-2025|27-DEC-2025|27.588|0|100000000026_1006_PURCH| |202547|CONSTRAINED|CONSTRAINED|CONSTRAINED_202547_2025-11-20_0656|BY_IF
100000000026|1006|898|898|01-JAN-1970|20-DEC-2025|20-DEC-2025|27.588|0|100000000026_1006_PURCH| |202547|CONSTRAINED|CONSTRAINED|CONSTRAINED_202547_2025-11-20_0656|BY_IF
100000000026|1006|897|897|01-JAN-1970|13-DEC-2025|13-DEC-2025|27.588|0|100000000026_1006_PURCH| |202547|CONSTRAINED|CONSTRAINED|CONSTRAINED_202547_2025-11-20_0656|BY_IF
100000000026|1006|896|896|01-JAN-1970|06-DEC-2025|06-DEC-2025|27.588|0|100000000026_1006_PURCH| |202547|CONSTRAINED|CONSTRAINED|CONSTRAINED_202547_2025-11-20_0656|BY_IF
100000000026|1006|895|895|01-JAN-1970|29-NOV-2025|29-NOV-2025|27.588|0|100000000026_1006_PURCH| |202547|CONSTRAINED|CONSTRAINED|CONSTRAINED_202547_2025-11-20_0656|BY_IF
100000000026|1006|894|894|01-JAN-1970|22-NOV-2025|22-NOV-2025|27.588|0|100000000026_1006_PURCH| |202547|CONSTRAINED|CONSTRAINED|CONSTRAINED_202547_2025-11-20_0656|BY_IF
100000000026|1006|893|893|01-JAN-1970|15-NOV-2025|15-NOV-2025|27.588|0|100000000026_1006_PURCH| |202547|CONSTRAINED|CONSTRAINED|CONSTRAINED_202547_2025-11-20_0656|BY_IF
100000000026|1006|892|892|01-JAN-1970|08-NOV-2025|08-NOV-2025|27.588|0|100000000026_1006_PURCH| |202547|CONSTRAINED|CONSTRAINED|CONSTRAINED_202547_2025-11-20_0656|BY_IF
100000000026|1006|891|891|01-JAN-1970|01-NOV-2025|01-NOV-2025|27.588|0|100000000026_1006_PURCH| |202547|CONSTRAINED|CONSTRAINED|CONSTRAINED_202547_2025-11-20_0656|BY_IF
100000000026|1006|890|890|01-JAN-1970|25-OCT-2025|25-OCT-2025|27.588|0|100000000026_1006_PURCH| |202547|CONSTRAINED|CONSTRAINED|CONSTRAINED_202547_2025-11-20_0656|BY_IF
100000000026|1006|889|889|01-JAN-1970|18-OCT-2025|18-OCT-2025|27.588|0|100000000026_1006_PURCH| |202547|CONSTRAINED|CONSTRAINED|CONSTRAINED_202547_2025-11-20_0656|BY_IF
100000000026|1006|888|888|01-JAN-1970|11-OCT-2025|11-OCT-2025|27.588|0|100000000026_1006_PURCH| |202547|CONSTRAINED|CONSTRAINED|CONSTRAINED_202547_2025-11-20_0656|BY_IF
100000000026|1006|887|887|01-JAN-1970|04-OCT-2025|04-OCT-2025|27.588|0|100000000026_1006_PURCH| |202547|CONSTRAINED|CONSTRAINED|CONSTRAINED_202547_2025-11-20_0656|BY_IF
100000000026|1006|886|886|01-JAN-1970|27-SEP-2025|27-SEP-2025|35.312|0|100000000026_1006_PURCH| |202547|CONSTRAINED|CONSTRAINED|CONSTRAINED_202547_2025-11-20_0656|BY_IF
100000000026|1006|885|885|01-JAN-1970|20-SEP-2025|20-SEP-2025|41.382|0|100000000026_1006_PURCH| |202547|CONSTRAINED|CONSTRAINED|CONSTRAINED_202547_2025-11-20_0656|BY_IF
100000000026|1006|884|884|01-JAN-1970|13-SEP-2025|13-SEP-2025|41.382|0|100000000026_1006_PURCH| |202547|CONSTRAINED|CONSTRAINED|CONSTRAINED_202547_2025-11-20_0656|BY_IF
100000000026|1006|883|883|01-JAN-1970|06-SEP-2025|06-SEP-2025|41.382|0|100000000026_1006_PURCH| |202547|CONSTRAINED|CONSTRAINED|CONSTRAINED_202547_2025-11-20_0656|BY_IF
100000000026|1006|882|882|01-JAN-1970|30-AUG-2025|30-AUG-2025|41.382|0|100000000026_1006_PURCH| |202547|CONSTRAINED|CONSTRAINED|CONSTRAINED_202547_2025-11-20_0656|BY_IF
100000000026|1006|881|881|01-JAN-1970|23-AUG-2025|23-AUG-2025|41.382|0|100000000026_1006_PURCH| |202547|CONSTRAINED|CONSTRAINED|CONSTRAINED_202547_2025-11-20_0656|BY_IF
100000000026|1006|880|880|01-JAN-1970|16-AUG-2025|16-AUG-2025|41.382|0|100000000026_1006_PURCH| |202547|CONSTRAINED|CONSTRAINED|CONSTRAINED_202547_2025-11-20_0656|BY_IF
100000000026|1006|879|879|01-JAN-1970|09-AUG-2025|09-AUG-2025|41.382|0|100000000026_1006_PURCH| |202547|CONSTRAINED|CONSTRAINED|CONSTRAINED_202547_2025-11-20_0656|BY_IF
100000000026|1006|878|878|01-JAN-1970|02-AUG-2025|02-AUG-2025|41.382|0|100000000026_1006_PURCH| |202547|CONSTRAINED|CONSTRAINED|CONSTRAINED_202547_2025-11-20_0656|BY_IF
100000000027|1003|445|445|01-JAN-1970|10-JUL-2027|10-JUL-2027|38.651|0|100000000027_1003_PURCH| |202547|CONSTRAINED|CONSTRAINED|CONSTRAINED_202547_2025-11-20_0656|BY_IF
100000000027|1003|444|444|01-JAN-1970|03-JUL-2027|03-JUL-2027|38.651|0|100000000027_1003_PURCH| |202547|CONSTRAINED|CONSTRAINED|CONSTRAINED_202547_2025-11-20_0656|BY_IF
100000000027|1003|443|443|01-JAN-1970|26-JUN-2027|26-JUN-2027|38.651|0|100000000027_1003_PURCH| |202547|CONSTRAINED|CONSTRAINED|CONSTRAINED_202547_2025-11-20_0656|BY_IF
100000000027|1003|442|442|01-JAN-1970|19-JUN-2027|19-JUN-2027|38.651|0|100000000027_1003_PURCH| |202547|CONSTRAINED|CONSTRAINED|CONSTRAINED_202547_2025-11-20_0656|BY_IF
100000000027|1003|441|441|01-JAN-1970|12-JUN-2027|12-JUN-2027|38.651|0|100000000027_1003_PURCH| |202547|CONSTRAINED|CONSTRAINED|CONSTRAINED_202547_2025-11-20_0656|BY_IF
100000000027|1003|440|440|01-JAN-1970|05-JUN-2027|05-JUN-2027|38.651|0|100000000027_1003_PURCH| |202547|CONSTRAINED|CONSTRAINED|CONSTRAINED_202547_2025-11-20_0656|BY_IF
100000000027|1003|439|439|01-JAN-1970|29-MAY-2027|29-MAY-2027|38.651|0|100000000027_1003_PURCH| |202547|CONSTRAINED|CONSTRAINED|CONSTRAINED_202547_2025-11-20_0656|BY_IF
100000000027|1003|438|438|01-JAN-1970|22-MAY-2027|22-MAY-2027|38.651|0|100000000027_1003_PURCH| |202547|CONSTRAINED|CONSTRAINED|CONSTRAINED_202547_2025-11-20_0656|BY_IF
100000000027|1003|437|437|01-JAN-1970|15-MAY-2027|15-MAY-2027|38.651|0|100000000027_1003_PURCH| |202547|CONSTRAINED|CONSTRAINED|CONSTRAINED_202547_2025-11-20_0656|BY_IF
100000000027|1003|436|436|01-JAN-1970|08-MAY-2027|08-MAY-2027|38.651|0|100000000027_1003_PURCH| |202547|CONSTRAINED|CONSTRAINED|CONSTRAINED_202547_2025-11-20_0656|BY_IF
100000000027|1003|435|435|01-JAN-1970|01-MAY-2027|01-MAY-2027|38.651|0|100000000027_1003_PURCH| |202547|CONSTRAINED|CONSTRAINED|CONSTRAINED_202547_2025-11-20_0656|BY_IF
100000000027|1003|434|434|01-JAN-1970|24-APR-2027|24-APR-2027|38.651|0|100000000027_1003_PURCH| |202547|CONSTRAINED|CONSTRAINED|CONSTRAINED_202547_2025-11-20_0656|BY_IF
100000000027|1003|433|433|01-JAN-1970|17-APR-2027|17-APR-2027|38.651|0|100000000027_1003_PURCH| |202547|CONSTRAINED|CONSTRAINED|CONSTRAINED_202547_2025-11-20_0656|BY_IF
100000000027|1003|432|432|01-JAN-1970|10-APR-2027|10-APR-2027|38.651|0|100000000027_1003_PURCH| |202547|CONSTRAINED|CONSTRAINED|CONSTRAINED_202547_2025-11-20_0656|BY_IF
100000000027|1003|431|431|01-JAN-1970|03-APR-2027|03-APR-2027|38.651|0|100000000027_1003_PURCH| |202547|CONSTRAINED|CONSTRAINED|CONSTRAINED_202547_2025-11-20_0656|BY_IF
100000000027|1003|430|430|01-JAN-1970|27-MAR-2027|27-MAR-2027|38.651|0|100000000027_1003_PURCH| |202547|CONSTRAINED|CONSTRAINED|CONSTRAINED_202547_2025-11-20_0656|BY_IF
100000000027|1003|429|429|01-JAN-1970|20-MAR-2027|20-MAR-2027|38.651|0|100000000027_1003_PURCH| |202547|CONSTRAINED|CONSTRAINED|CONSTRAINED_202547_2025-11-20_0656|BY_IF
100000000027|1003|428|428|01-JAN-1970|13-MAR-2027|13-MAR-2027|38.651|0|100000000027_1003_PURCH| |202547|CONSTRAINED|CONSTRAINED|CONSTRAINED_202547_2025-11-20_0656|BY_IF
100000000027|1003|427|427|01-JAN-1970|06-MAR-2027|06-MAR-2027|38.651|0|100000000027_1003_PURCH| |202547|CONSTRAINED|CONSTRAINED|CONSTRAINED_202547_2025-11-20_0656|BY_IF
100000000027|1003|426|426|01-JAN-1970|27-FEB-2027|27-FEB-2027|38.651|0|100000000027_1003_PURCH| |202547|CONSTRAINED|CONSTRAINED|CONSTRAINED_202547_2025-11-20_0656|BY_IF
100000000027|1003|425|425|01-JAN-1970|20-FEB-2027|20-FEB-2027|38.651|0|100000000027_1003_PURCH| |202547|CONSTRAINED|CONSTRAINED|CONSTRAINED_202547_2025-11-20_0656|BY_IF
100000000027|1003|424|424|01-JAN-1970|13-FEB-2027|13-FEB-2027|38.651|0|100000000027_1003_PURCH| |202547|CONSTRAINED|CONSTRAINED|CONSTRAINED_202547_2025-11-20_0656|BY_IF
100000000027|1003|423|423|01-JAN-1970|06-FEB-2027|06-FEB-2027|38.651|0|100000000027_1003_PURCH| |202547|CONSTRAINED|CONSTRAINED|CONSTRAINED_202547_2025-11-20_0656|BY_IF
100000000027|1003|422|422|01-JAN-1970|30-JAN-2027|30-JAN-2027|38.651|0|100000000027_1003_PURCH| |202547|CONSTRAINED|CONSTRAINED|CONSTRAINED_202547_2025-11-20_0656|BY_IF
100000000027|1003|421|421|01-JAN-1970|23-JAN-2027|23-JAN-2027|38.651|0|100000000027_1003_PURCH| |202547|CONSTRAINED|CONSTRAINED|CONSTRAINED_202547_2025-11-20_0656|BY_IF
100000000027|1003|420|420|01-JAN-1970|16-JAN-2027|16-JAN-2027|38.651|0|100000000027_1003_PURCH| |202547|CONSTRAINED|CONSTRAINED|CONSTRAINED_202547_2025-11-20_0656|BY_IF
100000000027|1003|419|419|01-JAN-1970|09-JAN-2027|09-JAN-2027|38.651|0|100000000027_1003_PURCH| |202547|CONSTRAINED|CONSTRAINED|CONSTRAINED_202547_2025-11-20_0656|BY_IF
100000000027|1003|418|418|01-JAN-1970|02-JAN-2027|02-JAN-2027|38.651|0|100000000027_1003_PURCH| |202547|CONSTRAINED|CONSTRAINED|CONSTRAINED_202547_2025-11-20_0656|BY_IF
100000000027|1003|417|417|01-JAN-1970|26-DEC-2026|26-DEC-2026|38.651|0|100000000027_1003_PURCH| |202547|CONSTRAINED|CONSTRAINED|CONSTRAINED_202547_2025-11-20_0656|BY_IF
100000000027|1003|416|416|01-JAN-1970|19-DEC-2026|19-DEC-2026|38.651|0|100000000027_1003_PURCH| |202547|CONSTRAINED|CONSTRAINED|CONSTRAINED_202547_2025-11-20_0656|BY_IF
100000000027|1003|415|415|01-JAN-1970|12-DEC-2026|12-DEC-2026|38.651|0|100000000027_1003_PURCH| |202547|CONSTRAINED|CONSTRAINED|CONSTRAINED_202547_2025-11-20_0656|BY_IF
100000000027|1003|414|414|01-JAN-1970|05-DEC-2026|05-DEC-2026|38.651|0|100000000027_1003_PURCH| |202547|CONSTRAINED|CONSTRAINED|CONSTRAINED_202547_2025-11-20_0656|BY_IF
100000000027|1003|413|413|01-JAN-1970|28-NOV-2026|28-NOV-2026|38.651|0|100000000027_1003_PURCH| |202547|CONSTRAINED|CONSTRAINED|CONSTRAINED_202547_2025-11-20_0656|BY_IF
100000000027|1003|412|412|01-JAN-1970|21-NOV-2026|21-NOV-2026|38.651|0|100000000027_1003_PURCH| |202547|CONSTRAINED|CONSTRAINED|CONSTRAINED_202547_2025-11-20_0656|BY_IF
100000000027|1003|411|411|01-JAN-1970|14-NOV-2026|14-NOV-2026|38.651|0|100000000027_1003_PURCH| |202547|CONSTRAINED|CONSTRAINED|CONSTRAINED_202547_2025-11-20_0656|BY_IF
100000000027|1003|410|410|01-JAN-1970|07-NOV-2026|07-NOV-2026|38.651|0|100000000027_1003_PURCH| |202547|CONSTRAINED|CONSTRAINED|CONSTRAINED_202547_2025-11-20_0656|BY_IF
100000000027|1003|409|409|01-JAN-1970|31-OCT-2026|31-OCT-2026|38.651|0|100000000027_1003_PURCH| |202547|CONSTRAINED|CONSTRAINED|CONSTRAINED_202547_2025-11-20_0656|BY_IF
100000000027|1003|408|408|01-JAN-1970|24-OCT-2026|24-OCT-2026|38.651|0|100000000027_1003_PURCH| |202547|CONSTRAINED|CONSTRAINED|CONSTRAINED_202547_2025-11-20_0656|BY_IF
100000000027|1003|407|407|01-JAN-1970|17-OCT-2026|17-OCT-2026|38.651|0|100000000027_1003_PURCH| |202547|CONSTRAINED|CONSTRAINED|CONSTRAINED_202547_2025-11-20_0656|BY_IF
100000000027|1003|406|406|01-JAN-1970|10-OCT-2026|10-OCT-2026|38.651|0|100000000027_1003_PURCH| |202547|CONSTRAINED|CONSTRAINED|CONSTRAINED_202547_2025-11-20_0656|BY_IF
100000000027|1003|405|405|01-JAN-1970|03-OCT-2026|03-OCT-2026|38.651|0|100000000027_1003_PURCH| |202547|CONSTRAINED|CONSTRAINED|CONSTRAINED_202547_2025-11-20_0656|BY_IF
100000000027|1003|404|404|01-JAN-1970|26-SEP-2026|26-SEP-2026|38.651|0|100000000027_1003_PURCH| |202547|CONSTRAINED|CONSTRAINED|CONSTRAINED_202547_2025-11-20_0656|BY_IF
100000000027|1003|403|403|01-JAN-1970|19-SEP-2026|19-SEP-2026|38.651|0|100000000027_1003_PURCH| |202547|CONSTRAINED|CONSTRAINED|CONSTRAINED_202547_2025-11-20_0656|BY_IF
100000000027|1003|402|402|01-JAN-1970|12-SEP-2026|12-SEP-2026|38.651|0|100000000027_1003_PURCH| |202547|CONSTRAINED|CONSTRAINED|CONSTRAINED_202547_2025-11-20_0656|BY_IF
100000000027|1003|401|401|01-JAN-1970|05-SEP-2026|05-SEP-2026|38.651|0|100000000027_1003_PURCH| |202547|CONSTRAINED|CONSTRAINED|CONSTRAINED_202547_2025-11-20_0656|BY_IF
100000000027|1003|400|400|01-JAN-1970|29-AUG-2026|29-AUG-2026|38.651|0|100000000027_1003_PURCH| |202547|CONSTRAINED|CONSTRAINED|CONSTRAINED_202547_2025-11-20_0656|BY_IF
100000000027|1003|399|399|01-JAN-1970|22-AUG-2026|22-AUG-2026|38.651|0|100000000027_1003_PURCH| |202547|CONSTRAINED|CONSTRAINED|CONSTRAINED_202547_2025-11-20_0656|BY_IF
100000000027|1003|398|398|01-JAN-1970|15-AUG-2026|15-AUG-2026|38.651|0|100000000027_1003_PURCH| |202547|CONSTRAINED|CONSTRAINED|CONSTRAINED_202547_2025-11-20_0656|BY_IF
100000000027|1003|397|397|01-JAN-1970|08-AUG-2026|08-AUG-2026|38.651|0|100000000027_1003_PURCH| |202547|CONSTRAINED|CONSTRAINED|CONSTRAINED_202547_2025-11-20_0656|BY_IF
100000000027|1003|396|396|01-JAN-1970|01-AUG-2026|01-AUG-2026|38.651|0|100000000027_1003_PURCH| |202547|CONSTRAINED|CONSTRAINED|CONSTRAINED_202547_2025-11-20_0656|BY_IF
100000000027|1003|395|395|01-JAN-1970|25-JUL-2026|25-JUL-2026|38.651|0|100000000027_1003_PURCH| |202547|CONSTRAINED|CONSTRAINED|CONSTRAINED_202547_2025-11-20_0656|BY_IF
100000000027|1003|394|394|01-JAN-1970|18-JUL-2026|18-JUL-2026|38.651|0|100000000027_1003_PURCH| |202547|CONSTRAINED|CONSTRAINED|CONSTRAINED_202547_2025-11-20_0656|BY_IF
100000000027|1003|393|393|01-JAN-1970|11-JUL-2026|11-JUL-2026|38.651|0|100000000027_1003_PURCH| |202547|CONSTRAINED|CONSTRAINED|CONSTRAINED_202547_2025-11-20_0656|BY_IF
100000000027|1003|392|392|01-JAN-1970|04-JUL-2026|04-JUL-2026|38.651|0|100000000027_1003_PURCH| |202547|CONSTRAINED|CONSTRAINED|CONSTRAINED_202547_2025-11-20_0656|BY_IF
100000000027|1003|391|391|01-JAN-1970|27-JUN-2026|27-JUN-2026|38.651|0|100000000027_1003_PURCH| |202547|CONSTRAINED|CONSTRAINED|CONSTRAINED_202547_2025-11-20_0656|BY_IF
100000000027|1003|390|390|01-JAN-1970|20-JUN-2026|20-JUN-2026|38.651|0|100000000027_1003_PURCH| |202547|CONSTRAINED|CONSTRAINED|CONSTRAINED_202547_2025-11-20_0656|BY_IF
100000000027|1003|389|389|01-JAN-1970|13-JUN-2026|13-JUN-2026|38.651|0|100000000027_1003_PURCH| |202547|CONSTRAINED|CONSTRAINED|CONSTRAINED_202547_2025-11-20_0656|BY_IF
100000000027|1003|388|388|01-JAN-1970|06-JUN-2026|06-JUN-2026|38.651|0|100000000027_1003_PURCH| |202547|CONSTRAINED|CONSTRAINED|CONSTRAINED_202547_2025-11-20_0656|BY_IF
100000000027|1003|387|387|01-JAN-1970|30-MAY-2026|30-MAY-2026|38.651|0|100000000027_1003_PURCH| |202547|CONSTRAINED|CONSTRAINED|CONSTRAINED_202547_2025-11-20_0656|BY_IF
100000000027|1003|386|386|01-JAN-1970|23-MAY-2026|23-MAY-2026|38.651|0|100000000027_1003_PURCH| |202547|CONSTRAINED|CONSTRAINED|CONSTRAINED_202547_2025-11-20_0656|BY_IF
100000000027|1003|385|385|01-JAN-1970|16-MAY-2026|16-MAY-2026|38.651|0|100000000027_1003_PURCH| |202547|CONSTRAINED|CONSTRAINED|CONSTRAINED_202547_2025-11-20_0656|BY_IF
100000000027|1003|384|384|01-JAN-1970|09-MAY-2026|09-MAY-2026|38.651|0|100000000027_1003_PURCH| |202547|CONSTRAINED|CONSTRAINED|CONSTRAINED_202547_2025-11-20_0656|BY_IF
100000000027|1003|383|383|01-JAN-1970|02-MAY-2026|02-MAY-2026|38.651|0|100000000027_1003_PURCH| |202547|CONSTRAINED|CONSTRAINED|CONSTRAINED_202547_2025-11-20_0656|BY_IF
100000000027|1003|382|382|01-JAN-1970|25-APR-2026|25-APR-2026|38.651|0|100000000027_1003_PURCH| |202547|CONSTRAINED|CONSTRAINED|CONSTRAINED_202547_2025-11-20_0656|BY_IF
100000000027|1003|381|381|01-JAN-1970|18-APR-2026|18-APR-2026|38.651|0|100000000027_1003_PURCH| |202547|CONSTRAINED|CONSTRAINED|CONSTRAINED_202547_2025-11-20_0656|BY_IF
100000000027|1003|380|380|01-JAN-1970|11-APR-2026|11-APR-2026|38.651|0|100000000027_1003_PURCH| |202547|CONSTRAINED|CONSTRAINED|CONSTRAINED_202547_2025-11-20_0656|BY_IF
100000000027|1003|379|379|01-JAN-1970|04-APR-2026|04-APR-2026|38.651|0|100000000027_1003_PURCH| |202547|CONSTRAINED|CONSTRAINED|CONSTRAINED_202547_2025-11-20_0656|BY_IF
100000000027|1003|378|378|01-JAN-1970|28-MAR-2026|28-MAR-2026|38.651|0|100000000027_1003_PURCH| |202547|CONSTRAINED|CONSTRAINED|CONSTRAINED_202547_2025-11-20_0656|BY_IF
100000000027|1003|377|377|01-JAN-1970|21-MAR-2026|21-MAR-2026|38.651|0|100000000027_1003_PURCH| |202547|CONSTRAINED|CONSTRAINED|CONSTRAINED_202547_2025-11-20_0656|BY_IF
100000000027|1003|376|376|01-JAN-1970|14-MAR-2026|14-MAR-2026|38.651|0|100000000027_1003_PURCH| |202547|CONSTRAINED|CONSTRAINED|CONSTRAINED_202547_2025-11-20_0656|BY_IF
100000000027|1003|375|375|01-JAN-1970|07-MAR-2026|07-MAR-2026|38.651|0|100000000027_1003_PURCH| |202547|CONSTRAINED|CONSTRAINED|CONSTRAINED_202547_2025-11-20_0656|BY_IF
100000000027|1003|374|374|01-JAN-1970|28-FEB-2026|28-FEB-2026|38.651|0|100000000027_1003_PURCH| |202547|CONSTRAINED|CONSTRAINED|CONSTRAINED_202547_2025-11-20_0656|BY_IF
100000000027|1003|373|373|01-JAN-1970|21-FEB-2026|21-FEB-2026|38.651|0|100000000027_1003_PURCH| |202547|CONSTRAINED|CONSTRAINED|CONSTRAINED_202547_2025-11-20_0656|BY_IF
100000000027|1003|372|372|01-JAN-1970|14-FEB-2026|14-FEB-2026|38.651|0|100000000027_1003_PURCH| |202547|CONSTRAINED|CONSTRAINED|CONSTRAINED_202547_2025-11-20_0656|BY_IF
100000000027|1003|371|371|01-JAN-1970|07-FEB-2026|07-FEB-2026|38.651|0|100000000027_1003_PURCH| |202547|CONSTRAINED|CONSTRAINED|CONSTRAINED_202547_2025-11-20_0656|BY_IF
100000000027|1003|370|370|01-JAN-1970|31-JAN-2026|31-JAN-2026|38.651|0|100000000027_1003_PURCH| |202547|CONSTRAINED|CONSTRAINED|CONSTRAINED_202547_2025-11-20_0656|BY_IF
100000000027|1003|369|369|01-JAN-1970|24-JAN-2026|24-JAN-2026|38.651|0|100000000027_1003_PURCH| |202547|CONSTRAINED|CONSTRAINED|CONSTRAINED_202547_2025-11-20_0656|BY_IF
100000000027|1003|368|368|01-JAN-1970|17-JAN-2026|17-JAN-2026|38.651|0|100000000027_1003_PURCH| |202547|CONSTRAINED|CONSTRAINED|CONSTRAINED_202547_2025-11-20_0656|BY_IF
100000000027|1003|367|367|01-JAN-1970|10-JAN-2026|10-JAN-2026|27.829|0|100000000027_1003_PURCH| |202547|CONSTRAINED|CONSTRAINED|CONSTRAINED_202547_2025-11-20_0656|BY_IF
100000000027|1003|366|366|01-JAN-1970|03-JAN-2026|03-JAN-2026|25.767|0|100000000027_1003_PURCH| |202547|CONSTRAINED|CONSTRAINED|CONSTRAINED_202547_2025-11-20_0656|BY_IF
100000000027|1003|365|365|01-JAN-1970|27-DEC-2025|27-DEC-2025|25.767|0|100000000027_1003_PURCH| |202547|CONSTRAINED|CONSTRAINED|CONSTRAINED_202547_2025-11-20_0656|BY_IF
100000000027|1003|364|364|01-JAN-1970|20-DEC-2025|20-DEC-2025|25.767|0|100000000027_1003_PURCH| |202547|CONSTRAINED|CONSTRAINED|CONSTRAINED_202547_2025-11-20_0656|BY_IF
100000000027|1003|363|363|01-JAN-1970|13-DEC-2025|13-DEC-2025|25.767|0|100000000027_1003_PURCH| |202547|CONSTRAINED|CONSTRAINED|CONSTRAINED_202547_2025-11-20_0656|BY_IF
100000000027|1003|362|362|01-JAN-1970|06-DEC-2025|06-DEC-2025|25.767|0|100000000027_1003_PURCH| |202547|CONSTRAINED|CONSTRAINED|CONSTRAINED_202547_2025-11-20_0656|BY_IF
100000000027|1003|361|361|01-JAN-1970|29-NOV-2025|29-NOV-2025|25.767|0|100000000027_1003_PURCH| |202547|CONSTRAINED|CONSTRAINED|CONSTRAINED_202547_2025-11-20_0656|BY_IF
100000000027|1003|360|360|01-JAN-1970|22-NOV-2025|22-NOV-2025|25.767|0|100000000027_1003_PURCH| |202547|CONSTRAINED|CONSTRAINED|CONSTRAINED_202547_2025-11-20_0656|BY_IF
100000000027|1003|359|359|01-JAN-1970|15-NOV-2025|15-NOV-2025|25.767|0|100000000027_1003_PURCH| |202547|CONSTRAINED|CONSTRAINED|CONSTRAINED_202547_2025-11-20_0656|BY_IF
100000000027|1003|358|358|01-JAN-1970|08-NOV-2025|08-NOV-2025|25.767|0|100000000027_1003_PURCH| |202547|CONSTRAINED|CONSTRAINED|CONSTRAINED_202547_2025-11-20_0656|BY_IF
100000000027|1003|357|357|01-JAN-1970|01-NOV-2025|01-NOV-2025|25.767|0|100000000027_1003_PURCH| |202547|CONSTRAINED|CONSTRAINED|CONSTRAINED_202547_2025-11-20_0656|BY_IF
100000000027|1003|356|356|01-JAN-1970|25-OCT-2025|25-OCT-2025|38.651|0|100000000027_1003_PURCH| |202547|CONSTRAINED|CONSTRAINED|CONSTRAINED_202547_2025-11-20_0656|BY_IF
100000000027|1003|355|355|01-JAN-1970|18-OCT-2025|18-OCT-2025|38.651|0|100000000027_1003_PURCH| |202547|CONSTRAINED|CONSTRAINED|CONSTRAINED_202547_2025-11-20_0656|BY_IF
100000000027|1003|354|354|01-JAN-1970|11-OCT-2025|11-OCT-2025|38.651|0|100000000027_1003_PURCH| |202547|CONSTRAINED|CONSTRAINED|CONSTRAINED_202547_2025-11-20_0656|BY_IF
100000000027|1003|353|353|01-JAN-1970|04-OCT-2025|04-OCT-2025|38.651|0|100000000027_1003_PURCH| |202547|CONSTRAINED|CONSTRAINED|CONSTRAINED_202547_2025-11-20_0656|BY_IF
100000000027|1003|352|352|01-JAN-1970|27-SEP-2025|27-SEP-2025|38.651|0|100000000027_1003_PURCH| |202547|CONSTRAINED|CONSTRAINED|CONSTRAINED_202547_2025-11-20_0656|BY_IF
100000000027|1003|351|351|01-JAN-1970|20-SEP-2025|20-SEP-2025|38.651|0|100000000027_1003_PURCH| |202547|CONSTRAINED|CONSTRAINED|CONSTRAINED_202547_2025-11-20_0656|BY_IF
100000000027|1003|350|350|01-JAN-1970|13-SEP-2025|13-SEP-2025|38.651|0|100000000027_1003_PURCH| |202547|CONSTRAINED|CONSTRAINED|CONSTRAINED_202547_2025-11-20_0656|BY_IF
100000000027|1003|349|349|01-JAN-1970|06-SEP-2025|06-SEP-2025|38.651|0|100000000027_1003_PURCH| |202547|CONSTRAINED|CONSTRAINED|CONSTRAINED_202547_2025-11-20_0656|BY_IF
100000000027|1003|348|348|01-JAN-1970|30-AUG-2025|30-AUG-2025|38.651|0|100000000027_1003_PURCH| |202547|CONSTRAINED|CONSTRAINED|CONSTRAINED_202547_2025-11-20_0656|BY_IF
100000000027|1003|347|347|01-JAN-1970|23-AUG-2025|23-AUG-2025|38.651|0|100000000027_1003_PURCH| |202547|CONSTRAINED|CONSTRAINED|CONSTRAINED_202547_2025-11-20_0656|BY_IF
100000000027|1003|346|346|01-JAN-1970|16-AUG-2025|16-AUG-2025|38.651|0|100000000027_1003_PURCH| |202547|CONSTRAINED|CONSTRAINED|CONSTRAINED_202547_2025-11-20_0656|BY_IF
100000000027|1003|345|345|01-JAN-1970|09-AUG-2025|09-AUG-2025|38.651|0|100000000027_1003_PURCH| |202547|CONSTRAINED|CONSTRAINED|CONSTRAINED_202547_2025-11-20_0656|BY_IF
100000000027|1003|344|344|01-JAN-1970|02-AUG-2025|02-AUG-2025|38.651|0|100000000027_1003_PURCH| |202547|CONSTRAINED|CONSTRAINED|CONSTRAINED_202547_2025-11-20_0656|BY_IF
100000000027|1006|1294|1294|01-JAN-1970|10-JUL-2027|10-JUL-2027|41.382|0|100000000027_1006_PURCH| |202547|CONSTRAINED|CONSTRAINED|CONSTRAINED_202547_2025-11-20_0656|BY_IF
100000000027|1006|1293|1293|01-JAN-1970|03-JUL-2027|03-JUL-2027|41.382|0|100000000027_1006_PURCH| |202547|CONSTRAINED|CONSTRAINED|CONSTRAINED_202547_2025-11-20_0656|BY_IF
100000000027|1006|1292|1292|01-JAN-1970|26-JUN-2027|26-JUN-2027|41.382|0|100000000027_1006_PURCH| |202547|CONSTRAINED|CONSTRAINED|CONSTRAINED_202547_2025-11-20_0656|BY_IF
100000000027|1006|1291|1291|01-JAN-1970|19-JUN-2027|19-JUN-2027|41.382|0|100000000027_1006_PURCH| |202547|CONSTRAINED|CONSTRAINED|CONSTRAINED_202547_2025-11-20_0656|BY_IF
100000000027|1006|1290|1290|01-JAN-1970|12-JUN-2027|12-JUN-2027|41.382|0|100000000027_1006_PURCH| |202547|CONSTRAINED|CONSTRAINED|CONSTRAINED_202547_2025-11-20_0656|BY_IF
100000000027|1006|1289|1289|01-JAN-1970|05-JUN-2027|05-JUN-2027|41.382|0|100000000027_1006_PURCH| |202547|CONSTRAINED|CONSTRAINED|CONSTRAINED_202547_2025-11-20_0656|BY_IF
100000000027|1006|1288|1288|01-JAN-1970|29-MAY-2027|29-MAY-2027|41.382|0|100000000027_1006_PURCH| |202547|CONSTRAINED|CONSTRAINED|CONSTRAINED_202547_2025-11-20_0656|BY_IF
100000000027|1006|1287|1287|01-JAN-1970|22-MAY-2027|22-MAY-2027|41.382|0|100000000027_1006_PURCH| |202547|CONSTRAINED|CONSTRAINED|CONSTRAINED_202547_2025-11-20_0656|BY_IF
100000000027|1006|1286|1286|01-JAN-1970|15-MAY-2027|15-MAY-2027|41.382|0|100000000027_1006_PURCH| |202547|CONSTRAINED|CONSTRAINED|CONSTRAINED_202547_2025-11-20_0656|BY_IF
100000000027|1006|1285|1285|01-JAN-1970|08-MAY-2027|08-MAY-2027|41.382|0|100000000027_1006_PURCH| |202547|CONSTRAINED|CONSTRAINED|CONSTRAINED_202547_2025-11-20_0656|BY_IF
100000000027|1006|1284|1284|01-JAN-1970|01-MAY-2027|01-MAY-2027|41.382|0|100000000027_1006_PURCH| |202547|CONSTRAINED|CONSTRAINED|CONSTRAINED_202547_2025-11-20_0656|BY_IF
100000000027|1006|1283|1283|01-JAN-1970|24-APR-2027|24-APR-2027|41.382|0|100000000027_1006_PURCH| |202547|CONSTRAINED|CONSTRAINED|CONSTRAINED_202547_2025-11-20_0656|BY_IF
100000000027|1006|1282|1282|01-JAN-1970|17-APR-2027|17-APR-2027|41.382|0|100000000027_1006_PURCH| |202547|CONSTRAINED|CONSTRAINED|CONSTRAINED_202547_2025-11-20_0656|BY_IF
100000000027|1006|1281|1281|01-JAN-1970|10-APR-2027|10-APR-2027|41.382|0|100000000027_1006_PURCH| |202547|CONSTRAINED|CONSTRAINED|CONSTRAINED_202547_2025-11-20_0656|BY_IF
100000000027|1006|1280|1280|01-JAN-1970|03-APR-2027|03-APR-2027|41.382|0|100000000027_1006_PURCH| |202547|CONSTRAINED|CONSTRAINED|CONSTRAINED_202547_2025-11-20_0656|BY_IF
100000000027|1006|1279|1279|01-JAN-1970|27-MAR-2027|27-MAR-2027|41.382|0|100000000027_1006_PURCH| |202547|CONSTRAINED|CONSTRAINED|CONSTRAINED_202547_2025-11-20_0656|BY_IF
100000000027|1006|1278|1278|01-JAN-1970|20-MAR-2027|20-MAR-2027|41.382|0|100000000027_1006_PURCH| |202547|CONSTRAINED|CONSTRAINED|CONSTRAINED_202547_2025-11-20_0656|BY_IF
100000000027|1006|1277|1277|01-JAN-1970|13-MAR-2027|13-MAR-2027|41.382|0|100000000027_1006_PURCH| |202547|CONSTRAINED|CONSTRAINED|CONSTRAINED_202547_2025-11-20_0656|BY_IF
100000000027|1006|1276|1276|01-JAN-1970|06-MAR-2027|06-MAR-2027|41.382|0|100000000027_1006_PURCH| |202547|CONSTRAINED|CONSTRAINED|CONSTRAINED_202547_2025-11-20_0656|BY_IF
100000000027|1006|1275|1275|01-JAN-1970|27-FEB-2027|27-FEB-2027|41.382|0|100000000027_1006_PURCH| |202547|CONSTRAINED|CONSTRAINED|CONSTRAINED_202547_2025-11-20_0656|BY_IF
100000000027|1006|1274|1274|01-JAN-1970|20-FEB-2027|20-FEB-2027|41.382|0|100000000027_1006_PURCH| |202547|CONSTRAINED|CONSTRAINED|CONSTRAINED_202547_2025-11-20_0656|BY_IF
100000000027|1006|1273|1273|01-JAN-1970|13-FEB-2027|13-FEB-2027|41.382|0|100000000027_1006_PURCH| |202547|CONSTRAINED|CONSTRAINED|CONSTRAINED_202547_2025-11-20_0656|BY_IF
100000000027|1006|1272|1272|01-JAN-1970|06-FEB-2027|06-FEB-2027|41.382|0|100000000027_1006_PURCH| |202547|CONSTRAINED|CONSTRAINED|CONSTRAINED_202547_2025-11-20_0656|BY_IF
100000000027|1006|1271|1271|01-JAN-1970|30-JAN-2027|30-JAN-2027|41.382|0|100000000027_1006_PURCH| |202547|CONSTRAINED|CONSTRAINED|CONSTRAINED_202547_2025-11-20_0656|BY_IF
100000000027|1006|1270|1270|01-JAN-1970|23-JAN-2027|23-JAN-2027|41.382|0|100000000027_1006_PURCH| |202547|CONSTRAINED|CONSTRAINED|CONSTRAINED_202547_2025-11-20_0656|BY_IF
100000000027|1006|1269|1269|01-JAN-1970|16-JAN-2027|16-JAN-2027|41.382|0|100000000027_1006_PURCH| |202547|CONSTRAINED|CONSTRAINED|CONSTRAINED_202547_2025-11-20_0656|BY_IF
100000000027|1006|1268|1268|01-JAN-1970|09-JAN-2027|09-JAN-2027|41.382|0|100000000027_1006_PURCH| |202547|CONSTRAINED|CONSTRAINED|CONSTRAINED_202547_2025-11-20_0656|BY_IF
100000000027|1006|1267|1267|01-JAN-1970|02-JAN-2027|02-JAN-2027|41.382|0|100000000027_1006_PURCH| |202547|CONSTRAINED|CONSTRAINED|CONSTRAINED_202547_2025-11-20_0656|BY_IF
100000000027|1006|1266|1266|01-JAN-1970|26-DEC-2026|26-DEC-2026|41.382|0|100000000027_1006_PURCH| |202547|CONSTRAINED|CONSTRAINED|CONSTRAINED_202547_2025-11-20_0656|BY_IF
100000000027|1006|1265|1265|01-JAN-1970|19-DEC-2026|19-DEC-2026|41.382|0|100000000027_1006_PURCH| |202547|CONSTRAINED|CONSTRAINED|CONSTRAINED_202547_2025-11-20_0656|BY_IF
100000000027|1006|1264|1264|01-JAN-1970|12-DEC-2026|12-DEC-2026|41.382|0|100000000027_1006_PURCH| |202547|CONSTRAINED|CONSTRAINED|CONSTRAINED_202547_2025-11-20_0656|BY_IF
100000000027|1006|1263|1263|01-JAN-1970|05-DEC-2026|05-DEC-2026|41.382|0|100000000027_1006_PURCH| |202547|CONSTRAINED|CONSTRAINED|CONSTRAINED_202547_2025-11-20_0656|BY_IF
100000000027|1006|1262|1262|01-JAN-1970|28-NOV-2026|28-NOV-2026|41.382|0|100000000027_1006_PURCH| |202547|CONSTRAINED|CONSTRAINED|CONSTRAINED_202547_2025-11-20_0656|BY_IF
100000000027|1006|1261|1261|01-JAN-1970|21-NOV-2026|21-NOV-2026|41.382|0|100000000027_1006_PURCH| |202547|CONSTRAINED|CONSTRAINED|CONSTRAINED_202547_2025-11-20_0656|BY_IF
100000000027|1006|1260|1260|01-JAN-1970|14-NOV-2026|14-NOV-2026|41.382|0|100000000027_1006_PURCH| |202547|CONSTRAINED|CONSTRAINED|CONSTRAINED_202547_2025-11-20_0656|BY_IF
100000000027|1006|1259|1259|01-JAN-1970|07-NOV-2026|07-NOV-2026|41.382|0|100000000027_1006_PURCH| |202547|CONSTRAINED|CONSTRAINED|CONSTRAINED_202547_2025-11-20_0656|BY_IF
100000000027|1006|1258|1258|01-JAN-1970|31-OCT-2026|31-OCT-2026|41.382|0|100000000027_1006_PURCH| |202547|CONSTRAINED|CONSTRAINED|CONSTRAINED_202547_2025-11-20_0656|BY_IF
100000000027|1006|1257|1257|01-JAN-1970|24-OCT-2026|24-OCT-2026|41.382|0|100000000027_1006_PURCH| |202547|CONSTRAINED|CONSTRAINED|CONSTRAINED_202547_2025-11-20_0656|BY_IF
100000000027|1006|1256|1256|01-JAN-1970|17-OCT-2026|17-OCT-2026|41.382|0|100000000027_1006_PURCH| |202547|CONSTRAINED|CONSTRAINED|CONSTRAINED_202547_2025-11-20_0656|BY_IF
100000000027|1006|1255|1255|01-JAN-1970|10-OCT-2026|10-OCT-2026|41.382|0|100000000027_1006_PURCH| |202547|CONSTRAINED|CONSTRAINED|CONSTRAINED_202547_2025-11-20_0656|BY_IF
100000000027|1006|1254|1254|01-JAN-1970|03-OCT-2026|03-OCT-2026|41.382|0|100000000027_1006_PURCH| |202547|CONSTRAINED|CONSTRAINED|CONSTRAINED_202547_2025-11-20_0656|BY_IF
100000000027|1006|1253|1253|01-JAN-1970|26-SEP-2026|26-SEP-2026|41.382|0|100000000027_1006_PURCH| |202547|CONSTRAINED|CONSTRAINED|CONSTRAINED_202547_2025-11-20_0656|BY_IF
100000000027|1006|1252|1252|01-JAN-1970|19-SEP-2026|19-SEP-2026|41.382|0|100000000027_1006_PURCH| |202547|CONSTRAINED|CONSTRAINED|CONSTRAINED_202547_2025-11-20_0656|BY_IF
100000000027|1006|1251|1251|01-JAN-1970|12-SEP-2026|12-SEP-2026|41.382|0|100000000027_1006_PURCH| |202547|CONSTRAINED|CONSTRAINED|CONSTRAINED_202547_2025-11-20_0656|BY_IF
100000000027|1006|1250|1250|01-JAN-1970|05-SEP-2026|05-SEP-2026|41.382|0|100000000027_1006_PURCH| |202547|CONSTRAINED|CONSTRAINED|CONSTRAINED_202547_2025-11-20_0656|BY_IF
100000000027|1006|1249|1249|01-JAN-1970|29-AUG-2026|29-AUG-2026|41.382|0|100000000027_1006_PURCH| |202547|CONSTRAINED|CONSTRAINED|CONSTRAINED_202547_2025-11-20_0656|BY_IF
100000000027|1006|1248|1248|01-JAN-1970|22-AUG-2026|22-AUG-2026|41.382|0|100000000027_1006_PURCH| |202547|CONSTRAINED|CONSTRAINED|CONSTRAINED_202547_2025-11-20_0656|BY_IF
100000000027|1006|1247|1247|01-JAN-1970|15-AUG-2026|15-AUG-2026|41.382|0|100000000027_1006_PURCH| |202547|CONSTRAINED|CONSTRAINED|CONSTRAINED_202547_2025-11-20_0656|BY_IF
100000000027|1006|1246|1246|01-JAN-1970|08-AUG-2026|08-AUG-2026|41.382|0|100000000027_1006_PURCH| |202547|CONSTRAINED|CONSTRAINED|CONSTRAINED_202547_2025-11-20_0656|BY_IF
100000000027|1006|1245|1245|01-JAN-1970|01-AUG-2026|01-AUG-2026|41.382|0|100000000027_1006_PURCH| |202547|CONSTRAINED|CONSTRAINED|CONSTRAINED_202547_2025-11-20_0656|BY_IF
100000000027|1006|1244|1244|01-JAN-1970|25-JUL-2026|25-JUL-2026|41.382|0|100000000027_1006_PURCH| |202547|CONSTRAINED|CONSTRAINED|CONSTRAINED_202547_2025-11-20_0656|BY_IF
100000000027|1006|1243|1243|01-JAN-1970|18-JUL-2026|18-JUL-2026|41.382|0|100000000027_1006_PURCH| |202547|CONSTRAINED|CONSTRAINED|CONSTRAINED_202547_2025-11-20_0656|BY_IF
100000000027|1006|1242|1242|01-JAN-1970|11-JUL-2026|11-JUL-2026|41.382|0|100000000027_1006_PURCH| |202547|CONSTRAINED|CONSTRAINED|CONSTRAINED_202547_2025-11-20_0656|BY_IF
100000000027|1006|1241|1241|01-JAN-1970|04-JUL-2026|04-JUL-2026|41.382|0|100000000027_1006_PURCH| |202547|CONSTRAINED|CONSTRAINED|CONSTRAINED_202547_2025-11-20_0656|BY_IF
100000000027|1006|1240|1240|01-JAN-1970|27-JUN-2026|27-JUN-2026|41.382|0|100000000027_1006_PURCH| |202547|CONSTRAINED|CONSTRAINED|CONSTRAINED_202547_2025-11-20_0656|BY_IF
100000000027|1006|1239|1239|01-JAN-1970|20-JUN-2026|20-JUN-2026|41.382|0|100000000027_1006_PURCH| |202547|CONSTRAINED|CONSTRAINED|CONSTRAINED_202547_2025-11-20_0656|BY_IF
100000000027|1006|1238|1238|01-JAN-1970|13-JUN-2026|13-JUN-2026|41.382|0|100000000027_1006_PURCH| |202547|CONSTRAINED|CONSTRAINED|CONSTRAINED_202547_2025-11-20_0656|BY_IF
100000000027|1006|1237|1237|01-JAN-1970|06-JUN-2026|06-JUN-2026|41.382|0|100000000027_1006_PURCH| |202547|CONSTRAINED|CONSTRAINED|CONSTRAINED_202547_2025-11-20_0656|BY_IF
100000000027|1006|1236|1236|01-JAN-1970|30-MAY-2026|30-MAY-2026|41.382|0|100000000027_1006_PURCH| |202547|CONSTRAINED|CONSTRAINED|CONSTRAINED_202547_2025-11-20_0656|BY_IF
100000000027|1006|1235|1235|01-JAN-1970|23-MAY-2026|23-MAY-2026|41.382|0|100000000027_1006_PURCH| |202547|CONSTRAINED|CONSTRAINED|CONSTRAINED_202547_2025-11-20_0656|BY_IF
100000000027|1006|1234|1234|01-JAN-1970|16-MAY-2026|16-MAY-2026|41.382|0|100000000027_1006_PURCH| |202547|CONSTRAINED|CONSTRAINED|CONSTRAINED_202547_2025-11-20_0656|BY_IF
100000000027|1006|1233|1233|01-JAN-1970|09-MAY-2026|09-MAY-2026|41.382|0|100000000027_1006_PURCH| |202547|CONSTRAINED|CONSTRAINED|CONSTRAINED_202547_2025-11-20_0656|BY_IF
100000000027|1006|1232|1232|01-JAN-1970|02-MAY-2026|02-MAY-2026|41.382|0|100000000027_1006_PURCH| |202547|CONSTRAINED|CONSTRAINED|CONSTRAINED_202547_2025-11-20_0656|BY_IF
100000000027|1006|1231|1231|01-JAN-1970|25-APR-2026|25-APR-2026|41.382|0|100000000027_1006_PURCH| |202547|CONSTRAINED|CONSTRAINED|CONSTRAINED_202547_2025-11-20_0656|BY_IF
100000000027|1006|1230|1230|01-JAN-1970|18-APR-2026|18-APR-2026|41.382|0|100000000027_1006_PURCH| |202547|CONSTRAINED|CONSTRAINED|CONSTRAINED_202547_2025-11-20_0656|BY_IF
100000000027|1006|1229|1229|01-JAN-1970|11-APR-2026|11-APR-2026|41.382|0|100000000027_1006_PURCH| |202547|CONSTRAINED|CONSTRAINED|CONSTRAINED_202547_2025-11-20_0656|BY_IF
100000000027|1006|1228|1228|01-JAN-1970|04-APR-2026|04-APR-2026|41.382|0|100000000027_1006_PURCH| |202547|CONSTRAINED|CONSTRAINED|CONSTRAINED_202547_2025-11-20_0656|BY_IF
100000000027|1006|1227|1227|01-JAN-1970|28-MAR-2026|28-MAR-2026|41.382|0|100000000027_1006_PURCH| |202547|CONSTRAINED|CONSTRAINED|CONSTRAINED_202547_2025-11-20_0656|BY_IF
100000000027|1006|1226|1226|01-JAN-1970|21-MAR-2026|21-MAR-2026|41.382|0|100000000027_1006_PURCH| |202547|CONSTRAINED|CONSTRAINED|CONSTRAINED_202547_2025-11-20_0656|BY_IF
100000000027|1006|1225|1225|01-JAN-1970|14-MAR-2026|14-MAR-2026|41.382|0|100000000027_1006_PURCH| |202547|CONSTRAINED|CONSTRAINED|CONSTRAINED_202547_2025-11-20_0656|BY_IF
100000000027|1006|1224|1224|01-JAN-1970|07-MAR-2026|07-MAR-2026|41.382|0|100000000027_1006_PURCH| |202547|CONSTRAINED|CONSTRAINED|CONSTRAINED_202547_2025-11-20_0656|BY_IF
100000000027|1006|1223|1223|01-JAN-1970|28-FEB-2026|28-FEB-2026|41.382|0|100000000027_1006_PURCH| |202547|CONSTRAINED|CONSTRAINED|CONSTRAINED_202547_2025-11-20_0656|BY_IF
100000000027|1006|1222|1222|01-JAN-1970|21-FEB-2026|21-FEB-2026|41.382|0|100000000027_1006_PURCH| |202547|CONSTRAINED|CONSTRAINED|CONSTRAINED_202547_2025-11-20_0656|BY_IF
100000000027|1006|1221|1221|01-JAN-1970|14-FEB-2026|14-FEB-2026|41.382|0|100000000027_1006_PURCH| |202547|CONSTRAINED|CONSTRAINED|CONSTRAINED_202547_2025-11-20_0656|BY_IF
100000000027|1006|1220|1220|01-JAN-1970|07-FEB-2026|07-FEB-2026|41.382|0|100000000027_1006_PURCH| |202547|CONSTRAINED|CONSTRAINED|CONSTRAINED_202547_2025-11-20_0656|BY_IF
100000000027|1006|1219|1219|01-JAN-1970|31-JAN-2026|31-JAN-2026|41.382|0|100000000027_1006_PURCH| |202547|CONSTRAINED|CONSTRAINED|CONSTRAINED_202547_2025-11-20_0656|BY_IF
100000000027|1006|1218|1218|01-JAN-1970|24-JAN-2026|24-JAN-2026|41.382|0|100000000027_1006_PURCH| |202547|CONSTRAINED|CONSTRAINED|CONSTRAINED_202547_2025-11-20_0656|BY_IF
100000000027|1006|1217|1217|01-JAN-1970|17-JAN-2026|17-JAN-2026|32.554|0|100000000027_1006_PURCH| |202547|CONSTRAINED|CONSTRAINED|CONSTRAINED_202547_2025-11-20_0656|BY_IF
100000000027|1006|1216|1216|01-JAN-1970|10-JAN-2026|10-JAN-2026|27.588|0|100000000027_1006_PURCH| |202547|CONSTRAINED|CONSTRAINED|CONSTRAINED_202547_2025-11-20_0656|BY_IF
100000000027|1006|1215|1215|01-JAN-1970|03-JAN-2026|03-JAN-2026|27.588|0|100000000027_1006_PURCH| |202547|CONSTRAINED|CONSTRAINED|CONSTRAINED_202547_2025-11-20_0656|BY_IF
100000000027|1006|1214|1214|01-JAN-1970|27-DEC-2025|27-DEC-2025|27.588|0|100000000027_1006_PURCH| |202547|CONSTRAINED|CONSTRAINED|CONSTRAINED_202547_2025-11-20_0656|BY_IF
100000000027|1006|1213|1213|01-JAN-1970|20-DEC-2025|20-DEC-2025|27.588|0|100000000027_1006_PURCH| |202547|CONSTRAINED|CONSTRAINED|CONSTRAINED_202547_2025-11-20_0656|BY_IF
100000000027|1006|1212|1212|01-JAN-1970|13-DEC-2025|13-DEC-2025|27.588|0|100000000027_1006_PURCH| |202547|CONSTRAINED|CONSTRAINED|CONSTRAINED_202547_2025-11-20_0656|BY_IF
100000000027|1006|1211|1211|01-JAN-1970|06-DEC-2025|06-DEC-2025|27.588|0|100000000027_1006_PURCH| |202547|CONSTRAINED|CONSTRAINED|CONSTRAINED_202547_2025-11-20_0656|BY_IF
100000000027|1006|1210|1210|01-JAN-1970|29-NOV-2025|29-NOV-2025|27.588|0|100000000027_1006_PURCH| |202547|CONSTRAINED|CONSTRAINED|CONSTRAINED_202547_2025-11-20_0656|BY_IF
100000000027|1006|1209|1209|01-JAN-1970|22-NOV-2025|22-NOV-2025|27.588|0|100000000027_1006_PURCH| |202547|CONSTRAINED|CONSTRAINED|CONSTRAINED_202547_2025-11-20_0656|BY_IF
100000000027|1006|1208|1208|01-JAN-1970|15-NOV-2025|15-NOV-2025|27.588|0|100000000027_1006_PURCH| |202547|CONSTRAINED|CONSTRAINED|CONSTRAINED_202547_2025-11-20_0656|BY_IF
100000000027|1006|1207|1207|01-JAN-1970|08-NOV-2025|08-NOV-2025|27.588|0|100000000027_1006_PURCH| |202547|CONSTRAINED|CONSTRAINED|CONSTRAINED_202547_2025-11-20_0656|BY_IF
100000000027|1006|1206|1206|01-JAN-1970|01-NOV-2025|01-NOV-2025|27.588|0|100000000027_1006_PURCH| |202547|CONSTRAINED|CONSTRAINED|CONSTRAINED_202547_2025-11-20_0656|BY_IF
100000000027|1006|1205|1205|01-JAN-1970|25-OCT-2025|25-OCT-2025|27.588|0|100000000027_1006_PURCH| |202547|CONSTRAINED|CONSTRAINED|CONSTRAINED_202547_2025-11-20_0656|BY_IF
100000000027|1006|1204|1204|01-JAN-1970|18-OCT-2025|18-OCT-2025|27.588|0|100000000027_1006_PURCH| |202547|CONSTRAINED|CONSTRAINED|CONSTRAINED_202547_2025-11-20_0656|BY_IF
100000000027|1006|1203|1203|01-JAN-1970|11-OCT-2025|11-OCT-2025|27.588|0|100000000027_1006_PURCH| |202547|CONSTRAINED|CONSTRAINED|CONSTRAINED_202547_2025-11-20_0656|BY_IF
100000000027|1006|1202|1202|01-JAN-1970|04-OCT-2025|04-OCT-2025|27.588|0|100000000027_1006_PURCH| |202547|CONSTRAINED|CONSTRAINED|CONSTRAINED_202547_2025-11-20_0656|BY_IF
100000000027|1006|1201|1201|01-JAN-1970|27-SEP-2025|27-SEP-2025|35.312|0|100000000027_1006_PURCH| |202547|CONSTRAINED|CONSTRAINED|CONSTRAINED_202547_2025-11-20_0656|BY_IF
100000000027|1006|1200|1200|01-JAN-1970|20-SEP-2025|20-SEP-2025|41.382|0|100000000027_1006_PURCH| |202547|CONSTRAINED|CONSTRAINED|CONSTRAINED_202547_2025-11-20_0656|BY_IF
100000000027|1006|1199|1199|01-JAN-1970|13-SEP-2025|13-SEP-2025|41.382|0|100000000027_1006_PURCH| |202547|CONSTRAINED|CONSTRAINED|CONSTRAINED_202547_2025-11-20_0656|BY_IF
100000000027|1006|1198|1198|01-JAN-1970|06-SEP-2025|06-SEP-2025|41.382|0|100000000027_1006_PURCH| |202547|CONSTRAINED|CONSTRAINED|CONSTRAINED_202547_2025-11-20_0656|BY_IF
100000000027|1006|1197|1197|01-JAN-1970|30-AUG-2025|30-AUG-2025|41.382|0|100000000027_1006_PURCH| |202547|CONSTRAINED|CONSTRAINED|CONSTRAINED_202547_2025-11-20_0656|BY_IF
100000000027|1006|1196|1196|01-JAN-1970|23-AUG-2025|23-AUG-2025|41.382|0|100000000027_1006_PURCH| |202547|CONSTRAINED|CONSTRAINED|CONSTRAINED_202547_2025-11-20_0656|BY_IF
100000000027|1006|1195|1195|01-JAN-1970|16-AUG-2025|16-AUG-2025|41.382|0|100000000027_1006_PURCH| |202547|CONSTRAINED|CONSTRAINED|CONSTRAINED_202547_2025-11-20_0656|BY_IF
100000000027|1006|1194|1194|01-JAN-1970|09-AUG-2025|09-AUG-2025|41.382|0|100000000027_1006_PURCH| |202547|CONSTRAINED|CONSTRAINED|CONSTRAINED_202547_2025-11-20_0656|BY_IF
100000000027|1006|1193|1193|01-JAN-1970|02-AUG-2025|02-AUG-2025|41.382|0|100000000027_1006_PURCH| |202547|CONSTRAINED|CONSTRAINED|CONSTRAINED_202547_2025-11-20_0656|BY_IF
100000000028|1003|877|877|01-JAN-1970|10-JUL-2027|10-JUL-2027|38.651|0|100000000028_1003_PURCH| |202547|CONSTRAINED|CONSTRAINED|CONSTRAINED_202547_2025-11-20_0656|BY_IF
100000000028|1003|876|876|01-JAN-1970|03-JUL-2027|03-JUL-2027|38.651|0|100000000028_1003_PURCH| |202547|CONSTRAINED|CONSTRAINED|CONSTRAINED_202547_2025-11-20_0656|BY_IF
100000000028|1003|875|875|01-JAN-1970|26-JUN-2027|26-JUN-2027|38.651|0|100000000028_1003_PURCH| |202547|CONSTRAINED|CONSTRAINED|CONSTRAINED_202547_2025-11-20_0656|BY_IF
100000000028|1003|874|874|01-JAN-1970|19-JUN-2027|19-JUN-2027|38.651|0|100000000028_1003_PURCH| |202547|CONSTRAINED|CONSTRAINED|CONSTRAINED_202547_2025-11-20_0656|BY_IF
100000000028|1003|873|873|01-JAN-1970|12-JUN-2027|12-JUN-2027|38.651|0|100000000028_1003_PURCH| |202547|CONSTRAINED|CONSTRAINED|CONSTRAINED_202547_2025-11-20_0656|BY_IF
100000000028|1003|872|872|01-JAN-1970|05-JUN-2027|05-JUN-2027|38.651|0|100000000028_1003_PURCH| |202547|CONSTRAINED|CONSTRAINED|CONSTRAINED_202547_2025-11-20_0656|BY_IF
100000000028|1003|871|871|01-JAN-1970|29-MAY-2027|29-MAY-2027|38.651|0|100000000028_1003_PURCH| |202547|CONSTRAINED|CONSTRAINED|CONSTRAINED_202547_2025-11-20_0656|BY_IF
100000000028|1003|870|870|01-JAN-1970|22-MAY-2027|22-MAY-2027|38.651|0|100000000028_1003_PURCH| |202547|CONSTRAINED|CONSTRAINED|CONSTRAINED_202547_2025-11-20_0656|BY_IF
100000000028|1003|869|869|01-JAN-1970|15-MAY-2027|15-MAY-2027|38.651|0|100000000028_1003_PURCH| |202547|CONSTRAINED|CONSTRAINED|CONSTRAINED_202547_2025-11-20_0656|BY_IF
100000000028|1003|868|868|01-JAN-1970|08-MAY-2027|08-MAY-2027|38.651|0|100000000028_1003_PURCH| |202547|CONSTRAINED|CONSTRAINED|CONSTRAINED_202547_2025-11-20_0656|BY_IF
100000000028|1003|867|867|01-JAN-1970|01-MAY-2027|01-MAY-2027|38.651|0|100000000028_1003_PURCH| |202547|CONSTRAINED|CONSTRAINED|CONSTRAINED_202547_2025-11-20_0656|BY_IF
100000000028|1003|866|866|01-JAN-1970|24-APR-2027|24-APR-2027|38.651|0|100000000028_1003_PURCH| |202547|CONSTRAINED|CONSTRAINED|CONSTRAINED_202547_2025-11-20_0656|BY_IF
100000000028|1003|865|865|01-JAN-1970|17-APR-2027|17-APR-2027|38.651|0|100000000028_1003_PURCH| |202547|CONSTRAINED|CONSTRAINED|CONSTRAINED_202547_2025-11-20_0656|BY_IF
100000000028|1003|864|864|01-JAN-1970|10-APR-2027|10-APR-2027|38.651|0|100000000028_1003_PURCH| |202547|CONSTRAINED|CONSTRAINED|CONSTRAINED_202547_2025-11-20_0656|BY_IF
100000000028|1003|863|863|01-JAN-1970|03-APR-2027|03-APR-2027|38.651|0|100000000028_1003_PURCH| |202547|CONSTRAINED|CONSTRAINED|CONSTRAINED_202547_2025-11-20_0656|BY_IF
100000000028|1003|862|862|01-JAN-1970|27-MAR-2027|27-MAR-2027|38.651|0|100000000028_1003_PURCH| |202547|CONSTRAINED|CONSTRAINED|CONSTRAINED_202547_2025-11-20_0656|BY_IF
100000000028|1003|861|861|01-JAN-1970|20-MAR-2027|20-MAR-2027|38.651|0|100000000028_1003_PURCH| |202547|CONSTRAINED|CONSTRAINED|CONSTRAINED_202547_2025-11-20_0656|BY_IF
100000000028|1003|860|860|01-JAN-1970|13-MAR-2027|13-MAR-2027|38.651|0|100000000028_1003_PURCH| |202547|CONSTRAINED|CONSTRAINED|CONSTRAINED_202547_2025-11-20_0656|BY_IF
100000000028|1003|859|859|01-JAN-1970|06-MAR-2027|06-MAR-2027|38.651|0|100000000028_1003_PURCH| |202547|CONSTRAINED|CONSTRAINED|CONSTRAINED_202547_2025-11-20_0656|BY_IF
100000000028|1003|858|858|01-JAN-1970|27-FEB-2027|27-FEB-2027|38.651|0|100000000028_1003_PURCH| |202547|CONSTRAINED|CONSTRAINED|CONSTRAINED_202547_2025-11-20_0656|BY_IF
100000000028|1003|857|857|01-JAN-1970|20-FEB-2027|20-FEB-2027|38.651|0|100000000028_1003_PURCH| |202547|CONSTRAINED|CONSTRAINED|CONSTRAINED_202547_2025-11-20_0656|BY_IF
100000000028|1003|856|856|01-JAN-1970|13-FEB-2027|13-FEB-2027|38.651|0|100000000028_1003_PURCH| |202547|CONSTRAINED|CONSTRAINED|CONSTRAINED_202547_2025-11-20_0656|BY_IF
100000000028|1003|855|855|01-JAN-1970|06-FEB-2027|06-FEB-2027|38.651|0|100000000028_1003_PURCH| |202547|CONSTRAINED|CONSTRAINED|CONSTRAINED_202547_2025-11-20_0656|BY_IF
100000000028|1003|854|854|01-JAN-1970|30-JAN-2027|30-JAN-2027|38.651|0|100000000028_1003_PURCH| |202547|CONSTRAINED|CONSTRAINED|CONSTRAINED_202547_2025-11-20_0656|BY_IF
100000000028|1003|853|853|01-JAN-1970|23-JAN-2027|23-JAN-2027|38.651|0|100000000028_1003_PURCH| |202547|CONSTRAINED|CONSTRAINED|CONSTRAINED_202547_2025-11-20_0656|BY_IF
100000000028|1003|852|852|01-JAN-1970|16-JAN-2027|16-JAN-2027|38.651|0|100000000028_1003_PURCH| |202547|CONSTRAINED|CONSTRAINED|CONSTRAINED_202547_2025-11-20_0656|BY_IF
100000000028|1003|851|851|01-JAN-1970|09-JAN-2027|09-JAN-2027|38.651|0|100000000028_1003_PURCH| |202547|CONSTRAINED|CONSTRAINED|CONSTRAINED_202547_2025-11-20_0656|BY_IF
100000000028|1003|850|850|01-JAN-1970|02-JAN-2027|02-JAN-2027|38.651|0|100000000028_1003_PURCH| |202547|CONSTRAINED|CONSTRAINED|CONSTRAINED_202547_2025-11-20_0656|BY_IF
100000000028|1003|849|849|01-JAN-1970|26-DEC-2026|26-DEC-2026|38.651|0|100000000028_1003_PURCH| |202547|CONSTRAINED|CONSTRAINED|CONSTRAINED_202547_2025-11-20_0656|BY_IF
100000000028|1003|848|848|01-JAN-1970|19-DEC-2026|19-DEC-2026|38.651|0|100000000028_1003_PURCH| |202547|CONSTRAINED|CONSTRAINED|CONSTRAINED_202547_2025-11-20_0656|BY_IF
100000000028|1003|847|847|01-JAN-1970|12-DEC-2026|12-DEC-2026|38.651|0|100000000028_1003_PURCH| |202547|CONSTRAINED|CONSTRAINED|CONSTRAINED_202547_2025-11-20_0656|BY_IF
100000000028|1003|846|846|01-JAN-1970|05-DEC-2026|05-DEC-2026|38.651|0|100000000028_1003_PURCH| |202547|CONSTRAINED|CONSTRAINED|CONSTRAINED_202547_2025-11-20_0656|BY_IF
100000000028|1003|845|845|01-JAN-1970|28-NOV-2026|28-NOV-2026|38.651|0|100000000028_1003_PURCH| |202547|CONSTRAINED|CONSTRAINED|CONSTRAINED_202547_2025-11-20_0656|BY_IF
100000000028|1003|844|844|01-JAN-1970|21-NOV-2026|21-NOV-2026|38.651|0|100000000028_1003_PURCH| |202547|CONSTRAINED|CONSTRAINED|CONSTRAINED_202547_2025-11-20_0656|BY_IF
100000000028|1003|843|843|01-JAN-1970|14-NOV-2026|14-NOV-2026|38.651|0|100000000028_1003_PURCH| |202547|CONSTRAINED|CONSTRAINED|CONSTRAINED_202547_2025-11-20_0656|BY_IF
100000000028|1003|842|842|01-JAN-1970|07-NOV-2026|07-NOV-2026|38.651|0|100000000028_1003_PURCH| |202547|CONSTRAINED|CONSTRAINED|CONSTRAINED_202547_2025-11-20_0656|BY_IF
100000000028|1003|841|841|01-JAN-1970|31-OCT-2026|31-OCT-2026|38.651|0|100000000028_1003_PURCH| |202547|CONSTRAINED|CONSTRAINED|CONSTRAINED_202547_2025-11-20_0656|BY_IF
100000000028|1003|840|840|01-JAN-1970|24-OCT-2026|24-OCT-2026|38.651|0|100000000028_1003_PURCH| |202547|CONSTRAINED|CONSTRAINED|CONSTRAINED_202547_2025-11-20_0656|BY_IF
100000000028|1003|839|839|01-JAN-1970|17-OCT-2026|17-OCT-2026|38.651|0|100000000028_1003_PURCH| |202547|CONSTRAINED|CONSTRAINED|CONSTRAINED_202547_2025-11-20_0656|BY_IF
100000000028|1003|838|838|01-JAN-1970|10-OCT-2026|10-OCT-2026|38.651|0|100000000028_1003_PURCH| |202547|CONSTRAINED|CONSTRAINED|CONSTRAINED_202547_2025-11-20_0656|BY_IF
100000000028|1003|837|837|01-JAN-1970|03-OCT-2026|03-OCT-2026|38.651|0|100000000028_1003_PURCH| |202547|CONSTRAINED|CONSTRAINED|CONSTRAINED_202547_2025-11-20_0656|BY_IF
100000000028|1003|836|836|01-JAN-1970|26-SEP-2026|26-SEP-2026|38.651|0|100000000028_1003_PURCH| |202547|CONSTRAINED|CONSTRAINED|CONSTRAINED_202547_2025-11-20_0656|BY_IF
100000000028|1003|835|835|01-JAN-1970|19-SEP-2026|19-SEP-2026|38.651|0|100000000028_1003_PURCH| |202547|CONSTRAINED|CONSTRAINED|CONSTRAINED_202547_2025-11-20_0656|BY_IF
100000000028|1003|834|834|01-JAN-1970|12-SEP-2026|12-SEP-2026|38.651|0|100000000028_1003_PURCH| |202547|CONSTRAINED|CONSTRAINED|CONSTRAINED_202547_2025-11-20_0656|BY_IF
100000000028|1003|833|833|01-JAN-1970|05-SEP-2026|05-SEP-2026|38.651|0|100000000028_1003_PURCH| |202547|CONSTRAINED|CONSTRAINED|CONSTRAINED_202547_2025-11-20_0656|BY_IF
100000000028|1003|832|832|01-JAN-1970|29-AUG-2026|29-AUG-2026|38.651|0|100000000028_1003_PURCH| |202547|CONSTRAINED|CONSTRAINED|CONSTRAINED_202547_2025-11-20_0656|BY_IF
100000000028|1003|831|831|01-JAN-1970|22-AUG-2026|22-AUG-2026|38.651|0|100000000028_1003_PURCH| |202547|CONSTRAINED|CONSTRAINED|CONSTRAINED_202547_2025-11-20_0656|BY_IF
100000000028|1003|830|830|01-JAN-1970|15-AUG-2026|15-AUG-2026|38.651|0|100000000028_1003_PURCH| |202547|CONSTRAINED|CONSTRAINED|CONSTRAINED_202547_2025-11-20_0656|BY_IF
100000000028|1003|829|829|01-JAN-1970|08-AUG-2026|08-AUG-2026|38.651|0|100000000028_1003_PURCH| |202547|CONSTRAINED|CONSTRAINED|CONSTRAINED_202547_2025-11-20_0656|BY_IF
100000000028|1003|828|828|01-JAN-1970|01-AUG-2026|01-AUG-2026|38.651|0|100000000028_1003_PURCH| |202547|CONSTRAINED|CONSTRAINED|CONSTRAINED_202547_2025-11-20_0656|BY_IF
100000000028|1003|827|827|01-JAN-1970|25-JUL-2026|25-JUL-2026|38.651|0|100000000028_1003_PURCH| |202547|CONSTRAINED|CONSTRAINED|CONSTRAINED_202547_2025-11-20_0656|BY_IF
100000000028|1003|826|826|01-JAN-1970|18-JUL-2026|18-JUL-2026|38.651|0|100000000028_1003_PURCH| |202547|CONSTRAINED|CONSTRAINED|CONSTRAINED_202547_2025-11-20_0656|BY_IF
100000000028|1003|825|825|01-JAN-1970|11-JUL-2026|11-JUL-2026|38.651|0|100000000028_1003_PURCH| |202547|CONSTRAINED|CONSTRAINED|CONSTRAINED_202547_2025-11-20_0656|BY_IF
100000000028|1003|824|824|01-JAN-1970|04-JUL-2026|04-JUL-2026|38.651|0|100000000028_1003_PURCH| |202547|CONSTRAINED|CONSTRAINED|CONSTRAINED_202547_2025-11-20_0656|BY_IF
100000000028|1003|823|823|01-JAN-1970|27-JUN-2026|27-JUN-2026|38.651|0|100000000028_1003_PURCH| |202547|CONSTRAINED|CONSTRAINED|CONSTRAINED_202547_2025-11-20_0656|BY_IF
100000000028|1003|822|822|01-JAN-1970|20-JUN-2026|20-JUN-2026|38.651|0|100000000028_1003_PURCH| |202547|CONSTRAINED|CONSTRAINED|CONSTRAINED_202547_2025-11-20_0656|BY_IF
100000000028|1003|821|821|01-JAN-1970|13-JUN-2026|13-JUN-2026|38.651|0|100000000028_1003_PURCH| |202547|CONSTRAINED|CONSTRAINED|CONSTRAINED_202547_2025-11-20_0656|BY_IF
100000000028|1003|820|820|01-JAN-1970|06-JUN-2026|06-JUN-2026|38.651|0|100000000028_1003_PURCH| |202547|CONSTRAINED|CONSTRAINED|CONSTRAINED_202547_2025-11-20_0656|BY_IF
100000000028|1003|819|819|01-JAN-1970|30-MAY-2026|30-MAY-2026|38.651|0|100000000028_1003_PURCH| |202547|CONSTRAINED|CONSTRAINED|CONSTRAINED_202547_2025-11-20_0656|BY_IF
100000000028|1003|818|818|01-JAN-1970|23-MAY-2026|23-MAY-2026|38.651|0|100000000028_1003_PURCH| |202547|CONSTRAINED|CONSTRAINED|CONSTRAINED_202547_2025-11-20_0656|BY_IF
100000000028|1003|817|817|01-JAN-1970|16-MAY-2026|16-MAY-2026|38.651|0|100000000028_1003_PURCH| |202547|CONSTRAINED|CONSTRAINED|CONSTRAINED_202547_2025-11-20_0656|BY_IF
100000000028|1003|816|816|01-JAN-1970|09-MAY-2026|09-MAY-2026|38.651|0|100000000028_1003_PURCH| |202547|CONSTRAINED|CONSTRAINED|CONSTRAINED_202547_2025-11-20_0656|BY_IF
100000000028|1003|815|815|01-JAN-1970|02-MAY-2026|02-MAY-2026|38.651|0|100000000028_1003_PURCH| |202547|CONSTRAINED|CONSTRAINED|CONSTRAINED_202547_2025-11-20_0656|BY_IF
100000000028|1003|814|814|01-JAN-1970|25-APR-2026|25-APR-2026|38.651|0|100000000028_1003_PURCH| |202547|CONSTRAINED|CONSTRAINED|CONSTRAINED_202547_2025-11-20_0656|BY_IF
100000000028|1003|813|813|01-JAN-1970|18-APR-2026|18-APR-2026|38.651|0|100000000028_1003_PURCH| |202547|CONSTRAINED|CONSTRAINED|CONSTRAINED_202547_2025-11-20_0656|BY_IF
100000000028|1003|812|812|01-JAN-1970|11-APR-2026|11-APR-2026|38.651|0|100000000028_1003_PURCH| |202547|CONSTRAINED|CONSTRAINED|CONSTRAINED_202547_2025-11-20_0656|BY_IF
100000000028|1003|811|811|01-JAN-1970|04-APR-2026|04-APR-2026|38.651|0|100000000028_1003_PURCH| |202547|CONSTRAINED|CONSTRAINED|CONSTRAINED_202547_2025-11-20_0656|BY_IF
100000000028|1003|810|810|01-JAN-1970|28-MAR-2026|28-MAR-2026|38.651|0|100000000028_1003_PURCH| |202547|CONSTRAINED|CONSTRAINED|CONSTRAINED_202547_2025-11-20_0656|BY_IF
100000000028|1003|809|809|01-JAN-1970|21-MAR-2026|21-MAR-2026|38.651|0|100000000028_1003_PURCH| |202547|CONSTRAINED|CONSTRAINED|CONSTRAINED_202547_2025-11-20_0656|BY_IF
100000000028|1003|808|808|01-JAN-1970|14-MAR-2026|14-MAR-2026|38.651|0|100000000028_1003_PURCH| |202547|CONSTRAINED|CONSTRAINED|CONSTRAINED_202547_2025-11-20_0656|BY_IF
100000000028|1003|807|807|01-JAN-1970|07-MAR-2026|07-MAR-2026|38.651|0|100000000028_1003_PURCH| |202547|CONSTRAINED|CONSTRAINED|CONSTRAINED_202547_2025-11-20_0656|BY_IF
100000000028|1003|806|806|01-JAN-1970|28-FEB-2026|28-FEB-2026|38.651|0|100000000028_1003_PURCH| |202547|CONSTRAINED|CONSTRAINED|CONSTRAINED_202547_2025-11-20_0656|BY_IF
100000000028|1003|805|805|01-JAN-1970|21-FEB-2026|21-FEB-2026|38.651|0|100000000028_1003_PURCH| |202547|CONSTRAINED|CONSTRAINED|CONSTRAINED_202547_2025-11-20_0656|BY_IF
100000000028|1003|804|804|01-JAN-1970|14-FEB-2026|14-FEB-2026|38.651|0|100000000028_1003_PURCH| |202547|CONSTRAINED|CONSTRAINED|CONSTRAINED_202547_2025-11-20_0656|BY_IF
100000000028|1003|803|803|01-JAN-1970|07-FEB-2026|07-FEB-2026|38.651|0|100000000028_1003_PURCH| |202547|CONSTRAINED|CONSTRAINED|CONSTRAINED_202547_2025-11-20_0656|BY_IF
100000000028|1003|802|802|01-JAN-1970|31-JAN-2026|31-JAN-2026|38.651|0|100000000028_1003_PURCH| |202547|CONSTRAINED|CONSTRAINED|CONSTRAINED_202547_2025-11-20_0656|BY_IF
100000000028|1003|801|801|01-JAN-1970|24-JAN-2026|24-JAN-2026|38.651|0|100000000028_1003_PURCH| |202547|CONSTRAINED|CONSTRAINED|CONSTRAINED_202547_2025-11-20_0656|BY_IF
100000000028|1003|800|800|01-JAN-1970|17-JAN-2026|17-JAN-2026|38.651|0|100000000028_1003_PURCH| |202547|CONSTRAINED|CONSTRAINED|CONSTRAINED_202547_2025-11-20_0656|BY_IF
100000000028|1003|799|799|01-JAN-1970|10-JAN-2026|10-JAN-2026|27.829|0|100000000028_1003_PURCH| |202547|CONSTRAINED|CONSTRAINED|CONSTRAINED_202547_2025-11-20_0656|BY_IF
100000000028|1003|798|798|01-JAN-1970|03-JAN-2026|03-JAN-2026|25.767|0|100000000028_1003_PURCH| |202547|CONSTRAINED|CONSTRAINED|CONSTRAINED_202547_2025-11-20_0656|BY_IF
100000000028|1003|797|797|01-JAN-1970|27-DEC-2025|27-DEC-2025|25.767|0|100000000028_1003_PURCH| |202547|CONSTRAINED|CONSTRAINED|CONSTRAINED_202547_2025-11-20_0656|BY_IF
100000000028|1003|796|796|01-JAN-1970|20-DEC-2025|20-DEC-2025|25.767|0|100000000028_1003_PURCH| |202547|CONSTRAINED|CONSTRAINED|CONSTRAINED_202547_2025-11-20_0656|BY_IF
100000000028|1003|795|795|01-JAN-1970|13-DEC-2025|13-DEC-2025|25.767|0|100000000028_1003_PURCH| |202547|CONSTRAINED|CONSTRAINED|CONSTRAINED_202547_2025-11-20_0656|BY_IF
100000000028|1003|794|794|01-JAN-1970|06-DEC-2025|06-DEC-2025|25.767|0|100000000028_1003_PURCH| |202547|CONSTRAINED|CONSTRAINED|CONSTRAINED_202547_2025-11-20_0656|BY_IF
100000000028|1003|793|793|01-JAN-1970|29-NOV-2025|29-NOV-2025|25.767|0|100000000028_1003_PURCH| |202547|CONSTRAINED|CONSTRAINED|CONSTRAINED_202547_2025-11-20_0656|BY_IF
100000000028|1003|792|792|01-JAN-1970|22-NOV-2025|22-NOV-2025|25.767|0|100000000028_1003_PURCH| |202547|CONSTRAINED|CONSTRAINED|CONSTRAINED_202547_2025-11-20_0656|BY_IF
100000000028|1003|791|791|01-JAN-1970|15-NOV-2025|15-NOV-2025|25.767|0|100000000028_1003_PURCH| |202547|CONSTRAINED|CONSTRAINED|CONSTRAINED_202547_2025-11-20_0656|BY_IF
100000000028|1003|790|790|01-JAN-1970|08-NOV-2025|08-NOV-2025|25.767|0|100000000028_1003_PURCH| |202547|CONSTRAINED|CONSTRAINED|CONSTRAINED_202547_2025-11-20_0656|BY_IF
100000000028|1003|789|789|01-JAN-1970|01-NOV-2025|01-NOV-2025|25.767|0|100000000028_1003_PURCH| |202547|CONSTRAINED|CONSTRAINED|CONSTRAINED_202547_2025-11-20_0656|BY_IF
100000000028|1003|788|788|01-JAN-1970|25-OCT-2025|25-OCT-2025|38.651|0|100000000028_1003_PURCH| |202547|CONSTRAINED|CONSTRAINED|CONSTRAINED_202547_2025-11-20_0656|BY_IF
100000000028|1003|787|787|01-JAN-1970|18-OCT-2025|18-OCT-2025|38.651|0|100000000028_1003_PURCH| |202547|CONSTRAINED|CONSTRAINED|CONSTRAINED_202547_2025-11-20_0656|BY_IF
100000000028|1003|786|786|01-JAN-1970|11-OCT-2025|11-OCT-2025|38.651|0|100000000028_1003_PURCH| |202547|CONSTRAINED|CONSTRAINED|CONSTRAINED_202547_2025-11-20_0656|BY_IF
100000000028|1003|785|785|01-JAN-1970|04-OCT-2025|04-OCT-2025|38.651|0|100000000028_1003_PURCH| |202547|CONSTRAINED|CONSTRAINED|CONSTRAINED_202547_2025-11-20_0656|BY_IF
100000000028|1003|784|784|01-JAN-1970|27-SEP-2025|27-SEP-2025|38.651|0|100000000028_1003_PURCH| |202547|CONSTRAINED|CONSTRAINED|CONSTRAINED_202547_2025-11-20_0656|BY_IF
100000000028|1003|783|783|01-JAN-1970|20-SEP-2025|20-SEP-2025|38.651|0|100000000028_1003_PURCH| |202547|CONSTRAINED|CONSTRAINED|CONSTRAINED_202547_2025-11-20_0656|BY_IF
100000000028|1003|782|782|01-JAN-1970|13-SEP-2025|13-SEP-2025|38.651|0|100000000028_1003_PURCH| |202547|CONSTRAINED|CONSTRAINED|CONSTRAINED_202547_2025-11-20_0656|BY_IF
100000000028|1003|781|781|01-JAN-1970|06-SEP-2025|06-SEP-2025|38.651|0|100000000028_1003_PURCH| |202547|CONSTRAINED|CONSTRAINED|CONSTRAINED_202547_2025-11-20_0656|BY_IF
100000000028|1003|780|780|01-JAN-1970|30-AUG-2025|30-AUG-2025|38.651|0|100000000028_1003_PURCH| |202547|CONSTRAINED|CONSTRAINED|CONSTRAINED_202547_2025-11-20_0656|BY_IF
100000000028|1003|779|779|01-JAN-1970|23-AUG-2025|23-AUG-2025|38.651|0|100000000028_1003_PURCH| |202547|CONSTRAINED|CONSTRAINED|CONSTRAINED_202547_2025-11-20_0656|BY_IF
100000000028|1003|778|778|01-JAN-1970|16-AUG-2025|16-AUG-2025|38.651|0|100000000028_1003_PURCH| |202547|CONSTRAINED|CONSTRAINED|CONSTRAINED_202547_2025-11-20_0656|BY_IF
100000000028|1003|777|777|01-JAN-1970|09-AUG-2025|09-AUG-2025|38.651|0|100000000028_1003_PURCH| |202547|CONSTRAINED|CONSTRAINED|CONSTRAINED_202547_2025-11-20_0656|BY_IF
100000000028|1003|776|776|01-JAN-1970|02-AUG-2025|02-AUG-2025|38.651|0|100000000028_1003_PURCH| |202547|CONSTRAINED|CONSTRAINED|CONSTRAINED_202547_2025-11-20_0656|BY_IF
100000000028|1006|1683|1683|01-JAN-1970|26-SEP-2026|26-SEP-2026|41.382|0|100000000028_1006_PURCH| |202547|CONSTRAINED|CONSTRAINED|CONSTRAINED_202547_2025-11-20_0656|BY_IF
100000000028|1006|1682|1682|01-JAN-1970|19-SEP-2026|19-SEP-2026|41.382|0|100000000028_1006_PURCH| |202547|CONSTRAINED|CONSTRAINED|CONSTRAINED_202547_2025-11-20_0656|BY_IF
100000000028|1006|1681|1681|01-JAN-1970|12-SEP-2026|12-SEP-2026|41.382|0|100000000028_1006_PURCH| |202547|CONSTRAINED|CONSTRAINED|CONSTRAINED_202547_2025-11-20_0656|BY_IF
100000000028|1006|1680|1680|01-JAN-1970|05-SEP-2026|05-SEP-2026|41.382|0|100000000028_1006_PURCH| |202547|CONSTRAINED|CONSTRAINED|CONSTRAINED_202547_2025-11-20_0656|BY_IF
100000000028|1006|1679|1679|01-JAN-1970|29-AUG-2026|29-AUG-2026|41.382|0|100000000028_1006_PURCH| |202547|CONSTRAINED|CONSTRAINED|CONSTRAINED_202547_2025-11-20_0656|BY_IF
100000000028|1006|1678|1678|01-JAN-1970|22-AUG-2026|22-AUG-2026|41.382|0|100000000028_1006_PURCH| |202547|CONSTRAINED|CONSTRAINED|CONSTRAINED_202547_2025-11-20_0656|BY_IF
100000000028|1006|1677|1677|01-JAN-1970|15-AUG-2026|15-AUG-2026|41.382|0|100000000028_1006_PURCH| |202547|CONSTRAINED|CONSTRAINED|CONSTRAINED_202547_2025-11-20_0656|BY_IF
100000000028|1006|1676|1676|01-JAN-1970|08-AUG-2026|08-AUG-2026|41.382|0|100000000028_1006_PURCH| |202547|CONSTRAINED|CONSTRAINED|CONSTRAINED_202547_2025-11-20_0656|BY_IF
100000000028|1006|1675|1675|01-JAN-1970|01-AUG-2026|01-AUG-2026|41.382|0|100000000028_1006_PURCH| |202547|CONSTRAINED|CONSTRAINED|CONSTRAINED_202547_2025-11-20_0656|BY_IF
100000000028|1006|1674|1674|01-JAN-1970|25-JUL-2026|25-JUL-2026|41.382|0|100000000028_1006_PURCH| |202547|CONSTRAINED|CONSTRAINED|CONSTRAINED_202547_2025-11-20_0656|BY_IF
100000000028|1006|1673|1673|01-JAN-1970|18-JUL-2026|18-JUL-2026|41.382|0|100000000028_1006_PURCH| |202547|CONSTRAINED|CONSTRAINED|CONSTRAINED_202547_2025-11-20_0656|BY_IF
100000000028|1006|1672|1672|01-JAN-1970|11-JUL-2026|11-JUL-2026|41.382|0|100000000028_1006_PURCH| |202547|CONSTRAINED|CONSTRAINED|CONSTRAINED_202547_2025-11-20_0656|BY_IF
100000000028|1006|1671|1671|01-JAN-1970|04-JUL-2026|04-JUL-2026|41.382|0|100000000028_1006_PURCH| |202547|CONSTRAINED|CONSTRAINED|CONSTRAINED_202547_2025-11-20_0656|BY_IF
100000000028|1006|1670|1670|01-JAN-1970|27-JUN-2026|27-JUN-2026|41.382|0|100000000028_1006_PURCH| |202547|CONSTRAINED|CONSTRAINED|CONSTRAINED_202547_2025-11-20_0656|BY_IF
100000000028|1006|1669|1669|01-JAN-1970|20-JUN-2026|20-JUN-2026|41.382|0|100000000028_1006_PURCH| |202547|CONSTRAINED|CONSTRAINED|CONSTRAINED_202547_2025-11-20_0656|BY_IF
100000000028|1006|1668|1668|01-JAN-1970|13-JUN-2026|13-JUN-2026|41.382|0|100000000028_1006_PURCH| |202547|CONSTRAINED|CONSTRAINED|CONSTRAINED_202547_2025-11-20_0656|BY_IF
100000000028|1006|1667|1667|01-JAN-1970|06-JUN-2026|06-JUN-2026|41.382|0|100000000028_1006_PURCH| |202547|CONSTRAINED|CONSTRAINED|CONSTRAINED_202547_2025-11-20_0656|BY_IF
100000000028|1006|1666|1666|01-JAN-1970|30-MAY-2026|30-MAY-2026|41.382|0|100000000028_1006_PURCH| |202547|CONSTRAINED|CONSTRAINED|CONSTRAINED_202547_2025-11-20_0656|BY_IF
100000000028|1006|1665|1665|01-JAN-1970|23-MAY-2026|23-MAY-2026|41.382|0|100000000028_1006_PURCH| |202547|CONSTRAINED|CONSTRAINED|CONSTRAINED_202547_2025-11-20_0656|BY_IF
100000000028|1006|1664|1664|01-JAN-1970|16-MAY-2026|16-MAY-2026|41.382|0|100000000028_1006_PURCH| |202547|CONSTRAINED|CONSTRAINED|CONSTRAINED_202547_2025-11-20_0656|BY_IF
100000000028|1006|1663|1663|01-JAN-1970|09-MAY-2026|09-MAY-2026|41.382|0|100000000028_1006_PURCH| |202547|CONSTRAINED|CONSTRAINED|CONSTRAINED_202547_2025-11-20_0656|BY_IF
100000000028|1006|1662|1662|01-JAN-1970|02-MAY-2026|02-MAY-2026|41.382|0|100000000028_1006_PURCH| |202547|CONSTRAINED|CONSTRAINED|CONSTRAINED_202547_2025-11-20_0656|BY_IF
100000000028|1006|1661|1661|01-JAN-1970|25-APR-2026|25-APR-2026|41.382|0|100000000028_1006_PURCH| |202547|CONSTRAINED|CONSTRAINED|CONSTRAINED_202547_2025-11-20_0656|BY_IF
100000000028|1006|1660|1660|01-JAN-1970|18-APR-2026|18-APR-2026|41.382|0|100000000028_1006_PURCH| |202547|CONSTRAINED|CONSTRAINED|CONSTRAINED_202547_2025-11-20_0656|BY_IF
100000000028|1006|1659|1659|01-JAN-1970|11-APR-2026|11-APR-2026|41.382|0|100000000028_1006_PURCH| |202547|CONSTRAINED|CONSTRAINED|CONSTRAINED_202547_2025-11-20_0656|BY_IF
100000000028|1006|1658|1658|01-JAN-1970|04-APR-2026|04-APR-2026|41.382|0|100000000028_1006_PURCH| |202547|CONSTRAINED|CONSTRAINED|CONSTRAINED_202547_2025-11-20_0656|BY_IF
100000000028|1006|1657|1657|01-JAN-1970|28-MAR-2026|28-MAR-2026|41.382|0|100000000028_1006_PURCH| |202547|CONSTRAINED|CONSTRAINED|CONSTRAINED_202547_2025-11-20_0656|BY_IF
100000000028|1006|1656|1656|01-JAN-1970|21-MAR-2026|21-MAR-2026|41.382|0|100000000028_1006_PURCH| |202547|CONSTRAINED|CONSTRAINED|CONSTRAINED_202547_2025-11-20_0656|BY_IF
100000000028|1006|1655|1655|01-JAN-1970|14-MAR-2026|14-MAR-2026|41.382|0|100000000028_1006_PURCH| |202547|CONSTRAINED|CONSTRAINED|CONSTRAINED_202547_2025-11-20_0656|BY_IF
100000000028|1006|1654|1654|01-JAN-1970|07-MAR-2026|07-MAR-2026|41.382|0|100000000028_1006_PURCH| |202547|CONSTRAINED|CONSTRAINED|CONSTRAINED_202547_2025-11-20_0656|BY_IF
100000000028|1006|1653|1653|01-JAN-1970|28-FEB-2026|28-FEB-2026|41.382|0|100000000028_1006_PURCH| |202547|CONSTRAINED|CONSTRAINED|CONSTRAINED_202547_2025-11-20_0656|BY_IF
100000000028|1006|1652|1652|01-JAN-1970|21-FEB-2026|21-FEB-2026|41.382|0|100000000028_1006_PURCH| |202547|CONSTRAINED|CONSTRAINED|CONSTRAINED_202547_2025-11-20_0656|BY_IF
100000000028|1006|1651|1651|01-JAN-1970|14-FEB-2026|14-FEB-2026|41.382|0|100000000028_1006_PURCH| |202547|CONSTRAINED|CONSTRAINED|CONSTRAINED_202547_2025-11-20_0656|BY_IF
100000000028|1006|1650|1650|01-JAN-1970|07-FEB-2026|07-FEB-2026|41.382|0|100000000028_1006_PURCH| |202547|CONSTRAINED|CONSTRAINED|CONSTRAINED_202547_2025-11-20_0656|BY_IF
100000000028|1006|1649|1649|01-JAN-1970|31-JAN-2026|31-JAN-2026|41.382|0|100000000028_1006_PURCH| |202547|CONSTRAINED|CONSTRAINED|CONSTRAINED_202547_2025-11-20_0656|BY_IF
100000000028|1006|1648|1648|01-JAN-1970|24-JAN-2026|24-JAN-2026|41.382|0|100000000028_1006_PURCH| |202547|CONSTRAINED|CONSTRAINED|CONSTRAINED_202547_2025-11-20_0656|BY_IF
100000000028|1006|1647|1647|01-JAN-1970|17-JAN-2026|17-JAN-2026|32.554|0|100000000028_1006_PURCH| |202547|CONSTRAINED|CONSTRAINED|CONSTRAINED_202547_2025-11-20_0656|BY_IF
100000000028|1006|1646|1646|01-JAN-1970|10-JAN-2026|10-JAN-2026|27.588|0|100000000028_1006_PURCH| |202547|CONSTRAINED|CONSTRAINED|CONSTRAINED_202547_2025-11-20_0656|BY_IF
100000000028|1006|1645|1645|01-JAN-1970|03-JAN-2026|03-JAN-2026|27.588|0|100000000028_1006_PURCH| |202547|CONSTRAINED|CONSTRAINED|CONSTRAINED_202547_2025-11-20_0656|BY_IF
100000000028|1006|1644|1644|01-JAN-1970|27-DEC-2025|27-DEC-2025|27.588|0|100000000028_1006_PURCH| |202547|CONSTRAINED|CONSTRAINED|CONSTRAINED_202547_2025-11-20_0656|BY_IF
100000000028|1006|1643|1643|01-JAN-1970|20-DEC-2025|20-DEC-2025|27.588|0|100000000028_1006_PURCH| |202547|CONSTRAINED|CONSTRAINED|CONSTRAINED_202547_2025-11-20_0656|BY_IF
100000000028|1006|1642|1642|01-JAN-1970|13-DEC-2025|13-DEC-2025|27.588|0|100000000028_1006_PURCH| |202547|CONSTRAINED|CONSTRAINED|CONSTRAINED_202547_2025-11-20_0656|BY_IF
100000000028|1006|1641|1641|01-JAN-1970|06-DEC-2025|06-DEC-2025|27.588|0|100000000028_1006_PURCH| |202547|CONSTRAINED|CONSTRAINED|CONSTRAINED_202547_2025-11-20_0656|BY_IF
100000000028|1006|1640|1640|01-JAN-1970|29-NOV-2025|29-NOV-2025|27.588|0|100000000028_1006_PURCH| |202547|CONSTRAINED|CONSTRAINED|CONSTRAINED_202547_2025-11-20_0656|BY_IF
100000000028|1006|1639|1639|01-JAN-1970|22-NOV-2025|22-NOV-2025|27.588|0|100000000028_1006_PURCH| |202547|CONSTRAINED|CONSTRAINED|CONSTRAINED_202547_2025-11-20_0656|BY_IF
100000000028|1006|1638|1638|01-JAN-1970|15-NOV-2025|15-NOV-2025|27.588|0|100000000028_1006_PURCH| |202547|CONSTRAINED|CONSTRAINED|CONSTRAINED_202547_2025-11-20_0656|BY_IF
100000000028|1006|1637|1637|01-JAN-1970|08-NOV-2025|08-NOV-2025|27.588|0|100000000028_1006_PURCH| |202547|CONSTRAINED|CONSTRAINED|CONSTRAINED_202547_2025-11-20_0656|BY_IF
100000000028|1006|1636|1636|01-JAN-1970|01-NOV-2025|01-NOV-2025|27.588|0|100000000028_1006_PURCH| |202547|CONSTRAINED|CONSTRAINED|CONSTRAINED_202547_2025-11-20_0656|BY_IF
100000000028|1006|1635|1635|01-JAN-1970|25-OCT-2025|25-OCT-2025|27.588|0|100000000028_1006_PURCH| |202547|CONSTRAINED|CONSTRAINED|CONSTRAINED_202547_2025-11-20_0656|BY_IF
100000000028|1006|1634|1634|01-JAN-1970|18-OCT-2025|18-OCT-2025|27.588|0|100000000028_1006_PURCH| |202547|CONSTRAINED|CONSTRAINED|CONSTRAINED_202547_2025-11-20_0656|BY_IF
100000000028|1006|1633|1633|01-JAN-1970|11-OCT-2025|11-OCT-2025|27.588|0|100000000028_1006_PURCH| |202547|CONSTRAINED|CONSTRAINED|CONSTRAINED_202547_2025-11-20_0656|BY_IF
100000000028|1006|1632|1632|01-JAN-1970|04-OCT-2025|04-OCT-2025|27.588|0|100000000028_1006_PURCH| |202547|CONSTRAINED|CONSTRAINED|CONSTRAINED_202547_2025-11-20_0656|BY_IF
100000000028|1006|1631|1631|01-JAN-1970|27-SEP-2025|27-SEP-2025|35.312|0|100000000028_1006_PURCH| |202547|CONSTRAINED|CONSTRAINED|CONSTRAINED_202547_2025-11-20_0656|BY_IF
100000000028|1006|1630|1630|01-JAN-1970|20-SEP-2025|20-SEP-2025|41.382|0|100000000028_1006_PURCH| |202547|CONSTRAINED|CONSTRAINED|CONSTRAINED_202547_2025-11-20_0656|BY_IF
100000000028|1006|1629|1629|01-JAN-1970|13-SEP-2025|13-SEP-2025|41.382|0|100000000028_1006_PURCH| |202547|CONSTRAINED|CONSTRAINED|CONSTRAINED_202547_2025-11-20_0656|BY_IF
100000000028|1006|1628|1628|01-JAN-1970|06-SEP-2025|06-SEP-2025|41.382|0|100000000028_1006_PURCH| |202547|CONSTRAINED|CONSTRAINED|CONSTRAINED_202547_2025-11-20_0656|BY_IF
100000000028|1006|1627|1627|01-JAN-1970|30-AUG-2025|30-AUG-2025|41.382|0|100000000028_1006_PURCH| |202547|CONSTRAINED|CONSTRAINED|CONSTRAINED_202547_2025-11-20_0656|BY_IF
100000000028|1006|1626|1626|01-JAN-1970|23-AUG-2025|23-AUG-2025|41.382|0|100000000028_1006_PURCH| |202547|CONSTRAINED|CONSTRAINED|CONSTRAINED_202547_2025-11-20_0656|BY_IF
100000000028|1006|1625|1625|01-JAN-1970|16-AUG-2025|16-AUG-2025|41.382|0|100000000028_1006_PURCH| |202547|CONSTRAINED|CONSTRAINED|CONSTRAINED_202547_2025-11-20_0656|BY_IF
100000000028|1006|1624|1624|01-JAN-1970|09-AUG-2025|09-AUG-2025|41.382|0|100000000028_1006_PURCH| |202547|CONSTRAINED|CONSTRAINED|CONSTRAINED_202547_2025-11-20_0656|BY_IF
100000000028|1006|1623|1623|01-JAN-1970|02-AUG-2025|02-AUG-2025|41.382|0|100000000028_1006_PURCH| |202547|CONSTRAINED|CONSTRAINED|CONSTRAINED_202547_2025-11-20_0656|BY_IF
100000000028|1006|1724|1724|01-JAN-1970|10-JUL-2027|10-JUL-2027|41.382|0|100000000028_1006_PURCH| |202547|CONSTRAINED|CONSTRAINED|CONSTRAINED_202547_2025-11-20_0656|BY_IF
100000000028|1006|1723|1723|01-JAN-1970|03-JUL-2027|03-JUL-2027|41.382|0|100000000028_1006_PURCH| |202547|CONSTRAINED|CONSTRAINED|CONSTRAINED_202547_2025-11-20_0656|BY_IF
100000000028|1006|1722|1722|01-JAN-1970|26-JUN-2027|26-JUN-2027|41.382|0|100000000028_1006_PURCH| |202547|CONSTRAINED|CONSTRAINED|CONSTRAINED_202547_2025-11-20_0656|BY_IF
100000000028|1006|1721|1721|01-JAN-1970|19-JUN-2027|19-JUN-2027|41.382|0|100000000028_1006_PURCH| |202547|CONSTRAINED|CONSTRAINED|CONSTRAINED_202547_2025-11-20_0656|BY_IF
100000000028|1006|1720|1720|01-JAN-1970|12-JUN-2027|12-JUN-2027|41.382|0|100000000028_1006_PURCH| |202547|CONSTRAINED|CONSTRAINED|CONSTRAINED_202547_2025-11-20_0656|BY_IF
100000000028|1006|1719|1719|01-JAN-1970|05-JUN-2027|05-JUN-2027|41.382|0|100000000028_1006_PURCH| |202547|CONSTRAINED|CONSTRAINED|CONSTRAINED_202547_2025-11-20_0656|BY_IF
100000000028|1006|1718|1718|01-JAN-1970|29-MAY-2027|29-MAY-2027|41.382|0|100000000028_1006_PURCH| |202547|CONSTRAINED|CONSTRAINED|CONSTRAINED_202547_2025-11-20_0656|BY_IF
100000000028|1006|1717|1717|01-JAN-1970|22-MAY-2027|22-MAY-2027|41.382|0|100000000028_1006_PURCH| |202547|CONSTRAINED|CONSTRAINED|CONSTRAINED_202547_2025-11-20_0656|BY_IF
100000000028|1006|1716|1716|01-JAN-1970|15-MAY-2027|15-MAY-2027|41.382|0|100000000028_1006_PURCH| |202547|CONSTRAINED|CONSTRAINED|CONSTRAINED_202547_2025-11-20_0656|BY_IF
100000000028|1006|1715|1715|01-JAN-1970|08-MAY-2027|08-MAY-2027|41.382|0|100000000028_1006_PURCH| |202547|CONSTRAINED|CONSTRAINED|CONSTRAINED_202547_2025-11-20_0656|BY_IF
100000000028|1006|1714|1714|01-JAN-1970|01-MAY-2027|01-MAY-2027|41.382|0|100000000028_1006_PURCH| |202547|CONSTRAINED|CONSTRAINED|CONSTRAINED_202547_2025-11-20_0656|BY_IF
100000000028|1006|1713|1713|01-JAN-1970|24-APR-2027|24-APR-2027|41.382|0|100000000028_1006_PURCH| |202547|CONSTRAINED|CONSTRAINED|CONSTRAINED_202547_2025-11-20_0656|BY_IF
100000000028|1006|1712|1712|01-JAN-1970|17-APR-2027|17-APR-2027|41.382|0|100000000028_1006_PURCH| |202547|CONSTRAINED|CONSTRAINED|CONSTRAINED_202547_2025-11-20_0656|BY_IF
100000000028|1006|1711|1711|01-JAN-1970|10-APR-2027|10-APR-2027|41.382|0|100000000028_1006_PURCH| |202547|CONSTRAINED|CONSTRAINED|CONSTRAINED_202547_2025-11-20_0656|BY_IF
100000000028|1006|1710|1710|01-JAN-1970|03-APR-2027|03-APR-2027|41.382|0|100000000028_1006_PURCH| |202547|CONSTRAINED|CONSTRAINED|CONSTRAINED_202547_2025-11-20_0656|BY_IF
100000000028|1006|1709|1709|01-JAN-1970|27-MAR-2027|27-MAR-2027|41.382|0|100000000028_1006_PURCH| |202547|CONSTRAINED|CONSTRAINED|CONSTRAINED_202547_2025-11-20_0656|BY_IF
100000000028|1006|1708|1708|01-JAN-1970|20-MAR-2027|20-MAR-2027|41.382|0|100000000028_1006_PURCH| |202547|CONSTRAINED|CONSTRAINED|CONSTRAINED_202547_2025-11-20_0656|BY_IF
100000000028|1006|1707|1707|01-JAN-1970|13-MAR-2027|13-MAR-2027|41.382|0|100000000028_1006_PURCH| |202547|CONSTRAINED|CONSTRAINED|CONSTRAINED_202547_2025-11-20_0656|BY_IF
100000000028|1006|1706|1706|01-JAN-1970|06-MAR-2027|06-MAR-2027|41.382|0|100000000028_1006_PURCH| |202547|CONSTRAINED|CONSTRAINED|CONSTRAINED_202547_2025-11-20_0656|BY_IF
100000000028|1006|1705|1705|01-JAN-1970|27-FEB-2027|27-FEB-2027|41.382|0|100000000028_1006_PURCH| |202547|CONSTRAINED|CONSTRAINED|CONSTRAINED_202547_2025-11-20_0656|BY_IF
100000000028|1006|1704|1704|01-JAN-1970|20-FEB-2027|20-FEB-2027|41.382|0|100000000028_1006_PURCH| |202547|CONSTRAINED|CONSTRAINED|CONSTRAINED_202547_2025-11-20_0656|BY_IF
100000000028|1006|1703|1703|01-JAN-1970|13-FEB-2027|13-FEB-2027|41.382|0|100000000028_1006_PURCH| |202547|CONSTRAINED|CONSTRAINED|CONSTRAINED_202547_2025-11-20_0656|BY_IF
100000000028|1006|1702|1702|01-JAN-1970|06-FEB-2027|06-FEB-2027|41.382|0|100000000028_1006_PURCH| |202547|CONSTRAINED|CONSTRAINED|CONSTRAINED_202547_2025-11-20_0656|BY_IF
100000000028|1006|1701|1701|01-JAN-1970|30-JAN-2027|30-JAN-2027|41.382|0|100000000028_1006_PURCH| |202547|CONSTRAINED|CONSTRAINED|CONSTRAINED_202547_2025-11-20_0656|BY_IF
100000000028|1006|1700|1700|01-JAN-1970|23-JAN-2027|23-JAN-2027|41.382|0|100000000028_1006_PURCH| |202547|CONSTRAINED|CONSTRAINED|CONSTRAINED_202547_2025-11-20_0656|BY_IF
100000000028|1006|1699|1699|01-JAN-1970|16-JAN-2027|16-JAN-2027|41.382|0|100000000028_1006_PURCH| |202547|CONSTRAINED|CONSTRAINED|CONSTRAINED_202547_2025-11-20_0656|BY_IF
100000000028|1006|1698|1698|01-JAN-1970|09-JAN-2027|09-JAN-2027|41.382|0|100000000028_1006_PURCH| |202547|CONSTRAINED|CONSTRAINED|CONSTRAINED_202547_2025-11-20_0656|BY_IF
100000000028|1006|1697|1697|01-JAN-1970|02-JAN-2027|02-JAN-2027|41.382|0|100000000028_1006_PURCH| |202547|CONSTRAINED|CONSTRAINED|CONSTRAINED_202547_2025-11-20_0656|BY_IF
100000000028|1006|1696|1696|01-JAN-1970|26-DEC-2026|26-DEC-2026|41.382|0|100000000028_1006_PURCH| |202547|CONSTRAINED|CONSTRAINED|CONSTRAINED_202547_2025-11-20_0656|BY_IF
100000000028|1006|1695|1695|01-JAN-1970|19-DEC-2026|19-DEC-2026|41.382|0|100000000028_1006_PURCH| |202547|CONSTRAINED|CONSTRAINED|CONSTRAINED_202547_2025-11-20_0656|BY_IF
100000000028|1006|1694|1694|01-JAN-1970|12-DEC-2026|12-DEC-2026|41.382|0|100000000028_1006_PURCH| |202547|CONSTRAINED|CONSTRAINED|CONSTRAINED_202547_2025-11-20_0656|BY_IF
100000000028|1006|1693|1693|01-JAN-1970|05-DEC-2026|05-DEC-2026|41.382|0|100000000028_1006_PURCH| |202547|CONSTRAINED|CONSTRAINED|CONSTRAINED_202547_2025-11-20_0656|BY_IF
100000000028|1006|1692|1692|01-JAN-1970|28-NOV-2026|28-NOV-2026|41.382|0|100000000028_1006_PURCH| |202547|CONSTRAINED|CONSTRAINED|CONSTRAINED_202547_2025-11-20_0656|BY_IF
100000000028|1006|1691|1691|01-JAN-1970|21-NOV-2026|21-NOV-2026|41.382|0|100000000028_1006_PURCH| |202547|CONSTRAINED|CONSTRAINED|CONSTRAINED_202547_2025-11-20_0656|BY_IF
100000000028|1006|1690|1690|01-JAN-1970|14-NOV-2026|14-NOV-2026|41.382|0|100000000028_1006_PURCH| |202547|CONSTRAINED|CONSTRAINED|CONSTRAINED_202547_2025-11-20_0656|BY_IF
100000000028|1006|1689|1689|01-JAN-1970|07-NOV-2026|07-NOV-2026|41.382|0|100000000028_1006_PURCH| |202547|CONSTRAINED|CONSTRAINED|CONSTRAINED_202547_2025-11-20_0656|BY_IF
100000000028|1006|1688|1688|01-JAN-1970|31-OCT-2026|31-OCT-2026|41.382|0|100000000028_1006_PURCH| |202547|CONSTRAINED|CONSTRAINED|CONSTRAINED_202547_2025-11-20_0656|BY_IF
100000000028|1006|1687|1687|01-JAN-1970|24-OCT-2026|24-OCT-2026|41.382|0|100000000028_1006_PURCH| |202547|CONSTRAINED|CONSTRAINED|CONSTRAINED_202547_2025-11-20_0656|BY_IF
100000000028|1006|1686|1686|01-JAN-1970|17-OCT-2026|17-OCT-2026|41.382|0|100000000028_1006_PURCH| |202547|CONSTRAINED|CONSTRAINED|CONSTRAINED_202547_2025-11-20_0656|BY_IF
100000000028|1006|1685|1685|01-JAN-1970|10-OCT-2026|10-OCT-2026|41.382|0|100000000028_1006_PURCH| |202547|CONSTRAINED|CONSTRAINED|CONSTRAINED_202547_2025-11-20_0656|BY_IF
100000000028|1006|1684|1684|01-JAN-1970|03-OCT-2026|03-OCT-2026|41.382|0|100000000028_1006_PURCH| |202547|CONSTRAINED|CONSTRAINED|CONSTRAINED_202547_2025-11-20_0656|BY_IF
100000000029|1003|1192|1192|01-JAN-1970|10-JUL-2027|10-JUL-2027|38.651|0|100000000029_1003_PURCH| |202547|CONSTRAINED|CONSTRAINED|CONSTRAINED_202547_2025-11-20_0656|BY_IF
100000000029|1003|1191|1191|01-JAN-1970|03-JUL-2027|03-JUL-2027|38.651|0|100000000029_1003_PURCH| |202547|CONSTRAINED|CONSTRAINED|CONSTRAINED_202547_2025-11-20_0656|BY_IF
100000000029|1003|1190|1190|01-JAN-1970|26-JUN-2027|26-JUN-2027|38.651|0|100000000029_1003_PURCH| |202547|CONSTRAINED|CONSTRAINED|CONSTRAINED_202547_2025-11-20_0656|BY_IF
100000000029|1003|1189|1189|01-JAN-1970|19-JUN-2027|19-JUN-2027|38.651|0|100000000029_1003_PURCH| |202547|CONSTRAINED|CONSTRAINED|CONSTRAINED_202547_2025-11-20_0656|BY_IF
100000000029|1003|1188|1188|01-JAN-1970|12-JUN-2027|12-JUN-2027|38.651|0|100000000029_1003_PURCH| |202547|CONSTRAINED|CONSTRAINED|CONSTRAINED_202547_2025-11-20_0656|BY_IF
100000000029|1003|1187|1187|01-JAN-1970|05-JUN-2027|05-JUN-2027|38.651|0|100000000029_1003_PURCH| |202547|CONSTRAINED|CONSTRAINED|CONSTRAINED_202547_2025-11-20_0656|BY_IF
100000000029|1003|1186|1186|01-JAN-1970|29-MAY-2027|29-MAY-2027|38.651|0|100000000029_1003_PURCH| |202547|CONSTRAINED|CONSTRAINED|CONSTRAINED_202547_2025-11-20_0656|BY_IF
100000000029|1003|1185|1185|01-JAN-1970|22-MAY-2027|22-MAY-2027|38.651|0|100000000029_1003_PURCH| |202547|CONSTRAINED|CONSTRAINED|CONSTRAINED_202547_2025-11-20_0656|BY_IF
100000000029|1003|1184|1184|01-JAN-1970|15-MAY-2027|15-MAY-2027|38.651|0|100000000029_1003_PURCH| |202547|CONSTRAINED|CONSTRAINED|CONSTRAINED_202547_2025-11-20_0656|BY_IF
100000000029|1003|1183|1183|01-JAN-1970|08-MAY-2027|08-MAY-2027|38.651|0|100000000029_1003_PURCH| |202547|CONSTRAINED|CONSTRAINED|CONSTRAINED_202547_2025-11-20_0656|BY_IF
100000000029|1003|1182|1182|01-JAN-1970|01-MAY-2027|01-MAY-2027|38.651|0|100000000029_1003_PURCH| |202547|CONSTRAINED|CONSTRAINED|CONSTRAINED_202547_2025-11-20_0656|BY_IF
100000000029|1003|1181|1181|01-JAN-1970|24-APR-2027|24-APR-2027|38.651|0|100000000029_1003_PURCH| |202547|CONSTRAINED|CONSTRAINED|CONSTRAINED_202547_2025-11-20_0656|BY_IF
100000000029|1003|1180|1180|01-JAN-1970|17-APR-2027|17-APR-2027|38.651|0|100000000029_1003_PURCH| |202547|CONSTRAINED|CONSTRAINED|CONSTRAINED_202547_2025-11-20_0656|BY_IF
100000000029|1003|1179|1179|01-JAN-1970|10-APR-2027|10-APR-2027|38.651|0|100000000029_1003_PURCH| |202547|CONSTRAINED|CONSTRAINED|CONSTRAINED_202547_2025-11-20_0656|BY_IF
100000000029|1003|1178|1178|01-JAN-1970|03-APR-2027|03-APR-2027|38.651|0|100000000029_1003_PURCH| |202547|CONSTRAINED|CONSTRAINED|CONSTRAINED_202547_2025-11-20_0656|BY_IF
100000000029|1003|1177|1177|01-JAN-1970|27-MAR-2027|27-MAR-2027|38.651|0|100000000029_1003_PURCH| |202547|CONSTRAINED|CONSTRAINED|CONSTRAINED_202547_2025-11-20_0656|BY_IF
100000000029|1003|1176|1176|01-JAN-1970|20-MAR-2027|20-MAR-2027|38.651|0|100000000029_1003_PURCH| |202547|CONSTRAINED|CONSTRAINED|CONSTRAINED_202547_2025-11-20_0656|BY_IF
100000000029|1003|1175|1175|01-JAN-1970|13-MAR-2027|13-MAR-2027|38.651|0|100000000029_1003_PURCH| |202547|CONSTRAINED|CONSTRAINED|CONSTRAINED_202547_2025-11-20_0656|BY_IF
100000000029|1003|1174|1174|01-JAN-1970|06-MAR-2027|06-MAR-2027|38.651|0|100000000029_1003_PURCH| |202547|CONSTRAINED|CONSTRAINED|CONSTRAINED_202547_2025-11-20_0656|BY_IF
100000000029|1003|1173|1173|01-JAN-1970|27-FEB-2027|27-FEB-2027|38.651|0|100000000029_1003_PURCH| |202547|CONSTRAINED|CONSTRAINED|CONSTRAINED_202547_2025-11-20_0656|BY_IF
100000000029|1003|1172|1172|01-JAN-1970|20-FEB-2027|20-FEB-2027|38.651|0|100000000029_1003_PURCH| |202547|CONSTRAINED|CONSTRAINED|CONSTRAINED_202547_2025-11-20_0656|BY_IF
100000000029|1003|1171|1171|01-JAN-1970|13-FEB-2027|13-FEB-2027|38.651|0|100000000029_1003_PURCH| |202547|CONSTRAINED|CONSTRAINED|CONSTRAINED_202547_2025-11-20_0656|BY_IF
100000000029|1003|1170|1170|01-JAN-1970|06-FEB-2027|06-FEB-2027|38.651|0|100000000029_1003_PURCH| |202547|CONSTRAINED|CONSTRAINED|CONSTRAINED_202547_2025-11-20_0656|BY_IF
100000000029|1003|1169|1169|01-JAN-1970|30-JAN-2027|30-JAN-2027|38.651|0|100000000029_1003_PURCH| |202547|CONSTRAINED|CONSTRAINED|CONSTRAINED_202547_2025-11-20_0656|BY_IF
100000000029|1003|1168|1168|01-JAN-1970|23-JAN-2027|23-JAN-2027|38.651|0|100000000029_1003_PURCH| |202547|CONSTRAINED|CONSTRAINED|CONSTRAINED_202547_2025-11-20_0656|BY_IF
100000000029|1003|1167|1167|01-JAN-1970|16-JAN-2027|16-JAN-2027|38.651|0|100000000029_1003_PURCH| |202547|CONSTRAINED|CONSTRAINED|CONSTRAINED_202547_2025-11-20_0656|BY_IF
100000000029|1003|1166|1166|01-JAN-1970|09-JAN-2027|09-JAN-2027|38.651|0|100000000029_1003_PURCH| |202547|CONSTRAINED|CONSTRAINED|CONSTRAINED_202547_2025-11-20_0656|BY_IF
100000000029|1003|1165|1165|01-JAN-1970|02-JAN-2027|02-JAN-2027|38.651|0|100000000029_1003_PURCH| |202547|CONSTRAINED|CONSTRAINED|CONSTRAINED_202547_2025-11-20_0656|BY_IF
100000000029|1003|1164|1164|01-JAN-1970|26-DEC-2026|26-DEC-2026|38.651|0|100000000029_1003_PURCH| |202547|CONSTRAINED|CONSTRAINED|CONSTRAINED_202547_2025-11-20_0656|BY_IF
100000000029|1003|1163|1163|01-JAN-1970|19-DEC-2026|19-DEC-2026|38.651|0|100000000029_1003_PURCH| |202547|CONSTRAINED|CONSTRAINED|CONSTRAINED_202547_2025-11-20_0656|BY_IF
100000000029|1003|1162|1162|01-JAN-1970|12-DEC-2026|12-DEC-2026|38.651|0|100000000029_1003_PURCH| |202547|CONSTRAINED|CONSTRAINED|CONSTRAINED_202547_2025-11-20_0656|BY_IF
100000000029|1003|1161|1161|01-JAN-1970|05-DEC-2026|05-DEC-2026|38.651|0|100000000029_1003_PURCH| |202547|CONSTRAINED|CONSTRAINED|CONSTRAINED_202547_2025-11-20_0656|BY_IF
100000000029|1003|1160|1160|01-JAN-1970|28-NOV-2026|28-NOV-2026|38.651|0|100000000029_1003_PURCH| |202547|CONSTRAINED|CONSTRAINED|CONSTRAINED_202547_2025-11-20_0656|BY_IF
100000000029|1003|1159|1159|01-JAN-1970|21-NOV-2026|21-NOV-2026|38.651|0|100000000029_1003_PURCH| |202547|CONSTRAINED|CONSTRAINED|CONSTRAINED_202547_2025-11-20_0656|BY_IF
100000000029|1003|1158|1158|01-JAN-1970|14-NOV-2026|14-NOV-2026|38.651|0|100000000029_1003_PURCH| |202547|CONSTRAINED|CONSTRAINED|CONSTRAINED_202547_2025-11-20_0656|BY_IF
100000000029|1003|1157|1157|01-JAN-1970|07-NOV-2026|07-NOV-2026|38.651|0|100000000029_1003_PURCH| |202547|CONSTRAINED|CONSTRAINED|CONSTRAINED_202547_2025-11-20_0656|BY_IF
100000000029|1003|1156|1156|01-JAN-1970|31-OCT-2026|31-OCT-2026|38.651|0|100000000029_1003_PURCH| |202547|CONSTRAINED|CONSTRAINED|CONSTRAINED_202547_2025-11-20_0656|BY_IF
100000000029|1003|1155|1155|01-JAN-1970|24-OCT-2026|24-OCT-2026|38.651|0|100000000029_1003_PURCH| |202547|CONSTRAINED|CONSTRAINED|CONSTRAINED_202547_2025-11-20_0656|BY_IF
100000000029|1003|1154|1154|01-JAN-1970|17-OCT-2026|17-OCT-2026|38.651|0|100000000029_1003_PURCH| |202547|CONSTRAINED|CONSTRAINED|CONSTRAINED_202547_2025-11-20_0656|BY_IF
100000000029|1003|1153|1153|01-JAN-1970|10-OCT-2026|10-OCT-2026|38.651|0|100000000029_1003_PURCH| |202547|CONSTRAINED|CONSTRAINED|CONSTRAINED_202547_2025-11-20_0656|BY_IF
100000000029|1003|1152|1152|01-JAN-1970|03-OCT-2026|03-OCT-2026|38.651|0|100000000029_1003_PURCH| |202547|CONSTRAINED|CONSTRAINED|CONSTRAINED_202547_2025-11-20_0656|BY_IF
100000000029|1003|1151|1151|01-JAN-1970|26-SEP-2026|26-SEP-2026|38.651|0|100000000029_1003_PURCH| |202547|CONSTRAINED|CONSTRAINED|CONSTRAINED_202547_2025-11-20_0656|BY_IF
100000000029|1003|1150|1150|01-JAN-1970|19-SEP-2026|19-SEP-2026|38.651|0|100000000029_1003_PURCH| |202547|CONSTRAINED|CONSTRAINED|CONSTRAINED_202547_2025-11-20_0656|BY_IF
100000000029|1003|1149|1149|01-JAN-1970|12-SEP-2026|12-SEP-2026|38.651|0|100000000029_1003_PURCH| |202547|CONSTRAINED|CONSTRAINED|CONSTRAINED_202547_2025-11-20_0656|BY_IF
100000000029|1003|1148|1148|01-JAN-1970|05-SEP-2026|05-SEP-2026|38.651|0|100000000029_1003_PURCH| |202547|CONSTRAINED|CONSTRAINED|CONSTRAINED_202547_2025-11-20_0656|BY_IF
100000000029|1003|1147|1147|01-JAN-1970|29-AUG-2026|29-AUG-2026|38.651|0|100000000029_1003_PURCH| |202547|CONSTRAINED|CONSTRAINED|CONSTRAINED_202547_2025-11-20_0656|BY_IF
100000000029|1003|1146|1146|01-JAN-1970|22-AUG-2026|22-AUG-2026|38.651|0|100000000029_1003_PURCH| |202547|CONSTRAINED|CONSTRAINED|CONSTRAINED_202547_2025-11-20_0656|BY_IF
100000000029|1003|1145|1145|01-JAN-1970|15-AUG-2026|15-AUG-2026|38.651|0|100000000029_1003_PURCH| |202547|CONSTRAINED|CONSTRAINED|CONSTRAINED_202547_2025-11-20_0656|BY_IF
100000000029|1003|1144|1144|01-JAN-1970|08-AUG-2026|08-AUG-2026|38.651|0|100000000029_1003_PURCH| |202547|CONSTRAINED|CONSTRAINED|CONSTRAINED_202547_2025-11-20_0656|BY_IF
100000000029|1003|1143|1143|01-JAN-1970|01-AUG-2026|01-AUG-2026|38.651|0|100000000029_1003_PURCH| |202547|CONSTRAINED|CONSTRAINED|CONSTRAINED_202547_2025-11-20_0656|BY_IF
100000000029|1003|1142|1142|01-JAN-1970|25-JUL-2026|25-JUL-2026|38.651|0|100000000029_1003_PURCH| |202547|CONSTRAINED|CONSTRAINED|CONSTRAINED_202547_2025-11-20_0656|BY_IF
100000000029|1003|1141|1141|01-JAN-1970|18-JUL-2026|18-JUL-2026|38.651|0|100000000029_1003_PURCH| |202547|CONSTRAINED|CONSTRAINED|CONSTRAINED_202547_2025-11-20_0656|BY_IF
100000000029|1003|1140|1140|01-JAN-1970|11-JUL-2026|11-JUL-2026|38.651|0|100000000029_1003_PURCH| |202547|CONSTRAINED|CONSTRAINED|CONSTRAINED_202547_2025-11-20_0656|BY_IF
100000000029|1003|1139|1139|01-JAN-1970|04-JUL-2026|04-JUL-2026|38.651|0|100000000029_1003_PURCH| |202547|CONSTRAINED|CONSTRAINED|CONSTRAINED_202547_2025-11-20_0656|BY_IF
100000000029|1003|1138|1138|01-JAN-1970|27-JUN-2026|27-JUN-2026|38.651|0|100000000029_1003_PURCH| |202547|CONSTRAINED|CONSTRAINED|CONSTRAINED_202547_2025-11-20_0656|BY_IF
100000000029|1003|1137|1137|01-JAN-1970|20-JUN-2026|20-JUN-2026|38.651|0|100000000029_1003_PURCH| |202547|CONSTRAINED|CONSTRAINED|CONSTRAINED_202547_2025-11-20_0656|BY_IF
100000000029|1003|1136|1136|01-JAN-1970|13-JUN-2026|13-JUN-2026|38.651|0|100000000029_1003_PURCH| |202547|CONSTRAINED|CONSTRAINED|CONSTRAINED_202547_2025-11-20_0656|BY_IF
100000000029|1003|1135|1135|01-JAN-1970|06-JUN-2026|06-JUN-2026|38.651|0|100000000029_1003_PURCH| |202547|CONSTRAINED|CONSTRAINED|CONSTRAINED_202547_2025-11-20_0656|BY_IF
100000000029|1003|1134|1134|01-JAN-1970|30-MAY-2026|30-MAY-2026|38.651|0|100000000029_1003_PURCH| |202547|CONSTRAINED|CONSTRAINED|CONSTRAINED_202547_2025-11-20_0656|BY_IF
100000000029|1003|1133|1133|01-JAN-1970|23-MAY-2026|23-MAY-2026|38.651|0|100000000029_1003_PURCH| |202547|CONSTRAINED|CONSTRAINED|CONSTRAINED_202547_2025-11-20_0656|BY_IF
100000000029|1003|1132|1132|01-JAN-1970|16-MAY-2026|16-MAY-2026|38.651|0|100000000029_1003_PURCH| |202547|CONSTRAINED|CONSTRAINED|CONSTRAINED_202547_2025-11-20_0656|BY_IF
100000000029|1003|1131|1131|01-JAN-1970|09-MAY-2026|09-MAY-2026|38.651|0|100000000029_1003_PURCH| |202547|CONSTRAINED|CONSTRAINED|CONSTRAINED_202547_2025-11-20_0656|BY_IF
100000000029|1003|1130|1130|01-JAN-1970|02-MAY-2026|02-MAY-2026|38.651|0|100000000029_1003_PURCH| |202547|CONSTRAINED|CONSTRAINED|CONSTRAINED_202547_2025-11-20_0656|BY_IF
100000000029|1003|1129|1129|01-JAN-1970|25-APR-2026|25-APR-2026|38.651|0|100000000029_1003_PURCH| |202547|CONSTRAINED|CONSTRAINED|CONSTRAINED_202547_2025-11-20_0656|BY_IF
100000000029|1003|1128|1128|01-JAN-1970|18-APR-2026|18-APR-2026|38.651|0|100000000029_1003_PURCH| |202547|CONSTRAINED|CONSTRAINED|CONSTRAINED_202547_2025-11-20_0656|BY_IF
100000000029|1003|1127|1127|01-JAN-1970|11-APR-2026|11-APR-2026|38.651|0|100000000029_1003_PURCH| |202547|CONSTRAINED|CONSTRAINED|CONSTRAINED_202547_2025-11-20_0656|BY_IF
100000000029|1003|1126|1126|01-JAN-1970|04-APR-2026|04-APR-2026|38.651|0|100000000029_1003_PURCH| |202547|CONSTRAINED|CONSTRAINED|CONSTRAINED_202547_2025-11-20_0656|BY_IF
100000000029|1003|1125|1125|01-JAN-1970|28-MAR-2026|28-MAR-2026|38.651|0|100000000029_1003_PURCH| |202547|CONSTRAINED|CONSTRAINED|CONSTRAINED_202547_2025-11-20_0656|BY_IF
100000000029|1003|1124|1124|01-JAN-1970|21-MAR-2026|21-MAR-2026|38.651|0|100000000029_1003_PURCH| |202547|CONSTRAINED|CONSTRAINED|CONSTRAINED_202547_2025-11-20_0656|BY_IF
100000000029|1003|1123|1123|01-JAN-1970|14-MAR-2026|14-MAR-2026|38.651|0|100000000029_1003_PURCH| |202547|CONSTRAINED|CONSTRAINED|CONSTRAINED_202547_2025-11-20_0656|BY_IF
100000000029|1003|1122|1122|01-JAN-1970|07-MAR-2026|07-MAR-2026|38.651|0|100000000029_1003_PURCH| |202547|CONSTRAINED|CONSTRAINED|CONSTRAINED_202547_2025-11-20_0656|BY_IF
100000000029|1003|1121|1121|01-JAN-1970|28-FEB-2026|28-FEB-2026|38.651|0|100000000029_1003_PURCH| |202547|CONSTRAINED|CONSTRAINED|CONSTRAINED_202547_2025-11-20_0656|BY_IF
100000000029|1003|1120|1120|01-JAN-1970|21-FEB-2026|21-FEB-2026|38.651|0|100000000029_1003_PURCH| |202547|CONSTRAINED|CONSTRAINED|CONSTRAINED_202547_2025-11-20_0656|BY_IF
100000000029|1003|1119|1119|01-JAN-1970|14-FEB-2026|14-FEB-2026|38.651|0|100000000029_1003_PURCH| |202547|CONSTRAINED|CONSTRAINED|CONSTRAINED_202547_2025-11-20_0656|BY_IF
100000000029|1003|1118|1118|01-JAN-1970|07-FEB-2026|07-FEB-2026|38.651|0|100000000029_1003_PURCH| |202547|CONSTRAINED|CONSTRAINED|CONSTRAINED_202547_2025-11-20_0656|BY_IF
100000000029|1003|1117|1117|01-JAN-1970|31-JAN-2026|31-JAN-2026|38.651|0|100000000029_1003_PURCH| |202547|CONSTRAINED|CONSTRAINED|CONSTRAINED_202547_2025-11-20_0656|BY_IF
100000000029|1003|1116|1116|01-JAN-1970|24-JAN-2026|24-JAN-2026|38.651|0|100000000029_1003_PURCH| |202547|CONSTRAINED|CONSTRAINED|CONSTRAINED_202547_2025-11-20_0656|BY_IF
100000000029|1003|1115|1115|01-JAN-1970|17-JAN-2026|17-JAN-2026|38.651|0|100000000029_1003_PURCH| |202547|CONSTRAINED|CONSTRAINED|CONSTRAINED_202547_2025-11-20_0656|BY_IF
100000000029|1003|1114|1114|01-JAN-1970|10-JAN-2026|10-JAN-2026|27.829|0|100000000029_1003_PURCH| |202547|CONSTRAINED|CONSTRAINED|CONSTRAINED_202547_2025-11-20_0656|BY_IF
100000000029|1003|1113|1113|01-JAN-1970|03-JAN-2026|03-JAN-2026|25.767|0|100000000029_1003_PURCH| |202547|CONSTRAINED|CONSTRAINED|CONSTRAINED_202547_2025-11-20_0656|BY_IF
100000000029|1003|1112|1112|01-JAN-1970|27-DEC-2025|27-DEC-2025|25.767|0|100000000029_1003_PURCH| |202547|CONSTRAINED|CONSTRAINED|CONSTRAINED_202547_2025-11-20_0656|BY_IF
100000000029|1003|1111|1111|01-JAN-1970|20-DEC-2025|20-DEC-2025|25.767|0|100000000029_1003_PURCH| |202547|CONSTRAINED|CONSTRAINED|CONSTRAINED_202547_2025-11-20_0656|BY_IF
100000000029|1003|1110|1110|01-JAN-1970|13-DEC-2025|13-DEC-2025|25.767|0|100000000029_1003_PURCH| |202547|CONSTRAINED|CONSTRAINED|CONSTRAINED_202547_2025-11-20_0656|BY_IF
100000000029|1003|1109|1109|01-JAN-1970|06-DEC-2025|06-DEC-2025|25.767|0|100000000029_1003_PURCH| |202547|CONSTRAINED|CONSTRAINED|CONSTRAINED_202547_2025-11-20_0656|BY_IF
100000000029|1003|1108|1108|01-JAN-1970|29-NOV-2025|29-NOV-2025|25.767|0|100000000029_1003_PURCH| |202547|CONSTRAINED|CONSTRAINED|CONSTRAINED_202547_2025-11-20_0656|BY_IF
100000000029|1003|1107|1107|01-JAN-1970|22-NOV-2025|22-NOV-2025|25.767|0|100000000029_1003_PURCH| |202547|CONSTRAINED|CONSTRAINED|CONSTRAINED_202547_2025-11-20_0656|BY_IF
100000000029|1003|1106|1106|01-JAN-1970|15-NOV-2025|15-NOV-2025|25.767|0|100000000029_1003_PURCH| |202547|CONSTRAINED|CONSTRAINED|CONSTRAINED_202547_2025-11-20_0656|BY_IF
100000000029|1003|1105|1105|01-JAN-1970|08-NOV-2025|08-NOV-2025|25.767|0|100000000029_1003_PURCH| |202547|CONSTRAINED|CONSTRAINED|CONSTRAINED_202547_2025-11-20_0656|BY_IF
100000000029|1003|1104|1104|01-JAN-1970|01-NOV-2025|01-NOV-2025|25.767|0|100000000029_1003_PURCH| |202547|CONSTRAINED|CONSTRAINED|CONSTRAINED_202547_2025-11-20_0656|BY_IF
100000000029|1003|1103|1103|01-JAN-1970|25-OCT-2025|25-OCT-2025|38.651|0|100000000029_1003_PURCH| |202547|CONSTRAINED|CONSTRAINED|CONSTRAINED_202547_2025-11-20_0656|BY_IF
100000000029|1003|1102|1102|01-JAN-1970|18-OCT-2025|18-OCT-2025|38.651|0|100000000029_1003_PURCH| |202547|CONSTRAINED|CONSTRAINED|CONSTRAINED_202547_2025-11-20_0656|BY_IF
100000000029|1003|1101|1101|01-JAN-1970|11-OCT-2025|11-OCT-2025|38.651|0|100000000029_1003_PURCH| |202547|CONSTRAINED|CONSTRAINED|CONSTRAINED_202547_2025-11-20_0656|BY_IF
100000000029|1003|1100|1100|01-JAN-1970|04-OCT-2025|04-OCT-2025|38.651|0|100000000029_1003_PURCH| |202547|CONSTRAINED|CONSTRAINED|CONSTRAINED_202547_2025-11-20_0656|BY_IF
100000000029|1003|1099|1099|01-JAN-1970|27-SEP-2025|27-SEP-2025|38.651|0|100000000029_1003_PURCH| |202547|CONSTRAINED|CONSTRAINED|CONSTRAINED_202547_2025-11-20_0656|BY_IF
100000000029|1003|1098|1098|01-JAN-1970|20-SEP-2025|20-SEP-2025|38.651|0|100000000029_1003_PURCH| |202547|CONSTRAINED|CONSTRAINED|CONSTRAINED_202547_2025-11-20_0656|BY_IF
100000000029|1003|1097|1097|01-JAN-1970|13-SEP-2025|13-SEP-2025|38.651|0|100000000029_1003_PURCH| |202547|CONSTRAINED|CONSTRAINED|CONSTRAINED_202547_2025-11-20_0656|BY_IF
100000000029|1003|1096|1096|01-JAN-1970|06-SEP-2025|06-SEP-2025|38.651|0|100000000029_1003_PURCH| |202547|CONSTRAINED|CONSTRAINED|CONSTRAINED_202547_2025-11-20_0656|BY_IF
100000000029|1003|1095|1095|01-JAN-1970|30-AUG-2025|30-AUG-2025|38.651|0|100000000029_1003_PURCH| |202547|CONSTRAINED|CONSTRAINED|CONSTRAINED_202547_2025-11-20_0656|BY_IF
100000000029|1003|1094|1094|01-JAN-1970|23-AUG-2025|23-AUG-2025|38.651|0|100000000029_1003_PURCH| |202547|CONSTRAINED|CONSTRAINED|CONSTRAINED_202547_2025-11-20_0656|BY_IF
100000000029|1003|1093|1093|01-JAN-1970|16-AUG-2025|16-AUG-2025|38.651|0|100000000029_1003_PURCH| |202547|CONSTRAINED|CONSTRAINED|CONSTRAINED_202547_2025-11-20_0656|BY_IF
100000000029|1003|1092|1092|01-JAN-1970|09-AUG-2025|09-AUG-2025|38.651|0|100000000029_1003_PURCH| |202547|CONSTRAINED|CONSTRAINED|CONSTRAINED_202547_2025-11-20_0656|BY_IF
100000000029|1003|1091|1091|01-JAN-1970|02-AUG-2025|02-AUG-2025|38.651|0|100000000029_1003_PURCH| |202547|CONSTRAINED|CONSTRAINED|CONSTRAINED_202547_2025-11-20_0656|BY_IF
100000000029|1006|2009|2009|01-JAN-1970|10-JAN-2026|10-JAN-2026|27.588|0|100000000029_1006_PURCH| |202547|CONSTRAINED|CONSTRAINED|CONSTRAINED_202547_2025-11-20_0656|BY_IF
100000000029|1006|2008|2008|01-JAN-1970|03-JAN-2026|03-JAN-2026|27.588|0|100000000029_1006_PURCH| |202547|CONSTRAINED|CONSTRAINED|CONSTRAINED_202547_2025-11-20_0656|BY_IF
100000000029|1006|2007|2007|01-JAN-1970|27-DEC-2025|27-DEC-2025|27.588|0|100000000029_1006_PURCH| |202547|CONSTRAINED|CONSTRAINED|CONSTRAINED_202547_2025-11-20_0656|BY_IF
100000000029|1006|2006|2006|01-JAN-1970|20-DEC-2025|20-DEC-2025|27.588|0|100000000029_1006_PURCH| |202547|CONSTRAINED|CONSTRAINED|CONSTRAINED_202547_2025-11-20_0656|BY_IF
100000000029|1006|2005|2005|01-JAN-1970|13-DEC-2025|13-DEC-2025|27.588|0|100000000029_1006_PURCH| |202547|CONSTRAINED|CONSTRAINED|CONSTRAINED_202547_2025-11-20_0656|BY_IF
100000000029|1006|2004|2004|01-JAN-1970|06-DEC-2025|06-DEC-2025|27.588|0|100000000029_1006_PURCH| |202547|CONSTRAINED|CONSTRAINED|CONSTRAINED_202547_2025-11-20_0656|BY_IF
100000000029|1006|2003|2003|01-JAN-1970|29-NOV-2025|29-NOV-2025|27.588|0|100000000029_1006_PURCH| |202547|CONSTRAINED|CONSTRAINED|CONSTRAINED_202547_2025-11-20_0656|BY_IF
100000000029|1006|2002|2002|01-JAN-1970|22-NOV-2025|22-NOV-2025|27.588|0|100000000029_1006_PURCH| |202547|CONSTRAINED|CONSTRAINED|CONSTRAINED_202547_2025-11-20_0656|BY_IF
100000000029|1006|2001|2001|01-JAN-1970|15-NOV-2025|15-NOV-2025|27.588|0|100000000029_1006_PURCH| |202547|CONSTRAINED|CONSTRAINED|CONSTRAINED_202547_2025-11-20_0656|BY_IF
100000000029|1006|2000|2000|01-JAN-1970|08-NOV-2025|08-NOV-2025|27.588|0|100000000029_1006_PURCH| |202547|CONSTRAINED|CONSTRAINED|CONSTRAINED_202547_2025-11-20_0656|BY_IF
100000000029|1006|1999|1999|01-JAN-1970|01-NOV-2025|01-NOV-2025|27.588|0|100000000029_1006_PURCH| |202547|CONSTRAINED|CONSTRAINED|CONSTRAINED_202547_2025-11-20_0656|BY_IF
100000000029|1006|1998|1998|01-JAN-1970|25-OCT-2025|25-OCT-2025|27.588|0|100000000029_1006_PURCH| |202547|CONSTRAINED|CONSTRAINED|CONSTRAINED_202547_2025-11-20_0656|BY_IF
100000000029|1006|1997|1997|01-JAN-1970|18-OCT-2025|18-OCT-2025|27.588|0|100000000029_1006_PURCH| |202547|CONSTRAINED|CONSTRAINED|CONSTRAINED_202547_2025-11-20_0656|BY_IF
100000000029|1006|1996|1996|01-JAN-1970|11-OCT-2025|11-OCT-2025|27.588|0|100000000029_1006_PURCH| |202547|CONSTRAINED|CONSTRAINED|CONSTRAINED_202547_2025-11-20_0656|BY_IF
100000000029|1006|1995|1995|01-JAN-1970|04-OCT-2025|04-OCT-2025|27.588|0|100000000029_1006_PURCH| |202547|CONSTRAINED|CONSTRAINED|CONSTRAINED_202547_2025-11-20_0656|BY_IF
100000000029|1006|1994|1994|01-JAN-1970|27-SEP-2025|27-SEP-2025|35.312|0|100000000029_1006_PURCH| |202547|CONSTRAINED|CONSTRAINED|CONSTRAINED_202547_2025-11-20_0656|BY_IF
100000000029|1006|1993|1993|01-JAN-1970|20-SEP-2025|20-SEP-2025|41.382|0|100000000029_1006_PURCH| |202547|CONSTRAINED|CONSTRAINED|CONSTRAINED_202547_2025-11-20_0656|BY_IF
100000000029|1006|1992|1992|01-JAN-1970|13-SEP-2025|13-SEP-2025|41.382|0|100000000029_1006_PURCH| |202547|CONSTRAINED|CONSTRAINED|CONSTRAINED_202547_2025-11-20_0656|BY_IF
100000000029|1006|1991|1991|01-JAN-1970|06-SEP-2025|06-SEP-2025|41.382|0|100000000029_1006_PURCH| |202547|CONSTRAINED|CONSTRAINED|CONSTRAINED_202547_2025-11-20_0656|BY_IF
100000000029|1006|1990|1990|01-JAN-1970|30-AUG-2025|30-AUG-2025|41.382|0|100000000029_1006_PURCH| |202547|CONSTRAINED|CONSTRAINED|CONSTRAINED_202547_2025-11-20_0656|BY_IF
100000000029|1006|1989|1989|01-JAN-1970|23-AUG-2025|23-AUG-2025|41.382|0|100000000029_1006_PURCH| |202547|CONSTRAINED|CONSTRAINED|CONSTRAINED_202547_2025-11-20_0656|BY_IF
100000000029|1006|1988|1988|01-JAN-1970|16-AUG-2025|16-AUG-2025|41.382|0|100000000029_1006_PURCH| |202547|CONSTRAINED|CONSTRAINED|CONSTRAINED_202547_2025-11-20_0656|BY_IF
100000000029|1006|1987|1987|01-JAN-1970|09-AUG-2025|09-AUG-2025|41.382|0|100000000029_1006_PURCH| |202547|CONSTRAINED|CONSTRAINED|CONSTRAINED_202547_2025-11-20_0656|BY_IF
100000000029|1006|1986|1986|01-JAN-1970|02-AUG-2025|02-AUG-2025|41.382|0|100000000029_1006_PURCH| |202547|CONSTRAINED|CONSTRAINED|CONSTRAINED_202547_2025-11-20_0656|BY_IF
100000000029|1006|2087|2087|01-JAN-1970|10-JUL-2027|10-JUL-2027|41.382|0|100000000029_1006_PURCH| |202547|CONSTRAINED|CONSTRAINED|CONSTRAINED_202547_2025-11-20_0656|BY_IF
100000000029|1006|2086|2086|01-JAN-1970|03-JUL-2027|03-JUL-2027|41.382|0|100000000029_1006_PURCH| |202547|CONSTRAINED|CONSTRAINED|CONSTRAINED_202547_2025-11-20_0656|BY_IF
100000000029|1006|2085|2085|01-JAN-1970|26-JUN-2027|26-JUN-2027|41.382|0|100000000029_1006_PURCH| |202547|CONSTRAINED|CONSTRAINED|CONSTRAINED_202547_2025-11-20_0656|BY_IF
100000000029|1006|2084|2084|01-JAN-1970|19-JUN-2027|19-JUN-2027|41.382|0|100000000029_1006_PURCH| |202547|CONSTRAINED|CONSTRAINED|CONSTRAINED_202547_2025-11-20_0656|BY_IF
100000000029|1006|2083|2083|01-JAN-1970|12-JUN-2027|12-JUN-2027|41.382|0|100000000029_1006_PURCH| |202547|CONSTRAINED|CONSTRAINED|CONSTRAINED_202547_2025-11-20_0656|BY_IF
100000000029|1006|2082|2082|01-JAN-1970|05-JUN-2027|05-JUN-2027|41.382|0|100000000029_1006_PURCH| |202547|CONSTRAINED|CONSTRAINED|CONSTRAINED_202547_2025-11-20_0656|BY_IF
100000000029|1006|2081|2081|01-JAN-1970|29-MAY-2027|29-MAY-2027|41.382|0|100000000029_1006_PURCH| |202547|CONSTRAINED|CONSTRAINED|CONSTRAINED_202547_2025-11-20_0656|BY_IF
100000000029|1006|2080|2080|01-JAN-1970|22-MAY-2027|22-MAY-2027|41.382|0|100000000029_1006_PURCH| |202547|CONSTRAINED|CONSTRAINED|CONSTRAINED_202547_2025-11-20_0656|BY_IF
100000000029|1006|2079|2079|01-JAN-1970|15-MAY-2027|15-MAY-2027|41.382|0|100000000029_1006_PURCH| |202547|CONSTRAINED|CONSTRAINED|CONSTRAINED_202547_2025-11-20_0656|BY_IF
100000000029|1006|2078|2078|01-JAN-1970|08-MAY-2027|08-MAY-2027|41.382|0|100000000029_1006_PURCH| |202547|CONSTRAINED|CONSTRAINED|CONSTRAINED_202547_2025-11-20_0656|BY_IF
100000000029|1006|2077|2077|01-JAN-1970|01-MAY-2027|01-MAY-2027|41.382|0|100000000029_1006_PURCH| |202547|CONSTRAINED|CONSTRAINED|CONSTRAINED_202547_2025-11-20_0656|BY_IF
100000000029|1006|2076|2076|01-JAN-1970|24-APR-2027|24-APR-2027|41.382|0|100000000029_1006_PURCH| |202547|CONSTRAINED|CONSTRAINED|CONSTRAINED_202547_2025-11-20_0656|BY_IF
100000000029|1006|2075|2075|01-JAN-1970|17-APR-2027|17-APR-2027|41.382|0|100000000029_1006_PURCH| |202547|CONSTRAINED|CONSTRAINED|CONSTRAINED_202547_2025-11-20_0656|BY_IF
100000000029|1006|2074|2074|01-JAN-1970|10-APR-2027|10-APR-2027|41.382|0|100000000029_1006_PURCH| |202547|CONSTRAINED|CONSTRAINED|CONSTRAINED_202547_2025-11-20_0656|BY_IF
100000000029|1006|2073|2073|01-JAN-1970|03-APR-2027|03-APR-2027|41.382|0|100000000029_1006_PURCH| |202547|CONSTRAINED|CONSTRAINED|CONSTRAINED_202547_2025-11-20_0656|BY_IF
100000000029|1006|2072|2072|01-JAN-1970|27-MAR-2027|27-MAR-2027|41.382|0|100000000029_1006_PURCH| |202547|CONSTRAINED|CONSTRAINED|CONSTRAINED_202547_2025-11-20_0656|BY_IF
100000000029|1006|2071|2071|01-JAN-1970|20-MAR-2027|20-MAR-2027|41.382|0|100000000029_1006_PURCH| |202547|CONSTRAINED|CONSTRAINED|CONSTRAINED_202547_2025-11-20_0656|BY_IF
100000000029|1006|2070|2070|01-JAN-1970|13-MAR-2027|13-MAR-2027|41.382|0|100000000029_1006_PURCH| |202547|CONSTRAINED|CONSTRAINED|CONSTRAINED_202547_2025-11-20_0656|BY_IF
100000000029|1006|2069|2069|01-JAN-1970|06-MAR-2027|06-MAR-2027|41.382|0|100000000029_1006_PURCH| |202547|CONSTRAINED|CONSTRAINED|CONSTRAINED_202547_2025-11-20_0656|BY_IF
100000000029|1006|2068|2068|01-JAN-1970|27-FEB-2027|27-FEB-2027|41.382|0|100000000029_1006_PURCH| |202547|CONSTRAINED|CONSTRAINED|CONSTRAINED_202547_2025-11-20_0656|BY_IF
100000000029|1006|2067|2067|01-JAN-1970|20-FEB-2027|20-FEB-2027|41.382|0|100000000029_1006_PURCH| |202547|CONSTRAINED|CONSTRAINED|CONSTRAINED_202547_2025-11-20_0656|BY_IF
100000000029|1006|2066|2066|01-JAN-1970|13-FEB-2027|13-FEB-2027|41.382|0|100000000029_1006_PURCH| |202547|CONSTRAINED|CONSTRAINED|CONSTRAINED_202547_2025-11-20_0656|BY_IF
100000000029|1006|2065|2065|01-JAN-1970|06-FEB-2027|06-FEB-2027|41.382|0|100000000029_1006_PURCH| |202547|CONSTRAINED|CONSTRAINED|CONSTRAINED_202547_2025-11-20_0656|BY_IF
100000000029|1006|2064|2064|01-JAN-1970|30-JAN-2027|30-JAN-2027|41.382|0|100000000029_1006_PURCH| |202547|CONSTRAINED|CONSTRAINED|CONSTRAINED_202547_2025-11-20_0656|BY_IF
100000000029|1006|2063|2063|01-JAN-1970|23-JAN-2027|23-JAN-2027|41.382|0|100000000029_1006_PURCH| |202547|CONSTRAINED|CONSTRAINED|CONSTRAINED_202547_2025-11-20_0656|BY_IF
100000000029|1006|2062|2062|01-JAN-1970|16-JAN-2027|16-JAN-2027|41.382|0|100000000029_1006_PURCH| |202547|CONSTRAINED|CONSTRAINED|CONSTRAINED_202547_2025-11-20_0656|BY_IF
100000000029|1006|2061|2061|01-JAN-1970|09-JAN-2027|09-JAN-2027|41.382|0|100000000029_1006_PURCH| |202547|CONSTRAINED|CONSTRAINED|CONSTRAINED_202547_2025-11-20_0656|BY_IF
100000000029|1006|2060|2060|01-JAN-1970|02-JAN-2027|02-JAN-2027|41.382|0|100000000029_1006_PURCH| |202547|CONSTRAINED|CONSTRAINED|CONSTRAINED_202547_2025-11-20_0656|BY_IF
100000000029|1006|2059|2059|01-JAN-1970|26-DEC-2026|26-DEC-2026|41.382|0|100000000029_1006_PURCH| |202547|CONSTRAINED|CONSTRAINED|CONSTRAINED_202547_2025-11-20_0656|BY_IF
100000000029|1006|2058|2058|01-JAN-1970|19-DEC-2026|19-DEC-2026|41.382|0|100000000029_1006_PURCH| |202547|CONSTRAINED|CONSTRAINED|CONSTRAINED_202547_2025-11-20_0656|BY_IF
100000000029|1006|2057|2057|01-JAN-1970|12-DEC-2026|12-DEC-2026|41.382|0|100000000029_1006_PURCH| |202547|CONSTRAINED|CONSTRAINED|CONSTRAINED_202547_2025-11-20_0656|BY_IF
100000000029|1006|2056|2056|01-JAN-1970|05-DEC-2026|05-DEC-2026|41.382|0|100000000029_1006_PURCH| |202547|CONSTRAINED|CONSTRAINED|CONSTRAINED_202547_2025-11-20_0656|BY_IF
100000000029|1006|2055|2055|01-JAN-1970|28-NOV-2026|28-NOV-2026|41.382|0|100000000029_1006_PURCH| |202547|CONSTRAINED|CONSTRAINED|CONSTRAINED_202547_2025-11-20_0656|BY_IF
100000000029|1006|2054|2054|01-JAN-1970|21-NOV-2026|21-NOV-2026|41.382|0|100000000029_1006_PURCH| |202547|CONSTRAINED|CONSTRAINED|CONSTRAINED_202547_2025-11-20_0656|BY_IF
100000000029|1006|2053|2053|01-JAN-1970|14-NOV-2026|14-NOV-2026|41.382|0|100000000029_1006_PURCH| |202547|CONSTRAINED|CONSTRAINED|CONSTRAINED_202547_2025-11-20_0656|BY_IF
100000000029|1006|2052|2052|01-JAN-1970|07-NOV-2026|07-NOV-2026|41.382|0|100000000029_1006_PURCH| |202547|CONSTRAINED|CONSTRAINED|CONSTRAINED_202547_2025-11-20_0656|BY_IF
100000000029|1006|2051|2051|01-JAN-1970|31-OCT-2026|31-OCT-2026|41.382|0|100000000029_1006_PURCH| |202547|CONSTRAINED|CONSTRAINED|CONSTRAINED_202547_2025-11-20_0656|BY_IF
100000000029|1006|2050|2050|01-JAN-1970|24-OCT-2026|24-OCT-2026|41.382|0|100000000029_1006_PURCH| |202547|CONSTRAINED|CONSTRAINED|CONSTRAINED_202547_2025-11-20_0656|BY_IF
100000000029|1006|2049|2049|01-JAN-1970|17-OCT-2026|17-OCT-2026|41.382|0|100000000029_1006_PURCH| |202547|CONSTRAINED|CONSTRAINED|CONSTRAINED_202547_2025-11-20_0656|BY_IF
100000000029|1006|2048|2048|01-JAN-1970|10-OCT-2026|10-OCT-2026|41.382|0|100000000029_1006_PURCH| |202547|CONSTRAINED|CONSTRAINED|CONSTRAINED_202547_2025-11-20_0656|BY_IF
100000000029|1006|2047|2047|01-JAN-1970|03-OCT-2026|03-OCT-2026|41.382|0|100000000029_1006_PURCH| |202547|CONSTRAINED|CONSTRAINED|CONSTRAINED_202547_2025-11-20_0656|BY_IF
100000000029|1006|2046|2046|01-JAN-1970|26-SEP-2026|26-SEP-2026|41.382|0|100000000029_1006_PURCH| |202547|CONSTRAINED|CONSTRAINED|CONSTRAINED_202547_2025-11-20_0656|BY_IF
100000000029|1006|2045|2045|01-JAN-1970|19-SEP-2026|19-SEP-2026|41.382|0|100000000029_1006_PURCH| |202547|CONSTRAINED|CONSTRAINED|CONSTRAINED_202547_2025-11-20_0656|BY_IF
100000000029|1006|2044|2044|01-JAN-1970|12-SEP-2026|12-SEP-2026|41.382|0|100000000029_1006_PURCH| |202547|CONSTRAINED|CONSTRAINED|CONSTRAINED_202547_2025-11-20_0656|BY_IF
100000000029|1006|2043|2043|01-JAN-1970|05-SEP-2026|05-SEP-2026|41.382|0|100000000029_1006_PURCH| |202547|CONSTRAINED|CONSTRAINED|CONSTRAINED_202547_2025-11-20_0656|BY_IF
100000000029|1006|2042|2042|01-JAN-1970|29-AUG-2026|29-AUG-2026|41.382|0|100000000029_1006_PURCH| |202547|CONSTRAINED|CONSTRAINED|CONSTRAINED_202547_2025-11-20_0656|BY_IF
100000000029|1006|2041|2041|01-JAN-1970|22-AUG-2026|22-AUG-2026|41.382|0|100000000029_1006_PURCH| |202547|CONSTRAINED|CONSTRAINED|CONSTRAINED_202547_2025-11-20_0656|BY_IF
100000000029|1006|2040|2040|01-JAN-1970|15-AUG-2026|15-AUG-2026|41.382|0|100000000029_1006_PURCH| |202547|CONSTRAINED|CONSTRAINED|CONSTRAINED_202547_2025-11-20_0656|BY_IF
100000000029|1006|2039|2039|01-JAN-1970|08-AUG-2026|08-AUG-2026|41.382|0|100000000029_1006_PURCH| |202547|CONSTRAINED|CONSTRAINED|CONSTRAINED_202547_2025-11-20_0656|BY_IF
100000000029|1006|2038|2038|01-JAN-1970|01-AUG-2026|01-AUG-2026|41.382|0|100000000029_1006_PURCH| |202547|CONSTRAINED|CONSTRAINED|CONSTRAINED_202547_2025-11-20_0656|BY_IF
100000000029|1006|2037|2037|01-JAN-1970|25-JUL-2026|25-JUL-2026|41.382|0|100000000029_1006_PURCH| |202547|CONSTRAINED|CONSTRAINED|CONSTRAINED_202547_2025-11-20_0656|BY_IF
100000000029|1006|2036|2036|01-JAN-1970|18-JUL-2026|18-JUL-2026|41.382|0|100000000029_1006_PURCH| |202547|CONSTRAINED|CONSTRAINED|CONSTRAINED_202547_2025-11-20_0656|BY_IF
100000000029|1006|2035|2035|01-JAN-1970|11-JUL-2026|11-JUL-2026|41.382|0|100000000029_1006_PURCH| |202547|CONSTRAINED|CONSTRAINED|CONSTRAINED_202547_2025-11-20_0656|BY_IF
100000000029|1006|2034|2034|01-JAN-1970|04-JUL-2026|04-JUL-2026|41.382|0|100000000029_1006_PURCH| |202547|CONSTRAINED|CONSTRAINED|CONSTRAINED_202547_2025-11-20_0656|BY_IF
100000000029|1006|2033|2033|01-JAN-1970|27-JUN-2026|27-JUN-2026|41.382|0|100000000029_1006_PURCH| |202547|CONSTRAINED|CONSTRAINED|CONSTRAINED_202547_2025-11-20_0656|BY_IF
100000000029|1006|2032|2032|01-JAN-1970|20-JUN-2026|20-JUN-2026|41.382|0|100000000029_1006_PURCH| |202547|CONSTRAINED|CONSTRAINED|CONSTRAINED_202547_2025-11-20_0656|BY_IF
100000000029|1006|2031|2031|01-JAN-1970|13-JUN-2026|13-JUN-2026|41.382|0|100000000029_1006_PURCH| |202547|CONSTRAINED|CONSTRAINED|CONSTRAINED_202547_2025-11-20_0656|BY_IF
100000000029|1006|2030|2030|01-JAN-1970|06-JUN-2026|06-JUN-2026|41.382|0|100000000029_1006_PURCH| |202547|CONSTRAINED|CONSTRAINED|CONSTRAINED_202547_2025-11-20_0656|BY_IF
100000000029|1006|2029|2029|01-JAN-1970|30-MAY-2026|30-MAY-2026|41.382|0|100000000029_1006_PURCH| |202547|CONSTRAINED|CONSTRAINED|CONSTRAINED_202547_2025-11-20_0656|BY_IF
100000000029|1006|2028|2028|01-JAN-1970|23-MAY-2026|23-MAY-2026|41.382|0|100000000029_1006_PURCH| |202547|CONSTRAINED|CONSTRAINED|CONSTRAINED_202547_2025-11-20_0656|BY_IF
100000000029|1006|2027|2027|01-JAN-1970|16-MAY-2026|16-MAY-2026|41.382|0|100000000029_1006_PURCH| |202547|CONSTRAINED|CONSTRAINED|CONSTRAINED_202547_2025-11-20_0656|BY_IF
100000000029|1006|2026|2026|01-JAN-1970|09-MAY-2026|09-MAY-2026|41.382|0|100000000029_1006_PURCH| |202547|CONSTRAINED|CONSTRAINED|CONSTRAINED_202547_2025-11-20_0656|BY_IF
100000000029|1006|2025|2025|01-JAN-1970|02-MAY-2026|02-MAY-2026|41.382|0|100000000029_1006_PURCH| |202547|CONSTRAINED|CONSTRAINED|CONSTRAINED_202547_2025-11-20_0656|BY_IF
100000000029|1006|2024|2024|01-JAN-1970|25-APR-2026|25-APR-2026|41.382|0|100000000029_1006_PURCH| |202547|CONSTRAINED|CONSTRAINED|CONSTRAINED_202547_2025-11-20_0656|BY_IF
100000000029|1006|2023|2023|01-JAN-1970|18-APR-2026|18-APR-2026|41.382|0|100000000029_1006_PURCH| |202547|CONSTRAINED|CONSTRAINED|CONSTRAINED_202547_2025-11-20_0656|BY_IF
100000000029|1006|2022|2022|01-JAN-1970|11-APR-2026|11-APR-2026|41.382|0|100000000029_1006_PURCH| |202547|CONSTRAINED|CONSTRAINED|CONSTRAINED_202547_2025-11-20_0656|BY_IF
100000000029|1006|2021|2021|01-JAN-1970|04-APR-2026|04-APR-2026|41.382|0|100000000029_1006_PURCH| |202547|CONSTRAINED|CONSTRAINED|CONSTRAINED_202547_2025-11-20_0656|BY_IF
100000000029|1006|2020|2020|01-JAN-1970|28-MAR-2026|28-MAR-2026|41.382|0|100000000029_1006_PURCH| |202547|CONSTRAINED|CONSTRAINED|CONSTRAINED_202547_2025-11-20_0656|BY_IF
100000000029|1006|2019|2019|01-JAN-1970|21-MAR-2026|21-MAR-2026|41.382|0|100000000029_1006_PURCH| |202547|CONSTRAINED|CONSTRAINED|CONSTRAINED_202547_2025-11-20_0656|BY_IF
100000000029|1006|2018|2018|01-JAN-1970|14-MAR-2026|14-MAR-2026|41.382|0|100000000029_1006_PURCH| |202547|CONSTRAINED|CONSTRAINED|CONSTRAINED_202547_2025-11-20_0656|BY_IF
100000000029|1006|2017|2017|01-JAN-1970|07-MAR-2026|07-MAR-2026|41.382|0|100000000029_1006_PURCH| |202547|CONSTRAINED|CONSTRAINED|CONSTRAINED_202547_2025-11-20_0656|BY_IF
100000000029|1006|2016|2016|01-JAN-1970|28-FEB-2026|28-FEB-2026|41.382|0|100000000029_1006_PURCH| |202547|CONSTRAINED|CONSTRAINED|CONSTRAINED_202547_2025-11-20_0656|BY_IF
100000000029|1006|2015|2015|01-JAN-1970|21-FEB-2026|21-FEB-2026|41.382|0|100000000029_1006_PURCH| |202547|CONSTRAINED|CONSTRAINED|CONSTRAINED_202547_2025-11-20_0656|BY_IF
100000000029|1006|2014|2014|01-JAN-1970|14-FEB-2026|14-FEB-2026|41.382|0|100000000029_1006_PURCH| |202547|CONSTRAINED|CONSTRAINED|CONSTRAINED_202547_2025-11-20_0656|BY_IF
100000000029|1006|2013|2013|01-JAN-1970|07-FEB-2026|07-FEB-2026|41.382|0|100000000029_1006_PURCH| |202547|CONSTRAINED|CONSTRAINED|CONSTRAINED_202547_2025-11-20_0656|BY_IF
100000000029|1006|2012|2012|01-JAN-1970|31-JAN-2026|31-JAN-2026|41.382|0|100000000029_1006_PURCH| |202547|CONSTRAINED|CONSTRAINED|CONSTRAINED_202547_2025-11-20_0656|BY_IF
100000000029|1006|2011|2011|01-JAN-1970|24-JAN-2026|24-JAN-2026|41.382|0|100000000029_1006_PURCH| |202547|CONSTRAINED|CONSTRAINED|CONSTRAINED_202547_2025-11-20_0656|BY_IF
100000000029|1006|2010|2010|01-JAN-1970|17-JAN-2026|17-JAN-2026|32.554|0|100000000029_1006_PURCH| |202547|CONSTRAINED|CONSTRAINED|CONSTRAINED_202547_2025-11-20_0656|BY_IF
100000000034|1003|1828|1828|01-JAN-1970|17-JUL-2027|17-JUL-2027|76.142|0|100000000034_1003_PURCH| |202547|CONSTRAINED|CONSTRAINED|CONSTRAINED_202547_2025-11-20_0656|BY_IF
100000000034|1003|1827|1827|01-JAN-1970|10-JUL-2027|10-JUL-2027|39.239|0|100000000034_1003_PURCH| |202547|CONSTRAINED|CONSTRAINED|CONSTRAINED_202547_2025-11-20_0656|BY_IF
100000000034|1003|1826|1826|01-JAN-1970|03-JUL-2027|03-JUL-2027|115.382|0|100000000034_1003_PURCH| |202547|CONSTRAINED|CONSTRAINED|CONSTRAINED_202547_2025-11-20_0656|BY_IF
100000000034|1003|1825|1825|01-JAN-1970|26-JUN-2027|26-JUN-2027|115.382|0|100000000034_1003_PURCH| |202547|CONSTRAINED|CONSTRAINED|CONSTRAINED_202547_2025-11-20_0656|BY_IF
100000000034|1003|1824|1824|01-JAN-1970|19-JUN-2027|19-JUN-2027|115.382|0|100000000034_1003_PURCH| |202547|CONSTRAINED|CONSTRAINED|CONSTRAINED_202547_2025-11-20_0656|BY_IF
100000000034|1003|1823|1823|01-JAN-1970|12-JUN-2027|12-JUN-2027|39.239|0|100000000034_1003_PURCH| |202547|CONSTRAINED|CONSTRAINED|CONSTRAINED_202547_2025-11-20_0656|BY_IF
100000000034|1003|1822|1822|01-JAN-1970|05-JUN-2027|05-JUN-2027|39.239|0|100000000034_1003_PURCH| |202547|CONSTRAINED|CONSTRAINED|CONSTRAINED_202547_2025-11-20_0656|BY_IF
100000000034|1003|1821|1821|01-JAN-1970|29-MAY-2027|29-MAY-2027|39.239|0|100000000034_1003_PURCH| |202547|CONSTRAINED|CONSTRAINED|CONSTRAINED_202547_2025-11-20_0656|BY_IF
100000000034|1003|1820|1820|01-JAN-1970|22-MAY-2027|22-MAY-2027|115.382|0|100000000034_1003_PURCH| |202547|CONSTRAINED|CONSTRAINED|CONSTRAINED_202547_2025-11-20_0656|BY_IF
100000000034|1003|1819|1819|01-JAN-1970|15-MAY-2027|15-MAY-2027|39.239|0|100000000034_1003_PURCH| |202547|CONSTRAINED|CONSTRAINED|CONSTRAINED_202547_2025-11-20_0656|BY_IF
100000000034|1003|1818|1818|01-JAN-1970|08-MAY-2027|08-MAY-2027|115.382|0|100000000034_1003_PURCH| |202547|CONSTRAINED|CONSTRAINED|CONSTRAINED_202547_2025-11-20_0656|BY_IF
100000000034|1003|1817|1817|01-JAN-1970|01-MAY-2027|01-MAY-2027|39.239|0|100000000034_1003_PURCH| |202547|CONSTRAINED|CONSTRAINED|CONSTRAINED_202547_2025-11-20_0656|BY_IF
100000000034|1003|1816|1816|01-JAN-1970|24-APR-2027|24-APR-2027|39.239|0|100000000034_1003_PURCH| |202547|CONSTRAINED|CONSTRAINED|CONSTRAINED_202547_2025-11-20_0656|BY_IF
100000000034|1003|1815|1815|01-JAN-1970|17-APR-2027|17-APR-2027|39.239|0|100000000034_1003_PURCH| |202547|CONSTRAINED|CONSTRAINED|CONSTRAINED_202547_2025-11-20_0656|BY_IF
100000000034|1003|1814|1814|01-JAN-1970|10-APR-2027|10-APR-2027|39.239|0|100000000034_1003_PURCH| |202547|CONSTRAINED|CONSTRAINED|CONSTRAINED_202547_2025-11-20_0656|BY_IF
100000000034|1003|1813|1813|01-JAN-1970|03-APR-2027|03-APR-2027|115.382|0|100000000034_1003_PURCH| |202547|CONSTRAINED|CONSTRAINED|CONSTRAINED_202547_2025-11-20_0656|BY_IF
100000000034|1003|1812|1812|01-JAN-1970|27-MAR-2027|27-MAR-2027|115.382|0|100000000034_1003_PURCH| |202547|CONSTRAINED|CONSTRAINED|CONSTRAINED_202547_2025-11-20_0656|BY_IF
100000000034|1003|1811|1811|01-JAN-1970|20-MAR-2027|20-MAR-2027|115.382|0|100000000034_1003_PURCH| |202547|CONSTRAINED|CONSTRAINED|CONSTRAINED_202547_2025-11-20_0656|BY_IF
100000000034|1003|1810|1810|01-JAN-1970|13-MAR-2027|13-MAR-2027|39.239|0|100000000034_1003_PURCH| |202547|CONSTRAINED|CONSTRAINED|CONSTRAINED_202547_2025-11-20_0656|BY_IF
100000000034|1003|1809|1809|01-JAN-1970|06-MAR-2027|06-MAR-2027|39.239|0|100000000034_1003_PURCH| |202547|CONSTRAINED|CONSTRAINED|CONSTRAINED_202547_2025-11-20_0656|BY_IF
100000000034|1003|1808|1808|01-JAN-1970|27-FEB-2027|27-FEB-2027|39.239|0|100000000034_1003_PURCH| |202547|CONSTRAINED|CONSTRAINED|CONSTRAINED_202547_2025-11-20_0656|BY_IF
100000000034|1003|1807|1807|01-JAN-1970|20-FEB-2027|20-FEB-2027|39.239|0|100000000034_1003_PURCH| |202547|CONSTRAINED|CONSTRAINED|CONSTRAINED_202547_2025-11-20_0656|BY_IF
100000000034|1003|1806|1806|01-JAN-1970|13-FEB-2027|13-FEB-2027|39.239|0|100000000034_1003_PURCH| |202547|CONSTRAINED|CONSTRAINED|CONSTRAINED_202547_2025-11-20_0656|BY_IF
100000000034|1003|1805|1805|01-JAN-1970|06-FEB-2027|06-FEB-2027|39.239|0|100000000034_1003_PURCH| |202547|CONSTRAINED|CONSTRAINED|CONSTRAINED_202547_2025-11-20_0656|BY_IF
100000000034|1003|1804|1804|01-JAN-1970|30-JAN-2027|30-JAN-2027|39.239|0|100000000034_1003_PURCH| |202547|CONSTRAINED|CONSTRAINED|CONSTRAINED_202547_2025-11-20_0656|BY_IF
100000000034|1003|1803|1803|01-JAN-1970|23-JAN-2027|23-JAN-2027|39.239|0|100000000034_1003_PURCH| |202547|CONSTRAINED|CONSTRAINED|CONSTRAINED_202547_2025-11-20_0656|BY_IF
100000000034|1003|1802|1802|01-JAN-1970|16-JAN-2027|16-JAN-2027|39.239|0|100000000034_1003_PURCH| |202547|CONSTRAINED|CONSTRAINED|CONSTRAINED_202547_2025-11-20_0656|BY_IF
100000000034|1003|1801|1801|01-JAN-1970|09-JAN-2027|09-JAN-2027|39.239|0|100000000034_1003_PURCH| |202547|CONSTRAINED|CONSTRAINED|CONSTRAINED_202547_2025-11-20_0656|BY_IF
100000000034|1003|1800|1800|01-JAN-1970|02-JAN-2027|02-JAN-2027|39.239|0|100000000034_1003_PURCH| |202547|CONSTRAINED|CONSTRAINED|CONSTRAINED_202547_2025-11-20_0656|BY_IF
100000000034|1003|1799|1799|01-JAN-1970|26-DEC-2026|26-DEC-2026|39.239|0|100000000034_1003_PURCH| |202547|CONSTRAINED|CONSTRAINED|CONSTRAINED_202547_2025-11-20_0656|BY_IF
100000000034|1003|1798|1798|01-JAN-1970|19-DEC-2026|19-DEC-2026|39.239|0|100000000034_1003_PURCH| |202547|CONSTRAINED|CONSTRAINED|CONSTRAINED_202547_2025-11-20_0656|BY_IF
100000000034|1003|1797|1797|01-JAN-1970|12-DEC-2026|12-DEC-2026|39.239|0|100000000034_1003_PURCH| |202547|CONSTRAINED|CONSTRAINED|CONSTRAINED_202547_2025-11-20_0656|BY_IF
100000000034|1003|1796|1796|01-JAN-1970|05-DEC-2026|05-DEC-2026|39.239|0|100000000034_1003_PURCH| |202547|CONSTRAINED|CONSTRAINED|CONSTRAINED_202547_2025-11-20_0656|BY_IF
100000000034|1003|1795|1795|01-JAN-1970|28-NOV-2026|28-NOV-2026|39.239|0|100000000034_1003_PURCH| |202547|CONSTRAINED|CONSTRAINED|CONSTRAINED_202547_2025-11-20_0656|BY_IF
100000000034|1003|1794|1794|01-JAN-1970|21-NOV-2026|21-NOV-2026|39.239|0|100000000034_1003_PURCH| |202547|CONSTRAINED|CONSTRAINED|CONSTRAINED_202547_2025-11-20_0656|BY_IF
100000000034|1003|1793|1793|01-JAN-1970|14-NOV-2026|14-NOV-2026|39.239|0|100000000034_1003_PURCH| |202547|CONSTRAINED|CONSTRAINED|CONSTRAINED_202547_2025-11-20_0656|BY_IF
100000000034|1003|1792|1792|01-JAN-1970|07-NOV-2026|07-NOV-2026|39.239|0|100000000034_1003_PURCH| |202547|CONSTRAINED|CONSTRAINED|CONSTRAINED_202547_2025-11-20_0656|BY_IF
100000000034|1003|1791|1791|01-JAN-1970|31-OCT-2026|31-OCT-2026|39.239|0|100000000034_1003_PURCH| |202547|CONSTRAINED|CONSTRAINED|CONSTRAINED_202547_2025-11-20_0656|BY_IF
100000000034|1003|1790|1790|01-JAN-1970|24-OCT-2026|24-OCT-2026|39.239|0|100000000034_1003_PURCH| |202547|CONSTRAINED|CONSTRAINED|CONSTRAINED_202547_2025-11-20_0656|BY_IF
100000000034|1003|1789|1789|01-JAN-1970|17-OCT-2026|17-OCT-2026|39.239|0|100000000034_1003_PURCH| |202547|CONSTRAINED|CONSTRAINED|CONSTRAINED_202547_2025-11-20_0656|BY_IF
100000000034|1003|1788|1788|01-JAN-1970|10-OCT-2026|10-OCT-2026|39.239|0|100000000034_1003_PURCH| |202547|CONSTRAINED|CONSTRAINED|CONSTRAINED_202547_2025-11-20_0656|BY_IF
100000000034|1003|1787|1787|01-JAN-1970|03-OCT-2026|03-OCT-2026|39.239|0|100000000034_1003_PURCH| |202547|CONSTRAINED|CONSTRAINED|CONSTRAINED_202547_2025-11-20_0656|BY_IF
100000000034|1003|1786|1786|01-JAN-1970|26-SEP-2026|26-SEP-2026|39.239|0|100000000034_1003_PURCH| |202547|CONSTRAINED|CONSTRAINED|CONSTRAINED_202547_2025-11-20_0656|BY_IF
100000000034|1003|1785|1785|01-JAN-1970|19-SEP-2026|19-SEP-2026|39.239|0|100000000034_1003_PURCH| |202547|CONSTRAINED|CONSTRAINED|CONSTRAINED_202547_2025-11-20_0656|BY_IF
100000000034|1003|1784|1784|01-JAN-1970|12-SEP-2026|12-SEP-2026|39.239|0|100000000034_1003_PURCH| |202547|CONSTRAINED|CONSTRAINED|CONSTRAINED_202547_2025-11-20_0656|BY_IF
100000000034|1003|1783|1783|01-JAN-1970|05-SEP-2026|05-SEP-2026|39.239|0|100000000034_1003_PURCH| |202547|CONSTRAINED|CONSTRAINED|CONSTRAINED_202547_2025-11-20_0656|BY_IF
100000000034|1003|1782|1782|01-JAN-1970|29-AUG-2026|29-AUG-2026|39.239|0|100000000034_1003_PURCH| |202547|CONSTRAINED|CONSTRAINED|CONSTRAINED_202547_2025-11-20_0656|BY_IF
100000000034|1003|1781|1781|01-JAN-1970|22-AUG-2026|22-AUG-2026|39.239|0|100000000034_1003_PURCH| |202547|CONSTRAINED|CONSTRAINED|CONSTRAINED_202547_2025-11-20_0656|BY_IF
100000000034|1003|1780|1780|01-JAN-1970|15-AUG-2026|15-AUG-2026|39.239|0|100000000034_1003_PURCH| |202547|CONSTRAINED|CONSTRAINED|CONSTRAINED_202547_2025-11-20_0656|BY_IF
100000000034|1003|1779|1779|01-JAN-1970|08-AUG-2026|08-AUG-2026|39.239|0|100000000034_1003_PURCH| |202547|CONSTRAINED|CONSTRAINED|CONSTRAINED_202547_2025-11-20_0656|BY_IF
100000000034|1003|1778|1778|01-JAN-1970|01-AUG-2026|01-AUG-2026|39.239|0|100000000034_1003_PURCH| |202547|CONSTRAINED|CONSTRAINED|CONSTRAINED_202547_2025-11-20_0656|BY_IF
100000000034|1003|1777|1777|01-JAN-1970|25-JUL-2026|25-JUL-2026|39.239|0|100000000034_1003_PURCH| |202547|CONSTRAINED|CONSTRAINED|CONSTRAINED_202547_2025-11-20_0656|BY_IF
100000000034|1003|1776|1776|01-JAN-1970|18-JUL-2026|18-JUL-2026|39.239|0|100000000034_1003_PURCH| |202547|CONSTRAINED|CONSTRAINED|CONSTRAINED_202547_2025-11-20_0656|BY_IF
100000000034|1003|1775|1775|01-JAN-1970|11-JUL-2026|11-JUL-2026|39.239|0|100000000034_1003_PURCH| |202547|CONSTRAINED|CONSTRAINED|CONSTRAINED_202547_2025-11-20_0656|BY_IF
100000000034|1003|1774|1774|01-JAN-1970|04-JUL-2026|04-JUL-2026|115.382|0|100000000034_1003_PURCH| |202547|CONSTRAINED|CONSTRAINED|CONSTRAINED_202547_2025-11-20_0656|BY_IF
100000000034|1003|1773|1773|01-JAN-1970|27-JUN-2026|27-JUN-2026|115.382|0|100000000034_1003_PURCH| |202547|CONSTRAINED|CONSTRAINED|CONSTRAINED_202547_2025-11-20_0656|BY_IF
100000000034|1003|1772|1772|01-JAN-1970|20-JUN-2026|20-JUN-2026|115.382|0|100000000034_1003_PURCH| |202547|CONSTRAINED|CONSTRAINED|CONSTRAINED_202547_2025-11-20_0656|BY_IF
100000000034|1003|1771|1771|01-JAN-1970|13-JUN-2026|13-JUN-2026|115.382|0|100000000034_1003_PURCH| |202547|CONSTRAINED|CONSTRAINED|CONSTRAINED_202547_2025-11-20_0656|BY_IF
100000000034|1003|1770|1770|01-JAN-1970|06-JUN-2026|06-JUN-2026|115.382|0|100000000034_1003_PURCH| |202547|CONSTRAINED|CONSTRAINED|CONSTRAINED_202547_2025-11-20_0656|BY_IF
100000000034|1003|1769|1769|01-JAN-1970|30-MAY-2026|30-MAY-2026|115.382|0|100000000034_1003_PURCH| |202547|CONSTRAINED|CONSTRAINED|CONSTRAINED_202547_2025-11-20_0656|BY_IF
100000000034|1003|1768|1768|01-JAN-1970|23-MAY-2026|23-MAY-2026|39.239|0|100000000034_1003_PURCH| |202547|CONSTRAINED|CONSTRAINED|CONSTRAINED_202547_2025-11-20_0656|BY_IF
100000000034|1003|1767|1767|01-JAN-1970|16-MAY-2026|16-MAY-2026|39.239|0|100000000034_1003_PURCH| |202547|CONSTRAINED|CONSTRAINED|CONSTRAINED_202547_2025-11-20_0656|BY_IF
100000000034|1003|1766|1766|01-JAN-1970|09-MAY-2026|09-MAY-2026|39.239|0|100000000034_1003_PURCH| |202547|CONSTRAINED|CONSTRAINED|CONSTRAINED_202547_2025-11-20_0656|BY_IF
100000000034|1003|1765|1765|01-JAN-1970|02-MAY-2026|02-MAY-2026|115.382|0|100000000034_1003_PURCH| |202547|CONSTRAINED|CONSTRAINED|CONSTRAINED_202547_2025-11-20_0656|BY_IF
100000000034|1003|1764|1764|01-JAN-1970|25-APR-2026|25-APR-2026|39.239|0|100000000034_1003_PURCH| |202547|CONSTRAINED|CONSTRAINED|CONSTRAINED_202547_2025-11-20_0656|BY_IF
100000000034|1003|1763|1763|01-JAN-1970|18-APR-2026|18-APR-2026|115.382|0|100000000034_1003_PURCH| |202547|CONSTRAINED|CONSTRAINED|CONSTRAINED_202547_2025-11-20_0656|BY_IF
100000000034|1003|1762|1762|01-JAN-1970|11-APR-2026|11-APR-2026|39.239|0|100000000034_1003_PURCH| |202547|CONSTRAINED|CONSTRAINED|CONSTRAINED_202547_2025-11-20_0656|BY_IF
100000000034|1003|1761|1761|01-JAN-1970|04-APR-2026|04-APR-2026|39.239|0|100000000034_1003_PURCH| |202547|CONSTRAINED|CONSTRAINED|CONSTRAINED_202547_2025-11-20_0656|BY_IF
100000000034|1003|1760|1760|01-JAN-1970|28-MAR-2026|28-MAR-2026|39.239|0|100000000034_1003_PURCH| |202547|CONSTRAINED|CONSTRAINED|CONSTRAINED_202547_2025-11-20_0656|BY_IF
100000000034|1003|1759|1759|01-JAN-1970|21-MAR-2026|21-MAR-2026|39.239|0|100000000034_1003_PURCH| |202547|CONSTRAINED|CONSTRAINED|CONSTRAINED_202547_2025-11-20_0656|BY_IF
100000000034|1003|1758|1758|01-JAN-1970|14-MAR-2026|14-MAR-2026|39.239|0|100000000034_1003_PURCH| |202547|CONSTRAINED|CONSTRAINED|CONSTRAINED_202547_2025-11-20_0656|BY_IF
100000000034|1003|1757|1757|01-JAN-1970|07-MAR-2026|07-MAR-2026|115.382|0|100000000034_1003_PURCH| |202547|CONSTRAINED|CONSTRAINED|CONSTRAINED_202547_2025-11-20_0656|BY_IF
100000000034|1003|1756|1756|01-JAN-1970|28-FEB-2026|28-FEB-2026|39.239|0|100000000034_1003_PURCH| |202547|CONSTRAINED|CONSTRAINED|CONSTRAINED_202547_2025-11-20_0656|BY_IF
100000000034|1003|1755|1755|01-JAN-1970|21-FEB-2026|21-FEB-2026|115.382|0|100000000034_1003_PURCH| |202547|CONSTRAINED|CONSTRAINED|CONSTRAINED_202547_2025-11-20_0656|BY_IF
100000000034|1003|1754|1754|01-JAN-1970|14-FEB-2026|14-FEB-2026|39.239|0|100000000034_1003_PURCH| |202547|CONSTRAINED|CONSTRAINED|CONSTRAINED_202547_2025-11-20_0656|BY_IF
100000000034|1003|1753|1753|01-JAN-1970|07-FEB-2026|07-FEB-2026|115.382|0|100000000034_1003_PURCH| |202547|CONSTRAINED|CONSTRAINED|CONSTRAINED_202547_2025-11-20_0656|BY_IF
100000000034|1003|1752|1752|01-JAN-1970|31-JAN-2026|31-JAN-2026|39.239|0|100000000034_1003_PURCH| |202547|CONSTRAINED|CONSTRAINED|CONSTRAINED_202547_2025-11-20_0656|BY_IF
100000000034|1003|1751|1751|01-JAN-1970|24-JAN-2026|24-JAN-2026|115.382|0|100000000034_1003_PURCH| |202547|CONSTRAINED|CONSTRAINED|CONSTRAINED_202547_2025-11-20_0656|BY_IF
100000000034|1003|1750|1750|01-JAN-1970|17-JAN-2026|17-JAN-2026|39.239|0|100000000034_1003_PURCH| |202547|CONSTRAINED|CONSTRAINED|CONSTRAINED_202547_2025-11-20_0656|BY_IF
100000000034|1003|1749|1749|01-JAN-1970|10-JAN-2026|10-JAN-2026|104.395|0|100000000034_1003_PURCH| |202547|CONSTRAINED|CONSTRAINED|CONSTRAINED_202547_2025-11-20_0656|BY_IF
100000000034|1003|1748|1748|01-JAN-1970|03-JAN-2026|03-JAN-2026|26.16|0|100000000034_1003_PURCH| |202547|CONSTRAINED|CONSTRAINED|CONSTRAINED_202547_2025-11-20_0656|BY_IF
100000000034|1003|1747|1747|01-JAN-1970|27-DEC-2025|27-DEC-2025|102.302|0|100000000034_1003_PURCH| |202547|CONSTRAINED|CONSTRAINED|CONSTRAINED_202547_2025-11-20_0656|BY_IF
100000000034|1003|1746|1746|01-JAN-1970|20-DEC-2025|20-DEC-2025|26.16|0|100000000034_1003_PURCH| |202547|CONSTRAINED|CONSTRAINED|CONSTRAINED_202547_2025-11-20_0656|BY_IF
100000000034|1003|1745|1745|01-JAN-1970|13-DEC-2025|13-DEC-2025|26.16|0|100000000034_1003_PURCH| |202547|CONSTRAINED|CONSTRAINED|CONSTRAINED_202547_2025-11-20_0656|BY_IF
100000000034|1003|1744|1744|01-JAN-1970|06-DEC-2025|06-DEC-2025|26.16|0|100000000034_1003_PURCH| |202547|CONSTRAINED|CONSTRAINED|CONSTRAINED_202547_2025-11-20_0656|BY_IF
100000000034|1003|1743|1743|01-JAN-1970|29-NOV-2025|29-NOV-2025|26.16|0|100000000034_1003_PURCH| |202547|CONSTRAINED|CONSTRAINED|CONSTRAINED_202547_2025-11-20_0656|BY_IF
100000000034|1003|1742|1742|01-JAN-1970|22-NOV-2025|22-NOV-2025|26.16|0|100000000034_1003_PURCH| |202547|CONSTRAINED|CONSTRAINED|CONSTRAINED_202547_2025-11-20_0656|BY_IF
100000000034|1003|1741|1741|01-JAN-1970|15-NOV-2025|15-NOV-2025|26.16|0|100000000034_1003_PURCH| |202547|CONSTRAINED|CONSTRAINED|CONSTRAINED_202547_2025-11-20_0656|BY_IF
100000000034|1003|1740|1740|01-JAN-1970|08-NOV-2025|08-NOV-2025|26.16|0|100000000034_1003_PURCH| |202547|CONSTRAINED|CONSTRAINED|CONSTRAINED_202547_2025-11-20_0656|BY_IF
100000000034|1003|1739|1739|01-JAN-1970|01-NOV-2025|01-NOV-2025|26.16|0|100000000034_1003_PURCH| |202547|CONSTRAINED|CONSTRAINED|CONSTRAINED_202547_2025-11-20_0656|BY_IF
100000000034|1003|1738|1738|01-JAN-1970|25-OCT-2025|25-OCT-2025|39.239|0|100000000034_1003_PURCH| |202547|CONSTRAINED|CONSTRAINED|CONSTRAINED_202547_2025-11-20_0656|BY_IF
100000000034|1003|1737|1737|01-JAN-1970|18-OCT-2025|18-OCT-2025|39.239|0|100000000034_1003_PURCH| |202547|CONSTRAINED|CONSTRAINED|CONSTRAINED_202547_2025-11-20_0656|BY_IF
100000000034|1003|1736|1736|01-JAN-1970|11-OCT-2025|11-OCT-2025|39.239|0|100000000034_1003_PURCH| |202547|CONSTRAINED|CONSTRAINED|CONSTRAINED_202547_2025-11-20_0656|BY_IF
100000000034|1003|1735|1735|01-JAN-1970|04-OCT-2025|04-OCT-2025|39.239|0|100000000034_1003_PURCH| |202547|CONSTRAINED|CONSTRAINED|CONSTRAINED_202547_2025-11-20_0656|BY_IF
100000000034|1003|1734|1734|01-JAN-1970|27-SEP-2025|27-SEP-2025|39.239|0|100000000034_1003_PURCH| |202547|CONSTRAINED|CONSTRAINED|CONSTRAINED_202547_2025-11-20_0656|BY_IF
100000000034|1003|1733|1733|01-JAN-1970|20-SEP-2025|20-SEP-2025|39.239|0|100000000034_1003_PURCH| |202547|CONSTRAINED|CONSTRAINED|CONSTRAINED_202547_2025-11-20_0656|BY_IF
100000000034|1003|1732|1732|01-JAN-1970|13-SEP-2025|13-SEP-2025|39.239|0|100000000034_1003_PURCH| |202547|CONSTRAINED|CONSTRAINED|CONSTRAINED_202547_2025-11-20_0656|BY_IF
100000000034|1003|1731|1731|01-JAN-1970|06-SEP-2025|06-SEP-2025|39.239|0|100000000034_1003_PURCH| |202547|CONSTRAINED|CONSTRAINED|CONSTRAINED_202547_2025-11-20_0656|BY_IF
100000000034|1003|1730|1730|01-JAN-1970|30-AUG-2025|30-AUG-2025|39.239|0|100000000034_1003_PURCH| |202547|CONSTRAINED|CONSTRAINED|CONSTRAINED_202547_2025-11-20_0656|BY_IF
100000000034|1003|1729|1729|01-JAN-1970|23-AUG-2025|23-AUG-2025|145.838|0|100000000034_1003_PURCH| |202547|CONSTRAINED|CONSTRAINED|CONSTRAINED_202547_2025-11-20_0656|BY_IF
100000000034|1003|1728|1728|01-JAN-1970|16-AUG-2025|16-AUG-2025|147.869|0|100000000034_1003_PURCH| |202547|CONSTRAINED|CONSTRAINED|CONSTRAINED_202547_2025-11-20_0656|BY_IF
100000000034|1003|1727|1727|01-JAN-1970|09-AUG-2025|09-AUG-2025|328.579|0|100000000034_1003_PURCH| |202547|CONSTRAINED|CONSTRAINED|CONSTRAINED_202547_2025-11-20_0656|BY_IF
100000000034|1003|1726|1726|01-JAN-1970|02-AUG-2025|02-AUG-2025|39.239|0|100000000034_1003_PURCH| |202547|CONSTRAINED|CONSTRAINED|CONSTRAINED_202547_2025-11-20_0656|BY_IF
100000000034|1003|1725|1725|01-JAN-1970|26-JUL-2025|26-JUL-2025|116.751|0|100000000034_1003_PURCH| |202547|CONSTRAINED|CONSTRAINED|CONSTRAINED_202547_2025-11-20_0656|BY_IF
100000000034|1006|300|300|01-JAN-1970|19-SEP-2026|19-SEP-2026|118.154|0|100000000034_1006_PURCH| |202547|CONSTRAINED|CONSTRAINED|CONSTRAINED_202547_2025-11-20_0656|BY_IF
100000000034|1006|299|299|01-JAN-1970|12-SEP-2026|12-SEP-2026|118.154|0|100000000034_1006_PURCH| |202547|CONSTRAINED|CONSTRAINED|CONSTRAINED_202547_2025-11-20_0656|BY_IF
100000000034|1006|298|298|01-JAN-1970|05-SEP-2026|05-SEP-2026|118.154|0|100000000034_1006_PURCH| |202547|CONSTRAINED|CONSTRAINED|CONSTRAINED_202547_2025-11-20_0656|BY_IF
100000000034|1006|297|297|01-JAN-1970|29-AUG-2026|29-AUG-2026|118.154|0|100000000034_1006_PURCH| |202547|CONSTRAINED|CONSTRAINED|CONSTRAINED_202547_2025-11-20_0656|BY_IF
100000000034|1006|296|296|01-JAN-1970|22-AUG-2026|22-AUG-2026|118.154|0|100000000034_1006_PURCH| |202547|CONSTRAINED|CONSTRAINED|CONSTRAINED_202547_2025-11-20_0656|BY_IF
100000000034|1006|295|295|01-JAN-1970|15-AUG-2026|15-AUG-2026|118.154|0|100000000034_1006_PURCH| |202547|CONSTRAINED|CONSTRAINED|CONSTRAINED_202547_2025-11-20_0656|BY_IF
100000000034|1006|294|294|01-JAN-1970|08-AUG-2026|08-AUG-2026|118.154|0|100000000034_1006_PURCH| |202547|CONSTRAINED|CONSTRAINED|CONSTRAINED_202547_2025-11-20_0656|BY_IF
100000000034|1006|293|293|01-JAN-1970|01-AUG-2026|01-AUG-2026|118.154|0|100000000034_1006_PURCH| |202547|CONSTRAINED|CONSTRAINED|CONSTRAINED_202547_2025-11-20_0656|BY_IF
100000000034|1006|292|292|01-JAN-1970|25-JUL-2026|25-JUL-2026|118.154|0|100000000034_1006_PURCH| |202547|CONSTRAINED|CONSTRAINED|CONSTRAINED_202547_2025-11-20_0656|BY_IF
100000000034|1006|291|291|01-JAN-1970|18-JUL-2026|18-JUL-2026|118.154|0|100000000034_1006_PURCH| |202547|CONSTRAINED|CONSTRAINED|CONSTRAINED_202547_2025-11-20_0656|BY_IF
100000000034|1006|290|290|01-JAN-1970|11-JUL-2026|11-JUL-2026|118.154|0|100000000034_1006_PURCH| |202547|CONSTRAINED|CONSTRAINED|CONSTRAINED_202547_2025-11-20_0656|BY_IF
100000000034|1006|289|289|01-JAN-1970|04-JUL-2026|04-JUL-2026|42.012|0|100000000034_1006_PURCH| |202547|CONSTRAINED|CONSTRAINED|CONSTRAINED_202547_2025-11-20_0656|BY_IF
100000000034|1006|288|288|01-JAN-1970|27-JUN-2026|27-JUN-2026|42.012|0|100000000034_1006_PURCH| |202547|CONSTRAINED|CONSTRAINED|CONSTRAINED_202547_2025-11-20_0656|BY_IF
100000000034|1006|287|287|01-JAN-1970|20-JUN-2026|20-JUN-2026|42.012|0|100000000034_1006_PURCH| |202547|CONSTRAINED|CONSTRAINED|CONSTRAINED_202547_2025-11-20_0656|BY_IF
100000000034|1006|286|286|01-JAN-1970|13-JUN-2026|13-JUN-2026|42.012|0|100000000034_1006_PURCH| |202547|CONSTRAINED|CONSTRAINED|CONSTRAINED_202547_2025-11-20_0656|BY_IF
100000000034|1006|285|285|01-JAN-1970|06-JUN-2026|06-JUN-2026|42.012|0|100000000034_1006_PURCH| |202547|CONSTRAINED|CONSTRAINED|CONSTRAINED_202547_2025-11-20_0656|BY_IF
100000000034|1006|284|284|01-JAN-1970|30-MAY-2026|30-MAY-2026|42.012|0|100000000034_1006_PURCH| |202547|CONSTRAINED|CONSTRAINED|CONSTRAINED_202547_2025-11-20_0656|BY_IF
100000000034|1006|283|283|01-JAN-1970|23-MAY-2026|23-MAY-2026|118.154|0|100000000034_1006_PURCH| |202547|CONSTRAINED|CONSTRAINED|CONSTRAINED_202547_2025-11-20_0656|BY_IF
100000000034|1006|282|282|01-JAN-1970|16-MAY-2026|16-MAY-2026|118.154|0|100000000034_1006_PURCH| |202547|CONSTRAINED|CONSTRAINED|CONSTRAINED_202547_2025-11-20_0656|BY_IF
100000000034|1006|281|281|01-JAN-1970|09-MAY-2026|09-MAY-2026|118.154|0|100000000034_1006_PURCH| |202547|CONSTRAINED|CONSTRAINED|CONSTRAINED_202547_2025-11-20_0656|BY_IF
100000000034|1006|280|280|01-JAN-1970|02-MAY-2026|02-MAY-2026|42.012|0|100000000034_1006_PURCH| |202547|CONSTRAINED|CONSTRAINED|CONSTRAINED_202547_2025-11-20_0656|BY_IF
100000000034|1006|279|279|01-JAN-1970|25-APR-2026|25-APR-2026|118.154|0|100000000034_1006_PURCH| |202547|CONSTRAINED|CONSTRAINED|CONSTRAINED_202547_2025-11-20_0656|BY_IF
100000000034|1006|278|278|01-JAN-1970|18-APR-2026|18-APR-2026|42.012|0|100000000034_1006_PURCH| |202547|CONSTRAINED|CONSTRAINED|CONSTRAINED_202547_2025-11-20_0656|BY_IF
100000000034|1006|277|277|01-JAN-1970|11-APR-2026|11-APR-2026|118.154|0|100000000034_1006_PURCH| |202547|CONSTRAINED|CONSTRAINED|CONSTRAINED_202547_2025-11-20_0656|BY_IF
100000000034|1006|276|276|01-JAN-1970|04-APR-2026|04-APR-2026|118.154|0|100000000034_1006_PURCH| |202547|CONSTRAINED|CONSTRAINED|CONSTRAINED_202547_2025-11-20_0656|BY_IF
100000000034|1006|275|275|01-JAN-1970|28-MAR-2026|28-MAR-2026|118.154|0|100000000034_1006_PURCH| |202547|CONSTRAINED|CONSTRAINED|CONSTRAINED_202547_2025-11-20_0656|BY_IF
100000000034|1006|274|274|01-JAN-1970|21-MAR-2026|21-MAR-2026|118.154|0|100000000034_1006_PURCH| |202547|CONSTRAINED|CONSTRAINED|CONSTRAINED_202547_2025-11-20_0656|BY_IF
100000000034|1006|273|273|01-JAN-1970|14-MAR-2026|14-MAR-2026|118.154|0|100000000034_1006_PURCH| |202547|CONSTRAINED|CONSTRAINED|CONSTRAINED_202547_2025-11-20_0656|BY_IF
100000000034|1006|272|272|01-JAN-1970|07-MAR-2026|07-MAR-2026|42.012|0|100000000034_1006_PURCH| |202547|CONSTRAINED|CONSTRAINED|CONSTRAINED_202547_2025-11-20_0656|BY_IF
100000000034|1006|271|271|01-JAN-1970|28-FEB-2026|28-FEB-2026|118.154|0|100000000034_1006_PURCH| |202547|CONSTRAINED|CONSTRAINED|CONSTRAINED_202547_2025-11-20_0656|BY_IF
100000000034|1006|270|270|01-JAN-1970|21-FEB-2026|21-FEB-2026|42.012|0|100000000034_1006_PURCH| |202547|CONSTRAINED|CONSTRAINED|CONSTRAINED_202547_2025-11-20_0656|BY_IF
100000000034|1006|269|269|01-JAN-1970|14-FEB-2026|14-FEB-2026|118.154|0|100000000034_1006_PURCH| |202547|CONSTRAINED|CONSTRAINED|CONSTRAINED_202547_2025-11-20_0656|BY_IF
100000000034|1006|268|268|01-JAN-1970|07-FEB-2026|07-FEB-2026|42.012|0|100000000034_1006_PURCH| |202547|CONSTRAINED|CONSTRAINED|CONSTRAINED_202547_2025-11-20_0656|BY_IF
100000000034|1006|267|267|01-JAN-1970|31-JAN-2026|31-JAN-2026|118.154|0|100000000034_1006_PURCH| |202547|CONSTRAINED|CONSTRAINED|CONSTRAINED_202547_2025-11-20_0656|BY_IF
100000000034|1006|266|266|01-JAN-1970|24-JAN-2026|24-JAN-2026|42.012|0|100000000034_1006_PURCH| |202547|CONSTRAINED|CONSTRAINED|CONSTRAINED_202547_2025-11-20_0656|BY_IF
100000000034|1006|265|265|01-JAN-1970|17-JAN-2026|17-JAN-2026|109.191|0|100000000034_1006_PURCH| |202547|CONSTRAINED|CONSTRAINED|CONSTRAINED_202547_2025-11-20_0656|BY_IF
100000000034|1006|264|264|01-JAN-1970|10-JAN-2026|10-JAN-2026|28.008|0|100000000034_1006_PURCH| |202547|CONSTRAINED|CONSTRAINED|CONSTRAINED_202547_2025-11-20_0656|BY_IF
100000000034|1006|263|263|01-JAN-1970|03-JAN-2026|03-JAN-2026|104.15|0|100000000034_1006_PURCH| |202547|CONSTRAINED|CONSTRAINED|CONSTRAINED_202547_2025-11-20_0656|BY_IF
100000000034|1006|262|262|01-JAN-1970|27-DEC-2025|27-DEC-2025|28.008|0|100000000034_1006_PURCH| |202547|CONSTRAINED|CONSTRAINED|CONSTRAINED_202547_2025-11-20_0656|BY_IF
100000000034|1006|261|261|01-JAN-1970|20-DEC-2025|20-DEC-2025|104.15|0|100000000034_1006_PURCH| |202547|CONSTRAINED|CONSTRAINED|CONSTRAINED_202547_2025-11-20_0656|BY_IF
100000000034|1006|260|260|01-JAN-1970|13-DEC-2025|13-DEC-2025|104.15|0|100000000034_1006_PURCH| |202547|CONSTRAINED|CONSTRAINED|CONSTRAINED_202547_2025-11-20_0656|BY_IF
100000000034|1006|259|259|01-JAN-1970|06-DEC-2025|06-DEC-2025|77.754|0|100000000034_1006_PURCH| |202547|CONSTRAINED|CONSTRAINED|CONSTRAINED_202547_2025-11-20_0656|BY_IF
100000000034|1006|258|258|01-JAN-1970|29-NOV-2025|29-NOV-2025|28.008|0|100000000034_1006_PURCH| |202547|CONSTRAINED|CONSTRAINED|CONSTRAINED_202547_2025-11-20_0656|BY_IF
100000000034|1006|257|257|01-JAN-1970|22-NOV-2025|22-NOV-2025|88.922|0|100000000034_1006_PURCH| |202547|CONSTRAINED|CONSTRAINED|CONSTRAINED_202547_2025-11-20_0656|BY_IF
100000000034|1006|256|256|01-JAN-1970|15-NOV-2025|15-NOV-2025|28.008|0|100000000034_1006_PURCH| |202547|CONSTRAINED|CONSTRAINED|CONSTRAINED_202547_2025-11-20_0656|BY_IF
100000000034|1006|255|255|01-JAN-1970|08-NOV-2025|08-NOV-2025|28.008|0|100000000034_1006_PURCH| |202547|CONSTRAINED|CONSTRAINED|CONSTRAINED_202547_2025-11-20_0656|BY_IF
100000000034|1006|254|254|01-JAN-1970|01-NOV-2025|01-NOV-2025|28.008|0|100000000034_1006_PURCH| |202547|CONSTRAINED|CONSTRAINED|CONSTRAINED_202547_2025-11-20_0656|BY_IF
100000000034|1006|253|253|01-JAN-1970|25-OCT-2025|25-OCT-2025|28.008|0|100000000034_1006_PURCH| |202547|CONSTRAINED|CONSTRAINED|CONSTRAINED_202547_2025-11-20_0656|BY_IF
100000000034|1006|252|252|01-JAN-1970|18-OCT-2025|18-OCT-2025|28.008|0|100000000034_1006_PURCH| |202547|CONSTRAINED|CONSTRAINED|CONSTRAINED_202547_2025-11-20_0656|BY_IF
100000000034|1006|251|251|01-JAN-1970|11-OCT-2025|11-OCT-2025|28.008|0|100000000034_1006_PURCH| |202547|CONSTRAINED|CONSTRAINED|CONSTRAINED_202547_2025-11-20_0656|BY_IF
100000000034|1006|250|250|01-JAN-1970|04-OCT-2025|04-OCT-2025|28.008|0|100000000034_1006_PURCH| |202547|CONSTRAINED|CONSTRAINED|CONSTRAINED_202547_2025-11-20_0656|BY_IF
100000000034|1006|249|249|01-JAN-1970|27-SEP-2025|27-SEP-2025|35.85|0|100000000034_1006_PURCH| |202547|CONSTRAINED|CONSTRAINED|CONSTRAINED_202547_2025-11-20_0656|BY_IF
100000000034|1006|248|248|01-JAN-1970|20-SEP-2025|20-SEP-2025|92.773|0|100000000034_1006_PURCH| |202547|CONSTRAINED|CONSTRAINED|CONSTRAINED_202547_2025-11-20_0656|BY_IF
100000000034|1006|247|247|01-JAN-1970|13-SEP-2025|13-SEP-2025|42.012|0|100000000034_1006_PURCH| |202547|CONSTRAINED|CONSTRAINED|CONSTRAINED_202547_2025-11-20_0656|BY_IF
100000000034|1006|246|246|01-JAN-1970|06-SEP-2025|06-SEP-2025|42.012|0|100000000034_1006_PURCH| |202547|CONSTRAINED|CONSTRAINED|CONSTRAINED_202547_2025-11-20_0656|BY_IF
100000000034|1006|245|245|01-JAN-1970|30-AUG-2025|30-AUG-2025|52.164|0|100000000034_1006_PURCH| |202547|CONSTRAINED|CONSTRAINED|CONSTRAINED_202547_2025-11-20_0656|BY_IF
100000000034|1006|244|244|01-JAN-1970|23-AUG-2025|23-AUG-2025|42.012|0|100000000034_1006_PURCH| |202547|CONSTRAINED|CONSTRAINED|CONSTRAINED_202547_2025-11-20_0656|BY_IF
100000000034|1006|243|243|01-JAN-1970|16-AUG-2025|16-AUG-2025|229.829|0|100000000034_1006_PURCH| |202547|CONSTRAINED|CONSTRAINED|CONSTRAINED_202547_2025-11-20_0656|BY_IF
100000000034|1006|242|242|01-JAN-1970|09-AUG-2025|09-AUG-2025|366.885|0|100000000034_1006_PURCH| |202547|CONSTRAINED|CONSTRAINED|CONSTRAINED_202547_2025-11-20_0656|BY_IF
100000000034|1006|241|241|01-JAN-1970|02-AUG-2025|02-AUG-2025|42.012|0|100000000034_1006_PURCH| |202547|CONSTRAINED|CONSTRAINED|CONSTRAINED_202547_2025-11-20_0656|BY_IF
100000000034|1006|240|240|01-JAN-1970|26-JUL-2025|26-JUL-2025|248.731|0|100000000034_1006_PURCH| |202547|CONSTRAINED|CONSTRAINED|CONSTRAINED_202547_2025-11-20_0656|BY_IF
100000000034|1006|343|343|01-JAN-1970|24-JUL-2027|24-JUL-2027|76.142|0|100000000034_1006_PURCH| |202547|CONSTRAINED|CONSTRAINED|CONSTRAINED_202547_2025-11-20_0656|BY_IF
100000000034|1006|342|342|01-JAN-1970|10-JUL-2027|10-JUL-2027|118.154|0|100000000034_1006_PURCH| |202547|CONSTRAINED|CONSTRAINED|CONSTRAINED_202547_2025-11-20_0656|BY_IF
100000000034|1006|341|341|01-JAN-1970|03-JUL-2027|03-JUL-2027|42.012|0|100000000034_1006_PURCH| |202547|CONSTRAINED|CONSTRAINED|CONSTRAINED_202547_2025-11-20_0656|BY_IF
100000000034|1006|340|340|01-JAN-1970|26-JUN-2027|26-JUN-2027|42.012|0|100000000034_1006_PURCH| |202547|CONSTRAINED|CONSTRAINED|CONSTRAINED_202547_2025-11-20_0656|BY_IF
100000000034|1006|339|339|01-JAN-1970|19-JUN-2027|19-JUN-2027|42.012|0|100000000034_1006_PURCH| |202547|CONSTRAINED|CONSTRAINED|CONSTRAINED_202547_2025-11-20_0656|BY_IF
100000000034|1006|338|338|01-JAN-1970|12-JUN-2027|12-JUN-2027|118.154|0|100000000034_1006_PURCH| |202547|CONSTRAINED|CONSTRAINED|CONSTRAINED_202547_2025-11-20_0656|BY_IF
100000000034|1006|337|337|01-JAN-1970|05-JUN-2027|05-JUN-2027|118.154|0|100000000034_1006_PURCH| |202547|CONSTRAINED|CONSTRAINED|CONSTRAINED_202547_2025-11-20_0656|BY_IF
100000000034|1006|336|336|01-JAN-1970|29-MAY-2027|29-MAY-2027|118.154|0|100000000034_1006_PURCH| |202547|CONSTRAINED|CONSTRAINED|CONSTRAINED_202547_2025-11-20_0656|BY_IF
100000000034|1006|335|335|01-JAN-1970|22-MAY-2027|22-MAY-2027|42.012|0|100000000034_1006_PURCH| |202547|CONSTRAINED|CONSTRAINED|CONSTRAINED_202547_2025-11-20_0656|BY_IF
100000000034|1006|334|334|01-JAN-1970|15-MAY-2027|15-MAY-2027|118.154|0|100000000034_1006_PURCH| |202547|CONSTRAINED|CONSTRAINED|CONSTRAINED_202547_2025-11-20_0656|BY_IF
100000000034|1006|333|333|01-JAN-1970|08-MAY-2027|08-MAY-2027|42.012|0|100000000034_1006_PURCH| |202547|CONSTRAINED|CONSTRAINED|CONSTRAINED_202547_2025-11-20_0656|BY_IF
100000000034|1006|332|332|01-JAN-1970|01-MAY-2027|01-MAY-2027|118.154|0|100000000034_1006_PURCH| |202547|CONSTRAINED|CONSTRAINED|CONSTRAINED_202547_2025-11-20_0656|BY_IF
100000000034|1006|331|331|01-JAN-1970|24-APR-2027|24-APR-2027|118.154|0|100000000034_1006_PURCH| |202547|CONSTRAINED|CONSTRAINED|CONSTRAINED_202547_2025-11-20_0656|BY_IF
100000000034|1006|330|330|01-JAN-1970|17-APR-2027|17-APR-2027|118.154|0|100000000034_1006_PURCH| |202547|CONSTRAINED|CONSTRAINED|CONSTRAINED_202547_2025-11-20_0656|BY_IF
100000000034|1006|329|329|01-JAN-1970|10-APR-2027|10-APR-2027|118.154|0|100000000034_1006_PURCH| |202547|CONSTRAINED|CONSTRAINED|CONSTRAINED_202547_2025-11-20_0656|BY_IF
100000000034|1006|328|328|01-JAN-1970|03-APR-2027|03-APR-2027|42.012|0|100000000034_1006_PURCH| |202547|CONSTRAINED|CONSTRAINED|CONSTRAINED_202547_2025-11-20_0656|BY_IF
100000000034|1006|327|327|01-JAN-1970|27-MAR-2027|27-MAR-2027|42.012|0|100000000034_1006_PURCH| |202547|CONSTRAINED|CONSTRAINED|CONSTRAINED_202547_2025-11-20_0656|BY_IF
100000000034|1006|326|326|01-JAN-1970|20-MAR-2027|20-MAR-2027|42.012|0|100000000034_1006_PURCH| |202547|CONSTRAINED|CONSTRAINED|CONSTRAINED_202547_2025-11-20_0656|BY_IF
100000000034|1006|325|325|01-JAN-1970|13-MAR-2027|13-MAR-2027|118.154|0|100000000034_1006_PURCH| |202547|CONSTRAINED|CONSTRAINED|CONSTRAINED_202547_2025-11-20_0656|BY_IF
100000000034|1006|324|324|01-JAN-1970|06-MAR-2027|06-MAR-2027|118.154|0|100000000034_1006_PURCH| |202547|CONSTRAINED|CONSTRAINED|CONSTRAINED_202547_2025-11-20_0656|BY_IF
100000000034|1006|323|323|01-JAN-1970|27-FEB-2027|27-FEB-2027|118.154|0|100000000034_1006_PURCH| |202547|CONSTRAINED|CONSTRAINED|CONSTRAINED_202547_2025-11-20_0656|BY_IF
100000000034|1006|322|322|01-JAN-1970|20-FEB-2027|20-FEB-2027|118.154|0|100000000034_1006_PURCH| |202547|CONSTRAINED|CONSTRAINED|CONSTRAINED_202547_2025-11-20_0656|BY_IF
100000000034|1006|321|321|01-JAN-1970|13-FEB-2027|13-FEB-2027|118.154|0|100000000034_1006_PURCH| |202547|CONSTRAINED|CONSTRAINED|CONSTRAINED_202547_2025-11-20_0656|BY_IF
100000000034|1006|320|320|01-JAN-1970|06-FEB-2027|06-FEB-2027|118.154|0|100000000034_1006_PURCH| |202547|CONSTRAINED|CONSTRAINED|CONSTRAINED_202547_2025-11-20_0656|BY_IF
100000000034|1006|319|319|01-JAN-1970|30-JAN-2027|30-JAN-2027|118.154|0|100000000034_1006_PURCH| |202547|CONSTRAINED|CONSTRAINED|CONSTRAINED_202547_2025-11-20_0656|BY_IF
100000000034|1006|318|318|01-JAN-1970|23-JAN-2027|23-JAN-2027|118.154|0|100000000034_1006_PURCH| |202547|CONSTRAINED|CONSTRAINED|CONSTRAINED_202547_2025-11-20_0656|BY_IF
100000000034|1006|317|317|01-JAN-1970|16-JAN-2027|16-JAN-2027|118.154|0|100000000034_1006_PURCH| |202547|CONSTRAINED|CONSTRAINED|CONSTRAINED_202547_2025-11-20_0656|BY_IF
100000000034|1006|316|316|01-JAN-1970|09-JAN-2027|09-JAN-2027|118.154|0|100000000034_1006_PURCH| |202547|CONSTRAINED|CONSTRAINED|CONSTRAINED_202547_2025-11-20_0656|BY_IF
100000000034|1006|315|315|01-JAN-1970|02-JAN-2027|02-JAN-2027|118.154|0|100000000034_1006_PURCH| |202547|CONSTRAINED|CONSTRAINED|CONSTRAINED_202547_2025-11-20_0656|BY_IF
100000000034|1006|314|314|01-JAN-1970|26-DEC-2026|26-DEC-2026|118.154|0|100000000034_1006_PURCH| |202547|CONSTRAINED|CONSTRAINED|CONSTRAINED_202547_2025-11-20_0656|BY_IF
100000000034|1006|313|313|01-JAN-1970|19-DEC-2026|19-DEC-2026|118.154|0|100000000034_1006_PURCH| |202547|CONSTRAINED|CONSTRAINED|CONSTRAINED_202547_2025-11-20_0656|BY_IF
100000000034|1006|312|312|01-JAN-1970|12-DEC-2026|12-DEC-2026|118.154|0|100000000034_1006_PURCH| |202547|CONSTRAINED|CONSTRAINED|CONSTRAINED_202547_2025-11-20_0656|BY_IF
100000000034|1006|311|311|01-JAN-1970|05-DEC-2026|05-DEC-2026|118.154|0|100000000034_1006_PURCH| |202547|CONSTRAINED|CONSTRAINED|CONSTRAINED_202547_2025-11-20_0656|BY_IF
100000000034|1006|310|310|01-JAN-1970|28-NOV-2026|28-NOV-2026|118.154|0|100000000034_1006_PURCH| |202547|CONSTRAINED|CONSTRAINED|CONSTRAINED_202547_2025-11-20_0656|BY_IF
100000000034|1006|309|309|01-JAN-1970|21-NOV-2026|21-NOV-2026|118.154|0|100000000034_1006_PURCH| |202547|CONSTRAINED|CONSTRAINED|CONSTRAINED_202547_2025-11-20_0656|BY_IF
100000000034|1006|308|308|01-JAN-1970|14-NOV-2026|14-NOV-2026|118.154|0|100000000034_1006_PURCH| |202547|CONSTRAINED|CONSTRAINED|CONSTRAINED_202547_2025-11-20_0656|BY_IF
100000000034|1006|307|307|01-JAN-1970|07-NOV-2026|07-NOV-2026|118.154|0|100000000034_1006_PURCH| |202547|CONSTRAINED|CONSTRAINED|CONSTRAINED_202547_2025-11-20_0656|BY_IF
100000000034|1006|306|306|01-JAN-1970|31-OCT-2026|31-OCT-2026|118.154|0|100000000034_1006_PURCH| |202547|CONSTRAINED|CONSTRAINED|CONSTRAINED_202547_2025-11-20_0656|BY_IF
100000000034|1006|305|305|01-JAN-1970|24-OCT-2026|24-OCT-2026|118.154|0|100000000034_1006_PURCH| |202547|CONSTRAINED|CONSTRAINED|CONSTRAINED_202547_2025-11-20_0656|BY_IF
100000000034|1006|304|304|01-JAN-1970|17-OCT-2026|17-OCT-2026|118.154|0|100000000034_1006_PURCH| |202547|CONSTRAINED|CONSTRAINED|CONSTRAINED_202547_2025-11-20_0656|BY_IF
100000000034|1006|303|303|01-JAN-1970|10-OCT-2026|10-OCT-2026|118.154|0|100000000034_1006_PURCH| |202547|CONSTRAINED|CONSTRAINED|CONSTRAINED_202547_2025-11-20_0656|BY_IF
100000000034|1006|302|302|01-JAN-1970|03-OCT-2026|03-OCT-2026|118.154|0|100000000034_1006_PURCH| |202547|CONSTRAINED|CONSTRAINED|CONSTRAINED_202547_2025-11-20_0656|BY_IF
100000000034|1006|301|301|01-JAN-1970|26-SEP-2026|26-SEP-2026|118.154|0|100000000034_1006_PURCH| |202547|CONSTRAINED|CONSTRAINED|CONSTRAINED_202547_2025-11-20_0656|BY_IF
100000000035|1004|3836|3836|01-JAN-1970|03-JUL-2027|03-JUL-2027|156.958|0|100000000035_1004_PURCH| |202547|CONSTRAINED|CONSTRAINED|CONSTRAINED_202547_2025-11-20_0656|BY_IF
100000000035|1004|3835|3835|01-JAN-1970|26-JUN-2027|26-JUN-2027|78.479|0|100000000035_1004_PURCH| |202547|CONSTRAINED|CONSTRAINED|CONSTRAINED_202547_2025-11-20_0656|BY_IF
100000000035|1004|3834|3834|01-JAN-1970|19-JUN-2027|19-JUN-2027|78.479|0|100000000035_1004_PURCH| |202547|CONSTRAINED|CONSTRAINED|CONSTRAINED_202547_2025-11-20_0656|BY_IF
100000000035|1004|3833|3833|01-JAN-1970|12-JUN-2027|12-JUN-2027|78.479|0|100000000035_1004_PURCH| |202547|CONSTRAINED|CONSTRAINED|CONSTRAINED_202547_2025-11-20_0656|BY_IF
100000000035|1004|3832|3832|01-JAN-1970|05-JUN-2027|05-JUN-2027|78.479|0|100000000035_1004_PURCH| |202547|CONSTRAINED|CONSTRAINED|CONSTRAINED_202547_2025-11-20_0656|BY_IF
100000000035|1004|3831|3831|01-JAN-1970|29-MAY-2027|29-MAY-2027|78.479|0|100000000035_1004_PURCH| |202547|CONSTRAINED|CONSTRAINED|CONSTRAINED_202547_2025-11-20_0656|BY_IF
100000000035|1004|3830|3830|01-JAN-1970|22-MAY-2027|22-MAY-2027|78.479|0|100000000035_1004_PURCH| |202547|CONSTRAINED|CONSTRAINED|CONSTRAINED_202547_2025-11-20_0656|BY_IF
100000000035|1004|3829|3829|01-JAN-1970|15-MAY-2027|15-MAY-2027|78.479|0|100000000035_1004_PURCH| |202547|CONSTRAINED|CONSTRAINED|CONSTRAINED_202547_2025-11-20_0656|BY_IF
100000000035|1004|3828|3828|01-JAN-1970|08-MAY-2027|08-MAY-2027|78.479|0|100000000035_1004_PURCH| |202547|CONSTRAINED|CONSTRAINED|CONSTRAINED_202547_2025-11-20_0656|BY_IF
100000000035|1004|3827|3827|01-JAN-1970|01-MAY-2027|01-MAY-2027|78.479|0|100000000035_1004_PURCH| |202547|CONSTRAINED|CONSTRAINED|CONSTRAINED_202547_2025-11-20_0656|BY_IF
100000000035|1004|3826|3826|01-JAN-1970|24-APR-2027|24-APR-2027|78.479|0|100000000035_1004_PURCH| |202547|CONSTRAINED|CONSTRAINED|CONSTRAINED_202547_2025-11-20_0656|BY_IF
100000000035|1004|3825|3825|01-JAN-1970|17-APR-2027|17-APR-2027|78.479|0|100000000035_1004_PURCH| |202547|CONSTRAINED|CONSTRAINED|CONSTRAINED_202547_2025-11-20_0656|BY_IF
100000000035|1004|3824|3824|01-JAN-1970|10-APR-2027|10-APR-2027|78.479|0|100000000035_1004_PURCH| |202547|CONSTRAINED|CONSTRAINED|CONSTRAINED_202547_2025-11-20_0656|BY_IF
100000000035|1004|3823|3823|01-JAN-1970|03-APR-2027|03-APR-2027|78.479|0|100000000035_1004_PURCH| |202547|CONSTRAINED|CONSTRAINED|CONSTRAINED_202547_2025-11-20_0656|BY_IF
100000000035|1004|3822|3822|01-JAN-1970|27-MAR-2027|27-MAR-2027|78.479|0|100000000035_1004_PURCH| |202547|CONSTRAINED|CONSTRAINED|CONSTRAINED_202547_2025-11-20_0656|BY_IF
100000000035|1004|3821|3821|01-JAN-1970|20-MAR-2027|20-MAR-2027|78.479|0|100000000035_1004_PURCH| |202547|CONSTRAINED|CONSTRAINED|CONSTRAINED_202547_2025-11-20_0656|BY_IF
100000000035|1004|3820|3820|01-JAN-1970|13-MAR-2027|13-MAR-2027|78.479|0|100000000035_1004_PURCH| |202547|CONSTRAINED|CONSTRAINED|CONSTRAINED_202547_2025-11-20_0656|BY_IF
100000000035|1004|3819|3819|01-JAN-1970|06-MAR-2027|06-MAR-2027|78.479|0|100000000035_1004_PURCH| |202547|CONSTRAINED|CONSTRAINED|CONSTRAINED_202547_2025-11-20_0656|BY_IF
100000000035|1004|3818|3818|01-JAN-1970|27-FEB-2027|27-FEB-2027|78.479|0|100000000035_1004_PURCH| |202547|CONSTRAINED|CONSTRAINED|CONSTRAINED_202547_2025-11-20_0656|BY_IF
100000000035|1004|3817|3817|01-JAN-1970|20-FEB-2027|20-FEB-2027|78.479|0|100000000035_1004_PURCH| |202547|CONSTRAINED|CONSTRAINED|CONSTRAINED_202547_2025-11-20_0656|BY_IF
100000000035|1004|3816|3816|01-JAN-1970|13-FEB-2027|13-FEB-2027|78.479|0|100000000035_1004_PURCH| |202547|CONSTRAINED|CONSTRAINED|CONSTRAINED_202547_2025-11-20_0656|BY_IF
100000000035|1004|3815|3815|01-JAN-1970|06-FEB-2027|06-FEB-2027|78.479|0|100000000035_1004_PURCH| |202547|CONSTRAINED|CONSTRAINED|CONSTRAINED_202547_2025-11-20_0656|BY_IF
100000000035|1004|3814|3814|01-JAN-1970|30-JAN-2027|30-JAN-2027|78.479|0|100000000035_1004_PURCH| |202547|CONSTRAINED|CONSTRAINED|CONSTRAINED_202547_2025-11-20_0656|BY_IF
100000000035|1004|3813|3813|01-JAN-1970|23-JAN-2027|23-JAN-2027|78.479|0|100000000035_1004_PURCH| |202547|CONSTRAINED|CONSTRAINED|CONSTRAINED_202547_2025-11-20_0656|BY_IF
100000000035|1004|3812|3812|01-JAN-1970|16-JAN-2027|16-JAN-2027|78.479|0|100000000035_1004_PURCH| |202547|CONSTRAINED|CONSTRAINED|CONSTRAINED_202547_2025-11-20_0656|BY_IF
100000000035|1004|3811|3811|01-JAN-1970|09-JAN-2027|09-JAN-2027|78.479|0|100000000035_1004_PURCH| |202547|CONSTRAINED|CONSTRAINED|CONSTRAINED_202547_2025-11-20_0656|BY_IF
100000000035|1004|3810|3810|01-JAN-1970|02-JAN-2027|02-JAN-2027|78.479|0|100000000035_1004_PURCH| |202547|CONSTRAINED|CONSTRAINED|CONSTRAINED_202547_2025-11-20_0656|BY_IF
100000000035|1004|3809|3809|01-JAN-1970|26-DEC-2026|26-DEC-2026|78.479|0|100000000035_1004_PURCH| |202547|CONSTRAINED|CONSTRAINED|CONSTRAINED_202547_2025-11-20_0656|BY_IF
100000000035|1004|3808|3808|01-JAN-1970|19-DEC-2026|19-DEC-2026|78.479|0|100000000035_1004_PURCH| |202547|CONSTRAINED|CONSTRAINED|CONSTRAINED_202547_2025-11-20_0656|BY_IF
100000000035|1004|3807|3807|01-JAN-1970|12-DEC-2026|12-DEC-2026|78.479|0|100000000035_1004_PURCH| |202547|CONSTRAINED|CONSTRAINED|CONSTRAINED_202547_2025-11-20_0656|BY_IF
100000000035|1004|3806|3806|01-JAN-1970|05-DEC-2026|05-DEC-2026|78.479|0|100000000035_1004_PURCH| |202547|CONSTRAINED|CONSTRAINED|CONSTRAINED_202547_2025-11-20_0656|BY_IF
100000000035|1004|3805|3805|01-JAN-1970|28-NOV-2026|28-NOV-2026|78.479|0|100000000035_1004_PURCH| |202547|CONSTRAINED|CONSTRAINED|CONSTRAINED_202547_2025-11-20_0656|BY_IF
100000000035|1004|3804|3804|01-JAN-1970|21-NOV-2026|21-NOV-2026|78.479|0|100000000035_1004_PURCH| |202547|CONSTRAINED|CONSTRAINED|CONSTRAINED_202547_2025-11-20_0656|BY_IF
100000000035|1004|3803|3803|01-JAN-1970|14-NOV-2026|14-NOV-2026|78.479|0|100000000035_1004_PURCH| |202547|CONSTRAINED|CONSTRAINED|CONSTRAINED_202547_2025-11-20_0656|BY_IF
100000000035|1004|3802|3802|01-JAN-1970|07-NOV-2026|07-NOV-2026|78.479|0|100000000035_1004_PURCH| |202547|CONSTRAINED|CONSTRAINED|CONSTRAINED_202547_2025-11-20_0656|BY_IF
100000000035|1004|3801|3801|01-JAN-1970|31-OCT-2026|31-OCT-2026|78.479|0|100000000035_1004_PURCH| |202547|CONSTRAINED|CONSTRAINED|CONSTRAINED_202547_2025-11-20_0656|BY_IF
100000000035|1004|3800|3800|01-JAN-1970|24-OCT-2026|24-OCT-2026|78.479|0|100000000035_1004_PURCH| |202547|CONSTRAINED|CONSTRAINED|CONSTRAINED_202547_2025-11-20_0656|BY_IF
100000000035|1004|3799|3799|01-JAN-1970|17-OCT-2026|17-OCT-2026|78.479|0|100000000035_1004_PURCH| |202547|CONSTRAINED|CONSTRAINED|CONSTRAINED_202547_2025-11-20_0656|BY_IF
100000000035|1004|3798|3798|01-JAN-1970|10-OCT-2026|10-OCT-2026|78.479|0|100000000035_1004_PURCH| |202547|CONSTRAINED|CONSTRAINED|CONSTRAINED_202547_2025-11-20_0656|BY_IF
100000000035|1004|3797|3797|01-JAN-1970|03-OCT-2026|03-OCT-2026|78.479|0|100000000035_1004_PURCH| |202547|CONSTRAINED|CONSTRAINED|CONSTRAINED_202547_2025-11-20_0656|BY_IF
100000000035|1004|3796|3796|01-JAN-1970|26-SEP-2026|26-SEP-2026|78.479|0|100000000035_1004_PURCH| |202547|CONSTRAINED|CONSTRAINED|CONSTRAINED_202547_2025-11-20_0656|BY_IF
100000000035|1004|3795|3795|01-JAN-1970|19-SEP-2026|19-SEP-2026|78.479|0|100000000035_1004_PURCH| |202547|CONSTRAINED|CONSTRAINED|CONSTRAINED_202547_2025-11-20_0656|BY_IF
100000000035|1004|3794|3794|01-JAN-1970|12-SEP-2026|12-SEP-2026|78.479|0|100000000035_1004_PURCH| |202547|CONSTRAINED|CONSTRAINED|CONSTRAINED_202547_2025-11-20_0656|BY_IF
100000000035|1004|3793|3793|01-JAN-1970|05-SEP-2026|05-SEP-2026|78.479|0|100000000035_1004_PURCH| |202547|CONSTRAINED|CONSTRAINED|CONSTRAINED_202547_2025-11-20_0656|BY_IF
100000000035|1004|3792|3792|01-JAN-1970|29-AUG-2026|29-AUG-2026|78.479|0|100000000035_1004_PURCH| |202547|CONSTRAINED|CONSTRAINED|CONSTRAINED_202547_2025-11-20_0656|BY_IF
100000000035|1004|3791|3791|01-JAN-1970|22-AUG-2026|22-AUG-2026|78.479|0|100000000035_1004_PURCH| |202547|CONSTRAINED|CONSTRAINED|CONSTRAINED_202547_2025-11-20_0656|BY_IF
100000000035|1004|3790|3790|01-JAN-1970|15-AUG-2026|15-AUG-2026|78.479|0|100000000035_1004_PURCH| |202547|CONSTRAINED|CONSTRAINED|CONSTRAINED_202547_2025-11-20_0656|BY_IF
100000000035|1004|3789|3789|01-JAN-1970|08-AUG-2026|08-AUG-2026|78.479|0|100000000035_1004_PURCH| |202547|CONSTRAINED|CONSTRAINED|CONSTRAINED_202547_2025-11-20_0656|BY_IF
100000000035|1004|3788|3788|01-JAN-1970|01-AUG-2026|01-AUG-2026|78.479|0|100000000035_1004_PURCH| |202547|CONSTRAINED|CONSTRAINED|CONSTRAINED_202547_2025-11-20_0656|BY_IF
100000000035|1004|3787|3787|01-JAN-1970|25-JUL-2026|25-JUL-2026|78.479|0|100000000035_1004_PURCH| |202547|CONSTRAINED|CONSTRAINED|CONSTRAINED_202547_2025-11-20_0656|BY_IF
100000000035|1004|3786|3786|01-JAN-1970|18-JUL-2026|18-JUL-2026|78.479|0|100000000035_1004_PURCH| |202547|CONSTRAINED|CONSTRAINED|CONSTRAINED_202547_2025-11-20_0656|BY_IF
100000000035|1004|3785|3785|01-JAN-1970|11-JUL-2026|11-JUL-2026|78.479|0|100000000035_1004_PURCH| |202547|CONSTRAINED|CONSTRAINED|CONSTRAINED_202547_2025-11-20_0656|BY_IF
100000000035|1004|3784|3784|01-JAN-1970|04-JUL-2026|04-JUL-2026|78.479|0|100000000035_1004_PURCH| |202547|CONSTRAINED|CONSTRAINED|CONSTRAINED_202547_2025-11-20_0656|BY_IF
100000000035|1004|3783|3783|01-JAN-1970|27-JUN-2026|27-JUN-2026|78.479|0|100000000035_1004_PURCH| |202547|CONSTRAINED|CONSTRAINED|CONSTRAINED_202547_2025-11-20_0656|BY_IF
100000000035|1004|3782|3782|01-JAN-1970|20-JUN-2026|20-JUN-2026|78.479|0|100000000035_1004_PURCH| |202547|CONSTRAINED|CONSTRAINED|CONSTRAINED_202547_2025-11-20_0656|BY_IF
100000000035|1004|3781|3781|01-JAN-1970|13-JUN-2026|13-JUN-2026|78.479|0|100000000035_1004_PURCH| |202547|CONSTRAINED|CONSTRAINED|CONSTRAINED_202547_2025-11-20_0656|BY_IF
100000000035|1004|3780|3780|01-JAN-1970|06-JUN-2026|06-JUN-2026|78.479|0|100000000035_1004_PURCH| |202547|CONSTRAINED|CONSTRAINED|CONSTRAINED_202547_2025-11-20_0656|BY_IF
100000000035|1004|3779|3779|01-JAN-1970|30-MAY-2026|30-MAY-2026|78.479|0|100000000035_1004_PURCH| |202547|CONSTRAINED|CONSTRAINED|CONSTRAINED_202547_2025-11-20_0656|BY_IF
100000000035|1004|3778|3778|01-JAN-1970|23-MAY-2026|23-MAY-2026|78.479|0|100000000035_1004_PURCH| |202547|CONSTRAINED|CONSTRAINED|CONSTRAINED_202547_2025-11-20_0656|BY_IF
100000000035|1004|3777|3777|01-JAN-1970|16-MAY-2026|16-MAY-2026|78.479|0|100000000035_1004_PURCH| |202547|CONSTRAINED|CONSTRAINED|CONSTRAINED_202547_2025-11-20_0656|BY_IF
100000000035|1004|3776|3776|01-JAN-1970|09-MAY-2026|09-MAY-2026|78.479|0|100000000035_1004_PURCH| |202547|CONSTRAINED|CONSTRAINED|CONSTRAINED_202547_2025-11-20_0656|BY_IF
100000000035|1004|3775|3775|01-JAN-1970|02-MAY-2026|02-MAY-2026|78.479|0|100000000035_1004_PURCH| |202547|CONSTRAINED|CONSTRAINED|CONSTRAINED_202547_2025-11-20_0656|BY_IF
100000000035|1004|3774|3774|01-JAN-1970|25-APR-2026|25-APR-2026|78.479|0|100000000035_1004_PURCH| |202547|CONSTRAINED|CONSTRAINED|CONSTRAINED_202547_2025-11-20_0656|BY_IF
100000000035|1004|3773|3773|01-JAN-1970|18-APR-2026|18-APR-2026|78.479|0|100000000035_1004_PURCH| |202547|CONSTRAINED|CONSTRAINED|CONSTRAINED_202547_2025-11-20_0656|BY_IF
100000000035|1004|3772|3772|01-JAN-1970|11-APR-2026|11-APR-2026|78.479|0|100000000035_1004_PURCH| |202547|CONSTRAINED|CONSTRAINED|CONSTRAINED_202547_2025-11-20_0656|BY_IF
100000000035|1004|3771|3771|01-JAN-1970|04-APR-2026|04-APR-2026|78.479|0|100000000035_1004_PURCH| |202547|CONSTRAINED|CONSTRAINED|CONSTRAINED_202547_2025-11-20_0656|BY_IF
100000000035|1004|3770|3770|01-JAN-1970|28-MAR-2026|28-MAR-2026|78.479|0|100000000035_1004_PURCH| |202547|CONSTRAINED|CONSTRAINED|CONSTRAINED_202547_2025-11-20_0656|BY_IF
100000000035|1004|3769|3769|01-JAN-1970|21-MAR-2026|21-MAR-2026|78.479|0|100000000035_1004_PURCH| |202547|CONSTRAINED|CONSTRAINED|CONSTRAINED_202547_2025-11-20_0656|BY_IF
100000000035|1004|3768|3768|01-JAN-1970|14-MAR-2026|14-MAR-2026|78.479|0|100000000035_1004_PURCH| |202547|CONSTRAINED|CONSTRAINED|CONSTRAINED_202547_2025-11-20_0656|BY_IF
100000000035|1004|3767|3767|01-JAN-1970|07-MAR-2026|07-MAR-2026|78.479|0|100000000035_1004_PURCH| |202547|CONSTRAINED|CONSTRAINED|CONSTRAINED_202547_2025-11-20_0656|BY_IF
100000000035|1004|3766|3766|01-JAN-1970|28-FEB-2026|28-FEB-2026|78.479|0|100000000035_1004_PURCH| |202547|CONSTRAINED|CONSTRAINED|CONSTRAINED_202547_2025-11-20_0656|BY_IF
100000000035|1004|3765|3765|01-JAN-1970|21-FEB-2026|21-FEB-2026|78.479|0|100000000035_1004_PURCH| |202547|CONSTRAINED|CONSTRAINED|CONSTRAINED_202547_2025-11-20_0656|BY_IF
100000000035|1004|3764|3764|01-JAN-1970|14-FEB-2026|14-FEB-2026|78.479|0|100000000035_1004_PURCH| |202547|CONSTRAINED|CONSTRAINED|CONSTRAINED_202547_2025-11-20_0656|BY_IF
100000000035|1004|3763|3763|01-JAN-1970|07-FEB-2026|07-FEB-2026|78.479|0|100000000035_1004_PURCH| |202547|CONSTRAINED|CONSTRAINED|CONSTRAINED_202547_2025-11-20_0656|BY_IF
100000000035|1004|3762|3762|01-JAN-1970|31-JAN-2026|31-JAN-2026|78.479|0|100000000035_1004_PURCH| |202547|CONSTRAINED|CONSTRAINED|CONSTRAINED_202547_2025-11-20_0656|BY_IF
100000000035|1004|3761|3761|01-JAN-1970|24-JAN-2026|24-JAN-2026|78.479|0|100000000035_1004_PURCH| |202547|CONSTRAINED|CONSTRAINED|CONSTRAINED_202547_2025-11-20_0656|BY_IF
100000000035|1004|3760|3760|01-JAN-1970|17-JAN-2026|17-JAN-2026|78.479|0|100000000035_1004_PURCH| |202547|CONSTRAINED|CONSTRAINED|CONSTRAINED_202547_2025-11-20_0656|BY_IF
100000000035|1004|3759|3759|01-JAN-1970|10-JAN-2026|10-JAN-2026|66.311|0|100000000035_1004_PURCH| |202547|CONSTRAINED|CONSTRAINED|CONSTRAINED_202547_2025-11-20_0656|BY_IF
100000000035|1004|3758|3758|01-JAN-1970|09-AUG-2025|09-AUG-2025|10.464|0|100000000035_1004_PURCH| |202547|CONSTRAINED|CONSTRAINED|CONSTRAINED_202547_2025-11-20_0656|BY_IF
100000000035|1004|3757|3757|01-JAN-1970|02-AUG-2025|02-AUG-2025|575.511|0|100000000035_1004_PURCH| |202547|CONSTRAINED|CONSTRAINED|CONSTRAINED_202547_2025-11-20_0656|BY_IF
100000000035|1004|3756|3756|01-JAN-1970|26-JUL-2025|26-JUL-2025|1512.026|0|100000000035_1004_PURCH| |202547|CONSTRAINED|CONSTRAINED|CONSTRAINED_202547_2025-11-20_0656|BY_IF
100000000036|1004|3652|3652|01-JAN-1970|03-JUL-2027|03-JUL-2027|156.958|0|100000000036_1004_PURCH| |202547|CONSTRAINED|CONSTRAINED|CONSTRAINED_202547_2025-11-20_0656|BY_IF
100000000036|1004|3651|3651|01-JAN-1970|26-JUN-2027|26-JUN-2027|78.479|0|100000000036_1004_PURCH| |202547|CONSTRAINED|CONSTRAINED|CONSTRAINED_202547_2025-11-20_0656|BY_IF
100000000036|1004|3650|3650|01-JAN-1970|19-JUN-2027|19-JUN-2027|78.479|0|100000000036_1004_PURCH| |202547|CONSTRAINED|CONSTRAINED|CONSTRAINED_202547_2025-11-20_0656|BY_IF
100000000036|1004|3649|3649|01-JAN-1970|12-JUN-2027|12-JUN-2027|78.479|0|100000000036_1004_PURCH| |202547|CONSTRAINED|CONSTRAINED|CONSTRAINED_202547_2025-11-20_0656|BY_IF
100000000036|1004|3648|3648|01-JAN-1970|05-JUN-2027|05-JUN-2027|78.479|0|100000000036_1004_PURCH| |202547|CONSTRAINED|CONSTRAINED|CONSTRAINED_202547_2025-11-20_0656|BY_IF
100000000036|1004|3647|3647|01-JAN-1970|29-MAY-2027|29-MAY-2027|78.479|0|100000000036_1004_PURCH| |202547|CONSTRAINED|CONSTRAINED|CONSTRAINED_202547_2025-11-20_0656|BY_IF
100000000036|1004|3646|3646|01-JAN-1970|22-MAY-2027|22-MAY-2027|78.479|0|100000000036_1004_PURCH| |202547|CONSTRAINED|CONSTRAINED|CONSTRAINED_202547_2025-11-20_0656|BY_IF
100000000036|1004|3645|3645|01-JAN-1970|15-MAY-2027|15-MAY-2027|78.479|0|100000000036_1004_PURCH| |202547|CONSTRAINED|CONSTRAINED|CONSTRAINED_202547_2025-11-20_0656|BY_IF
100000000036|1004|3644|3644|01-JAN-1970|08-MAY-2027|08-MAY-2027|78.479|0|100000000036_1004_PURCH| |202547|CONSTRAINED|CONSTRAINED|CONSTRAINED_202547_2025-11-20_0656|BY_IF
100000000036|1004|3643|3643|01-JAN-1970|01-MAY-2027|01-MAY-2027|78.479|0|100000000036_1004_PURCH| |202547|CONSTRAINED|CONSTRAINED|CONSTRAINED_202547_2025-11-20_0656|BY_IF
100000000036|1004|3642|3642|01-JAN-1970|24-APR-2027|24-APR-2027|78.479|0|100000000036_1004_PURCH| |202547|CONSTRAINED|CONSTRAINED|CONSTRAINED_202547_2025-11-20_0656|BY_IF
100000000036|1004|3641|3641|01-JAN-1970|17-APR-2027|17-APR-2027|78.479|0|100000000036_1004_PURCH| |202547|CONSTRAINED|CONSTRAINED|CONSTRAINED_202547_2025-11-20_0656|BY_IF
100000000036|1004|3640|3640|01-JAN-1970|10-APR-2027|10-APR-2027|78.479|0|100000000036_1004_PURCH| |202547|CONSTRAINED|CONSTRAINED|CONSTRAINED_202547_2025-11-20_0656|BY_IF
100000000036|1004|3639|3639|01-JAN-1970|03-APR-2027|03-APR-2027|78.479|0|100000000036_1004_PURCH| |202547|CONSTRAINED|CONSTRAINED|CONSTRAINED_202547_2025-11-20_0656|BY_IF
100000000036|1004|3638|3638|01-JAN-1970|27-MAR-2027|27-MAR-2027|78.479|0|100000000036_1004_PURCH| |202547|CONSTRAINED|CONSTRAINED|CONSTRAINED_202547_2025-11-20_0656|BY_IF
100000000036|1004|3637|3637|01-JAN-1970|20-MAR-2027|20-MAR-2027|78.479|0|100000000036_1004_PURCH| |202547|CONSTRAINED|CONSTRAINED|CONSTRAINED_202547_2025-11-20_0656|BY_IF
100000000036|1004|3636|3636|01-JAN-1970|13-MAR-2027|13-MAR-2027|78.479|0|100000000036_1004_PURCH| |202547|CONSTRAINED|CONSTRAINED|CONSTRAINED_202547_2025-11-20_0656|BY_IF
100000000036|1004|3635|3635|01-JAN-1970|06-MAR-2027|06-MAR-2027|78.479|0|100000000036_1004_PURCH| |202547|CONSTRAINED|CONSTRAINED|CONSTRAINED_202547_2025-11-20_0656|BY_IF
100000000036|1004|3634|3634|01-JAN-1970|27-FEB-2027|27-FEB-2027|78.479|0|100000000036_1004_PURCH| |202547|CONSTRAINED|CONSTRAINED|CONSTRAINED_202547_2025-11-20_0656|BY_IF
100000000036|1004|3633|3633|01-JAN-1970|20-FEB-2027|20-FEB-2027|78.479|0|100000000036_1004_PURCH| |202547|CONSTRAINED|CONSTRAINED|CONSTRAINED_202547_2025-11-20_0656|BY_IF
100000000036|1004|3632|3632|01-JAN-1970|13-FEB-2027|13-FEB-2027|78.479|0|100000000036_1004_PURCH| |202547|CONSTRAINED|CONSTRAINED|CONSTRAINED_202547_2025-11-20_0656|BY_IF
100000000036|1004|3631|3631|01-JAN-1970|06-FEB-2027|06-FEB-2027|78.479|0|100000000036_1004_PURCH| |202547|CONSTRAINED|CONSTRAINED|CONSTRAINED_202547_2025-11-20_0656|BY_IF
100000000036|1004|3630|3630|01-JAN-1970|30-JAN-2027|30-JAN-2027|78.479|0|100000000036_1004_PURCH| |202547|CONSTRAINED|CONSTRAINED|CONSTRAINED_202547_2025-11-20_0656|BY_IF
100000000036|1004|3629|3629|01-JAN-1970|23-JAN-2027|23-JAN-2027|78.479|0|100000000036_1004_PURCH| |202547|CONSTRAINED|CONSTRAINED|CONSTRAINED_202547_2025-11-20_0656|BY_IF
100000000036|1004|3628|3628|01-JAN-1970|16-JAN-2027|16-JAN-2027|78.479|0|100000000036_1004_PURCH| |202547|CONSTRAINED|CONSTRAINED|CONSTRAINED_202547_2025-11-20_0656|BY_IF
100000000036|1004|3627|3627|01-JAN-1970|09-JAN-2027|09-JAN-2027|78.479|0|100000000036_1004_PURCH| |202547|CONSTRAINED|CONSTRAINED|CONSTRAINED_202547_2025-11-20_0656|BY_IF
100000000036|1004|3626|3626|01-JAN-1970|02-JAN-2027|02-JAN-2027|78.479|0|100000000036_1004_PURCH| |202547|CONSTRAINED|CONSTRAINED|CONSTRAINED_202547_2025-11-20_0656|BY_IF
100000000036|1004|3625|3625|01-JAN-1970|26-DEC-2026|26-DEC-2026|78.479|0|100000000036_1004_PURCH| |202547|CONSTRAINED|CONSTRAINED|CONSTRAINED_202547_2025-11-20_0656|BY_IF
100000000036|1004|3624|3624|01-JAN-1970|19-DEC-2026|19-DEC-2026|78.479|0|100000000036_1004_PURCH| |202547|CONSTRAINED|CONSTRAINED|CONSTRAINED_202547_2025-11-20_0656|BY_IF
100000000036|1004|3623|3623|01-JAN-1970|12-DEC-2026|12-DEC-2026|78.479|0|100000000036_1004_PURCH| |202547|CONSTRAINED|CONSTRAINED|CONSTRAINED_202547_2025-11-20_0656|BY_IF
100000000036|1004|3622|3622|01-JAN-1970|05-DEC-2026|05-DEC-2026|78.479|0|100000000036_1004_PURCH| |202547|CONSTRAINED|CONSTRAINED|CONSTRAINED_202547_2025-11-20_0656|BY_IF
100000000036|1004|3621|3621|01-JAN-1970|28-NOV-2026|28-NOV-2026|78.479|0|100000000036_1004_PURCH| |202547|CONSTRAINED|CONSTRAINED|CONSTRAINED_202547_2025-11-20_0656|BY_IF
100000000036|1004|3620|3620|01-JAN-1970|21-NOV-2026|21-NOV-2026|78.479|0|100000000036_1004_PURCH| |202547|CONSTRAINED|CONSTRAINED|CONSTRAINED_202547_2025-11-20_0656|BY_IF
100000000036|1004|3619|3619|01-JAN-1970|14-NOV-2026|14-NOV-2026|78.479|0|100000000036_1004_PURCH| |202547|CONSTRAINED|CONSTRAINED|CONSTRAINED_202547_2025-11-20_0656|BY_IF
100000000036|1004|3618|3618|01-JAN-1970|07-NOV-2026|07-NOV-2026|78.479|0|100000000036_1004_PURCH| |202547|CONSTRAINED|CONSTRAINED|CONSTRAINED_202547_2025-11-20_0656|BY_IF
100000000036|1004|3617|3617|01-JAN-1970|31-OCT-2026|31-OCT-2026|78.479|0|100000000036_1004_PURCH| |202547|CONSTRAINED|CONSTRAINED|CONSTRAINED_202547_2025-11-20_0656|BY_IF
100000000036|1004|3616|3616|01-JAN-1970|24-OCT-2026|24-OCT-2026|78.479|0|100000000036_1004_PURCH| |202547|CONSTRAINED|CONSTRAINED|CONSTRAINED_202547_2025-11-20_0656|BY_IF
100000000036|1004|3615|3615|01-JAN-1970|17-OCT-2026|17-OCT-2026|78.479|0|100000000036_1004_PURCH| |202547|CONSTRAINED|CONSTRAINED|CONSTRAINED_202547_2025-11-20_0656|BY_IF
100000000036|1004|3614|3614|01-JAN-1970|10-OCT-2026|10-OCT-2026|78.479|0|100000000036_1004_PURCH| |202547|CONSTRAINED|CONSTRAINED|CONSTRAINED_202547_2025-11-20_0656|BY_IF
100000000036|1004|3613|3613|01-JAN-1970|03-OCT-2026|03-OCT-2026|78.479|0|100000000036_1004_PURCH| |202547|CONSTRAINED|CONSTRAINED|CONSTRAINED_202547_2025-11-20_0656|BY_IF
100000000036|1004|3612|3612|01-JAN-1970|26-SEP-2026|26-SEP-2026|78.479|0|100000000036_1004_PURCH| |202547|CONSTRAINED|CONSTRAINED|CONSTRAINED_202547_2025-11-20_0656|BY_IF
100000000036|1004|3611|3611|01-JAN-1970|19-SEP-2026|19-SEP-2026|78.479|0|100000000036_1004_PURCH| |202547|CONSTRAINED|CONSTRAINED|CONSTRAINED_202547_2025-11-20_0656|BY_IF
100000000036|1004|3610|3610|01-JAN-1970|12-SEP-2026|12-SEP-2026|78.479|0|100000000036_1004_PURCH| |202547|CONSTRAINED|CONSTRAINED|CONSTRAINED_202547_2025-11-20_0656|BY_IF
100000000036|1004|3609|3609|01-JAN-1970|05-SEP-2026|05-SEP-2026|78.479|0|100000000036_1004_PURCH| |202547|CONSTRAINED|CONSTRAINED|CONSTRAINED_202547_2025-11-20_0656|BY_IF
100000000036|1004|3608|3608|01-JAN-1970|29-AUG-2026|29-AUG-2026|78.479|0|100000000036_1004_PURCH| |202547|CONSTRAINED|CONSTRAINED|CONSTRAINED_202547_2025-11-20_0656|BY_IF
100000000036|1004|3607|3607|01-JAN-1970|22-AUG-2026|22-AUG-2026|78.479|0|100000000036_1004_PURCH| |202547|CONSTRAINED|CONSTRAINED|CONSTRAINED_202547_2025-11-20_0656|BY_IF
100000000036|1004|3606|3606|01-JAN-1970|15-AUG-2026|15-AUG-2026|78.479|0|100000000036_1004_PURCH| |202547|CONSTRAINED|CONSTRAINED|CONSTRAINED_202547_2025-11-20_0656|BY_IF
100000000036|1004|3605|3605|01-JAN-1970|08-AUG-2026|08-AUG-2026|78.479|0|100000000036_1004_PURCH| |202547|CONSTRAINED|CONSTRAINED|CONSTRAINED_202547_2025-11-20_0656|BY_IF
100000000036|1004|3604|3604|01-JAN-1970|01-AUG-2026|01-AUG-2026|78.479|0|100000000036_1004_PURCH| |202547|CONSTRAINED|CONSTRAINED|CONSTRAINED_202547_2025-11-20_0656|BY_IF
100000000036|1004|3603|3603|01-JAN-1970|25-JUL-2026|25-JUL-2026|78.479|0|100000000036_1004_PURCH| |202547|CONSTRAINED|CONSTRAINED|CONSTRAINED_202547_2025-11-20_0656|BY_IF
100000000036|1004|3602|3602|01-JAN-1970|18-JUL-2026|18-JUL-2026|78.479|0|100000000036_1004_PURCH| |202547|CONSTRAINED|CONSTRAINED|CONSTRAINED_202547_2025-11-20_0656|BY_IF
100000000036|1004|3601|3601|01-JAN-1970|11-JUL-2026|11-JUL-2026|78.479|0|100000000036_1004_PURCH| |202547|CONSTRAINED|CONSTRAINED|CONSTRAINED_202547_2025-11-20_0656|BY_IF
100000000036|1004|3600|3600|01-JAN-1970|04-JUL-2026|04-JUL-2026|78.479|0|100000000036_1004_PURCH| |202547|CONSTRAINED|CONSTRAINED|CONSTRAINED_202547_2025-11-20_0656|BY_IF
100000000036|1004|3599|3599|01-JAN-1970|27-JUN-2026|27-JUN-2026|78.479|0|100000000036_1004_PURCH| |202547|CONSTRAINED|CONSTRAINED|CONSTRAINED_202547_2025-11-20_0656|BY_IF
100000000036|1004|3598|3598|01-JAN-1970|20-JUN-2026|20-JUN-2026|78.479|0|100000000036_1004_PURCH| |202547|CONSTRAINED|CONSTRAINED|CONSTRAINED_202547_2025-11-20_0656|BY_IF
100000000036|1004|3597|3597|01-JAN-1970|13-JUN-2026|13-JUN-2026|78.479|0|100000000036_1004_PURCH| |202547|CONSTRAINED|CONSTRAINED|CONSTRAINED_202547_2025-11-20_0656|BY_IF
100000000036|1004|3596|3596|01-JAN-1970|06-JUN-2026|06-JUN-2026|78.479|0|100000000036_1004_PURCH| |202547|CONSTRAINED|CONSTRAINED|CONSTRAINED_202547_2025-11-20_0656|BY_IF
100000000036|1004|3595|3595|01-JAN-1970|30-MAY-2026|30-MAY-2026|78.479|0|100000000036_1004_PURCH| |202547|CONSTRAINED|CONSTRAINED|CONSTRAINED_202547_2025-11-20_0656|BY_IF
100000000036|1004|3594|3594|01-JAN-1970|23-MAY-2026|23-MAY-2026|78.479|0|100000000036_1004_PURCH| |202547|CONSTRAINED|CONSTRAINED|CONSTRAINED_202547_2025-11-20_0656|BY_IF
100000000036|1004|3593|3593|01-JAN-1970|16-MAY-2026|16-MAY-2026|78.479|0|100000000036_1004_PURCH| |202547|CONSTRAINED|CONSTRAINED|CONSTRAINED_202547_2025-11-20_0656|BY_IF
100000000036|1004|3592|3592|01-JAN-1970|09-MAY-2026|09-MAY-2026|78.479|0|100000000036_1004_PURCH| |202547|CONSTRAINED|CONSTRAINED|CONSTRAINED_202547_2025-11-20_0656|BY_IF
100000000036|1004|3591|3591|01-JAN-1970|02-MAY-2026|02-MAY-2026|78.479|0|100000000036_1004_PURCH| |202547|CONSTRAINED|CONSTRAINED|CONSTRAINED_202547_2025-11-20_0656|BY_IF
100000000036|1004|3590|3590|01-JAN-1970|25-APR-2026|25-APR-2026|78.479|0|100000000036_1004_PURCH| |202547|CONSTRAINED|CONSTRAINED|CONSTRAINED_202547_2025-11-20_0656|BY_IF
100000000036|1004|3589|3589|01-JAN-1970|18-APR-2026|18-APR-2026|78.479|0|100000000036_1004_PURCH| |202547|CONSTRAINED|CONSTRAINED|CONSTRAINED_202547_2025-11-20_0656|BY_IF
100000000036|1004|3588|3588|01-JAN-1970|11-APR-2026|11-APR-2026|78.479|0|100000000036_1004_PURCH| |202547|CONSTRAINED|CONSTRAINED|CONSTRAINED_202547_2025-11-20_0656|BY_IF
100000000036|1004|3587|3587|01-JAN-1970|04-APR-2026|04-APR-2026|78.479|0|100000000036_1004_PURCH| |202547|CONSTRAINED|CONSTRAINED|CONSTRAINED_202547_2025-11-20_0656|BY_IF
100000000036|1004|3586|3586|01-JAN-1970|28-MAR-2026|28-MAR-2026|78.479|0|100000000036_1004_PURCH| |202547|CONSTRAINED|CONSTRAINED|CONSTRAINED_202547_2025-11-20_0656|BY_IF
100000000036|1004|3585|3585|01-JAN-1970|21-MAR-2026|21-MAR-2026|78.479|0|100000000036_1004_PURCH| |202547|CONSTRAINED|CONSTRAINED|CONSTRAINED_202547_2025-11-20_0656|BY_IF
100000000036|1004|3584|3584|01-JAN-1970|14-MAR-2026|14-MAR-2026|78.479|0|100000000036_1004_PURCH| |202547|CONSTRAINED|CONSTRAINED|CONSTRAINED_202547_2025-11-20_0656|BY_IF
100000000036|1004|3583|3583|01-JAN-1970|07-MAR-2026|07-MAR-2026|78.479|0|100000000036_1004_PURCH| |202547|CONSTRAINED|CONSTRAINED|CONSTRAINED_202547_2025-11-20_0656|BY_IF
100000000036|1004|3582|3582|01-JAN-1970|28-FEB-2026|28-FEB-2026|78.479|0|100000000036_1004_PURCH| |202547|CONSTRAINED|CONSTRAINED|CONSTRAINED_202547_2025-11-20_0656|BY_IF
100000000036|1004|3581|3581|01-JAN-1970|21-FEB-2026|21-FEB-2026|78.479|0|100000000036_1004_PURCH| |202547|CONSTRAINED|CONSTRAINED|CONSTRAINED_202547_2025-11-20_0656|BY_IF
100000000036|1004|3580|3580|01-JAN-1970|14-FEB-2026|14-FEB-2026|78.479|0|100000000036_1004_PURCH| |202547|CONSTRAINED|CONSTRAINED|CONSTRAINED_202547_2025-11-20_0656|BY_IF
100000000036|1004|3579|3579|01-JAN-1970|07-FEB-2026|07-FEB-2026|78.479|0|100000000036_1004_PURCH| |202547|CONSTRAINED|CONSTRAINED|CONSTRAINED_202547_2025-11-20_0656|BY_IF
100000000036|1004|3578|3578|01-JAN-1970|31-JAN-2026|31-JAN-2026|78.479|0|100000000036_1004_PURCH| |202547|CONSTRAINED|CONSTRAINED|CONSTRAINED_202547_2025-11-20_0656|BY_IF
100000000036|1004|3577|3577|01-JAN-1970|24-JAN-2026|24-JAN-2026|78.479|0|100000000036_1004_PURCH| |202547|CONSTRAINED|CONSTRAINED|CONSTRAINED_202547_2025-11-20_0656|BY_IF
100000000036|1004|3576|3576|01-JAN-1970|17-JAN-2026|17-JAN-2026|78.479|0|100000000036_1004_PURCH| |202547|CONSTRAINED|CONSTRAINED|CONSTRAINED_202547_2025-11-20_0656|BY_IF
100000000036|1004|3575|3575|01-JAN-1970|10-JAN-2026|10-JAN-2026|66.311|0|100000000036_1004_PURCH| |202547|CONSTRAINED|CONSTRAINED|CONSTRAINED_202547_2025-11-20_0656|BY_IF
100000000036|1004|3574|3574|01-JAN-1970|09-AUG-2025|09-AUG-2025|10.464|0|100000000036_1004_PURCH| |202547|CONSTRAINED|CONSTRAINED|CONSTRAINED_202547_2025-11-20_0656|BY_IF
100000000036|1004|3573|3573|01-JAN-1970|02-AUG-2025|02-AUG-2025|575.511|0|100000000036_1004_PURCH| |202547|CONSTRAINED|CONSTRAINED|CONSTRAINED_202547_2025-11-20_0656|BY_IF
100000000036|1004|3572|3572|01-JAN-1970|26-JUL-2025|26-JUL-2025|1512.026|0|100000000036_1004_PURCH| |202547|CONSTRAINED|CONSTRAINED|CONSTRAINED_202547_2025-11-20_0656|BY_IF
100000000101|1006|5376|5376|01-JAN-1970|17-JUL-2027|17-JUL-2027|156.958|0|100000000101_1006_PURCH| |202547|CONSTRAINED|CONSTRAINED|CONSTRAINED_202547_2025-11-20_0656|BY_IF
100000000101|1006|5375|5375|01-JAN-1970|10-JUL-2027|10-JUL-2027|78.479|0|100000000101_1006_PURCH| |202547|CONSTRAINED|CONSTRAINED|CONSTRAINED_202547_2025-11-20_0656|BY_IF
100000000101|1006|5374|5374|01-JAN-1970|03-JUL-2027|03-JUL-2027|78.479|0|100000000101_1006_PURCH| |202547|CONSTRAINED|CONSTRAINED|CONSTRAINED_202547_2025-11-20_0656|BY_IF
100000000101|1006|5373|5373|01-JAN-1970|26-JUN-2027|26-JUN-2027|78.479|0|100000000101_1006_PURCH| |202547|CONSTRAINED|CONSTRAINED|CONSTRAINED_202547_2025-11-20_0656|BY_IF
100000000101|1006|5372|5372|01-JAN-1970|19-JUN-2027|19-JUN-2027|78.479|0|100000000101_1006_PURCH| |202547|CONSTRAINED|CONSTRAINED|CONSTRAINED_202547_2025-11-20_0656|BY_IF
100000000101|1006|5371|5371|01-JAN-1970|12-JUN-2027|12-JUN-2027|78.479|0|100000000101_1006_PURCH| |202547|CONSTRAINED|CONSTRAINED|CONSTRAINED_202547_2025-11-20_0656|BY_IF
100000000101|1006|5370|5370|01-JAN-1970|05-JUN-2027|05-JUN-2027|78.479|0|100000000101_1006_PURCH| |202547|CONSTRAINED|CONSTRAINED|CONSTRAINED_202547_2025-11-20_0656|BY_IF
100000000101|1006|5369|5369|01-JAN-1970|29-MAY-2027|29-MAY-2027|78.479|0|100000000101_1006_PURCH| |202547|CONSTRAINED|CONSTRAINED|CONSTRAINED_202547_2025-11-20_0656|BY_IF
100000000101|1006|5368|5368|01-JAN-1970|22-MAY-2027|22-MAY-2027|78.479|0|100000000101_1006_PURCH| |202547|CONSTRAINED|CONSTRAINED|CONSTRAINED_202547_2025-11-20_0656|BY_IF
100000000101|1006|5367|5367|01-JAN-1970|15-MAY-2027|15-MAY-2027|78.479|0|100000000101_1006_PURCH| |202547|CONSTRAINED|CONSTRAINED|CONSTRAINED_202547_2025-11-20_0656|BY_IF
100000000101|1006|5366|5366|01-JAN-1970|08-MAY-2027|08-MAY-2027|78.479|0|100000000101_1006_PURCH| |202547|CONSTRAINED|CONSTRAINED|CONSTRAINED_202547_2025-11-20_0656|BY_IF
100000000101|1006|5365|5365|01-JAN-1970|01-MAY-2027|01-MAY-2027|78.479|0|100000000101_1006_PURCH| |202547|CONSTRAINED|CONSTRAINED|CONSTRAINED_202547_2025-11-20_0656|BY_IF
100000000101|1006|5364|5364|01-JAN-1970|24-APR-2027|24-APR-2027|78.479|0|100000000101_1006_PURCH| |202547|CONSTRAINED|CONSTRAINED|CONSTRAINED_202547_2025-11-20_0656|BY_IF
100000000101|1006|5363|5363|01-JAN-1970|17-APR-2027|17-APR-2027|78.479|0|100000000101_1006_PURCH| |202547|CONSTRAINED|CONSTRAINED|CONSTRAINED_202547_2025-11-20_0656|BY_IF
100000000101|1006|5362|5362|01-JAN-1970|10-APR-2027|10-APR-2027|78.479|0|100000000101_1006_PURCH| |202547|CONSTRAINED|CONSTRAINED|CONSTRAINED_202547_2025-11-20_0656|BY_IF
100000000101|1006|5361|5361|01-JAN-1970|03-APR-2027|03-APR-2027|78.479|0|100000000101_1006_PURCH| |202547|CONSTRAINED|CONSTRAINED|CONSTRAINED_202547_2025-11-20_0656|BY_IF
100000000101|1006|5360|5360|01-JAN-1970|27-MAR-2027|27-MAR-2027|78.479|0|100000000101_1006_PURCH| |202547|CONSTRAINED|CONSTRAINED|CONSTRAINED_202547_2025-11-20_0656|BY_IF
100000000101|1006|5359|5359|01-JAN-1970|20-MAR-2027|20-MAR-2027|78.479|0|100000000101_1006_PURCH| |202547|CONSTRAINED|CONSTRAINED|CONSTRAINED_202547_2025-11-20_0656|BY_IF
100000000101|1006|5358|5358|01-JAN-1970|13-MAR-2027|13-MAR-2027|78.479|0|100000000101_1006_PURCH| |202547|CONSTRAINED|CONSTRAINED|CONSTRAINED_202547_2025-11-20_0656|BY_IF
100000000101|1006|5357|5357|01-JAN-1970|06-MAR-2027|06-MAR-2027|78.479|0|100000000101_1006_PURCH| |202547|CONSTRAINED|CONSTRAINED|CONSTRAINED_202547_2025-11-20_0656|BY_IF
100000000101|1006|5356|5356|01-JAN-1970|27-FEB-2027|27-FEB-2027|78.479|0|100000000101_1006_PURCH| |202547|CONSTRAINED|CONSTRAINED|CONSTRAINED_202547_2025-11-20_0656|BY_IF
100000000101|1006|5355|5355|01-JAN-1970|20-FEB-2027|20-FEB-2027|78.479|0|100000000101_1006_PURCH| |202547|CONSTRAINED|CONSTRAINED|CONSTRAINED_202547_2025-11-20_0656|BY_IF
100000000101|1006|5354|5354|01-JAN-1970|13-FEB-2027|13-FEB-2027|78.479|0|100000000101_1006_PURCH| |202547|CONSTRAINED|CONSTRAINED|CONSTRAINED_202547_2025-11-20_0656|BY_IF
100000000101|1006|5353|5353|01-JAN-1970|06-FEB-2027|06-FEB-2027|78.479|0|100000000101_1006_PURCH| |202547|CONSTRAINED|CONSTRAINED|CONSTRAINED_202547_2025-11-20_0656|BY_IF
100000000101|1006|5352|5352|01-JAN-1970|30-JAN-2027|30-JAN-2027|78.479|0|100000000101_1006_PURCH| |202547|CONSTRAINED|CONSTRAINED|CONSTRAINED_202547_2025-11-20_0656|BY_IF
100000000101|1006|5351|5351|01-JAN-1970|23-JAN-2027|23-JAN-2027|78.479|0|100000000101_1006_PURCH| |202547|CONSTRAINED|CONSTRAINED|CONSTRAINED_202547_2025-11-20_0656|BY_IF
100000000101|1006|5350|5350|01-JAN-1970|16-JAN-2027|16-JAN-2027|78.479|0|100000000101_1006_PURCH| |202547|CONSTRAINED|CONSTRAINED|CONSTRAINED_202547_2025-11-20_0656|BY_IF
100000000101|1006|5349|5349|01-JAN-1970|09-JAN-2027|09-JAN-2027|78.479|0|100000000101_1006_PURCH| |202547|CONSTRAINED|CONSTRAINED|CONSTRAINED_202547_2025-11-20_0656|BY_IF
100000000101|1006|5348|5348|01-JAN-1970|02-JAN-2027|02-JAN-2027|78.479|0|100000000101_1006_PURCH| |202547|CONSTRAINED|CONSTRAINED|CONSTRAINED_202547_2025-11-20_0656|BY_IF
100000000101|1006|5347|5347|01-JAN-1970|26-DEC-2026|26-DEC-2026|78.479|0|100000000101_1006_PURCH| |202547|CONSTRAINED|CONSTRAINED|CONSTRAINED_202547_2025-11-20_0656|BY_IF
100000000101|1006|5346|5346|01-JAN-1970|19-DEC-2026|19-DEC-2026|78.479|0|100000000101_1006_PURCH| |202547|CONSTRAINED|CONSTRAINED|CONSTRAINED_202547_2025-11-20_0656|BY_IF
100000000101|1006|5345|5345|01-JAN-1970|12-DEC-2026|12-DEC-2026|78.479|0|100000000101_1006_PURCH| |202547|CONSTRAINED|CONSTRAINED|CONSTRAINED_202547_2025-11-20_0656|BY_IF
100000000101|1006|5344|5344|01-JAN-1970|05-DEC-2026|05-DEC-2026|78.479|0|100000000101_1006_PURCH| |202547|CONSTRAINED|CONSTRAINED|CONSTRAINED_202547_2025-11-20_0656|BY_IF
100000000101|1006|5343|5343|01-JAN-1970|28-NOV-2026|28-NOV-2026|78.479|0|100000000101_1006_PURCH| |202547|CONSTRAINED|CONSTRAINED|CONSTRAINED_202547_2025-11-20_0656|BY_IF
100000000101|1006|5342|5342|01-JAN-1970|21-NOV-2026|21-NOV-2026|78.479|0|100000000101_1006_PURCH| |202547|CONSTRAINED|CONSTRAINED|CONSTRAINED_202547_2025-11-20_0656|BY_IF
100000000101|1006|5341|5341|01-JAN-1970|14-NOV-2026|14-NOV-2026|78.479|0|100000000101_1006_PURCH| |202547|CONSTRAINED|CONSTRAINED|CONSTRAINED_202547_2025-11-20_0656|BY_IF
100000000101|1006|5340|5340|01-JAN-1970|07-NOV-2026|07-NOV-2026|78.479|0|100000000101_1006_PURCH| |202547|CONSTRAINED|CONSTRAINED|CONSTRAINED_202547_2025-11-20_0656|BY_IF
100000000101|1006|5339|5339|01-JAN-1970|31-OCT-2026|31-OCT-2026|78.479|0|100000000101_1006_PURCH| |202547|CONSTRAINED|CONSTRAINED|CONSTRAINED_202547_2025-11-20_0656|BY_IF
100000000101|1006|5338|5338|01-JAN-1970|24-OCT-2026|24-OCT-2026|78.479|0|100000000101_1006_PURCH| |202547|CONSTRAINED|CONSTRAINED|CONSTRAINED_202547_2025-11-20_0656|BY_IF
100000000101|1006|5337|5337|01-JAN-1970|17-OCT-2026|17-OCT-2026|78.479|0|100000000101_1006_PURCH| |202547|CONSTRAINED|CONSTRAINED|CONSTRAINED_202547_2025-11-20_0656|BY_IF
100000000101|1006|5336|5336|01-JAN-1970|10-OCT-2026|10-OCT-2026|78.479|0|100000000101_1006_PURCH| |202547|CONSTRAINED|CONSTRAINED|CONSTRAINED_202547_2025-11-20_0656|BY_IF
100000000101|1006|5335|5335|01-JAN-1970|03-OCT-2026|03-OCT-2026|78.479|0|100000000101_1006_PURCH| |202547|CONSTRAINED|CONSTRAINED|CONSTRAINED_202547_2025-11-20_0656|BY_IF
100000000101|1006|5334|5334|01-JAN-1970|26-SEP-2026|26-SEP-2026|78.479|0|100000000101_1006_PURCH| |202547|CONSTRAINED|CONSTRAINED|CONSTRAINED_202547_2025-11-20_0656|BY_IF
100000000101|1006|5333|5333|01-JAN-1970|19-SEP-2026|19-SEP-2026|78.479|0|100000000101_1006_PURCH| |202547|CONSTRAINED|CONSTRAINED|CONSTRAINED_202547_2025-11-20_0656|BY_IF
100000000101|1006|5332|5332|01-JAN-1970|12-SEP-2026|12-SEP-2026|78.479|0|100000000101_1006_PURCH| |202547|CONSTRAINED|CONSTRAINED|CONSTRAINED_202547_2025-11-20_0656|BY_IF
100000000101|1006|5331|5331|01-JAN-1970|05-SEP-2026|05-SEP-2026|78.479|0|100000000101_1006_PURCH| |202547|CONSTRAINED|CONSTRAINED|CONSTRAINED_202547_2025-11-20_0656|BY_IF
100000000101|1006|5330|5330|01-JAN-1970|29-AUG-2026|29-AUG-2026|78.479|0|100000000101_1006_PURCH| |202547|CONSTRAINED|CONSTRAINED|CONSTRAINED_202547_2025-11-20_0656|BY_IF
100000000101|1006|5329|5329|01-JAN-1970|22-AUG-2026|22-AUG-2026|78.479|0|100000000101_1006_PURCH| |202547|CONSTRAINED|CONSTRAINED|CONSTRAINED_202547_2025-11-20_0656|BY_IF
100000000101|1006|5328|5328|01-JAN-1970|15-AUG-2026|15-AUG-2026|78.479|0|100000000101_1006_PURCH| |202547|CONSTRAINED|CONSTRAINED|CONSTRAINED_202547_2025-11-20_0656|BY_IF
100000000101|1006|5327|5327|01-JAN-1970|08-AUG-2026|08-AUG-2026|78.479|0|100000000101_1006_PURCH| |202547|CONSTRAINED|CONSTRAINED|CONSTRAINED_202547_2025-11-20_0656|BY_IF
100000000101|1006|5326|5326|01-JAN-1970|01-AUG-2026|01-AUG-2026|78.479|0|100000000101_1006_PURCH| |202547|CONSTRAINED|CONSTRAINED|CONSTRAINED_202547_2025-11-20_0656|BY_IF
100000000101|1006|5325|5325|01-JAN-1970|25-JUL-2026|25-JUL-2026|78.479|0|100000000101_1006_PURCH| |202547|CONSTRAINED|CONSTRAINED|CONSTRAINED_202547_2025-11-20_0656|BY_IF
100000000101|1006|5324|5324|01-JAN-1970|18-JUL-2026|18-JUL-2026|78.479|0|100000000101_1006_PURCH| |202547|CONSTRAINED|CONSTRAINED|CONSTRAINED_202547_2025-11-20_0656|BY_IF
100000000101|1006|5323|5323|01-JAN-1970|11-JUL-2026|11-JUL-2026|78.479|0|100000000101_1006_PURCH| |202547|CONSTRAINED|CONSTRAINED|CONSTRAINED_202547_2025-11-20_0656|BY_IF
100000000101|1006|5322|5322|01-JAN-1970|04-JUL-2026|04-JUL-2026|78.479|0|100000000101_1006_PURCH| |202547|CONSTRAINED|CONSTRAINED|CONSTRAINED_202547_2025-11-20_0656|BY_IF
100000000101|1006|5321|5321|01-JAN-1970|27-JUN-2026|27-JUN-2026|78.479|0|100000000101_1006_PURCH| |202547|CONSTRAINED|CONSTRAINED|CONSTRAINED_202547_2025-11-20_0656|BY_IF
100000000101|1006|5320|5320|01-JAN-1970|20-JUN-2026|20-JUN-2026|78.479|0|100000000101_1006_PURCH| |202547|CONSTRAINED|CONSTRAINED|CONSTRAINED_202547_2025-11-20_0656|BY_IF
100000000101|1006|5319|5319|01-JAN-1970|13-JUN-2026|13-JUN-2026|78.479|0|100000000101_1006_PURCH| |202547|CONSTRAINED|CONSTRAINED|CONSTRAINED_202547_2025-11-20_0656|BY_IF
100000000101|1006|5318|5318|01-JAN-1970|06-JUN-2026|06-JUN-2026|78.479|0|100000000101_1006_PURCH| |202547|CONSTRAINED|CONSTRAINED|CONSTRAINED_202547_2025-11-20_0656|BY_IF
100000000101|1006|5317|5317|01-JAN-1970|30-MAY-2026|30-MAY-2026|78.479|0|100000000101_1006_PURCH| |202547|CONSTRAINED|CONSTRAINED|CONSTRAINED_202547_2025-11-20_0656|BY_IF
100000000101|1006|5316|5316|01-JAN-1970|23-MAY-2026|23-MAY-2026|78.479|0|100000000101_1006_PURCH| |202547|CONSTRAINED|CONSTRAINED|CONSTRAINED_202547_2025-11-20_0656|BY_IF
100000000101|1006|5315|5315|01-JAN-1970|16-MAY-2026|16-MAY-2026|78.479|0|100000000101_1006_PURCH| |202547|CONSTRAINED|CONSTRAINED|CONSTRAINED_202547_2025-11-20_0656|BY_IF
100000000101|1006|5314|5314|01-JAN-1970|09-MAY-2026|09-MAY-2026|78.479|0|100000000101_1006_PURCH| |202547|CONSTRAINED|CONSTRAINED|CONSTRAINED_202547_2025-11-20_0656|BY_IF
100000000101|1006|5313|5313|01-JAN-1970|02-MAY-2026|02-MAY-2026|78.479|0|100000000101_1006_PURCH| |202547|CONSTRAINED|CONSTRAINED|CONSTRAINED_202547_2025-11-20_0656|BY_IF
100000000101|1006|5312|5312|01-JAN-1970|25-APR-2026|25-APR-2026|78.479|0|100000000101_1006_PURCH| |202547|CONSTRAINED|CONSTRAINED|CONSTRAINED_202547_2025-11-20_0656|BY_IF
100000000101|1006|5311|5311|01-JAN-1970|18-APR-2026|18-APR-2026|78.479|0|100000000101_1006_PURCH| |202547|CONSTRAINED|CONSTRAINED|CONSTRAINED_202547_2025-11-20_0656|BY_IF
100000000101|1006|5310|5310|01-JAN-1970|11-APR-2026|11-APR-2026|78.479|0|100000000101_1006_PURCH| |202547|CONSTRAINED|CONSTRAINED|CONSTRAINED_202547_2025-11-20_0656|BY_IF
100000000101|1006|5309|5309|01-JAN-1970|04-APR-2026|04-APR-2026|78.479|0|100000000101_1006_PURCH| |202547|CONSTRAINED|CONSTRAINED|CONSTRAINED_202547_2025-11-20_0656|BY_IF
100000000101|1006|5308|5308|01-JAN-1970|28-MAR-2026|28-MAR-2026|78.479|0|100000000101_1006_PURCH| |202547|CONSTRAINED|CONSTRAINED|CONSTRAINED_202547_2025-11-20_0656|BY_IF
100000000101|1006|5307|5307|01-JAN-1970|21-MAR-2026|21-MAR-2026|78.479|0|100000000101_1006_PURCH| |202547|CONSTRAINED|CONSTRAINED|CONSTRAINED_202547_2025-11-20_0656|BY_IF
100000000101|1006|5306|5306|01-JAN-1970|14-MAR-2026|14-MAR-2026|78.479|0|100000000101_1006_PURCH| |202547|CONSTRAINED|CONSTRAINED|CONSTRAINED_202547_2025-11-20_0656|BY_IF
100000000101|1006|5305|5305|01-JAN-1970|07-MAR-2026|07-MAR-2026|78.479|0|100000000101_1006_PURCH| |202547|CONSTRAINED|CONSTRAINED|CONSTRAINED_202547_2025-11-20_0656|BY_IF
100000000101|1006|5304|5304|01-JAN-1970|28-FEB-2026|28-FEB-2026|78.479|0|100000000101_1006_PURCH| |202547|CONSTRAINED|CONSTRAINED|CONSTRAINED_202547_2025-11-20_0656|BY_IF
100000000101|1006|5303|5303|01-JAN-1970|21-FEB-2026|21-FEB-2026|78.479|0|100000000101_1006_PURCH| |202547|CONSTRAINED|CONSTRAINED|CONSTRAINED_202547_2025-11-20_0656|BY_IF
100000000101|1006|5302|5302|01-JAN-1970|14-FEB-2026|14-FEB-2026|78.479|0|100000000101_1006_PURCH| |202547|CONSTRAINED|CONSTRAINED|CONSTRAINED_202547_2025-11-20_0656|BY_IF
100000000101|1006|5301|5301|01-JAN-1970|07-FEB-2026|07-FEB-2026|78.479|0|100000000101_1006_PURCH| |202547|CONSTRAINED|CONSTRAINED|CONSTRAINED_202547_2025-11-20_0656|BY_IF
100000000101|1006|5300|5300|01-JAN-1970|31-JAN-2026|31-JAN-2026|78.479|0|100000000101_1006_PURCH| |202547|CONSTRAINED|CONSTRAINED|CONSTRAINED_202547_2025-11-20_0656|BY_IF
100000000101|1006|5299|5299|01-JAN-1970|24-JAN-2026|24-JAN-2026|78.479|0|100000000101_1006_PURCH| |202547|CONSTRAINED|CONSTRAINED|CONSTRAINED_202547_2025-11-20_0656|BY_IF
100000000101|1006|5298|5298|01-JAN-1970|17-JAN-2026|17-JAN-2026|27.737|0|100000000101_1006_PURCH| |202547|CONSTRAINED|CONSTRAINED|CONSTRAINED_202547_2025-11-20_0656|BY_IF
100000000101|1006|5297|5297|01-JAN-1970|23-AUG-2025|23-AUG-2025|104.638|0|100000000101_1006_PURCH| |202547|CONSTRAINED|CONSTRAINED|CONSTRAINED_202547_2025-11-20_0656|BY_IF
100000000101|1006|5296|5296|01-JAN-1970|16-AUG-2025|16-AUG-2025|106.731|0|100000000101_1006_PURCH| |202547|CONSTRAINED|CONSTRAINED|CONSTRAINED_202547_2025-11-20_0656|BY_IF
100000000101|1006|5295|5295|01-JAN-1970|09-AUG-2025|09-AUG-2025|245.9|0|100000000101_1006_PURCH| |202547|CONSTRAINED|CONSTRAINED|CONSTRAINED_202547_2025-11-20_0656|BY_IF
100000000101|1006|5294|5294|01-JAN-1970|26-JUL-2025|26-JUL-2025|94.175|0|100000000101_1006_PURCH| |202547|CONSTRAINED|CONSTRAINED|CONSTRAINED_202547_2025-11-20_0656|BY_IF
100000000102|1006|4796|4796|01-JAN-1970|17-JUL-2027|17-JUL-2027|156.958|0|100000000102_1006_PURCH| |202547|CONSTRAINED|CONSTRAINED|CONSTRAINED_202547_2025-11-20_0656|BY_IF
100000000102|1006|4795|4795|01-JAN-1970|10-JUL-2027|10-JUL-2027|78.479|0|100000000102_1006_PURCH| |202547|CONSTRAINED|CONSTRAINED|CONSTRAINED_202547_2025-11-20_0656|BY_IF
100000000102|1006|4794|4794|01-JAN-1970|03-JUL-2027|03-JUL-2027|78.479|0|100000000102_1006_PURCH| |202547|CONSTRAINED|CONSTRAINED|CONSTRAINED_202547_2025-11-20_0656|BY_IF
100000000102|1006|4793|4793|01-JAN-1970|26-JUN-2027|26-JUN-2027|78.479|0|100000000102_1006_PURCH| |202547|CONSTRAINED|CONSTRAINED|CONSTRAINED_202547_2025-11-20_0656|BY_IF
100000000102|1006|4792|4792|01-JAN-1970|19-JUN-2027|19-JUN-2027|78.479|0|100000000102_1006_PURCH| |202547|CONSTRAINED|CONSTRAINED|CONSTRAINED_202547_2025-11-20_0656|BY_IF
100000000102|1006|4791|4791|01-JAN-1970|12-JUN-2027|12-JUN-2027|78.479|0|100000000102_1006_PURCH| |202547|CONSTRAINED|CONSTRAINED|CONSTRAINED_202547_2025-11-20_0656|BY_IF
100000000102|1006|4790|4790|01-JAN-1970|05-JUN-2027|05-JUN-2027|78.479|0|100000000102_1006_PURCH| |202547|CONSTRAINED|CONSTRAINED|CONSTRAINED_202547_2025-11-20_0656|BY_IF
100000000102|1006|4789|4789|01-JAN-1970|29-MAY-2027|29-MAY-2027|78.479|0|100000000102_1006_PURCH| |202547|CONSTRAINED|CONSTRAINED|CONSTRAINED_202547_2025-11-20_0656|BY_IF
100000000102|1006|4788|4788|01-JAN-1970|22-MAY-2027|22-MAY-2027|78.479|0|100000000102_1006_PURCH| |202547|CONSTRAINED|CONSTRAINED|CONSTRAINED_202547_2025-11-20_0656|BY_IF
100000000102|1006|4787|4787|01-JAN-1970|15-MAY-2027|15-MAY-2027|78.479|0|100000000102_1006_PURCH| |202547|CONSTRAINED|CONSTRAINED|CONSTRAINED_202547_2025-11-20_0656|BY_IF
100000000102|1006|4786|4786|01-JAN-1970|08-MAY-2027|08-MAY-2027|78.479|0|100000000102_1006_PURCH| |202547|CONSTRAINED|CONSTRAINED|CONSTRAINED_202547_2025-11-20_0656|BY_IF
100000000102|1006|4785|4785|01-JAN-1970|01-MAY-2027|01-MAY-2027|78.479|0|100000000102_1006_PURCH| |202547|CONSTRAINED|CONSTRAINED|CONSTRAINED_202547_2025-11-20_0656|BY_IF
100000000102|1006|4784|4784|01-JAN-1970|24-APR-2027|24-APR-2027|78.479|0|100000000102_1006_PURCH| |202547|CONSTRAINED|CONSTRAINED|CONSTRAINED_202547_2025-11-20_0656|BY_IF
100000000102|1006|4783|4783|01-JAN-1970|17-APR-2027|17-APR-2027|78.479|0|100000000102_1006_PURCH| |202547|CONSTRAINED|CONSTRAINED|CONSTRAINED_202547_2025-11-20_0656|BY_IF
100000000102|1006|4782|4782|01-JAN-1970|10-APR-2027|10-APR-2027|78.479|0|100000000102_1006_PURCH| |202547|CONSTRAINED|CONSTRAINED|CONSTRAINED_202547_2025-11-20_0656|BY_IF
100000000102|1006|4781|4781|01-JAN-1970|03-APR-2027|03-APR-2027|78.479|0|100000000102_1006_PURCH| |202547|CONSTRAINED|CONSTRAINED|CONSTRAINED_202547_2025-11-20_0656|BY_IF
100000000102|1006|4780|4780|01-JAN-1970|27-MAR-2027|27-MAR-2027|78.479|0|100000000102_1006_PURCH| |202547|CONSTRAINED|CONSTRAINED|CONSTRAINED_202547_2025-11-20_0656|BY_IF
100000000102|1006|4779|4779|01-JAN-1970|20-MAR-2027|20-MAR-2027|78.479|0|100000000102_1006_PURCH| |202547|CONSTRAINED|CONSTRAINED|CONSTRAINED_202547_2025-11-20_0656|BY_IF
100000000102|1006|4778|4778|01-JAN-1970|13-MAR-2027|13-MAR-2027|78.479|0|100000000102_1006_PURCH| |202547|CONSTRAINED|CONSTRAINED|CONSTRAINED_202547_2025-11-20_0656|BY_IF
100000000102|1006|4777|4777|01-JAN-1970|06-MAR-2027|06-MAR-2027|78.479|0|100000000102_1006_PURCH| |202547|CONSTRAINED|CONSTRAINED|CONSTRAINED_202547_2025-11-20_0656|BY_IF
100000000102|1006|4776|4776|01-JAN-1970|27-FEB-2027|27-FEB-2027|78.479|0|100000000102_1006_PURCH| |202547|CONSTRAINED|CONSTRAINED|CONSTRAINED_202547_2025-11-20_0656|BY_IF
100000000102|1006|4775|4775|01-JAN-1970|20-FEB-2027|20-FEB-2027|78.479|0|100000000102_1006_PURCH| |202547|CONSTRAINED|CONSTRAINED|CONSTRAINED_202547_2025-11-20_0656|BY_IF
100000000102|1006|4774|4774|01-JAN-1970|13-FEB-2027|13-FEB-2027|78.479|0|100000000102_1006_PURCH| |202547|CONSTRAINED|CONSTRAINED|CONSTRAINED_202547_2025-11-20_0656|BY_IF
100000000102|1006|4773|4773|01-JAN-1970|06-FEB-2027|06-FEB-2027|78.479|0|100000000102_1006_PURCH| |202547|CONSTRAINED|CONSTRAINED|CONSTRAINED_202547_2025-11-20_0656|BY_IF
100000000102|1006|4772|4772|01-JAN-1970|30-JAN-2027|30-JAN-2027|78.479|0|100000000102_1006_PURCH| |202547|CONSTRAINED|CONSTRAINED|CONSTRAINED_202547_2025-11-20_0656|BY_IF
100000000102|1006|4771|4771|01-JAN-1970|23-JAN-2027|23-JAN-2027|78.479|0|100000000102_1006_PURCH| |202547|CONSTRAINED|CONSTRAINED|CONSTRAINED_202547_2025-11-20_0656|BY_IF
100000000102|1006|4770|4770|01-JAN-1970|16-JAN-2027|16-JAN-2027|78.479|0|100000000102_1006_PURCH| |202547|CONSTRAINED|CONSTRAINED|CONSTRAINED_202547_2025-11-20_0656|BY_IF
100000000102|1006|4769|4769|01-JAN-1970|09-JAN-2027|09-JAN-2027|78.479|0|100000000102_1006_PURCH| |202547|CONSTRAINED|CONSTRAINED|CONSTRAINED_202547_2025-11-20_0656|BY_IF
100000000102|1006|4768|4768|01-JAN-1970|02-JAN-2027|02-JAN-2027|78.479|0|100000000102_1006_PURCH| |202547|CONSTRAINED|CONSTRAINED|CONSTRAINED_202547_2025-11-20_0656|BY_IF
100000000102|1006|4767|4767|01-JAN-1970|26-DEC-2026|26-DEC-2026|78.479|0|100000000102_1006_PURCH| |202547|CONSTRAINED|CONSTRAINED|CONSTRAINED_202547_2025-11-20_0656|BY_IF
100000000102|1006|4766|4766|01-JAN-1970|19-DEC-2026|19-DEC-2026|78.479|0|100000000102_1006_PURCH| |202547|CONSTRAINED|CONSTRAINED|CONSTRAINED_202547_2025-11-20_0656|BY_IF
100000000102|1006|4765|4765|01-JAN-1970|12-DEC-2026|12-DEC-2026|78.479|0|100000000102_1006_PURCH| |202547|CONSTRAINED|CONSTRAINED|CONSTRAINED_202547_2025-11-20_0656|BY_IF
100000000102|1006|4764|4764|01-JAN-1970|05-DEC-2026|05-DEC-2026|78.479|0|100000000102_1006_PURCH| |202547|CONSTRAINED|CONSTRAINED|CONSTRAINED_202547_2025-11-20_0656|BY_IF
100000000102|1006|4763|4763|01-JAN-1970|28-NOV-2026|28-NOV-2026|78.479|0|100000000102_1006_PURCH| |202547|CONSTRAINED|CONSTRAINED|CONSTRAINED_202547_2025-11-20_0656|BY_IF
100000000102|1006|4762|4762|01-JAN-1970|21-NOV-2026|21-NOV-2026|78.479|0|100000000102_1006_PURCH| |202547|CONSTRAINED|CONSTRAINED|CONSTRAINED_202547_2025-11-20_0656|BY_IF
100000000102|1006|4761|4761|01-JAN-1970|14-NOV-2026|14-NOV-2026|78.479|0|100000000102_1006_PURCH| |202547|CONSTRAINED|CONSTRAINED|CONSTRAINED_202547_2025-11-20_0656|BY_IF
100000000102|1006|4760|4760|01-JAN-1970|07-NOV-2026|07-NOV-2026|78.479|0|100000000102_1006_PURCH| |202547|CONSTRAINED|CONSTRAINED|CONSTRAINED_202547_2025-11-20_0656|BY_IF
100000000102|1006|4759|4759|01-JAN-1970|31-OCT-2026|31-OCT-2026|78.479|0|100000000102_1006_PURCH| |202547|CONSTRAINED|CONSTRAINED|CONSTRAINED_202547_2025-11-20_0656|BY_IF
100000000102|1006|4758|4758|01-JAN-1970|24-OCT-2026|24-OCT-2026|78.479|0|100000000102_1006_PURCH| |202547|CONSTRAINED|CONSTRAINED|CONSTRAINED_202547_2025-11-20_0656|BY_IF
100000000102|1006|4757|4757|01-JAN-1970|17-OCT-2026|17-OCT-2026|78.479|0|100000000102_1006_PURCH| |202547|CONSTRAINED|CONSTRAINED|CONSTRAINED_202547_2025-11-20_0656|BY_IF
100000000102|1006|4756|4756|01-JAN-1970|10-OCT-2026|10-OCT-2026|78.479|0|100000000102_1006_PURCH| |202547|CONSTRAINED|CONSTRAINED|CONSTRAINED_202547_2025-11-20_0656|BY_IF
100000000102|1006|4755|4755|01-JAN-1970|03-OCT-2026|03-OCT-2026|78.479|0|100000000102_1006_PURCH| |202547|CONSTRAINED|CONSTRAINED|CONSTRAINED_202547_2025-11-20_0656|BY_IF
100000000102|1006|4754|4754|01-JAN-1970|26-SEP-2026|26-SEP-2026|78.479|0|100000000102_1006_PURCH| |202547|CONSTRAINED|CONSTRAINED|CONSTRAINED_202547_2025-11-20_0656|BY_IF
100000000102|1006|4753|4753|01-JAN-1970|19-SEP-2026|19-SEP-2026|78.479|0|100000000102_1006_PURCH| |202547|CONSTRAINED|CONSTRAINED|CONSTRAINED_202547_2025-11-20_0656|BY_IF
100000000102|1006|4752|4752|01-JAN-1970|12-SEP-2026|12-SEP-2026|78.479|0|100000000102_1006_PURCH| |202547|CONSTRAINED|CONSTRAINED|CONSTRAINED_202547_2025-11-20_0656|BY_IF
100000000102|1006|4751|4751|01-JAN-1970|05-SEP-2026|05-SEP-2026|78.479|0|100000000102_1006_PURCH| |202547|CONSTRAINED|CONSTRAINED|CONSTRAINED_202547_2025-11-20_0656|BY_IF
100000000102|1006|4750|4750|01-JAN-1970|29-AUG-2026|29-AUG-2026|78.479|0|100000000102_1006_PURCH| |202547|CONSTRAINED|CONSTRAINED|CONSTRAINED_202547_2025-11-20_0656|BY_IF
100000000102|1006|4749|4749|01-JAN-1970|22-AUG-2026|22-AUG-2026|78.479|0|100000000102_1006_PURCH| |202547|CONSTRAINED|CONSTRAINED|CONSTRAINED_202547_2025-11-20_0656|BY_IF
100000000102|1006|4748|4748|01-JAN-1970|15-AUG-2026|15-AUG-2026|78.479|0|100000000102_1006_PURCH| |202547|CONSTRAINED|CONSTRAINED|CONSTRAINED_202547_2025-11-20_0656|BY_IF
100000000102|1006|4747|4747|01-JAN-1970|08-AUG-2026|08-AUG-2026|78.479|0|100000000102_1006_PURCH| |202547|CONSTRAINED|CONSTRAINED|CONSTRAINED_202547_2025-11-20_0656|BY_IF
100000000102|1006|4746|4746|01-JAN-1970|01-AUG-2026|01-AUG-2026|78.479|0|100000000102_1006_PURCH| |202547|CONSTRAINED|CONSTRAINED|CONSTRAINED_202547_2025-11-20_0656|BY_IF
100000000102|1006|4745|4745|01-JAN-1970|25-JUL-2026|25-JUL-2026|78.479|0|100000000102_1006_PURCH| |202547|CONSTRAINED|CONSTRAINED|CONSTRAINED_202547_2025-11-20_0656|BY_IF
100000000102|1006|4744|4744|01-JAN-1970|18-JUL-2026|18-JUL-2026|78.479|0|100000000102_1006_PURCH| |202547|CONSTRAINED|CONSTRAINED|CONSTRAINED_202547_2025-11-20_0656|BY_IF
100000000102|1006|4743|4743|01-JAN-1970|11-JUL-2026|11-JUL-2026|78.479|0|100000000102_1006_PURCH| |202547|CONSTRAINED|CONSTRAINED|CONSTRAINED_202547_2025-11-20_0656|BY_IF
100000000102|1006|4742|4742|01-JAN-1970|04-JUL-2026|04-JUL-2026|78.479|0|100000000102_1006_PURCH| |202547|CONSTRAINED|CONSTRAINED|CONSTRAINED_202547_2025-11-20_0656|BY_IF
100000000102|1006|4741|4741|01-JAN-1970|27-JUN-2026|27-JUN-2026|78.479|0|100000000102_1006_PURCH| |202547|CONSTRAINED|CONSTRAINED|CONSTRAINED_202547_2025-11-20_0656|BY_IF
100000000102|1006|4740|4740|01-JAN-1970|20-JUN-2026|20-JUN-2026|78.479|0|100000000102_1006_PURCH| |202547|CONSTRAINED|CONSTRAINED|CONSTRAINED_202547_2025-11-20_0656|BY_IF
100000000102|1006|4739|4739|01-JAN-1970|13-JUN-2026|13-JUN-2026|78.479|0|100000000102_1006_PURCH| |202547|CONSTRAINED|CONSTRAINED|CONSTRAINED_202547_2025-11-20_0656|BY_IF
100000000102|1006|4738|4738|01-JAN-1970|06-JUN-2026|06-JUN-2026|78.479|0|100000000102_1006_PURCH| |202547|CONSTRAINED|CONSTRAINED|CONSTRAINED_202547_2025-11-20_0656|BY_IF
100000000102|1006|4737|4737|01-JAN-1970|30-MAY-2026|30-MAY-2026|78.479|0|100000000102_1006_PURCH| |202547|CONSTRAINED|CONSTRAINED|CONSTRAINED_202547_2025-11-20_0656|BY_IF
100000000102|1006|4736|4736|01-JAN-1970|23-MAY-2026|23-MAY-2026|78.479|0|100000000102_1006_PURCH| |202547|CONSTRAINED|CONSTRAINED|CONSTRAINED_202547_2025-11-20_0656|BY_IF
100000000102|1006|4735|4735|01-JAN-1970|16-MAY-2026|16-MAY-2026|78.479|0|100000000102_1006_PURCH| |202547|CONSTRAINED|CONSTRAINED|CONSTRAINED_202547_2025-11-20_0656|BY_IF
100000000102|1006|4734|4734|01-JAN-1970|09-MAY-2026|09-MAY-2026|78.479|0|100000000102_1006_PURCH| |202547|CONSTRAINED|CONSTRAINED|CONSTRAINED_202547_2025-11-20_0656|BY_IF
100000000102|1006|4733|4733|01-JAN-1970|02-MAY-2026|02-MAY-2026|78.479|0|100000000102_1006_PURCH| |202547|CONSTRAINED|CONSTRAINED|CONSTRAINED_202547_2025-11-20_0656|BY_IF
100000000102|1006|4732|4732|01-JAN-1970|25-APR-2026|25-APR-2026|78.479|0|100000000102_1006_PURCH| |202547|CONSTRAINED|CONSTRAINED|CONSTRAINED_202547_2025-11-20_0656|BY_IF
100000000102|1006|4731|4731|01-JAN-1970|18-APR-2026|18-APR-2026|78.479|0|100000000102_1006_PURCH| |202547|CONSTRAINED|CONSTRAINED|CONSTRAINED_202547_2025-11-20_0656|BY_IF
100000000102|1006|4730|4730|01-JAN-1970|11-APR-2026|11-APR-2026|78.479|0|100000000102_1006_PURCH| |202547|CONSTRAINED|CONSTRAINED|CONSTRAINED_202547_2025-11-20_0656|BY_IF
100000000102|1006|4729|4729|01-JAN-1970|04-APR-2026|04-APR-2026|78.479|0|100000000102_1006_PURCH| |202547|CONSTRAINED|CONSTRAINED|CONSTRAINED_202547_2025-11-20_0656|BY_IF
100000000102|1006|4728|4728|01-JAN-1970|28-MAR-2026|28-MAR-2026|78.479|0|100000000102_1006_PURCH| |202547|CONSTRAINED|CONSTRAINED|CONSTRAINED_202547_2025-11-20_0656|BY_IF
100000000102|1006|4727|4727|01-JAN-1970|21-MAR-2026|21-MAR-2026|78.479|0|100000000102_1006_PURCH| |202547|CONSTRAINED|CONSTRAINED|CONSTRAINED_202547_2025-11-20_0656|BY_IF
100000000102|1006|4726|4726|01-JAN-1970|14-MAR-2026|14-MAR-2026|78.479|0|100000000102_1006_PURCH| |202547|CONSTRAINED|CONSTRAINED|CONSTRAINED_202547_2025-11-20_0656|BY_IF
100000000102|1006|4725|4725|01-JAN-1970|07-MAR-2026|07-MAR-2026|78.479|0|100000000102_1006_PURCH| |202547|CONSTRAINED|CONSTRAINED|CONSTRAINED_202547_2025-11-20_0656|BY_IF
100000000102|1006|4724|4724|01-JAN-1970|28-FEB-2026|28-FEB-2026|78.479|0|100000000102_1006_PURCH| |202547|CONSTRAINED|CONSTRAINED|CONSTRAINED_202547_2025-11-20_0656|BY_IF
100000000102|1006|4723|4723|01-JAN-1970|21-FEB-2026|21-FEB-2026|78.479|0|100000000102_1006_PURCH| |202547|CONSTRAINED|CONSTRAINED|CONSTRAINED_202547_2025-11-20_0656|BY_IF
100000000102|1006|4722|4722|01-JAN-1970|14-FEB-2026|14-FEB-2026|78.479|0|100000000102_1006_PURCH| |202547|CONSTRAINED|CONSTRAINED|CONSTRAINED_202547_2025-11-20_0656|BY_IF
100000000102|1006|4721|4721|01-JAN-1970|07-FEB-2026|07-FEB-2026|78.479|0|100000000102_1006_PURCH| |202547|CONSTRAINED|CONSTRAINED|CONSTRAINED_202547_2025-11-20_0656|BY_IF
100000000102|1006|4720|4720|01-JAN-1970|31-JAN-2026|31-JAN-2026|78.479|0|100000000102_1006_PURCH| |202547|CONSTRAINED|CONSTRAINED|CONSTRAINED_202547_2025-11-20_0656|BY_IF
100000000102|1006|4719|4719|01-JAN-1970|24-JAN-2026|24-JAN-2026|78.479|0|100000000102_1006_PURCH| |202547|CONSTRAINED|CONSTRAINED|CONSTRAINED_202547_2025-11-20_0656|BY_IF
100000000102|1006|4718|4718|01-JAN-1970|17-JAN-2026|17-JAN-2026|78.479|0|100000000102_1006_PURCH| |202547|CONSTRAINED|CONSTRAINED|CONSTRAINED_202547_2025-11-20_0656|BY_IF
100000000102|1006|4717|4717|01-JAN-1970|10-JAN-2026|10-JAN-2026|78.479|0|100000000102_1006_PURCH| |202547|CONSTRAINED|CONSTRAINED|CONSTRAINED_202547_2025-11-20_0656|BY_IF
100000000102|1006|4716|4716|01-JAN-1970|03-JAN-2026|03-JAN-2026|78.479|0|100000000102_1006_PURCH| |202547|CONSTRAINED|CONSTRAINED|CONSTRAINED_202547_2025-11-20_0656|BY_IF
100000000102|1006|4715|4715|01-JAN-1970|27-DEC-2025|27-DEC-2025|78.479|0|100000000102_1006_PURCH| |202547|CONSTRAINED|CONSTRAINED|CONSTRAINED_202547_2025-11-20_0656|BY_IF
100000000102|1006|4714|4714|01-JAN-1970|20-DEC-2025|20-DEC-2025|78.479|0|100000000102_1006_PURCH| |202547|CONSTRAINED|CONSTRAINED|CONSTRAINED_202547_2025-11-20_0656|BY_IF
100000000102|1006|4713|4713|01-JAN-1970|13-DEC-2025|13-DEC-2025|78.479|0|100000000102_1006_PURCH| |202547|CONSTRAINED|CONSTRAINED|CONSTRAINED_202547_2025-11-20_0656|BY_IF
100000000102|1006|4712|4712|01-JAN-1970|06-DEC-2025|06-DEC-2025|51.273|0|100000000102_1006_PURCH| |202547|CONSTRAINED|CONSTRAINED|CONSTRAINED_202547_2025-11-20_0656|BY_IF
100000000102|1006|4711|4711|01-JAN-1970|22-NOV-2025|22-NOV-2025|39.763|0|100000000102_1006_PURCH| |202547|CONSTRAINED|CONSTRAINED|CONSTRAINED_202547_2025-11-20_0656|BY_IF
100000000102|1006|4710|4710|01-JAN-1970|20-SEP-2025|20-SEP-2025|52.319|0|100000000102_1006_PURCH| |202547|CONSTRAINED|CONSTRAINED|CONSTRAINED_202547_2025-11-20_0656|BY_IF
100000000102|1006|4709|4709|01-JAN-1970|30-AUG-2025|30-AUG-2025|10.464|0|100000000102_1006_PURCH| |202547|CONSTRAINED|CONSTRAINED|CONSTRAINED_202547_2025-11-20_0656|BY_IF
100000000102|1006|4708|4708|01-JAN-1970|16-AUG-2025|16-AUG-2025|193.581|0|100000000102_1006_PURCH| |202547|CONSTRAINED|CONSTRAINED|CONSTRAINED_202547_2025-11-20_0656|BY_IF
100000000102|1006|4707|4707|01-JAN-1970|09-AUG-2025|09-AUG-2025|334.843|0|100000000102_1006_PURCH| |202547|CONSTRAINED|CONSTRAINED|CONSTRAINED_202547_2025-11-20_0656|BY_IF
100000000102|1006|4706|4706|01-JAN-1970|26-JUL-2025|26-JUL-2025|381.93|0|100000000102_1006_PURCH| |202547|CONSTRAINED|CONSTRAINED|CONSTRAINED_202547_2025-11-20_0656|BY_IF
100000000102|1020|4705|4705|01-JAN-1970|16-AUG-2025|16-AUG-2025|109.87|0|100000000102_1020_PURCH| |202547|CONSTRAINED|CONSTRAINED|CONSTRAINED_202547_2025-11-20_0656|BY_IF
100000000102|1020|4704|4704|01-JAN-1970|09-AUG-2025|09-AUG-2025|111.963|0|100000000102_1020_PURCH| |202547|CONSTRAINED|CONSTRAINED|CONSTRAINED_202547_2025-11-20_0656|BY_IF
100000000102|1020|4703|4703|01-JAN-1970|02-AUG-2025|02-AUG-2025|298.22|0|100000000102_1020_PURCH| |202547|CONSTRAINED|CONSTRAINED|CONSTRAINED_202547_2025-11-20_0656|BY_IF
100000000103|1006|7668|7668|01-JAN-1970|26-DEC-2026|26-DEC-2026|78.479|0|100000000103_1006_PURCH| |202547|CONSTRAINED|CONSTRAINED|CONSTRAINED_202547_2025-11-20_0656|BY_IF
100000000103|1006|7667|7667|01-JAN-1970|19-DEC-2026|19-DEC-2026|78.479|0|100000000103_1006_PURCH| |202547|CONSTRAINED|CONSTRAINED|CONSTRAINED_202547_2025-11-20_0656|BY_IF
100000000103|1006|7666|7666|01-JAN-1970|12-DEC-2026|12-DEC-2026|78.479|0|100000000103_1006_PURCH| |202547|CONSTRAINED|CONSTRAINED|CONSTRAINED_202547_2025-11-20_0656|BY_IF
100000000103|1006|7665|7665|01-JAN-1970|05-DEC-2026|05-DEC-2026|78.479|0|100000000103_1006_PURCH| |202547|CONSTRAINED|CONSTRAINED|CONSTRAINED_202547_2025-11-20_0656|BY_IF
100000000103|1006|7664|7664|01-JAN-1970|28-NOV-2026|28-NOV-2026|78.479|0|100000000103_1006_PURCH| |202547|CONSTRAINED|CONSTRAINED|CONSTRAINED_202547_2025-11-20_0656|BY_IF
100000000103|1006|7663|7663|01-JAN-1970|21-NOV-2026|21-NOV-2026|78.479|0|100000000103_1006_PURCH| |202547|CONSTRAINED|CONSTRAINED|CONSTRAINED_202547_2025-11-20_0656|BY_IF
100000000103|1006|7662|7662|01-JAN-1970|14-NOV-2026|14-NOV-2026|78.479|0|100000000103_1006_PURCH| |202547|CONSTRAINED|CONSTRAINED|CONSTRAINED_202547_2025-11-20_0656|BY_IF
100000000103|1006|7661|7661|01-JAN-1970|07-NOV-2026|07-NOV-2026|78.479|0|100000000103_1006_PURCH| |202547|CONSTRAINED|CONSTRAINED|CONSTRAINED_202547_2025-11-20_0656|BY_IF
100000000103|1006|7660|7660|01-JAN-1970|31-OCT-2026|31-OCT-2026|78.479|0|100000000103_1006_PURCH| |202547|CONSTRAINED|CONSTRAINED|CONSTRAINED_202547_2025-11-20_0656|BY_IF
100000000103|1006|7659|7659|01-JAN-1970|24-OCT-2026|24-OCT-2026|78.479|0|100000000103_1006_PURCH| |202547|CONSTRAINED|CONSTRAINED|CONSTRAINED_202547_2025-11-20_0656|BY_IF
100000000103|1006|7658|7658|01-JAN-1970|17-OCT-2026|17-OCT-2026|78.479|0|100000000103_1006_PURCH| |202547|CONSTRAINED|CONSTRAINED|CONSTRAINED_202547_2025-11-20_0656|BY_IF
100000000103|1006|7657|7657|01-JAN-1970|10-OCT-2026|10-OCT-2026|78.479|0|100000000103_1006_PURCH| |202547|CONSTRAINED|CONSTRAINED|CONSTRAINED_202547_2025-11-20_0656|BY_IF
100000000103|1006|7656|7656|01-JAN-1970|03-OCT-2026|03-OCT-2026|78.479|0|100000000103_1006_PURCH| |202547|CONSTRAINED|CONSTRAINED|CONSTRAINED_202547_2025-11-20_0656|BY_IF
100000000103|1006|7655|7655|01-JAN-1970|26-SEP-2026|26-SEP-2026|78.479|0|100000000103_1006_PURCH| |202547|CONSTRAINED|CONSTRAINED|CONSTRAINED_202547_2025-11-20_0656|BY_IF
100000000103|1006|7654|7654|01-JAN-1970|19-SEP-2026|19-SEP-2026|78.479|0|100000000103_1006_PURCH| |202547|CONSTRAINED|CONSTRAINED|CONSTRAINED_202547_2025-11-20_0656|BY_IF
100000000103|1006|7653|7653|01-JAN-1970|12-SEP-2026|12-SEP-2026|78.479|0|100000000103_1006_PURCH| |202547|CONSTRAINED|CONSTRAINED|CONSTRAINED_202547_2025-11-20_0656|BY_IF
100000000103|1006|7652|7652|01-JAN-1970|05-SEP-2026|05-SEP-2026|78.479|0|100000000103_1006_PURCH| |202547|CONSTRAINED|CONSTRAINED|CONSTRAINED_202547_2025-11-20_0656|BY_IF
100000000103|1006|7651|7651|01-JAN-1970|29-AUG-2026|29-AUG-2026|78.479|0|100000000103_1006_PURCH| |202547|CONSTRAINED|CONSTRAINED|CONSTRAINED_202547_2025-11-20_0656|BY_IF
100000000103|1006|7650|7650|01-JAN-1970|22-AUG-2026|22-AUG-2026|78.479|0|100000000103_1006_PURCH| |202547|CONSTRAINED|CONSTRAINED|CONSTRAINED_202547_2025-11-20_0656|BY_IF
100000000103|1006|7649|7649|01-JAN-1970|15-AUG-2026|15-AUG-2026|78.479|0|100000000103_1006_PURCH| |202547|CONSTRAINED|CONSTRAINED|CONSTRAINED_202547_2025-11-20_0656|BY_IF
100000000103|1006|7648|7648|01-JAN-1970|08-AUG-2026|08-AUG-2026|78.479|0|100000000103_1006_PURCH| |202547|CONSTRAINED|CONSTRAINED|CONSTRAINED_202547_2025-11-20_0656|BY_IF
100000000103|1006|7647|7647|01-JAN-1970|01-AUG-2026|01-AUG-2026|78.479|0|100000000103_1006_PURCH| |202547|CONSTRAINED|CONSTRAINED|CONSTRAINED_202547_2025-11-20_0656|BY_IF
100000000103|1006|7646|7646|01-JAN-1970|25-JUL-2026|25-JUL-2026|78.479|0|100000000103_1006_PURCH| |202547|CONSTRAINED|CONSTRAINED|CONSTRAINED_202547_2025-11-20_0656|BY_IF
100000000103|1006|7645|7645|01-JAN-1970|18-JUL-2026|18-JUL-2026|78.479|0|100000000103_1006_PURCH| |202547|CONSTRAINED|CONSTRAINED|CONSTRAINED_202547_2025-11-20_0656|BY_IF
100000000103|1006|7644|7644|01-JAN-1970|11-JUL-2026|11-JUL-2026|78.479|0|100000000103_1006_PURCH| |202547|CONSTRAINED|CONSTRAINED|CONSTRAINED_202547_2025-11-20_0656|BY_IF
100000000103|1006|7643|7643|01-JAN-1970|04-JUL-2026|04-JUL-2026|78.479|0|100000000103_1006_PURCH| |202547|CONSTRAINED|CONSTRAINED|CONSTRAINED_202547_2025-11-20_0656|BY_IF
100000000103|1006|7642|7642|01-JAN-1970|27-JUN-2026|27-JUN-2026|78.479|0|100000000103_1006_PURCH| |202547|CONSTRAINED|CONSTRAINED|CONSTRAINED_202547_2025-11-20_0656|BY_IF
100000000103|1006|7641|7641|01-JAN-1970|20-JUN-2026|20-JUN-2026|78.479|0|100000000103_1006_PURCH| |202547|CONSTRAINED|CONSTRAINED|CONSTRAINED_202547_2025-11-20_0656|BY_IF
100000000103|1006|7640|7640|01-JAN-1970|13-JUN-2026|13-JUN-2026|78.479|0|100000000103_1006_PURCH| |202547|CONSTRAINED|CONSTRAINED|CONSTRAINED_202547_2025-11-20_0656|BY_IF
100000000103|1006|7639|7639|01-JAN-1970|06-JUN-2026|06-JUN-2026|78.479|0|100000000103_1006_PURCH| |202547|CONSTRAINED|CONSTRAINED|CONSTRAINED_202547_2025-11-20_0656|BY_IF
100000000103|1006|7638|7638|01-JAN-1970|30-MAY-2026|30-MAY-2026|78.479|0|100000000103_1006_PURCH| |202547|CONSTRAINED|CONSTRAINED|CONSTRAINED_202547_2025-11-20_0656|BY_IF
100000000103|1006|7637|7637|01-JAN-1970|23-MAY-2026|23-MAY-2026|78.479|0|100000000103_1006_PURCH| |202547|CONSTRAINED|CONSTRAINED|CONSTRAINED_202547_2025-11-20_0656|BY_IF
100000000103|1006|7636|7636|01-JAN-1970|16-MAY-2026|16-MAY-2026|78.479|0|100000000103_1006_PURCH| |202547|CONSTRAINED|CONSTRAINED|CONSTRAINED_202547_2025-11-20_0656|BY_IF
100000000103|1006|7635|7635|01-JAN-1970|09-MAY-2026|09-MAY-2026|78.479|0|100000000103_1006_PURCH| |202547|CONSTRAINED|CONSTRAINED|CONSTRAINED_202547_2025-11-20_0656|BY_IF
100000000103|1006|7634|7634|01-JAN-1970|02-MAY-2026|02-MAY-2026|78.479|0|100000000103_1006_PURCH| |202547|CONSTRAINED|CONSTRAINED|CONSTRAINED_202547_2025-11-20_0656|BY_IF
100000000103|1006|7633|7633|01-JAN-1970|25-APR-2026|25-APR-2026|78.479|0|100000000103_1006_PURCH| |202547|CONSTRAINED|CONSTRAINED|CONSTRAINED_202547_2025-11-20_0656|BY_IF
100000000103|1006|7632|7632|01-JAN-1970|18-APR-2026|18-APR-2026|78.479|0|100000000103_1006_PURCH| |202547|CONSTRAINED|CONSTRAINED|CONSTRAINED_202547_2025-11-20_0656|BY_IF
100000000103|1006|7631|7631|01-JAN-1970|11-APR-2026|11-APR-2026|78.479|0|100000000103_1006_PURCH| |202547|CONSTRAINED|CONSTRAINED|CONSTRAINED_202547_2025-11-20_0656|BY_IF
100000000103|1006|7630|7630|01-JAN-1970|04-APR-2026|04-APR-2026|78.479|0|100000000103_1006_PURCH| |202547|CONSTRAINED|CONSTRAINED|CONSTRAINED_202547_2025-11-20_0656|BY_IF
100000000103|1006|7629|7629|01-JAN-1970|28-MAR-2026|28-MAR-2026|78.479|0|100000000103_1006_PURCH| |202547|CONSTRAINED|CONSTRAINED|CONSTRAINED_202547_2025-11-20_0656|BY_IF
100000000103|1006|7628|7628|01-JAN-1970|21-MAR-2026|21-MAR-2026|78.479|0|100000000103_1006_PURCH| |202547|CONSTRAINED|CONSTRAINED|CONSTRAINED_202547_2025-11-20_0656|BY_IF
100000000103|1006|7627|7627|01-JAN-1970|14-MAR-2026|14-MAR-2026|78.479|0|100000000103_1006_PURCH| |202547|CONSTRAINED|CONSTRAINED|CONSTRAINED_202547_2025-11-20_0656|BY_IF
100000000103|1006|7626|7626|01-JAN-1970|07-MAR-2026|07-MAR-2026|78.479|0|100000000103_1006_PURCH| |202547|CONSTRAINED|CONSTRAINED|CONSTRAINED_202547_2025-11-20_0656|BY_IF
100000000103|1006|7625|7625|01-JAN-1970|28-FEB-2026|28-FEB-2026|78.479|0|100000000103_1006_PURCH| |202547|CONSTRAINED|CONSTRAINED|CONSTRAINED_202547_2025-11-20_0656|BY_IF
100000000103|1006|7624|7624|01-JAN-1970|21-FEB-2026|21-FEB-2026|78.479|0|100000000103_1006_PURCH| |202547|CONSTRAINED|CONSTRAINED|CONSTRAINED_202547_2025-11-20_0656|BY_IF
100000000103|1006|7623|7623|01-JAN-1970|14-FEB-2026|14-FEB-2026|78.479|0|100000000103_1006_PURCH| |202547|CONSTRAINED|CONSTRAINED|CONSTRAINED_202547_2025-11-20_0656|BY_IF
100000000103|1006|7622|7622|01-JAN-1970|07-FEB-2026|07-FEB-2026|78.479|0|100000000103_1006_PURCH| |202547|CONSTRAINED|CONSTRAINED|CONSTRAINED_202547_2025-11-20_0656|BY_IF
100000000103|1006|7621|7621|01-JAN-1970|31-JAN-2026|31-JAN-2026|78.479|0|100000000103_1006_PURCH| |202547|CONSTRAINED|CONSTRAINED|CONSTRAINED_202547_2025-11-20_0656|BY_IF
100000000103|1006|7620|7620|01-JAN-1970|24-JAN-2026|24-JAN-2026|78.479|0|100000000103_1006_PURCH| |202547|CONSTRAINED|CONSTRAINED|CONSTRAINED_202547_2025-11-20_0656|BY_IF
100000000103|1006|7619|7619|01-JAN-1970|17-JAN-2026|17-JAN-2026|78.479|0|100000000103_1006_PURCH| |202547|CONSTRAINED|CONSTRAINED|CONSTRAINED_202547_2025-11-20_0656|BY_IF
100000000103|1006|7618|7618|01-JAN-1970|10-JAN-2026|10-JAN-2026|78.479|0|100000000103_1006_PURCH| |202547|CONSTRAINED|CONSTRAINED|CONSTRAINED_202547_2025-11-20_0656|BY_IF
100000000103|1006|7617|7617|01-JAN-1970|03-JAN-2026|03-JAN-2026|78.479|0|100000000103_1006_PURCH| |202547|CONSTRAINED|CONSTRAINED|CONSTRAINED_202547_2025-11-20_0656|BY_IF
100000000103|1006|7616|7616|01-JAN-1970|27-DEC-2025|27-DEC-2025|78.479|0|100000000103_1006_PURCH| |202547|CONSTRAINED|CONSTRAINED|CONSTRAINED_202547_2025-11-20_0656|BY_IF
100000000103|1006|7615|7615|01-JAN-1970|20-DEC-2025|20-DEC-2025|78.479|0|100000000103_1006_PURCH| |202547|CONSTRAINED|CONSTRAINED|CONSTRAINED_202547_2025-11-20_0656|BY_IF
100000000103|1006|7614|7614|01-JAN-1970|13-DEC-2025|13-DEC-2025|78.479|0|100000000103_1006_PURCH| |202547|CONSTRAINED|CONSTRAINED|CONSTRAINED_202547_2025-11-20_0656|BY_IF
100000000103|1006|7613|7613|01-JAN-1970|06-DEC-2025|06-DEC-2025|51.273|0|100000000103_1006_PURCH| |202547|CONSTRAINED|CONSTRAINED|CONSTRAINED_202547_2025-11-20_0656|BY_IF
100000000103|1006|7612|7612|01-JAN-1970|22-NOV-2025|22-NOV-2025|39.763|0|100000000103_1006_PURCH| |202547|CONSTRAINED|CONSTRAINED|CONSTRAINED_202547_2025-11-20_0656|BY_IF
100000000103|1006|7611|7611|01-JAN-1970|20-SEP-2025|20-SEP-2025|12.725|0|100000000103_1006_PURCH| |202547|CONSTRAINED|CONSTRAINED|CONSTRAINED_202547_2025-11-20_0656|BY_IF
100000000103|1006|7610|7610|01-JAN-1970|30-AUG-2025|30-AUG-2025|10.464|0|100000000103_1006_PURCH| |202547|CONSTRAINED|CONSTRAINED|CONSTRAINED_202547_2025-11-20_0656|BY_IF
100000000103|1006|7609|7609|01-JAN-1970|16-AUG-2025|16-AUG-2025|193.581|0|100000000103_1006_PURCH| |202547|CONSTRAINED|CONSTRAINED|CONSTRAINED_202547_2025-11-20_0656|BY_IF
100000000103|1006|7608|7608|01-JAN-1970|09-AUG-2025|09-AUG-2025|334.843|0|100000000103_1006_PURCH| |202547|CONSTRAINED|CONSTRAINED|CONSTRAINED_202547_2025-11-20_0656|BY_IF
100000000103|1006|7607|7607|01-JAN-1970|26-JUL-2025|26-JUL-2025|198.813|0|100000000103_1006_PURCH| |202547|CONSTRAINED|CONSTRAINED|CONSTRAINED_202547_2025-11-20_0656|BY_IF
100000000103|1006|7697|7697|01-JAN-1970|17-JUL-2027|17-JUL-2027|156.958|0|100000000103_1006_PURCH| |202547|CONSTRAINED|CONSTRAINED|CONSTRAINED_202547_2025-11-20_0656|BY_IF
100000000103|1006|7696|7696|01-JAN-1970|10-JUL-2027|10-JUL-2027|78.479|0|100000000103_1006_PURCH| |202547|CONSTRAINED|CONSTRAINED|CONSTRAINED_202547_2025-11-20_0656|BY_IF
100000000103|1006|7695|7695|01-JAN-1970|03-JUL-2027|03-JUL-2027|78.479|0|100000000103_1006_PURCH| |202547|CONSTRAINED|CONSTRAINED|CONSTRAINED_202547_2025-11-20_0656|BY_IF
100000000103|1006|7694|7694|01-JAN-1970|26-JUN-2027|26-JUN-2027|78.479|0|100000000103_1006_PURCH| |202547|CONSTRAINED|CONSTRAINED|CONSTRAINED_202547_2025-11-20_0656|BY_IF
100000000103|1006|7693|7693|01-JAN-1970|19-JUN-2027|19-JUN-2027|78.479|0|100000000103_1006_PURCH| |202547|CONSTRAINED|CONSTRAINED|CONSTRAINED_202547_2025-11-20_0656|BY_IF
100000000103|1006|7692|7692|01-JAN-1970|12-JUN-2027|12-JUN-2027|78.479|0|100000000103_1006_PURCH| |202547|CONSTRAINED|CONSTRAINED|CONSTRAINED_202547_2025-11-20_0656|BY_IF
100000000103|1006|7691|7691|01-JAN-1970|05-JUN-2027|05-JUN-2027|78.479|0|100000000103_1006_PURCH| |202547|CONSTRAINED|CONSTRAINED|CONSTRAINED_202547_2025-11-20_0656|BY_IF
100000000103|1006|7690|7690|01-JAN-1970|29-MAY-2027|29-MAY-2027|78.479|0|100000000103_1006_PURCH| |202547|CONSTRAINED|CONSTRAINED|CONSTRAINED_202547_2025-11-20_0656|BY_IF
100000000103|1006|7689|7689|01-JAN-1970|22-MAY-2027|22-MAY-2027|78.479|0|100000000103_1006_PURCH| |202547|CONSTRAINED|CONSTRAINED|CONSTRAINED_202547_2025-11-20_0656|BY_IF
100000000103|1006|7688|7688|01-JAN-1970|15-MAY-2027|15-MAY-2027|78.479|0|100000000103_1006_PURCH| |202547|CONSTRAINED|CONSTRAINED|CONSTRAINED_202547_2025-11-20_0656|BY_IF
100000000103|1006|7687|7687|01-JAN-1970|08-MAY-2027|08-MAY-2027|78.479|0|100000000103_1006_PURCH| |202547|CONSTRAINED|CONSTRAINED|CONSTRAINED_202547_2025-11-20_0656|BY_IF
100000000103|1006|7686|7686|01-JAN-1970|01-MAY-2027|01-MAY-2027|78.479|0|100000000103_1006_PURCH| |202547|CONSTRAINED|CONSTRAINED|CONSTRAINED_202547_2025-11-20_0656|BY_IF
100000000103|1006|7685|7685|01-JAN-1970|24-APR-2027|24-APR-2027|78.479|0|100000000103_1006_PURCH| |202547|CONSTRAINED|CONSTRAINED|CONSTRAINED_202547_2025-11-20_0656|BY_IF
100000000103|1006|7684|7684|01-JAN-1970|17-APR-2027|17-APR-2027|78.479|0|100000000103_1006_PURCH| |202547|CONSTRAINED|CONSTRAINED|CONSTRAINED_202547_2025-11-20_0656|BY_IF
100000000103|1006|7683|7683|01-JAN-1970|10-APR-2027|10-APR-2027|78.479|0|100000000103_1006_PURCH| |202547|CONSTRAINED|CONSTRAINED|CONSTRAINED_202547_2025-11-20_0656|BY_IF
100000000103|1006|7682|7682|01-JAN-1970|03-APR-2027|03-APR-2027|78.479|0|100000000103_1006_PURCH| |202547|CONSTRAINED|CONSTRAINED|CONSTRAINED_202547_2025-11-20_0656|BY_IF
100000000103|1006|7681|7681|01-JAN-1970|27-MAR-2027|27-MAR-2027|78.479|0|100000000103_1006_PURCH| |202547|CONSTRAINED|CONSTRAINED|CONSTRAINED_202547_2025-11-20_0656|BY_IF
100000000103|1006|7680|7680|01-JAN-1970|20-MAR-2027|20-MAR-2027|78.479|0|100000000103_1006_PURCH| |202547|CONSTRAINED|CONSTRAINED|CONSTRAINED_202547_2025-11-20_0656|BY_IF
100000000103|1006|7679|7679|01-JAN-1970|13-MAR-2027|13-MAR-2027|78.479|0|100000000103_1006_PURCH| |202547|CONSTRAINED|CONSTRAINED|CONSTRAINED_202547_2025-11-20_0656|BY_IF
100000000103|1006|7678|7678|01-JAN-1970|06-MAR-2027|06-MAR-2027|78.479|0|100000000103_1006_PURCH| |202547|CONSTRAINED|CONSTRAINED|CONSTRAINED_202547_2025-11-20_0656|BY_IF
100000000103|1006|7677|7677|01-JAN-1970|27-FEB-2027|27-FEB-2027|78.479|0|100000000103_1006_PURCH| |202547|CONSTRAINED|CONSTRAINED|CONSTRAINED_202547_2025-11-20_0656|BY_IF
100000000103|1006|7676|7676|01-JAN-1970|20-FEB-2027|20-FEB-2027|78.479|0|100000000103_1006_PURCH| |202547|CONSTRAINED|CONSTRAINED|CONSTRAINED_202547_2025-11-20_0656|BY_IF
100000000103|1006|7675|7675|01-JAN-1970|13-FEB-2027|13-FEB-2027|78.479|0|100000000103_1006_PURCH| |202547|CONSTRAINED|CONSTRAINED|CONSTRAINED_202547_2025-11-20_0656|BY_IF
100000000103|1006|7674|7674|01-JAN-1970|06-FEB-2027|06-FEB-2027|78.479|0|100000000103_1006_PURCH| |202547|CONSTRAINED|CONSTRAINED|CONSTRAINED_202547_2025-11-20_0656|BY_IF
100000000103|1006|7673|7673|01-JAN-1970|30-JAN-2027|30-JAN-2027|78.479|0|100000000103_1006_PURCH| |202547|CONSTRAINED|CONSTRAINED|CONSTRAINED_202547_2025-11-20_0656|BY_IF
100000000103|1006|7672|7672|01-JAN-1970|23-JAN-2027|23-JAN-2027|78.479|0|100000000103_1006_PURCH| |202547|CONSTRAINED|CONSTRAINED|CONSTRAINED_202547_2025-11-20_0656|BY_IF
100000000103|1006|7671|7671|01-JAN-1970|16-JAN-2027|16-JAN-2027|78.479|0|100000000103_1006_PURCH| |202547|CONSTRAINED|CONSTRAINED|CONSTRAINED_202547_2025-11-20_0656|BY_IF
100000000103|1006|7670|7670|01-JAN-1970|09-JAN-2027|09-JAN-2027|78.479|0|100000000103_1006_PURCH| |202547|CONSTRAINED|CONSTRAINED|CONSTRAINED_202547_2025-11-20_0656|BY_IF
100000000103|1006|7669|7669|01-JAN-1970|02-JAN-2027|02-JAN-2027|78.479|0|100000000103_1006_PURCH| |202547|CONSTRAINED|CONSTRAINED|CONSTRAINED_202547_2025-11-20_0656|BY_IF
100000002001|1004|2440|2440|01-JAN-1970|17-JUL-2027|17-JUL-2027|48.442|0|100000002001_1004_PURCH| |202547|CONSTRAINED|CONSTRAINED|CONSTRAINED_202547_2025-11-20_0656|BY_IF
100000002001|1004|2439|2439|01-JAN-1970|03-JUL-2027|03-JUL-2027|30.921|0|100000002001_1004_PURCH| |202547|CONSTRAINED|CONSTRAINED|CONSTRAINED_202547_2025-11-20_0656|BY_IF
100000002001|1004|2438|2438|01-JAN-1970|30-AUG-2025|30-AUG-2025|10.307|0|100000002001_1004_PURCH| |202547|CONSTRAINED|CONSTRAINED|CONSTRAINED_202547_2025-11-20_0656|BY_IF
100000002001|1004|2437|2437|01-JAN-1970|16-AUG-2025|16-AUG-2025|386.508|0|100000002001_1004_PURCH| |202547|CONSTRAINED|CONSTRAINED|CONSTRAINED_202547_2025-11-20_0656|BY_IF
100000002001|1004|2436|2436|01-JAN-1970|09-AUG-2025|09-AUG-2025|496.792|0|100000002001_1004_PURCH| |202547|CONSTRAINED|CONSTRAINED|CONSTRAINED_202547_2025-11-20_0656|BY_IF
100000002001|1004|2435|2435|01-JAN-1970|02-AUG-2025|02-AUG-2025|345.281|0|100000002001_1004_PURCH| |202547|CONSTRAINED|CONSTRAINED|CONSTRAINED_202547_2025-11-20_0656|BY_IF
100000002001|1004|2434|2434|01-JAN-1970|26-JUL-2025|26-JUL-2025|371.048|0|100000002001_1004_PURCH| |202547|CONSTRAINED|CONSTRAINED|CONSTRAINED_202547_2025-11-20_0656|BY_IF
100000002002|1004|2634|2634|01-JAN-1970|20-MAR-2027|20-MAR-2027|77.302|0|100000002002_1004_PURCH| |202547|CONSTRAINED|CONSTRAINED|CONSTRAINED_202547_2025-11-20_0656|BY_IF
100000002002|1004|2633|2633|01-JAN-1970|13-MAR-2027|13-MAR-2027|77.302|0|100000002002_1004_PURCH| |202547|CONSTRAINED|CONSTRAINED|CONSTRAINED_202547_2025-11-20_0656|BY_IF
100000002002|1004|2632|2632|01-JAN-1970|06-MAR-2027|06-MAR-2027|77.302|0|100000002002_1004_PURCH| |202547|CONSTRAINED|CONSTRAINED|CONSTRAINED_202547_2025-11-20_0656|BY_IF
100000002002|1004|2631|2631|01-JAN-1970|27-FEB-2027|27-FEB-2027|77.302|0|100000002002_1004_PURCH| |202547|CONSTRAINED|CONSTRAINED|CONSTRAINED_202547_2025-11-20_0656|BY_IF
100000002002|1004|2630|2630|01-JAN-1970|20-FEB-2027|20-FEB-2027|77.302|0|100000002002_1004_PURCH| |202547|CONSTRAINED|CONSTRAINED|CONSTRAINED_202547_2025-11-20_0656|BY_IF
100000002002|1004|2629|2629|01-JAN-1970|13-FEB-2027|13-FEB-2027|77.302|0|100000002002_1004_PURCH| |202547|CONSTRAINED|CONSTRAINED|CONSTRAINED_202547_2025-11-20_0656|BY_IF
100000002002|1004|2628|2628|01-JAN-1970|06-FEB-2027|06-FEB-2027|77.302|0|100000002002_1004_PURCH| |202547|CONSTRAINED|CONSTRAINED|CONSTRAINED_202547_2025-11-20_0656|BY_IF
100000002002|1004|2627|2627|01-JAN-1970|30-JAN-2027|30-JAN-2027|77.302|0|100000002002_1004_PURCH| |202547|CONSTRAINED|CONSTRAINED|CONSTRAINED_202547_2025-11-20_0656|BY_IF
100000002002|1004|2626|2626|01-JAN-1970|23-JAN-2027|23-JAN-2027|77.302|0|100000002002_1004_PURCH| |202547|CONSTRAINED|CONSTRAINED|CONSTRAINED_202547_2025-11-20_0656|BY_IF
100000002002|1004|2625|2625|01-JAN-1970|16-JAN-2027|16-JAN-2027|77.302|0|100000002002_1004_PURCH| |202547|CONSTRAINED|CONSTRAINED|CONSTRAINED_202547_2025-11-20_0656|BY_IF
100000002002|1004|2624|2624|01-JAN-1970|09-JAN-2027|09-JAN-2027|77.302|0|100000002002_1004_PURCH| |202547|CONSTRAINED|CONSTRAINED|CONSTRAINED_202547_2025-11-20_0656|BY_IF
100000002002|1004|2623|2623|01-JAN-1970|02-JAN-2027|02-JAN-2027|77.302|0|100000002002_1004_PURCH| |202547|CONSTRAINED|CONSTRAINED|CONSTRAINED_202547_2025-11-20_0656|BY_IF
100000002002|1004|2622|2622|01-JAN-1970|26-DEC-2026|26-DEC-2026|77.302|0|100000002002_1004_PURCH| |202547|CONSTRAINED|CONSTRAINED|CONSTRAINED_202547_2025-11-20_0656|BY_IF
100000002002|1004|2621|2621|01-JAN-1970|19-DEC-2026|19-DEC-2026|77.302|0|100000002002_1004_PURCH| |202547|CONSTRAINED|CONSTRAINED|CONSTRAINED_202547_2025-11-20_0656|BY_IF
100000002002|1004|2620|2620|01-JAN-1970|12-DEC-2026|12-DEC-2026|77.302|0|100000002002_1004_PURCH| |202547|CONSTRAINED|CONSTRAINED|CONSTRAINED_202547_2025-11-20_0656|BY_IF
100000002002|1004|2619|2619|01-JAN-1970|05-DEC-2026|05-DEC-2026|77.302|0|100000002002_1004_PURCH| |202547|CONSTRAINED|CONSTRAINED|CONSTRAINED_202547_2025-11-20_0656|BY_IF
100000002002|1004|2618|2618|01-JAN-1970|28-NOV-2026|28-NOV-2026|77.302|0|100000002002_1004_PURCH| |202547|CONSTRAINED|CONSTRAINED|CONSTRAINED_202547_2025-11-20_0656|BY_IF
100000002002|1004|2617|2617|01-JAN-1970|21-NOV-2026|21-NOV-2026|77.302|0|100000002002_1004_PURCH| |202547|CONSTRAINED|CONSTRAINED|CONSTRAINED_202547_2025-11-20_0656|BY_IF
100000002002|1004|2616|2616|01-JAN-1970|14-NOV-2026|14-NOV-2026|77.302|0|100000002002_1004_PURCH| |202547|CONSTRAINED|CONSTRAINED|CONSTRAINED_202547_2025-11-20_0656|BY_IF
100000002002|1004|2615|2615|01-JAN-1970|07-NOV-2026|07-NOV-2026|77.302|0|100000002002_1004_PURCH| |202547|CONSTRAINED|CONSTRAINED|CONSTRAINED_202547_2025-11-20_0656|BY_IF
100000002002|1004|2614|2614|01-JAN-1970|31-OCT-2026|31-OCT-2026|77.302|0|100000002002_1004_PURCH| |202547|CONSTRAINED|CONSTRAINED|CONSTRAINED_202547_2025-11-20_0656|BY_IF
100000002002|1004|2613|2613|01-JAN-1970|24-OCT-2026|24-OCT-2026|77.302|0|100000002002_1004_PURCH| |202547|CONSTRAINED|CONSTRAINED|CONSTRAINED_202547_2025-11-20_0656|BY_IF
100000002002|1004|2612|2612|01-JAN-1970|17-OCT-2026|17-OCT-2026|77.302|0|100000002002_1004_PURCH| |202547|CONSTRAINED|CONSTRAINED|CONSTRAINED_202547_2025-11-20_0656|BY_IF
100000002002|1004|2611|2611|01-JAN-1970|10-OCT-2026|10-OCT-2026|77.302|0|100000002002_1004_PURCH| |202547|CONSTRAINED|CONSTRAINED|CONSTRAINED_202547_2025-11-20_0656|BY_IF
100000002002|1004|2610|2610|01-JAN-1970|03-OCT-2026|03-OCT-2026|77.302|0|100000002002_1004_PURCH| |202547|CONSTRAINED|CONSTRAINED|CONSTRAINED_202547_2025-11-20_0656|BY_IF
100000002002|1004|2609|2609|01-JAN-1970|26-SEP-2026|26-SEP-2026|77.302|0|100000002002_1004_PURCH| |202547|CONSTRAINED|CONSTRAINED|CONSTRAINED_202547_2025-11-20_0656|BY_IF
100000002002|1004|2608|2608|01-JAN-1970|19-SEP-2026|19-SEP-2026|77.302|0|100000002002_1004_PURCH| |202547|CONSTRAINED|CONSTRAINED|CONSTRAINED_202547_2025-11-20_0656|BY_IF
100000002002|1004|2607|2607|01-JAN-1970|12-SEP-2026|12-SEP-2026|77.302|0|100000002002_1004_PURCH| |202547|CONSTRAINED|CONSTRAINED|CONSTRAINED_202547_2025-11-20_0656|BY_IF
100000002002|1004|2606|2606|01-JAN-1970|05-SEP-2026|05-SEP-2026|77.302|0|100000002002_1004_PURCH| |202547|CONSTRAINED|CONSTRAINED|CONSTRAINED_202547_2025-11-20_0656|BY_IF
100000002002|1004|2605|2605|01-JAN-1970|29-AUG-2026|29-AUG-2026|77.302|0|100000002002_1004_PURCH| |202547|CONSTRAINED|CONSTRAINED|CONSTRAINED_202547_2025-11-20_0656|BY_IF
100000002002|1004|2604|2604|01-JAN-1970|22-AUG-2026|22-AUG-2026|77.302|0|100000002002_1004_PURCH| |202547|CONSTRAINED|CONSTRAINED|CONSTRAINED_202547_2025-11-20_0656|BY_IF
100000002002|1004|2603|2603|01-JAN-1970|15-AUG-2026|15-AUG-2026|77.302|0|100000002002_1004_PURCH| |202547|CONSTRAINED|CONSTRAINED|CONSTRAINED_202547_2025-11-20_0656|BY_IF
100000002002|1004|2602|2602|01-JAN-1970|08-AUG-2026|08-AUG-2026|77.302|0|100000002002_1004_PURCH| |202547|CONSTRAINED|CONSTRAINED|CONSTRAINED_202547_2025-11-20_0656|BY_IF
100000002002|1004|2601|2601|01-JAN-1970|01-AUG-2026|01-AUG-2026|77.302|0|100000002002_1004_PURCH| |202547|CONSTRAINED|CONSTRAINED|CONSTRAINED_202547_2025-11-20_0656|BY_IF
100000002002|1004|2600|2600|01-JAN-1970|25-JUL-2026|25-JUL-2026|77.302|0|100000002002_1004_PURCH| |202547|CONSTRAINED|CONSTRAINED|CONSTRAINED_202547_2025-11-20_0656|BY_IF
100000002002|1004|2599|2599|01-JAN-1970|18-JUL-2026|18-JUL-2026|77.302|0|100000002002_1004_PURCH| |202547|CONSTRAINED|CONSTRAINED|CONSTRAINED_202547_2025-11-20_0656|BY_IF
100000002002|1004|2598|2598|01-JAN-1970|11-JUL-2026|11-JUL-2026|77.302|0|100000002002_1004_PURCH| |202547|CONSTRAINED|CONSTRAINED|CONSTRAINED_202547_2025-11-20_0656|BY_IF
100000002002|1004|2597|2597|01-JAN-1970|04-JUL-2026|04-JUL-2026|77.302|0|100000002002_1004_PURCH| |202547|CONSTRAINED|CONSTRAINED|CONSTRAINED_202547_2025-11-20_0656|BY_IF
100000002002|1004|2596|2596|01-JAN-1970|27-JUN-2026|27-JUN-2026|77.302|0|100000002002_1004_PURCH| |202547|CONSTRAINED|CONSTRAINED|CONSTRAINED_202547_2025-11-20_0656|BY_IF
100000002002|1004|2595|2595|01-JAN-1970|20-JUN-2026|20-JUN-2026|77.302|0|100000002002_1004_PURCH| |202547|CONSTRAINED|CONSTRAINED|CONSTRAINED_202547_2025-11-20_0656|BY_IF
100000002002|1004|2594|2594|01-JAN-1970|13-JUN-2026|13-JUN-2026|77.302|0|100000002002_1004_PURCH| |202547|CONSTRAINED|CONSTRAINED|CONSTRAINED_202547_2025-11-20_0656|BY_IF
100000002002|1004|2593|2593|01-JAN-1970|06-JUN-2026|06-JUN-2026|77.302|0|100000002002_1004_PURCH| |202547|CONSTRAINED|CONSTRAINED|CONSTRAINED_202547_2025-11-20_0656|BY_IF
100000002002|1004|2592|2592|01-JAN-1970|30-MAY-2026|30-MAY-2026|77.302|0|100000002002_1004_PURCH| |202547|CONSTRAINED|CONSTRAINED|CONSTRAINED_202547_2025-11-20_0656|BY_IF
100000002002|1004|2591|2591|01-JAN-1970|23-MAY-2026|23-MAY-2026|77.302|0|100000002002_1004_PURCH| |202547|CONSTRAINED|CONSTRAINED|CONSTRAINED_202547_2025-11-20_0656|BY_IF
100000002002|1004|2590|2590|01-JAN-1970|16-MAY-2026|16-MAY-2026|77.302|0|100000002002_1004_PURCH| |202547|CONSTRAINED|CONSTRAINED|CONSTRAINED_202547_2025-11-20_0656|BY_IF
100000002002|1004|2589|2589|01-JAN-1970|09-MAY-2026|09-MAY-2026|77.302|0|100000002002_1004_PURCH| |202547|CONSTRAINED|CONSTRAINED|CONSTRAINED_202547_2025-11-20_0656|BY_IF
100000002002|1004|2588|2588|01-JAN-1970|02-MAY-2026|02-MAY-2026|77.302|0|100000002002_1004_PURCH| |202547|CONSTRAINED|CONSTRAINED|CONSTRAINED_202547_2025-11-20_0656|BY_IF
100000002002|1004|2587|2587|01-JAN-1970|25-APR-2026|25-APR-2026|77.302|0|100000002002_1004_PURCH| |202547|CONSTRAINED|CONSTRAINED|CONSTRAINED_202547_2025-11-20_0656|BY_IF
100000002002|1004|2586|2586|01-JAN-1970|18-APR-2026|18-APR-2026|77.302|0|100000002002_1004_PURCH| |202547|CONSTRAINED|CONSTRAINED|CONSTRAINED_202547_2025-11-20_0656|BY_IF
100000002002|1004|2585|2585|01-JAN-1970|11-APR-2026|11-APR-2026|77.302|0|100000002002_1004_PURCH| |202547|CONSTRAINED|CONSTRAINED|CONSTRAINED_202547_2025-11-20_0656|BY_IF
100000002002|1004|2584|2584|01-JAN-1970|04-APR-2026|04-APR-2026|77.302|0|100000002002_1004_PURCH| |202547|CONSTRAINED|CONSTRAINED|CONSTRAINED_202547_2025-11-20_0656|BY_IF
100000002002|1004|2583|2583|01-JAN-1970|28-MAR-2026|28-MAR-2026|77.302|0|100000002002_1004_PURCH| |202547|CONSTRAINED|CONSTRAINED|CONSTRAINED_202547_2025-11-20_0656|BY_IF
100000002002|1004|2582|2582|01-JAN-1970|21-MAR-2026|21-MAR-2026|77.302|0|100000002002_1004_PURCH| |202547|CONSTRAINED|CONSTRAINED|CONSTRAINED_202547_2025-11-20_0656|BY_IF
100000002002|1004|2581|2581|01-JAN-1970|14-MAR-2026|14-MAR-2026|77.302|0|100000002002_1004_PURCH| |202547|CONSTRAINED|CONSTRAINED|CONSTRAINED_202547_2025-11-20_0656|BY_IF
100000002002|1004|2580|2580|01-JAN-1970|07-MAR-2026|07-MAR-2026|77.302|0|100000002002_1004_PURCH| |202547|CONSTRAINED|CONSTRAINED|CONSTRAINED_202547_2025-11-20_0656|BY_IF
100000002002|1004|2579|2579|01-JAN-1970|28-FEB-2026|28-FEB-2026|77.302|0|100000002002_1004_PURCH| |202547|CONSTRAINED|CONSTRAINED|CONSTRAINED_202547_2025-11-20_0656|BY_IF
100000002002|1004|2578|2578|01-JAN-1970|21-FEB-2026|21-FEB-2026|77.302|0|100000002002_1004_PURCH| |202547|CONSTRAINED|CONSTRAINED|CONSTRAINED_202547_2025-11-20_0656|BY_IF
100000002002|1004|2577|2577|01-JAN-1970|14-FEB-2026|14-FEB-2026|77.302|0|100000002002_1004_PURCH| |202547|CONSTRAINED|CONSTRAINED|CONSTRAINED_202547_2025-11-20_0656|BY_IF
100000002002|1004|2576|2576|01-JAN-1970|07-FEB-2026|07-FEB-2026|77.302|0|100000002002_1004_PURCH| |202547|CONSTRAINED|CONSTRAINED|CONSTRAINED_202547_2025-11-20_0656|BY_IF
100000002002|1004|2575|2575|01-JAN-1970|31-JAN-2026|31-JAN-2026|77.302|0|100000002002_1004_PURCH| |202547|CONSTRAINED|CONSTRAINED|CONSTRAINED_202547_2025-11-20_0656|BY_IF
100000002002|1004|2574|2574|01-JAN-1970|24-JAN-2026|24-JAN-2026|77.302|0|100000002002_1004_PURCH| |202547|CONSTRAINED|CONSTRAINED|CONSTRAINED_202547_2025-11-20_0656|BY_IF
100000002002|1004|2573|2573|01-JAN-1970|17-JAN-2026|17-JAN-2026|77.302|0|100000002002_1004_PURCH| |202547|CONSTRAINED|CONSTRAINED|CONSTRAINED_202547_2025-11-20_0656|BY_IF
100000002002|1004|2572|2572|01-JAN-1970|10-JAN-2026|10-JAN-2026|77.302|0|100000002002_1004_PURCH| |202547|CONSTRAINED|CONSTRAINED|CONSTRAINED_202547_2025-11-20_0656|BY_IF
100000002002|1004|2571|2571|01-JAN-1970|03-JAN-2026|03-JAN-2026|77.302|0|100000002002_1004_PURCH| |202547|CONSTRAINED|CONSTRAINED|CONSTRAINED_202547_2025-11-20_0656|BY_IF
100000002002|1004|2570|2570|01-JAN-1970|27-DEC-2025|27-DEC-2025|77.302|0|100000002002_1004_PURCH| |202547|CONSTRAINED|CONSTRAINED|CONSTRAINED_202547_2025-11-20_0656|BY_IF
100000002002|1004|2569|2569|01-JAN-1970|20-DEC-2025|20-DEC-2025|77.302|0|100000002002_1004_PURCH| |202547|CONSTRAINED|CONSTRAINED|CONSTRAINED_202547_2025-11-20_0656|BY_IF
100000002002|1004|2568|2568|01-JAN-1970|13-DEC-2025|13-DEC-2025|77.302|0|100000002002_1004_PURCH| |202547|CONSTRAINED|CONSTRAINED|CONSTRAINED_202547_2025-11-20_0656|BY_IF
100000002002|1004|2567|2567|01-JAN-1970|06-DEC-2025|06-DEC-2025|50.504|0|100000002002_1004_PURCH| |202547|CONSTRAINED|CONSTRAINED|CONSTRAINED_202547_2025-11-20_0656|BY_IF
100000002002|1004|2566|2566|01-JAN-1970|22-NOV-2025|22-NOV-2025|39.166|0|100000002002_1004_PURCH| |202547|CONSTRAINED|CONSTRAINED|CONSTRAINED_202547_2025-11-20_0656|BY_IF
100000002002|1004|2565|2565|01-JAN-1970|20-SEP-2025|20-SEP-2025|51.534|0|100000002002_1004_PURCH| |202547|CONSTRAINED|CONSTRAINED|CONSTRAINED_202547_2025-11-20_0656|BY_IF
100000002002|1004|2564|2564|01-JAN-1970|30-AUG-2025|30-AUG-2025|10.307|0|100000002002_1004_PURCH| |202547|CONSTRAINED|CONSTRAINED|CONSTRAINED_202547_2025-11-20_0656|BY_IF
100000002002|1004|2563|2563|01-JAN-1970|23-AUG-2025|23-AUG-2025|108.222|0|100000002002_1004_PURCH| |202547|CONSTRAINED|CONSTRAINED|CONSTRAINED_202547_2025-11-20_0656|BY_IF
100000002002|1004|2562|2562|01-JAN-1970|16-AUG-2025|16-AUG-2025|300.961|0|100000002002_1004_PURCH| |202547|CONSTRAINED|CONSTRAINED|CONSTRAINED_202547_2025-11-20_0656|BY_IF
100000002002|1004|2561|2561|01-JAN-1970|09-AUG-2025|09-AUG-2025|483.393|0|100000002002_1004_PURCH| |202547|CONSTRAINED|CONSTRAINED|CONSTRAINED_202547_2025-11-20_0656|BY_IF
100000002002|1004|2560|2560|01-JAN-1970|02-AUG-2025|02-AUG-2025|140.174|0|100000002002_1004_PURCH| |202547|CONSTRAINED|CONSTRAINED|CONSTRAINED_202547_2025-11-20_0656|BY_IF
100000002002|1004|2559|2559|01-JAN-1970|26-JUL-2025|26-JUL-2025|376.201|0|100000002002_1004_PURCH| |202547|CONSTRAINED|CONSTRAINED|CONSTRAINED_202547_2025-11-20_0656|BY_IF
100000002002|1004|2651|2651|01-JAN-1970|17-JUL-2027|17-JUL-2027|91.731|0|100000002002_1004_PURCH| |202547|CONSTRAINED|CONSTRAINED|CONSTRAINED_202547_2025-11-20_0656|BY_IF
100000002002|1004|2650|2650|01-JAN-1970|10-JUL-2027|10-JUL-2027|140.174|0|100000002002_1004_PURCH| |202547|CONSTRAINED|CONSTRAINED|CONSTRAINED_202547_2025-11-20_0656|BY_IF
100000002002|1004|2649|2649|01-JAN-1970|03-JUL-2027|03-JUL-2027|77.302|0|100000002002_1004_PURCH| |202547|CONSTRAINED|CONSTRAINED|CONSTRAINED_202547_2025-11-20_0656|BY_IF
100000002002|1004|2648|2648|01-JAN-1970|26-JUN-2027|26-JUN-2027|77.302|0|100000002002_1004_PURCH| |202547|CONSTRAINED|CONSTRAINED|CONSTRAINED_202547_2025-11-20_0656|BY_IF
100000002002|1004|2647|2647|01-JAN-1970|19-JUN-2027|19-JUN-2027|77.302|0|100000002002_1004_PURCH| |202547|CONSTRAINED|CONSTRAINED|CONSTRAINED_202547_2025-11-20_0656|BY_IF
100000002002|1004|2646|2646|01-JAN-1970|12-JUN-2027|12-JUN-2027|77.302|0|100000002002_1004_PURCH| |202547|CONSTRAINED|CONSTRAINED|CONSTRAINED_202547_2025-11-20_0656|BY_IF
100000002002|1004|2645|2645|01-JAN-1970|05-JUN-2027|05-JUN-2027|77.302|0|100000002002_1004_PURCH| |202547|CONSTRAINED|CONSTRAINED|CONSTRAINED_202547_2025-11-20_0656|BY_IF
100000002002|1004|2644|2644|01-JAN-1970|29-MAY-2027|29-MAY-2027|77.302|0|100000002002_1004_PURCH| |202547|CONSTRAINED|CONSTRAINED|CONSTRAINED_202547_2025-11-20_0656|BY_IF
100000002002|1004|2643|2643|01-JAN-1970|22-MAY-2027|22-MAY-2027|77.302|0|100000002002_1004_PURCH| |202547|CONSTRAINED|CONSTRAINED|CONSTRAINED_202547_2025-11-20_0656|BY_IF
100000002002|1004|2642|2642|01-JAN-1970|15-MAY-2027|15-MAY-2027|77.302|0|100000002002_1004_PURCH| |202547|CONSTRAINED|CONSTRAINED|CONSTRAINED_202547_2025-11-20_0656|BY_IF
100000002002|1004|2641|2641|01-JAN-1970|08-MAY-2027|08-MAY-2027|77.302|0|100000002002_1004_PURCH| |202547|CONSTRAINED|CONSTRAINED|CONSTRAINED_202547_2025-11-20_0656|BY_IF
100000002002|1004|2640|2640|01-JAN-1970|01-MAY-2027|01-MAY-2027|77.302|0|100000002002_1004_PURCH| |202547|CONSTRAINED|CONSTRAINED|CONSTRAINED_202547_2025-11-20_0656|BY_IF
100000002002|1004|2639|2639|01-JAN-1970|24-APR-2027|24-APR-2027|77.302|0|100000002002_1004_PURCH| |202547|CONSTRAINED|CONSTRAINED|CONSTRAINED_202547_2025-11-20_0656|BY_IF
100000002002|1004|2638|2638|01-JAN-1970|17-APR-2027|17-APR-2027|77.302|0|100000002002_1004_PURCH| |202547|CONSTRAINED|CONSTRAINED|CONSTRAINED_202547_2025-11-20_0656|BY_IF
100000002002|1004|2637|2637|01-JAN-1970|10-APR-2027|10-APR-2027|77.302|0|100000002002_1004_PURCH| |202547|CONSTRAINED|CONSTRAINED|CONSTRAINED_202547_2025-11-20_0656|BY_IF
100000002002|1004|2636|2636|01-JAN-1970|03-APR-2027|03-APR-2027|77.302|0|100000002002_1004_PURCH| |202547|CONSTRAINED|CONSTRAINED|CONSTRAINED_202547_2025-11-20_0656|BY_IF
100000002002|1004|2635|2635|01-JAN-1970|27-MAR-2027|27-MAR-2027|77.302|0|100000002002_1004_PURCH| |202547|CONSTRAINED|CONSTRAINED|CONSTRAINED_202547_2025-11-20_0656|BY_IF
100000002003|1017|3376|3376|01-JAN-1970|24-JUL-2027|24-JUL-2027|77.302|0|100000002003_1017_PURCH| |202547|CONSTRAINED|CONSTRAINED|CONSTRAINED_202547_2025-11-20_0656|BY_IF
100000002003|1017|3375|3375|01-JAN-1970|17-JUL-2027|17-JUL-2027|77.302|0|100000002003_1017_PURCH| |202547|CONSTRAINED|CONSTRAINED|CONSTRAINED_202547_2025-11-20_0656|BY_IF
100000002003|1017|3374|3374|01-JAN-1970|10-JUL-2027|10-JUL-2027|77.302|0|100000002003_1017_PURCH| |202547|CONSTRAINED|CONSTRAINED|CONSTRAINED_202547_2025-11-20_0656|BY_IF
100000002003|1017|3373|3373|01-JAN-1970|03-JUL-2027|03-JUL-2027|77.302|0|100000002003_1017_PURCH| |202547|CONSTRAINED|CONSTRAINED|CONSTRAINED_202547_2025-11-20_0656|BY_IF
100000002003|1017|3372|3372|01-JAN-1970|26-JUN-2027|26-JUN-2027|77.302|0|100000002003_1017_PURCH| |202547|CONSTRAINED|CONSTRAINED|CONSTRAINED_202547_2025-11-20_0656|BY_IF
100000002003|1017|3371|3371|01-JAN-1970|19-JUN-2027|19-JUN-2027|77.302|0|100000002003_1017_PURCH| |202547|CONSTRAINED|CONSTRAINED|CONSTRAINED_202547_2025-11-20_0656|BY_IF
100000002003|1017|3370|3370|01-JAN-1970|12-JUN-2027|12-JUN-2027|77.302|0|100000002003_1017_PURCH| |202547|CONSTRAINED|CONSTRAINED|CONSTRAINED_202547_2025-11-20_0656|BY_IF
100000002003|1017|3369|3369|01-JAN-1970|05-JUN-2027|05-JUN-2027|77.302|0|100000002003_1017_PURCH| |202547|CONSTRAINED|CONSTRAINED|CONSTRAINED_202547_2025-11-20_0656|BY_IF
100000002003|1017|3368|3368|01-JAN-1970|29-MAY-2027|29-MAY-2027|77.302|0|100000002003_1017_PURCH| |202547|CONSTRAINED|CONSTRAINED|CONSTRAINED_202547_2025-11-20_0656|BY_IF
100000002003|1017|3367|3367|01-JAN-1970|22-MAY-2027|22-MAY-2027|77.302|0|100000002003_1017_PURCH| |202547|CONSTRAINED|CONSTRAINED|CONSTRAINED_202547_2025-11-20_0656|BY_IF
100000002003|1017|3366|3366|01-JAN-1970|15-MAY-2027|15-MAY-2027|77.302|0|100000002003_1017_PURCH| |202547|CONSTRAINED|CONSTRAINED|CONSTRAINED_202547_2025-11-20_0656|BY_IF
100000002003|1017|3365|3365|01-JAN-1970|08-MAY-2027|08-MAY-2027|77.302|0|100000002003_1017_PURCH| |202547|CONSTRAINED|CONSTRAINED|CONSTRAINED_202547_2025-11-20_0656|BY_IF
100000002003|1017|3364|3364|01-JAN-1970|01-MAY-2027|01-MAY-2027|77.302|0|100000002003_1017_PURCH| |202547|CONSTRAINED|CONSTRAINED|CONSTRAINED_202547_2025-11-20_0656|BY_IF
100000002003|1017|3363|3363|01-JAN-1970|24-APR-2027|24-APR-2027|77.302|0|100000002003_1017_PURCH| |202547|CONSTRAINED|CONSTRAINED|CONSTRAINED_202547_2025-11-20_0656|BY_IF
100000002003|1017|3362|3362|01-JAN-1970|17-APR-2027|17-APR-2027|77.302|0|100000002003_1017_PURCH| |202547|CONSTRAINED|CONSTRAINED|CONSTRAINED_202547_2025-11-20_0656|BY_IF
100000002003|1017|3361|3361|01-JAN-1970|10-APR-2027|10-APR-2027|77.302|0|100000002003_1017_PURCH| |202547|CONSTRAINED|CONSTRAINED|CONSTRAINED_202547_2025-11-20_0656|BY_IF
100000002003|1017|3360|3360|01-JAN-1970|03-APR-2027|03-APR-2027|77.302|0|100000002003_1017_PURCH| |202547|CONSTRAINED|CONSTRAINED|CONSTRAINED_202547_2025-11-20_0656|BY_IF
100000002003|1017|3359|3359|01-JAN-1970|27-MAR-2027|27-MAR-2027|77.302|0|100000002003_1017_PURCH| |202547|CONSTRAINED|CONSTRAINED|CONSTRAINED_202547_2025-11-20_0656|BY_IF
100000002003|1017|3358|3358|01-JAN-1970|20-MAR-2027|20-MAR-2027|77.302|0|100000002003_1017_PURCH| |202547|CONSTRAINED|CONSTRAINED|CONSTRAINED_202547_2025-11-20_0656|BY_IF
100000002003|1017|3357|3357|01-JAN-1970|13-MAR-2027|13-MAR-2027|77.302|0|100000002003_1017_PURCH| |202547|CONSTRAINED|CONSTRAINED|CONSTRAINED_202547_2025-11-20_0656|BY_IF
100000002003|1017|3356|3356|01-JAN-1970|06-MAR-2027|06-MAR-2027|77.302|0|100000002003_1017_PURCH| |202547|CONSTRAINED|CONSTRAINED|CONSTRAINED_202547_2025-11-20_0656|BY_IF
100000002003|1017|3355|3355|01-JAN-1970|27-FEB-2027|27-FEB-2027|77.302|0|100000002003_1017_PURCH| |202547|CONSTRAINED|CONSTRAINED|CONSTRAINED_202547_2025-11-20_0656|BY_IF
100000002003|1017|3354|3354|01-JAN-1970|20-FEB-2027|20-FEB-2027|77.302|0|100000002003_1017_PURCH| |202547|CONSTRAINED|CONSTRAINED|CONSTRAINED_202547_2025-11-20_0656|BY_IF
100000002003|1017|3353|3353|01-JAN-1970|13-FEB-2027|13-FEB-2027|77.302|0|100000002003_1017_PURCH| |202547|CONSTRAINED|CONSTRAINED|CONSTRAINED_202547_2025-11-20_0656|BY_IF
100000002003|1017|3352|3352|01-JAN-1970|06-FEB-2027|06-FEB-2027|77.302|0|100000002003_1017_PURCH| |202547|CONSTRAINED|CONSTRAINED|CONSTRAINED_202547_2025-11-20_0656|BY_IF
100000002003|1017|3351|3351|01-JAN-1970|30-JAN-2027|30-JAN-2027|77.302|0|100000002003_1017_PURCH| |202547|CONSTRAINED|CONSTRAINED|CONSTRAINED_202547_2025-11-20_0656|BY_IF
100000002003|1017|3350|3350|01-JAN-1970|23-JAN-2027|23-JAN-2027|77.302|0|100000002003_1017_PURCH| |202547|CONSTRAINED|CONSTRAINED|CONSTRAINED_202547_2025-11-20_0656|BY_IF
100000002003|1017|3349|3349|01-JAN-1970|16-JAN-2027|16-JAN-2027|77.302|0|100000002003_1017_PURCH| |202547|CONSTRAINED|CONSTRAINED|CONSTRAINED_202547_2025-11-20_0656|BY_IF
100000002003|1017|3348|3348|01-JAN-1970|09-JAN-2027|09-JAN-2027|77.302|0|100000002003_1017_PURCH| |202547|CONSTRAINED|CONSTRAINED|CONSTRAINED_202547_2025-11-20_0656|BY_IF
100000002003|1017|3347|3347|01-JAN-1970|02-JAN-2027|02-JAN-2027|77.302|0|100000002003_1017_PURCH| |202547|CONSTRAINED|CONSTRAINED|CONSTRAINED_202547_2025-11-20_0656|BY_IF
100000002003|1017|3346|3346|01-JAN-1970|26-DEC-2026|26-DEC-2026|77.302|0|100000002003_1017_PURCH| |202547|CONSTRAINED|CONSTRAINED|CONSTRAINED_202547_2025-11-20_0656|BY_IF
100000002003|1017|3345|3345|01-JAN-1970|19-DEC-2026|19-DEC-2026|77.302|0|100000002003_1017_PURCH| |202547|CONSTRAINED|CONSTRAINED|CONSTRAINED_202547_2025-11-20_0656|BY_IF
100000002003|1017|3344|3344|01-JAN-1970|12-DEC-2026|12-DEC-2026|77.302|0|100000002003_1017_PURCH| |202547|CONSTRAINED|CONSTRAINED|CONSTRAINED_202547_2025-11-20_0656|BY_IF
100000002003|1017|3343|3343|01-JAN-1970|05-DEC-2026|05-DEC-2026|77.302|0|100000002003_1017_PURCH| |202547|CONSTRAINED|CONSTRAINED|CONSTRAINED_202547_2025-11-20_0656|BY_IF
100000002003|1017|3342|3342|01-JAN-1970|28-NOV-2026|28-NOV-2026|77.302|0|100000002003_1017_PURCH| |202547|CONSTRAINED|CONSTRAINED|CONSTRAINED_202547_2025-11-20_0656|BY_IF
100000002003|1017|3341|3341|01-JAN-1970|21-NOV-2026|21-NOV-2026|77.302|0|100000002003_1017_PURCH| |202547|CONSTRAINED|CONSTRAINED|CONSTRAINED_202547_2025-11-20_0656|BY_IF
100000002003|1017|3340|3340|01-JAN-1970|14-NOV-2026|14-NOV-2026|77.302|0|100000002003_1017_PURCH| |202547|CONSTRAINED|CONSTRAINED|CONSTRAINED_202547_2025-11-20_0656|BY_IF
100000002003|1017|3339|3339|01-JAN-1970|07-NOV-2026|07-NOV-2026|77.302|0|100000002003_1017_PURCH| |202547|CONSTRAINED|CONSTRAINED|CONSTRAINED_202547_2025-11-20_0656|BY_IF
100000002003|1017|3338|3338|01-JAN-1970|31-OCT-2026|31-OCT-2026|77.302|0|100000002003_1017_PURCH| |202547|CONSTRAINED|CONSTRAINED|CONSTRAINED_202547_2025-11-20_0656|BY_IF
100000002003|1017|3337|3337|01-JAN-1970|24-OCT-2026|24-OCT-2026|77.302|0|100000002003_1017_PURCH| |202547|CONSTRAINED|CONSTRAINED|CONSTRAINED_202547_2025-11-20_0656|BY_IF
100000002003|1017|3336|3336|01-JAN-1970|17-OCT-2026|17-OCT-2026|77.302|0|100000002003_1017_PURCH| |202547|CONSTRAINED|CONSTRAINED|CONSTRAINED_202547_2025-11-20_0656|BY_IF
100000002003|1017|3335|3335|01-JAN-1970|10-OCT-2026|10-OCT-2026|77.302|0|100000002003_1017_PURCH| |202547|CONSTRAINED|CONSTRAINED|CONSTRAINED_202547_2025-11-20_0656|BY_IF
100000002003|1017|3334|3334|01-JAN-1970|03-OCT-2026|03-OCT-2026|77.302|0|100000002003_1017_PURCH| |202547|CONSTRAINED|CONSTRAINED|CONSTRAINED_202547_2025-11-20_0656|BY_IF
100000002003|1017|3333|3333|01-JAN-1970|26-SEP-2026|26-SEP-2026|77.302|0|100000002003_1017_PURCH| |202547|CONSTRAINED|CONSTRAINED|CONSTRAINED_202547_2025-11-20_0656|BY_IF
100000002003|1017|3332|3332|01-JAN-1970|19-SEP-2026|19-SEP-2026|77.302|0|100000002003_1017_PURCH| |202547|CONSTRAINED|CONSTRAINED|CONSTRAINED_202547_2025-11-20_0656|BY_IF
100000002003|1017|3331|3331|01-JAN-1970|12-SEP-2026|12-SEP-2026|77.302|0|100000002003_1017_PURCH| |202547|CONSTRAINED|CONSTRAINED|CONSTRAINED_202547_2025-11-20_0656|BY_IF
100000002003|1017|3330|3330|01-JAN-1970|05-SEP-2026|05-SEP-2026|77.302|0|100000002003_1017_PURCH| |202547|CONSTRAINED|CONSTRAINED|CONSTRAINED_202547_2025-11-20_0656|BY_IF
100000002003|1017|3329|3329|01-JAN-1970|29-AUG-2026|29-AUG-2026|77.302|0|100000002003_1017_PURCH| |202547|CONSTRAINED|CONSTRAINED|CONSTRAINED_202547_2025-11-20_0656|BY_IF
100000002003|1017|3328|3328|01-JAN-1970|22-AUG-2026|22-AUG-2026|77.302|0|100000002003_1017_PURCH| |202547|CONSTRAINED|CONSTRAINED|CONSTRAINED_202547_2025-11-20_0656|BY_IF
100000002003|1017|3327|3327|01-JAN-1970|15-AUG-2026|15-AUG-2026|77.302|0|100000002003_1017_PURCH| |202547|CONSTRAINED|CONSTRAINED|CONSTRAINED_202547_2025-11-20_0656|BY_IF
100000002003|1017|3326|3326|01-JAN-1970|08-AUG-2026|08-AUG-2026|77.302|0|100000002003_1017_PURCH| |202547|CONSTRAINED|CONSTRAINED|CONSTRAINED_202547_2025-11-20_0656|BY_IF
100000002003|1017|3325|3325|01-JAN-1970|01-AUG-2026|01-AUG-2026|77.302|0|100000002003_1017_PURCH| |202547|CONSTRAINED|CONSTRAINED|CONSTRAINED_202547_2025-11-20_0656|BY_IF
100000002003|1017|3324|3324|01-JAN-1970|25-JUL-2026|25-JUL-2026|77.302|0|100000002003_1017_PURCH| |202547|CONSTRAINED|CONSTRAINED|CONSTRAINED_202547_2025-11-20_0656|BY_IF
100000002003|1017|3323|3323|01-JAN-1970|18-JUL-2026|18-JUL-2026|77.302|0|100000002003_1017_PURCH| |202547|CONSTRAINED|CONSTRAINED|CONSTRAINED_202547_2025-11-20_0656|BY_IF
100000002003|1017|3322|3322|01-JAN-1970|11-JUL-2026|11-JUL-2026|77.302|0|100000002003_1017_PURCH| |202547|CONSTRAINED|CONSTRAINED|CONSTRAINED_202547_2025-11-20_0656|BY_IF
100000002003|1017|3321|3321|01-JAN-1970|04-JUL-2026|04-JUL-2026|77.302|0|100000002003_1017_PURCH| |202547|CONSTRAINED|CONSTRAINED|CONSTRAINED_202547_2025-11-20_0656|BY_IF
100000002003|1017|3320|3320|01-JAN-1970|27-JUN-2026|27-JUN-2026|77.302|0|100000002003_1017_PURCH| |202547|CONSTRAINED|CONSTRAINED|CONSTRAINED_202547_2025-11-20_0656|BY_IF
100000002003|1017|3319|3319|01-JAN-1970|20-JUN-2026|20-JUN-2026|77.302|0|100000002003_1017_PURCH| |202547|CONSTRAINED|CONSTRAINED|CONSTRAINED_202547_2025-11-20_0656|BY_IF
100000002003|1017|3318|3318|01-JAN-1970|13-JUN-2026|13-JUN-2026|77.302|0|100000002003_1017_PURCH| |202547|CONSTRAINED|CONSTRAINED|CONSTRAINED_202547_2025-11-20_0656|BY_IF
100000002003|1017|3317|3317|01-JAN-1970|06-JUN-2026|06-JUN-2026|77.302|0|100000002003_1017_PURCH| |202547|CONSTRAINED|CONSTRAINED|CONSTRAINED_202547_2025-11-20_0656|BY_IF
100000002003|1017|3316|3316|01-JAN-1970|30-MAY-2026|30-MAY-2026|77.302|0|100000002003_1017_PURCH| |202547|CONSTRAINED|CONSTRAINED|CONSTRAINED_202547_2025-11-20_0656|BY_IF
100000002003|1017|3315|3315|01-JAN-1970|23-MAY-2026|23-MAY-2026|77.302|0|100000002003_1017_PURCH| |202547|CONSTRAINED|CONSTRAINED|CONSTRAINED_202547_2025-11-20_0656|BY_IF
100000002003|1017|3314|3314|01-JAN-1970|16-MAY-2026|16-MAY-2026|77.302|0|100000002003_1017_PURCH| |202547|CONSTRAINED|CONSTRAINED|CONSTRAINED_202547_2025-11-20_0656|BY_IF
100000002003|1017|3313|3313|01-JAN-1970|09-MAY-2026|09-MAY-2026|77.302|0|100000002003_1017_PURCH| |202547|CONSTRAINED|CONSTRAINED|CONSTRAINED_202547_2025-11-20_0656|BY_IF
100000002003|1017|3312|3312|01-JAN-1970|02-MAY-2026|02-MAY-2026|77.302|0|100000002003_1017_PURCH| |202547|CONSTRAINED|CONSTRAINED|CONSTRAINED_202547_2025-11-20_0656|BY_IF
100000002003|1017|3311|3311|01-JAN-1970|25-APR-2026|25-APR-2026|77.302|0|100000002003_1017_PURCH| |202547|CONSTRAINED|CONSTRAINED|CONSTRAINED_202547_2025-11-20_0656|BY_IF
100000002003|1017|3310|3310|01-JAN-1970|18-APR-2026|18-APR-2026|77.302|0|100000002003_1017_PURCH| |202547|CONSTRAINED|CONSTRAINED|CONSTRAINED_202547_2025-11-20_0656|BY_IF
100000002003|1017|3309|3309|01-JAN-1970|11-APR-2026|11-APR-2026|77.302|0|100000002003_1017_PURCH| |202547|CONSTRAINED|CONSTRAINED|CONSTRAINED_202547_2025-11-20_0656|BY_IF
100000002003|1017|3308|3308|01-JAN-1970|04-APR-2026|04-APR-2026|77.302|0|100000002003_1017_PURCH| |202547|CONSTRAINED|CONSTRAINED|CONSTRAINED_202547_2025-11-20_0656|BY_IF
100000002003|1017|3307|3307|01-JAN-1970|28-MAR-2026|28-MAR-2026|77.302|0|100000002003_1017_PURCH| |202547|CONSTRAINED|CONSTRAINED|CONSTRAINED_202547_2025-11-20_0656|BY_IF
100000002003|1017|3306|3306|01-JAN-1970|21-MAR-2026|21-MAR-2026|77.302|0|100000002003_1017_PURCH| |202547|CONSTRAINED|CONSTRAINED|CONSTRAINED_202547_2025-11-20_0656|BY_IF
100000002003|1017|3305|3305|01-JAN-1970|14-MAR-2026|14-MAR-2026|77.302|0|100000002003_1017_PURCH| |202547|CONSTRAINED|CONSTRAINED|CONSTRAINED_202547_2025-11-20_0656|BY_IF
100000002003|1017|3304|3304|01-JAN-1970|07-MAR-2026|07-MAR-2026|77.302|0|100000002003_1017_PURCH| |202547|CONSTRAINED|CONSTRAINED|CONSTRAINED_202547_2025-11-20_0656|BY_IF
100000002003|1017|3303|3303|01-JAN-1970|28-FEB-2026|28-FEB-2026|77.302|0|100000002003_1017_PURCH| |202547|CONSTRAINED|CONSTRAINED|CONSTRAINED_202547_2025-11-20_0656|BY_IF
100000002003|1017|3302|3302|01-JAN-1970|21-FEB-2026|21-FEB-2026|77.302|0|100000002003_1017_PURCH| |202547|CONSTRAINED|CONSTRAINED|CONSTRAINED_202547_2025-11-20_0656|BY_IF
100000002003|1017|3301|3301|01-JAN-1970|14-FEB-2026|14-FEB-2026|77.302|0|100000002003_1017_PURCH| |202547|CONSTRAINED|CONSTRAINED|CONSTRAINED_202547_2025-11-20_0656|BY_IF
100000002003|1017|3300|3300|01-JAN-1970|07-FEB-2026|07-FEB-2026|77.302|0|100000002003_1017_PURCH| |202547|CONSTRAINED|CONSTRAINED|CONSTRAINED_202547_2025-11-20_0656|BY_IF
100000002003|1017|3299|3299|01-JAN-1970|31-JAN-2026|31-JAN-2026|77.302|0|100000002003_1017_PURCH| |202547|CONSTRAINED|CONSTRAINED|CONSTRAINED_202547_2025-11-20_0656|BY_IF
100000002003|1017|3298|3298|01-JAN-1970|24-JAN-2026|24-JAN-2026|77.302|0|100000002003_1017_PURCH| |202547|CONSTRAINED|CONSTRAINED|CONSTRAINED_202547_2025-11-20_0656|BY_IF
100000002003|1017|3297|3297|01-JAN-1970|17-JAN-2026|17-JAN-2026|77.302|0|100000002003_1017_PURCH| |202547|CONSTRAINED|CONSTRAINED|CONSTRAINED_202547_2025-11-20_0656|BY_IF
100000002003|1017|3296|3296|01-JAN-1970|10-JAN-2026|10-JAN-2026|77.302|0|100000002003_1017_PURCH| |202547|CONSTRAINED|CONSTRAINED|CONSTRAINED_202547_2025-11-20_0656|BY_IF
100000002003|1017|3295|3295|01-JAN-1970|03-JAN-2026|03-JAN-2026|77.302|0|100000002003_1017_PURCH| |202547|CONSTRAINED|CONSTRAINED|CONSTRAINED_202547_2025-11-20_0656|BY_IF
100000002003|1017|3294|3294|01-JAN-1970|27-DEC-2025|27-DEC-2025|77.302|0|100000002003_1017_PURCH| |202547|CONSTRAINED|CONSTRAINED|CONSTRAINED_202547_2025-11-20_0656|BY_IF
100000002003|1017|3293|3293|01-JAN-1970|20-DEC-2025|20-DEC-2025|77.302|0|100000002003_1017_PURCH| |202547|CONSTRAINED|CONSTRAINED|CONSTRAINED_202547_2025-11-20_0656|BY_IF
100000002003|1017|3292|3292|01-JAN-1970|13-DEC-2025|13-DEC-2025|77.302|0|100000002003_1017_PURCH| |202547|CONSTRAINED|CONSTRAINED|CONSTRAINED_202547_2025-11-20_0656|BY_IF
100000002003|1017|3291|3291|01-JAN-1970|06-DEC-2025|06-DEC-2025|50.504|0|100000002003_1017_PURCH| |202547|CONSTRAINED|CONSTRAINED|CONSTRAINED_202547_2025-11-20_0656|BY_IF
100000002003|1017|3290|3290|01-JAN-1970|22-NOV-2025|22-NOV-2025|39.166|0|100000002003_1017_PURCH| |202547|CONSTRAINED|CONSTRAINED|CONSTRAINED_202547_2025-11-20_0656|BY_IF
100000002003|1017|3289|3289|01-JAN-1970|20-SEP-2025|20-SEP-2025|51.534|0|100000002003_1017_PURCH| |202547|CONSTRAINED|CONSTRAINED|CONSTRAINED_202547_2025-11-20_0656|BY_IF
100000002003|1017|3288|3288|01-JAN-1970|30-AUG-2025|30-AUG-2025|10.307|0|100000002003_1017_PURCH| |202547|CONSTRAINED|CONSTRAINED|CONSTRAINED_202547_2025-11-20_0656|BY_IF
100000002003|1017|3287|3287|01-JAN-1970|23-AUG-2025|23-AUG-2025|108.222|0|100000002003_1017_PURCH| |202547|CONSTRAINED|CONSTRAINED|CONSTRAINED_202547_2025-11-20_0656|BY_IF
100000002003|1017|3286|3286|01-JAN-1970|16-AUG-2025|16-AUG-2025|300.961|0|100000002003_1017_PURCH| |202547|CONSTRAINED|CONSTRAINED|CONSTRAINED_202547_2025-11-20_0656|BY_IF
100000002003|1017|3285|3285|01-JAN-1970|09-AUG-2025|09-AUG-2025|623.567|0|100000002003_1017_PURCH| |202547|CONSTRAINED|CONSTRAINED|CONSTRAINED_202547_2025-11-20_0656|BY_IF
100000002003|1017|3284|3284|01-JAN-1970|02-AUG-2025|02-AUG-2025|371.048|0|100000002003_1017_PURCH| |202547|CONSTRAINED|CONSTRAINED|CONSTRAINED_202547_2025-11-20_0656|BY_IF
100000002004|1017|3469|3469|01-JAN-1970|24-JUL-2027|24-JUL-2027|77.302|0|100000002004_1017_PURCH| |202547|CONSTRAINED|CONSTRAINED|CONSTRAINED_202547_2025-11-20_0656|BY_IF
100000002004|1017|3468|3468|01-JAN-1970|17-JUL-2027|17-JUL-2027|77.302|0|100000002004_1017_PURCH| |202547|CONSTRAINED|CONSTRAINED|CONSTRAINED_202547_2025-11-20_0656|BY_IF
100000002004|1017|3467|3467|01-JAN-1970|10-JUL-2027|10-JUL-2027|77.302|0|100000002004_1017_PURCH| |202547|CONSTRAINED|CONSTRAINED|CONSTRAINED_202547_2025-11-20_0656|BY_IF
100000002004|1017|3466|3466|01-JAN-1970|03-JUL-2027|03-JUL-2027|77.302|0|100000002004_1017_PURCH| |202547|CONSTRAINED|CONSTRAINED|CONSTRAINED_202547_2025-11-20_0656|BY_IF
100000002004|1017|3465|3465|01-JAN-1970|26-JUN-2027|26-JUN-2027|77.302|0|100000002004_1017_PURCH| |202547|CONSTRAINED|CONSTRAINED|CONSTRAINED_202547_2025-11-20_0656|BY_IF
100000002004|1017|3464|3464|01-JAN-1970|19-JUN-2027|19-JUN-2027|77.302|0|100000002004_1017_PURCH| |202547|CONSTRAINED|CONSTRAINED|CONSTRAINED_202547_2025-11-20_0656|BY_IF
100000002004|1017|3463|3463|01-JAN-1970|12-JUN-2027|12-JUN-2027|77.302|0|100000002004_1017_PURCH| |202547|CONSTRAINED|CONSTRAINED|CONSTRAINED_202547_2025-11-20_0656|BY_IF
100000002004|1017|3462|3462|01-JAN-1970|05-JUN-2027|05-JUN-2027|77.302|0|100000002004_1017_PURCH| |202547|CONSTRAINED|CONSTRAINED|CONSTRAINED_202547_2025-11-20_0656|BY_IF
100000002004|1017|3461|3461|01-JAN-1970|29-MAY-2027|29-MAY-2027|77.302|0|100000002004_1017_PURCH| |202547|CONSTRAINED|CONSTRAINED|CONSTRAINED_202547_2025-11-20_0656|BY_IF
100000002004|1017|3460|3460|01-JAN-1970|22-MAY-2027|22-MAY-2027|77.302|0|100000002004_1017_PURCH| |202547|CONSTRAINED|CONSTRAINED|CONSTRAINED_202547_2025-11-20_0656|BY_IF
100000002004|1017|3459|3459|01-JAN-1970|15-MAY-2027|15-MAY-2027|77.302|0|100000002004_1017_PURCH| |202547|CONSTRAINED|CONSTRAINED|CONSTRAINED_202547_2025-11-20_0656|BY_IF
100000002004|1017|3458|3458|01-JAN-1970|08-MAY-2027|08-MAY-2027|77.302|0|100000002004_1017_PURCH| |202547|CONSTRAINED|CONSTRAINED|CONSTRAINED_202547_2025-11-20_0656|BY_IF
100000002004|1017|3457|3457|01-JAN-1970|01-MAY-2027|01-MAY-2027|77.302|0|100000002004_1017_PURCH| |202547|CONSTRAINED|CONSTRAINED|CONSTRAINED_202547_2025-11-20_0656|BY_IF
100000002004|1017|3456|3456|01-JAN-1970|24-APR-2027|24-APR-2027|77.302|0|100000002004_1017_PURCH| |202547|CONSTRAINED|CONSTRAINED|CONSTRAINED_202547_2025-11-20_0656|BY_IF
100000002004|1017|3455|3455|01-JAN-1970|17-APR-2027|17-APR-2027|77.302|0|100000002004_1017_PURCH| |202547|CONSTRAINED|CONSTRAINED|CONSTRAINED_202547_2025-11-20_0656|BY_IF
100000002004|1017|3454|3454|01-JAN-1970|10-APR-2027|10-APR-2027|77.302|0|100000002004_1017_PURCH| |202547|CONSTRAINED|CONSTRAINED|CONSTRAINED_202547_2025-11-20_0656|BY_IF
100000002004|1017|3453|3453|01-JAN-1970|03-APR-2027|03-APR-2027|77.302|0|100000002004_1017_PURCH| |202547|CONSTRAINED|CONSTRAINED|CONSTRAINED_202547_2025-11-20_0656|BY_IF
100000002004|1017|3452|3452|01-JAN-1970|27-MAR-2027|27-MAR-2027|77.302|0|100000002004_1017_PURCH| |202547|CONSTRAINED|CONSTRAINED|CONSTRAINED_202547_2025-11-20_0656|BY_IF
100000002004|1017|3451|3451|01-JAN-1970|20-MAR-2027|20-MAR-2027|77.302|0|100000002004_1017_PURCH| |202547|CONSTRAINED|CONSTRAINED|CONSTRAINED_202547_2025-11-20_0656|BY_IF
100000002004|1017|3450|3450|01-JAN-1970|13-MAR-2027|13-MAR-2027|77.302|0|100000002004_1017_PURCH| |202547|CONSTRAINED|CONSTRAINED|CONSTRAINED_202547_2025-11-20_0656|BY_IF
100000002004|1017|3449|3449|01-JAN-1970|06-MAR-2027|06-MAR-2027|77.302|0|100000002004_1017_PURCH| |202547|CONSTRAINED|CONSTRAINED|CONSTRAINED_202547_2025-11-20_0656|BY_IF
100000002004|1017|3448|3448|01-JAN-1970|27-FEB-2027|27-FEB-2027|77.302|0|100000002004_1017_PURCH| |202547|CONSTRAINED|CONSTRAINED|CONSTRAINED_202547_2025-11-20_0656|BY_IF
100000002004|1017|3447|3447|01-JAN-1970|20-FEB-2027|20-FEB-2027|77.302|0|100000002004_1017_PURCH| |202547|CONSTRAINED|CONSTRAINED|CONSTRAINED_202547_2025-11-20_0656|BY_IF
100000002004|1017|3446|3446|01-JAN-1970|13-FEB-2027|13-FEB-2027|77.302|0|100000002004_1017_PURCH| |202547|CONSTRAINED|CONSTRAINED|CONSTRAINED_202547_2025-11-20_0656|BY_IF
100000002004|1017|3445|3445|01-JAN-1970|06-FEB-2027|06-FEB-2027|77.302|0|100000002004_1017_PURCH| |202547|CONSTRAINED|CONSTRAINED|CONSTRAINED_202547_2025-11-20_0656|BY_IF
100000002004|1017|3444|3444|01-JAN-1970|30-JAN-2027|30-JAN-2027|77.302|0|100000002004_1017_PURCH| |202547|CONSTRAINED|CONSTRAINED|CONSTRAINED_202547_2025-11-20_0656|BY_IF
100000002004|1017|3443|3443|01-JAN-1970|23-JAN-2027|23-JAN-2027|77.302|0|100000002004_1017_PURCH| |202547|CONSTRAINED|CONSTRAINED|CONSTRAINED_202547_2025-11-20_0656|BY_IF
100000002004|1017|3442|3442|01-JAN-1970|16-JAN-2027|16-JAN-2027|77.302|0|100000002004_1017_PURCH| |202547|CONSTRAINED|CONSTRAINED|CONSTRAINED_202547_2025-11-20_0656|BY_IF
100000002004|1017|3441|3441|01-JAN-1970|09-JAN-2027|09-JAN-2027|77.302|0|100000002004_1017_PURCH| |202547|CONSTRAINED|CONSTRAINED|CONSTRAINED_202547_2025-11-20_0656|BY_IF
100000002004|1017|3440|3440|01-JAN-1970|02-JAN-2027|02-JAN-2027|77.302|0|100000002004_1017_PURCH| |202547|CONSTRAINED|CONSTRAINED|CONSTRAINED_202547_2025-11-20_0656|BY_IF
100000002004|1017|3439|3439|01-JAN-1970|26-DEC-2026|26-DEC-2026|77.302|0|100000002004_1017_PURCH| |202547|CONSTRAINED|CONSTRAINED|CONSTRAINED_202547_2025-11-20_0656|BY_IF
100000002004|1017|3438|3438|01-JAN-1970|19-DEC-2026|19-DEC-2026|77.302|0|100000002004_1017_PURCH| |202547|CONSTRAINED|CONSTRAINED|CONSTRAINED_202547_2025-11-20_0656|BY_IF
100000002004|1017|3437|3437|01-JAN-1970|12-DEC-2026|12-DEC-2026|77.302|0|100000002004_1017_PURCH| |202547|CONSTRAINED|CONSTRAINED|CONSTRAINED_202547_2025-11-20_0656|BY_IF
100000002004|1017|3436|3436|01-JAN-1970|05-DEC-2026|05-DEC-2026|77.302|0|100000002004_1017_PURCH| |202547|CONSTRAINED|CONSTRAINED|CONSTRAINED_202547_2025-11-20_0656|BY_IF
100000002004|1017|3435|3435|01-JAN-1970|28-NOV-2026|28-NOV-2026|77.302|0|100000002004_1017_PURCH| |202547|CONSTRAINED|CONSTRAINED|CONSTRAINED_202547_2025-11-20_0656|BY_IF
100000002004|1017|3434|3434|01-JAN-1970|21-NOV-2026|21-NOV-2026|77.302|0|100000002004_1017_PURCH| |202547|CONSTRAINED|CONSTRAINED|CONSTRAINED_202547_2025-11-20_0656|BY_IF
100000002004|1017|3433|3433|01-JAN-1970|14-NOV-2026|14-NOV-2026|77.302|0|100000002004_1017_PURCH| |202547|CONSTRAINED|CONSTRAINED|CONSTRAINED_202547_2025-11-20_0656|BY_IF
100000002004|1017|3432|3432|01-JAN-1970|07-NOV-2026|07-NOV-2026|77.302|0|100000002004_1017_PURCH| |202547|CONSTRAINED|CONSTRAINED|CONSTRAINED_202547_2025-11-20_0656|BY_IF
100000002004|1017|3431|3431|01-JAN-1970|31-OCT-2026|31-OCT-2026|77.302|0|100000002004_1017_PURCH| |202547|CONSTRAINED|CONSTRAINED|CONSTRAINED_202547_2025-11-20_0656|BY_IF
100000002004|1017|3430|3430|01-JAN-1970|24-OCT-2026|24-OCT-2026|77.302|0|100000002004_1017_PURCH| |202547|CONSTRAINED|CONSTRAINED|CONSTRAINED_202547_2025-11-20_0656|BY_IF
100000002004|1017|3429|3429|01-JAN-1970|17-OCT-2026|17-OCT-2026|77.302|0|100000002004_1017_PURCH| |202547|CONSTRAINED|CONSTRAINED|CONSTRAINED_202547_2025-11-20_0656|BY_IF
100000002004|1017|3428|3428|01-JAN-1970|10-OCT-2026|10-OCT-2026|77.302|0|100000002004_1017_PURCH| |202547|CONSTRAINED|CONSTRAINED|CONSTRAINED_202547_2025-11-20_0656|BY_IF
100000002004|1017|3427|3427|01-JAN-1970|03-OCT-2026|03-OCT-2026|77.302|0|100000002004_1017_PURCH| |202547|CONSTRAINED|CONSTRAINED|CONSTRAINED_202547_2025-11-20_0656|BY_IF
100000002004|1017|3426|3426|01-JAN-1970|26-SEP-2026|26-SEP-2026|77.302|0|100000002004_1017_PURCH| |202547|CONSTRAINED|CONSTRAINED|CONSTRAINED_202547_2025-11-20_0656|BY_IF
100000002004|1017|3425|3425|01-JAN-1970|19-SEP-2026|19-SEP-2026|77.302|0|100000002004_1017_PURCH| |202547|CONSTRAINED|CONSTRAINED|CONSTRAINED_202547_2025-11-20_0656|BY_IF
100000002004|1017|3424|3424|01-JAN-1970|12-SEP-2026|12-SEP-2026|77.302|0|100000002004_1017_PURCH| |202547|CONSTRAINED|CONSTRAINED|CONSTRAINED_202547_2025-11-20_0656|BY_IF
100000002004|1017|3423|3423|01-JAN-1970|05-SEP-2026|05-SEP-2026|77.302|0|100000002004_1017_PURCH| |202547|CONSTRAINED|CONSTRAINED|CONSTRAINED_202547_2025-11-20_0656|BY_IF
100000002004|1017|3422|3422|01-JAN-1970|29-AUG-2026|29-AUG-2026|77.302|0|100000002004_1017_PURCH| |202547|CONSTRAINED|CONSTRAINED|CONSTRAINED_202547_2025-11-20_0656|BY_IF
100000002004|1017|3421|3421|01-JAN-1970|22-AUG-2026|22-AUG-2026|77.302|0|100000002004_1017_PURCH| |202547|CONSTRAINED|CONSTRAINED|CONSTRAINED_202547_2025-11-20_0656|BY_IF
100000002004|1017|3420|3420|01-JAN-1970|15-AUG-2026|15-AUG-2026|77.302|0|100000002004_1017_PURCH| |202547|CONSTRAINED|CONSTRAINED|CONSTRAINED_202547_2025-11-20_0656|BY_IF
100000002004|1017|3419|3419|01-JAN-1970|08-AUG-2026|08-AUG-2026|77.302|0|100000002004_1017_PURCH| |202547|CONSTRAINED|CONSTRAINED|CONSTRAINED_202547_2025-11-20_0656|BY_IF
100000002004|1017|3418|3418|01-JAN-1970|01-AUG-2026|01-AUG-2026|77.302|0|100000002004_1017_PURCH| |202547|CONSTRAINED|CONSTRAINED|CONSTRAINED_202547_2025-11-20_0656|BY_IF
100000002004|1017|3417|3417|01-JAN-1970|25-JUL-2026|25-JUL-2026|77.302|0|100000002004_1017_PURCH| |202547|CONSTRAINED|CONSTRAINED|CONSTRAINED_202547_2025-11-20_0656|BY_IF
100000002004|1017|3416|3416|01-JAN-1970|18-JUL-2026|18-JUL-2026|77.302|0|100000002004_1017_PURCH| |202547|CONSTRAINED|CONSTRAINED|CONSTRAINED_202547_2025-11-20_0656|BY_IF
100000002004|1017|3415|3415|01-JAN-1970|11-JUL-2026|11-JUL-2026|77.302|0|100000002004_1017_PURCH| |202547|CONSTRAINED|CONSTRAINED|CONSTRAINED_202547_2025-11-20_0656|BY_IF
100000002004|1017|3414|3414|01-JAN-1970|04-JUL-2026|04-JUL-2026|77.302|0|100000002004_1017_PURCH| |202547|CONSTRAINED|CONSTRAINED|CONSTRAINED_202547_2025-11-20_0656|BY_IF
100000002004|1017|3413|3413|01-JAN-1970|27-JUN-2026|27-JUN-2026|77.302|0|100000002004_1017_PURCH| |202547|CONSTRAINED|CONSTRAINED|CONSTRAINED_202547_2025-11-20_0656|BY_IF
100000002004|1017|3412|3412|01-JAN-1970|20-JUN-2026|20-JUN-2026|77.302|0|100000002004_1017_PURCH| |202547|CONSTRAINED|CONSTRAINED|CONSTRAINED_202547_2025-11-20_0656|BY_IF
100000002004|1017|3411|3411|01-JAN-1970|13-JUN-2026|13-JUN-2026|77.302|0|100000002004_1017_PURCH| |202547|CONSTRAINED|CONSTRAINED|CONSTRAINED_202547_2025-11-20_0656|BY_IF
100000002004|1017|3410|3410|01-JAN-1970|06-JUN-2026|06-JUN-2026|77.302|0|100000002004_1017_PURCH| |202547|CONSTRAINED|CONSTRAINED|CONSTRAINED_202547_2025-11-20_0656|BY_IF
100000002004|1017|3409|3409|01-JAN-1970|30-MAY-2026|30-MAY-2026|77.302|0|100000002004_1017_PURCH| |202547|CONSTRAINED|CONSTRAINED|CONSTRAINED_202547_2025-11-20_0656|BY_IF
100000002004|1017|3408|3408|01-JAN-1970|23-MAY-2026|23-MAY-2026|77.302|0|100000002004_1017_PURCH| |202547|CONSTRAINED|CONSTRAINED|CONSTRAINED_202547_2025-11-20_0656|BY_IF
100000002004|1017|3407|3407|01-JAN-1970|16-MAY-2026|16-MAY-2026|77.302|0|100000002004_1017_PURCH| |202547|CONSTRAINED|CONSTRAINED|CONSTRAINED_202547_2025-11-20_0656|BY_IF
100000002004|1017|3406|3406|01-JAN-1970|09-MAY-2026|09-MAY-2026|77.302|0|100000002004_1017_PURCH| |202547|CONSTRAINED|CONSTRAINED|CONSTRAINED_202547_2025-11-20_0656|BY_IF
100000002004|1017|3405|3405|01-JAN-1970|02-MAY-2026|02-MAY-2026|77.302|0|100000002004_1017_PURCH| |202547|CONSTRAINED|CONSTRAINED|CONSTRAINED_202547_2025-11-20_0656|BY_IF
100000002004|1017|3404|3404|01-JAN-1970|25-APR-2026|25-APR-2026|77.302|0|100000002004_1017_PURCH| |202547|CONSTRAINED|CONSTRAINED|CONSTRAINED_202547_2025-11-20_0656|BY_IF
100000002004|1017|3403|3403|01-JAN-1970|18-APR-2026|18-APR-2026|77.302|0|100000002004_1017_PURCH| |202547|CONSTRAINED|CONSTRAINED|CONSTRAINED_202547_2025-11-20_0656|BY_IF
100000002004|1017|3402|3402|01-JAN-1970|11-APR-2026|11-APR-2026|77.302|0|100000002004_1017_PURCH| |202547|CONSTRAINED|CONSTRAINED|CONSTRAINED_202547_2025-11-20_0656|BY_IF
100000002004|1017|3401|3401|01-JAN-1970|04-APR-2026|04-APR-2026|77.302|0|100000002004_1017_PURCH| |202547|CONSTRAINED|CONSTRAINED|CONSTRAINED_202547_2025-11-20_0656|BY_IF
100000002004|1017|3400|3400|01-JAN-1970|28-MAR-2026|28-MAR-2026|77.302|0|100000002004_1017_PURCH| |202547|CONSTRAINED|CONSTRAINED|CONSTRAINED_202547_2025-11-20_0656|BY_IF
100000002004|1017|3399|3399|01-JAN-1970|21-MAR-2026|21-MAR-2026|77.302|0|100000002004_1017_PURCH| |202547|CONSTRAINED|CONSTRAINED|CONSTRAINED_202547_2025-11-20_0656|BY_IF
100000002004|1017|3398|3398|01-JAN-1970|14-MAR-2026|14-MAR-2026|77.302|0|100000002004_1017_PURCH| |202547|CONSTRAINED|CONSTRAINED|CONSTRAINED_202547_2025-11-20_0656|BY_IF
100000002004|1017|3397|3397|01-JAN-1970|07-MAR-2026|07-MAR-2026|77.302|0|100000002004_1017_PURCH| |202547|CONSTRAINED|CONSTRAINED|CONSTRAINED_202547_2025-11-20_0656|BY_IF
100000002004|1017|3396|3396|01-JAN-1970|28-FEB-2026|28-FEB-2026|77.302|0|100000002004_1017_PURCH| |202547|CONSTRAINED|CONSTRAINED|CONSTRAINED_202547_2025-11-20_0656|BY_IF
100000002004|1017|3395|3395|01-JAN-1970|21-FEB-2026|21-FEB-2026|77.302|0|100000002004_1017_PURCH| |202547|CONSTRAINED|CONSTRAINED|CONSTRAINED_202547_2025-11-20_0656|BY_IF
100000002004|1017|3394|3394|01-JAN-1970|14-FEB-2026|14-FEB-2026|77.302|0|100000002004_1017_PURCH| |202547|CONSTRAINED|CONSTRAINED|CONSTRAINED_202547_2025-11-20_0656|BY_IF
100000002004|1017|3393|3393|01-JAN-1970|07-FEB-2026|07-FEB-2026|77.302|0|100000002004_1017_PURCH| |202547|CONSTRAINED|CONSTRAINED|CONSTRAINED_202547_2025-11-20_0656|BY_IF
100000002004|1017|3392|3392|01-JAN-1970|31-JAN-2026|31-JAN-2026|77.302|0|100000002004_1017_PURCH| |202547|CONSTRAINED|CONSTRAINED|CONSTRAINED_202547_2025-11-20_0656|BY_IF
100000002004|1017|3391|3391|01-JAN-1970|24-JAN-2026|24-JAN-2026|77.302|0|100000002004_1017_PURCH| |202547|CONSTRAINED|CONSTRAINED|CONSTRAINED_202547_2025-11-20_0656|BY_IF
100000002004|1017|3390|3390|01-JAN-1970|17-JAN-2026|17-JAN-2026|77.302|0|100000002004_1017_PURCH| |202547|CONSTRAINED|CONSTRAINED|CONSTRAINED_202547_2025-11-20_0656|BY_IF
100000002004|1017|3389|3389|01-JAN-1970|10-JAN-2026|10-JAN-2026|77.302|0|100000002004_1017_PURCH| |202547|CONSTRAINED|CONSTRAINED|CONSTRAINED_202547_2025-11-20_0656|BY_IF
100000002004|1017|3388|3388|01-JAN-1970|03-JAN-2026|03-JAN-2026|77.302|0|100000002004_1017_PURCH| |202547|CONSTRAINED|CONSTRAINED|CONSTRAINED_202547_2025-11-20_0656|BY_IF
100000002004|1017|3387|3387|01-JAN-1970|27-DEC-2025|27-DEC-2025|77.302|0|100000002004_1017_PURCH| |202547|CONSTRAINED|CONSTRAINED|CONSTRAINED_202547_2025-11-20_0656|BY_IF
100000002004|1017|3386|3386|01-JAN-1970|20-DEC-2025|20-DEC-2025|77.302|0|100000002004_1017_PURCH| |202547|CONSTRAINED|CONSTRAINED|CONSTRAINED_202547_2025-11-20_0656|BY_IF
100000002004|1017|3385|3385|01-JAN-1970|13-DEC-2025|13-DEC-2025|77.302|0|100000002004_1017_PURCH| |202547|CONSTRAINED|CONSTRAINED|CONSTRAINED_202547_2025-11-20_0656|BY_IF
100000002004|1017|3384|3384|01-JAN-1970|06-DEC-2025|06-DEC-2025|50.504|0|100000002004_1017_PURCH| |202547|CONSTRAINED|CONSTRAINED|CONSTRAINED_202547_2025-11-20_0656|BY_IF
100000002004|1017|3383|3383|01-JAN-1970|22-NOV-2025|22-NOV-2025|39.166|0|100000002004_1017_PURCH| |202547|CONSTRAINED|CONSTRAINED|CONSTRAINED_202547_2025-11-20_0656|BY_IF
100000002004|1017|3382|3382|01-JAN-1970|20-SEP-2025|20-SEP-2025|51.534|0|100000002004_1017_PURCH| |202547|CONSTRAINED|CONSTRAINED|CONSTRAINED_202547_2025-11-20_0656|BY_IF
100000002004|1017|3381|3381|01-JAN-1970|30-AUG-2025|30-AUG-2025|10.307|0|100000002004_1017_PURCH| |202547|CONSTRAINED|CONSTRAINED|CONSTRAINED_202547_2025-11-20_0656|BY_IF
100000002004|1017|3380|3380|01-JAN-1970|23-AUG-2025|23-AUG-2025|108.222|0|100000002004_1017_PURCH| |202547|CONSTRAINED|CONSTRAINED|CONSTRAINED_202547_2025-11-20_0656|BY_IF
100000002004|1017|3379|3379|01-JAN-1970|16-AUG-2025|16-AUG-2025|300.961|0|100000002004_1017_PURCH| |202547|CONSTRAINED|CONSTRAINED|CONSTRAINED_202547_2025-11-20_0656|BY_IF
100000002004|1017|3378|3378|01-JAN-1970|09-AUG-2025|09-AUG-2025|623.567|0|100000002004_1017_PURCH| |202547|CONSTRAINED|CONSTRAINED|CONSTRAINED_202547_2025-11-20_0656|BY_IF
100000002004|1017|3377|3377|01-JAN-1970|02-AUG-2025|02-AUG-2025|371.048|0|100000002004_1017_PURCH| |202547|CONSTRAINED|CONSTRAINED|CONSTRAINED_202547_2025-11-20_0656|BY_IF
100000002005|1017|3562|3562|01-JAN-1970|24-JUL-2027|24-JUL-2027|77.302|0|100000002005_1017_PURCH| |202547|CONSTRAINED|CONSTRAINED|CONSTRAINED_202547_2025-11-20_0656|BY_IF
100000002005|1017|3561|3561|01-JAN-1970|17-JUL-2027|17-JUL-2027|77.302|0|100000002005_1017_PURCH| |202547|CONSTRAINED|CONSTRAINED|CONSTRAINED_202547_2025-11-20_0656|BY_IF
100000002005|1017|3560|3560|01-JAN-1970|10-JUL-2027|10-JUL-2027|77.302|0|100000002005_1017_PURCH| |202547|CONSTRAINED|CONSTRAINED|CONSTRAINED_202547_2025-11-20_0656|BY_IF
100000002005|1017|3559|3559|01-JAN-1970|03-JUL-2027|03-JUL-2027|77.302|0|100000002005_1017_PURCH| |202547|CONSTRAINED|CONSTRAINED|CONSTRAINED_202547_2025-11-20_0656|BY_IF
100000002005|1017|3558|3558|01-JAN-1970|26-JUN-2027|26-JUN-2027|77.302|0|100000002005_1017_PURCH| |202547|CONSTRAINED|CONSTRAINED|CONSTRAINED_202547_2025-11-20_0656|BY_IF
100000002005|1017|3557|3557|01-JAN-1970|19-JUN-2027|19-JUN-2027|77.302|0|100000002005_1017_PURCH| |202547|CONSTRAINED|CONSTRAINED|CONSTRAINED_202547_2025-11-20_0656|BY_IF
100000002005|1017|3556|3556|01-JAN-1970|12-JUN-2027|12-JUN-2027|77.302|0|100000002005_1017_PURCH| |202547|CONSTRAINED|CONSTRAINED|CONSTRAINED_202547_2025-11-20_0656|BY_IF
100000002005|1017|3555|3555|01-JAN-1970|05-JUN-2027|05-JUN-2027|77.302|0|100000002005_1017_PURCH| |202547|CONSTRAINED|CONSTRAINED|CONSTRAINED_202547_2025-11-20_0656|BY_IF
100000002005|1017|3554|3554|01-JAN-1970|29-MAY-2027|29-MAY-2027|77.302|0|100000002005_1017_PURCH| |202547|CONSTRAINED|CONSTRAINED|CONSTRAINED_202547_2025-11-20_0656|BY_IF
100000002005|1017|3553|3553|01-JAN-1970|22-MAY-2027|22-MAY-2027|77.302|0|100000002005_1017_PURCH| |202547|CONSTRAINED|CONSTRAINED|CONSTRAINED_202547_2025-11-20_0656|BY_IF
100000002005|1017|3552|3552|01-JAN-1970|15-MAY-2027|15-MAY-2027|77.302|0|100000002005_1017_PURCH| |202547|CONSTRAINED|CONSTRAINED|CONSTRAINED_202547_2025-11-20_0656|BY_IF
100000002005|1017|3551|3551|01-JAN-1970|08-MAY-2027|08-MAY-2027|77.302|0|100000002005_1017_PURCH| |202547|CONSTRAINED|CONSTRAINED|CONSTRAINED_202547_2025-11-20_0656|BY_IF
100000002005|1017|3550|3550|01-JAN-1970|01-MAY-2027|01-MAY-2027|77.302|0|100000002005_1017_PURCH| |202547|CONSTRAINED|CONSTRAINED|CONSTRAINED_202547_2025-11-20_0656|BY_IF
100000002005|1017|3549|3549|01-JAN-1970|24-APR-2027|24-APR-2027|77.302|0|100000002005_1017_PURCH| |202547|CONSTRAINED|CONSTRAINED|CONSTRAINED_202547_2025-11-20_0656|BY_IF
100000002005|1017|3548|3548|01-JAN-1970|17-APR-2027|17-APR-2027|77.302|0|100000002005_1017_PURCH| |202547|CONSTRAINED|CONSTRAINED|CONSTRAINED_202547_2025-11-20_0656|BY_IF
100000002005|1017|3547|3547|01-JAN-1970|10-APR-2027|10-APR-2027|77.302|0|100000002005_1017_PURCH| |202547|CONSTRAINED|CONSTRAINED|CONSTRAINED_202547_2025-11-20_0656|BY_IF
100000002005|1017|3546|3546|01-JAN-1970|03-APR-2027|03-APR-2027|77.302|0|100000002005_1017_PURCH| |202547|CONSTRAINED|CONSTRAINED|CONSTRAINED_202547_2025-11-20_0656|BY_IF
100000002005|1017|3545|3545|01-JAN-1970|27-MAR-2027|27-MAR-2027|77.302|0|100000002005_1017_PURCH| |202547|CONSTRAINED|CONSTRAINED|CONSTRAINED_202547_2025-11-20_0656|BY_IF
100000002005|1017|3544|3544|01-JAN-1970|20-MAR-2027|20-MAR-2027|77.302|0|100000002005_1017_PURCH| |202547|CONSTRAINED|CONSTRAINED|CONSTRAINED_202547_2025-11-20_0656|BY_IF
100000002005|1017|3543|3543|01-JAN-1970|13-MAR-2027|13-MAR-2027|77.302|0|100000002005_1017_PURCH| |202547|CONSTRAINED|CONSTRAINED|CONSTRAINED_202547_2025-11-20_0656|BY_IF
100000002005|1017|3542|3542|01-JAN-1970|06-MAR-2027|06-MAR-2027|77.302|0|100000002005_1017_PURCH| |202547|CONSTRAINED|CONSTRAINED|CONSTRAINED_202547_2025-11-20_0656|BY_IF
100000002005|1017|3541|3541|01-JAN-1970|27-FEB-2027|27-FEB-2027|77.302|0|100000002005_1017_PURCH| |202547|CONSTRAINED|CONSTRAINED|CONSTRAINED_202547_2025-11-20_0656|BY_IF
100000002005|1017|3540|3540|01-JAN-1970|20-FEB-2027|20-FEB-2027|77.302|0|100000002005_1017_PURCH| |202547|CONSTRAINED|CONSTRAINED|CONSTRAINED_202547_2025-11-20_0656|BY_IF
100000002005|1017|3539|3539|01-JAN-1970|13-FEB-2027|13-FEB-2027|77.302|0|100000002005_1017_PURCH| |202547|CONSTRAINED|CONSTRAINED|CONSTRAINED_202547_2025-11-20_0656|BY_IF
100000002005|1017|3538|3538|01-JAN-1970|06-FEB-2027|06-FEB-2027|77.302|0|100000002005_1017_PURCH| |202547|CONSTRAINED|CONSTRAINED|CONSTRAINED_202547_2025-11-20_0656|BY_IF
100000002005|1017|3537|3537|01-JAN-1970|30-JAN-2027|30-JAN-2027|77.302|0|100000002005_1017_PURCH| |202547|CONSTRAINED|CONSTRAINED|CONSTRAINED_202547_2025-11-20_0656|BY_IF
100000002005|1017|3536|3536|01-JAN-1970|23-JAN-2027|23-JAN-2027|77.302|0|100000002005_1017_PURCH| |202547|CONSTRAINED|CONSTRAINED|CONSTRAINED_202547_2025-11-20_0656|BY_IF
100000002005|1017|3535|3535|01-JAN-1970|16-JAN-2027|16-JAN-2027|77.302|0|100000002005_1017_PURCH| |202547|CONSTRAINED|CONSTRAINED|CONSTRAINED_202547_2025-11-20_0656|BY_IF
100000002005|1017|3534|3534|01-JAN-1970|09-JAN-2027|09-JAN-2027|77.302|0|100000002005_1017_PURCH| |202547|CONSTRAINED|CONSTRAINED|CONSTRAINED_202547_2025-11-20_0656|BY_IF
100000002005|1017|3533|3533|01-JAN-1970|02-JAN-2027|02-JAN-2027|77.302|0|100000002005_1017_PURCH| |202547|CONSTRAINED|CONSTRAINED|CONSTRAINED_202547_2025-11-20_0656|BY_IF
100000002005|1017|3532|3532|01-JAN-1970|26-DEC-2026|26-DEC-2026|77.302|0|100000002005_1017_PURCH| |202547|CONSTRAINED|CONSTRAINED|CONSTRAINED_202547_2025-11-20_0656|BY_IF
100000002005|1017|3531|3531|01-JAN-1970|19-DEC-2026|19-DEC-2026|77.302|0|100000002005_1017_PURCH| |202547|CONSTRAINED|CONSTRAINED|CONSTRAINED_202547_2025-11-20_0656|BY_IF
100000002005|1017|3530|3530|01-JAN-1970|12-DEC-2026|12-DEC-2026|77.302|0|100000002005_1017_PURCH| |202547|CONSTRAINED|CONSTRAINED|CONSTRAINED_202547_2025-11-20_0656|BY_IF
100000002005|1017|3529|3529|01-JAN-1970|05-DEC-2026|05-DEC-2026|77.302|0|100000002005_1017_PURCH| |202547|CONSTRAINED|CONSTRAINED|CONSTRAINED_202547_2025-11-20_0656|BY_IF
100000002005|1017|3528|3528|01-JAN-1970|28-NOV-2026|28-NOV-2026|77.302|0|100000002005_1017_PURCH| |202547|CONSTRAINED|CONSTRAINED|CONSTRAINED_202547_2025-11-20_0656|BY_IF
100000002005|1017|3527|3527|01-JAN-1970|21-NOV-2026|21-NOV-2026|77.302|0|100000002005_1017_PURCH| |202547|CONSTRAINED|CONSTRAINED|CONSTRAINED_202547_2025-11-20_0656|BY_IF
100000002005|1017|3526|3526|01-JAN-1970|14-NOV-2026|14-NOV-2026|77.302|0|100000002005_1017_PURCH| |202547|CONSTRAINED|CONSTRAINED|CONSTRAINED_202547_2025-11-20_0656|BY_IF
100000002005|1017|3525|3525|01-JAN-1970|07-NOV-2026|07-NOV-2026|77.302|0|100000002005_1017_PURCH| |202547|CONSTRAINED|CONSTRAINED|CONSTRAINED_202547_2025-11-20_0656|BY_IF
100000002005|1017|3524|3524|01-JAN-1970|31-OCT-2026|31-OCT-2026|77.302|0|100000002005_1017_PURCH| |202547|CONSTRAINED|CONSTRAINED|CONSTRAINED_202547_2025-11-20_0656|BY_IF
100000002005|1017|3523|3523|01-JAN-1970|24-OCT-2026|24-OCT-2026|77.302|0|100000002005_1017_PURCH| |202547|CONSTRAINED|CONSTRAINED|CONSTRAINED_202547_2025-11-20_0656|BY_IF
100000002005|1017|3522|3522|01-JAN-1970|17-OCT-2026|17-OCT-2026|77.302|0|100000002005_1017_PURCH| |202547|CONSTRAINED|CONSTRAINED|CONSTRAINED_202547_2025-11-20_0656|BY_IF
100000002005|1017|3521|3521|01-JAN-1970|10-OCT-2026|10-OCT-2026|77.302|0|100000002005_1017_PURCH| |202547|CONSTRAINED|CONSTRAINED|CONSTRAINED_202547_2025-11-20_0656|BY_IF
100000002005|1017|3520|3520|01-JAN-1970|03-OCT-2026|03-OCT-2026|77.302|0|100000002005_1017_PURCH| |202547|CONSTRAINED|CONSTRAINED|CONSTRAINED_202547_2025-11-20_0656|BY_IF
100000002005|1017|3519|3519|01-JAN-1970|26-SEP-2026|26-SEP-2026|77.302|0|100000002005_1017_PURCH| |202547|CONSTRAINED|CONSTRAINED|CONSTRAINED_202547_2025-11-20_0656|BY_IF
100000002005|1017|3518|3518|01-JAN-1970|19-SEP-2026|19-SEP-2026|77.302|0|100000002005_1017_PURCH| |202547|CONSTRAINED|CONSTRAINED|CONSTRAINED_202547_2025-11-20_0656|BY_IF
100000002005|1017|3517|3517|01-JAN-1970|12-SEP-2026|12-SEP-2026|77.302|0|100000002005_1017_PURCH| |202547|CONSTRAINED|CONSTRAINED|CONSTRAINED_202547_2025-11-20_0656|BY_IF
100000002005|1017|3516|3516|01-JAN-1970|05-SEP-2026|05-SEP-2026|77.302|0|100000002005_1017_PURCH| |202547|CONSTRAINED|CONSTRAINED|CONSTRAINED_202547_2025-11-20_0656|BY_IF
100000002005|1017|3515|3515|01-JAN-1970|29-AUG-2026|29-AUG-2026|77.302|0|100000002005_1017_PURCH| |202547|CONSTRAINED|CONSTRAINED|CONSTRAINED_202547_2025-11-20_0656|BY_IF
100000002005|1017|3514|3514|01-JAN-1970|22-AUG-2026|22-AUG-2026|77.302|0|100000002005_1017_PURCH| |202547|CONSTRAINED|CONSTRAINED|CONSTRAINED_202547_2025-11-20_0656|BY_IF
100000002005|1017|3513|3513|01-JAN-1970|15-AUG-2026|15-AUG-2026|77.302|0|100000002005_1017_PURCH| |202547|CONSTRAINED|CONSTRAINED|CONSTRAINED_202547_2025-11-20_0656|BY_IF
100000002005|1017|3512|3512|01-JAN-1970|08-AUG-2026|08-AUG-2026|77.302|0|100000002005_1017_PURCH| |202547|CONSTRAINED|CONSTRAINED|CONSTRAINED_202547_2025-11-20_0656|BY_IF
100000002005|1017|3511|3511|01-JAN-1970|01-AUG-2026|01-AUG-2026|77.302|0|100000002005_1017_PURCH| |202547|CONSTRAINED|CONSTRAINED|CONSTRAINED_202547_2025-11-20_0656|BY_IF
100000002005|1017|3510|3510|01-JAN-1970|25-JUL-2026|25-JUL-2026|77.302|0|100000002005_1017_PURCH| |202547|CONSTRAINED|CONSTRAINED|CONSTRAINED_202547_2025-11-20_0656|BY_IF
100000002005|1017|3509|3509|01-JAN-1970|18-JUL-2026|18-JUL-2026|77.302|0|100000002005_1017_PURCH| |202547|CONSTRAINED|CONSTRAINED|CONSTRAINED_202547_2025-11-20_0656|BY_IF
100000002005|1017|3508|3508|01-JAN-1970|11-JUL-2026|11-JUL-2026|77.302|0|100000002005_1017_PURCH| |202547|CONSTRAINED|CONSTRAINED|CONSTRAINED_202547_2025-11-20_0656|BY_IF
100000002005|1017|3507|3507|01-JAN-1970|04-JUL-2026|04-JUL-2026|77.302|0|100000002005_1017_PURCH| |202547|CONSTRAINED|CONSTRAINED|CONSTRAINED_202547_2025-11-20_0656|BY_IF
100000002005|1017|3506|3506|01-JAN-1970|27-JUN-2026|27-JUN-2026|77.302|0|100000002005_1017_PURCH| |202547|CONSTRAINED|CONSTRAINED|CONSTRAINED_202547_2025-11-20_0656|BY_IF
100000002005|1017|3505|3505|01-JAN-1970|20-JUN-2026|20-JUN-2026|77.302|0|100000002005_1017_PURCH| |202547|CONSTRAINED|CONSTRAINED|CONSTRAINED_202547_2025-11-20_0656|BY_IF
100000002005|1017|3504|3504|01-JAN-1970|13-JUN-2026|13-JUN-2026|77.302|0|100000002005_1017_PURCH| |202547|CONSTRAINED|CONSTRAINED|CONSTRAINED_202547_2025-11-20_0656|BY_IF
100000002005|1017|3503|3503|01-JAN-1970|06-JUN-2026|06-JUN-2026|77.302|0|100000002005_1017_PURCH| |202547|CONSTRAINED|CONSTRAINED|CONSTRAINED_202547_2025-11-20_0656|BY_IF
100000002005|1017|3502|3502|01-JAN-1970|30-MAY-2026|30-MAY-2026|77.302|0|100000002005_1017_PURCH| |202547|CONSTRAINED|CONSTRAINED|CONSTRAINED_202547_2025-11-20_0656|BY_IF
100000002005|1017|3501|3501|01-JAN-1970|23-MAY-2026|23-MAY-2026|77.302|0|100000002005_1017_PURCH| |202547|CONSTRAINED|CONSTRAINED|CONSTRAINED_202547_2025-11-20_0656|BY_IF
100000002005|1017|3500|3500|01-JAN-1970|16-MAY-2026|16-MAY-2026|77.302|0|100000002005_1017_PURCH| |202547|CONSTRAINED|CONSTRAINED|CONSTRAINED_202547_2025-11-20_0656|BY_IF
100000002005|1017|3499|3499|01-JAN-1970|09-MAY-2026|09-MAY-2026|77.302|0|100000002005_1017_PURCH| |202547|CONSTRAINED|CONSTRAINED|CONSTRAINED_202547_2025-11-20_0656|BY_IF
100000002005|1017|3498|3498|01-JAN-1970|02-MAY-2026|02-MAY-2026|77.302|0|100000002005_1017_PURCH| |202547|CONSTRAINED|CONSTRAINED|CONSTRAINED_202547_2025-11-20_0656|BY_IF
100000002005|1017|3497|3497|01-JAN-1970|25-APR-2026|25-APR-2026|77.302|0|100000002005_1017_PURCH| |202547|CONSTRAINED|CONSTRAINED|CONSTRAINED_202547_2025-11-20_0656|BY_IF
100000002005|1017|3496|3496|01-JAN-1970|18-APR-2026|18-APR-2026|77.302|0|100000002005_1017_PURCH| |202547|CONSTRAINED|CONSTRAINED|CONSTRAINED_202547_2025-11-20_0656|BY_IF
100000002005|1017|3495|3495|01-JAN-1970|11-APR-2026|11-APR-2026|77.302|0|100000002005_1017_PURCH| |202547|CONSTRAINED|CONSTRAINED|CONSTRAINED_202547_2025-11-20_0656|BY_IF
100000002005|1017|3494|3494|01-JAN-1970|04-APR-2026|04-APR-2026|77.302|0|100000002005_1017_PURCH| |202547|CONSTRAINED|CONSTRAINED|CONSTRAINED_202547_2025-11-20_0656|BY_IF
100000002005|1017|3493|3493|01-JAN-1970|28-MAR-2026|28-MAR-2026|77.302|0|100000002005_1017_PURCH| |202547|CONSTRAINED|CONSTRAINED|CONSTRAINED_202547_2025-11-20_0656|BY_IF
100000002005|1017|3492|3492|01-JAN-1970|21-MAR-2026|21-MAR-2026|77.302|0|100000002005_1017_PURCH| |202547|CONSTRAINED|CONSTRAINED|CONSTRAINED_202547_2025-11-20_0656|BY_IF
100000002005|1017|3491|3491|01-JAN-1970|14-MAR-2026|14-MAR-2026|77.302|0|100000002005_1017_PURCH| |202547|CONSTRAINED|CONSTRAINED|CONSTRAINED_202547_2025-11-20_0656|BY_IF
100000002005|1017|3490|3490|01-JAN-1970|07-MAR-2026|07-MAR-2026|77.302|0|100000002005_1017_PURCH| |202547|CONSTRAINED|CONSTRAINED|CONSTRAINED_202547_2025-11-20_0656|BY_IF
100000002005|1017|3489|3489|01-JAN-1970|28-FEB-2026|28-FEB-2026|77.302|0|100000002005_1017_PURCH| |202547|CONSTRAINED|CONSTRAINED|CONSTRAINED_202547_2025-11-20_0656|BY_IF
100000002005|1017|3488|3488|01-JAN-1970|21-FEB-2026|21-FEB-2026|77.302|0|100000002005_1017_PURCH| |202547|CONSTRAINED|CONSTRAINED|CONSTRAINED_202547_2025-11-20_0656|BY_IF
100000002005|1017|3487|3487|01-JAN-1970|14-FEB-2026|14-FEB-2026|77.302|0|100000002005_1017_PURCH| |202547|CONSTRAINED|CONSTRAINED|CONSTRAINED_202547_2025-11-20_0656|BY_IF
100000002005|1017|3486|3486|01-JAN-1970|07-FEB-2026|07-FEB-2026|77.302|0|100000002005_1017_PURCH| |202547|CONSTRAINED|CONSTRAINED|CONSTRAINED_202547_2025-11-20_0656|BY_IF
100000002005|1017|3485|3485|01-JAN-1970|31-JAN-2026|31-JAN-2026|77.302|0|100000002005_1017_PURCH| |202547|CONSTRAINED|CONSTRAINED|CONSTRAINED_202547_2025-11-20_0656|BY_IF
100000002005|1017|3484|3484|01-JAN-1970|24-JAN-2026|24-JAN-2026|77.302|0|100000002005_1017_PURCH| |202547|CONSTRAINED|CONSTRAINED|CONSTRAINED_202547_2025-11-20_0656|BY_IF
100000002005|1017|3483|3483|01-JAN-1970|17-JAN-2026|17-JAN-2026|77.302|0|100000002005_1017_PURCH| |202547|CONSTRAINED|CONSTRAINED|CONSTRAINED_202547_2025-11-20_0656|BY_IF
100000002005|1017|3482|3482|01-JAN-1970|10-JAN-2026|10-JAN-2026|77.302|0|100000002005_1017_PURCH| |202547|CONSTRAINED|CONSTRAINED|CONSTRAINED_202547_2025-11-20_0656|BY_IF
100000002005|1017|3481|3481|01-JAN-1970|03-JAN-2026|03-JAN-2026|77.302|0|100000002005_1017_PURCH| |202547|CONSTRAINED|CONSTRAINED|CONSTRAINED_202547_2025-11-20_0656|BY_IF
100000002005|1017|3480|3480|01-JAN-1970|27-DEC-2025|27-DEC-2025|77.302|0|100000002005_1017_PURCH| |202547|CONSTRAINED|CONSTRAINED|CONSTRAINED_202547_2025-11-20_0656|BY_IF
100000002005|1017|3479|3479|01-JAN-1970|20-DEC-2025|20-DEC-2025|77.302|0|100000002005_1017_PURCH| |202547|CONSTRAINED|CONSTRAINED|CONSTRAINED_202547_2025-11-20_0656|BY_IF
100000002005|1017|3478|3478|01-JAN-1970|13-DEC-2025|13-DEC-2025|77.302|0|100000002005_1017_PURCH| |202547|CONSTRAINED|CONSTRAINED|CONSTRAINED_202547_2025-11-20_0656|BY_IF
100000002005|1017|3477|3477|01-JAN-1970|06-DEC-2025|06-DEC-2025|50.504|0|100000002005_1017_PURCH| |202547|CONSTRAINED|CONSTRAINED|CONSTRAINED_202547_2025-11-20_0656|BY_IF
100000002005|1017|3476|3476|01-JAN-1970|22-NOV-2025|22-NOV-2025|39.166|0|100000002005_1017_PURCH| |202547|CONSTRAINED|CONSTRAINED|CONSTRAINED_202547_2025-11-20_0656|BY_IF
100000002005|1017|3475|3475|01-JAN-1970|20-SEP-2025|20-SEP-2025|51.534|0|100000002005_1017_PURCH| |202547|CONSTRAINED|CONSTRAINED|CONSTRAINED_202547_2025-11-20_0656|BY_IF
100000002005|1017|3474|3474|01-JAN-1970|30-AUG-2025|30-AUG-2025|10.307|0|100000002005_1017_PURCH| |202547|CONSTRAINED|CONSTRAINED|CONSTRAINED_202547_2025-11-20_0656|BY_IF
100000002005|1017|3473|3473|01-JAN-1970|23-AUG-2025|23-AUG-2025|108.222|0|100000002005_1017_PURCH| |202547|CONSTRAINED|CONSTRAINED|CONSTRAINED_202547_2025-11-20_0656|BY_IF
100000002005|1017|3472|3472|01-JAN-1970|16-AUG-2025|16-AUG-2025|300.961|0|100000002005_1017_PURCH| |202547|CONSTRAINED|CONSTRAINED|CONSTRAINED_202547_2025-11-20_0656|BY_IF
100000002005|1017|3471|3471|01-JAN-1970|09-AUG-2025|09-AUG-2025|623.567|0|100000002005_1017_PURCH| |202547|CONSTRAINED|CONSTRAINED|CONSTRAINED_202547_2025-11-20_0656|BY_IF
100000002005|1017|3470|3470|01-JAN-1970|02-AUG-2025|02-AUG-2025|371.048|0|100000002005_1017_PURCH| |202547|CONSTRAINED|CONSTRAINED|CONSTRAINED_202547_2025-11-20_0656|BY_IF
100000002007|1004|2433|2433|01-JAN-1970|17-JUL-2027|17-JUL-2027|91.731|0|100000002007_1004_PURCH| |202547|CONSTRAINED|CONSTRAINED|CONSTRAINED_202547_2025-11-20_0656|BY_IF
100000002007|1004|2432|2432|01-JAN-1970|10-JUL-2027|10-JUL-2027|140.174|0|100000002007_1004_PURCH| |202547|CONSTRAINED|CONSTRAINED|CONSTRAINED_202547_2025-11-20_0656|BY_IF
100000002007|1004|2431|2431|01-JAN-1970|03-JUL-2027|03-JUL-2027|77.302|0|100000002007_1004_PURCH| |202547|CONSTRAINED|CONSTRAINED|CONSTRAINED_202547_2025-11-20_0656|BY_IF
100000002007|1004|2430|2430|01-JAN-1970|26-JUN-2027|26-JUN-2027|77.302|0|100000002007_1004_PURCH| |202547|CONSTRAINED|CONSTRAINED|CONSTRAINED_202547_2025-11-20_0656|BY_IF
100000002007|1004|2429|2429|01-JAN-1970|19-JUN-2027|19-JUN-2027|77.302|0|100000002007_1004_PURCH| |202547|CONSTRAINED|CONSTRAINED|CONSTRAINED_202547_2025-11-20_0656|BY_IF
100000002007|1004|2428|2428|01-JAN-1970|12-JUN-2027|12-JUN-2027|77.302|0|100000002007_1004_PURCH| |202547|CONSTRAINED|CONSTRAINED|CONSTRAINED_202547_2025-11-20_0656|BY_IF
100000002007|1004|2427|2427|01-JAN-1970|05-JUN-2027|05-JUN-2027|77.302|0|100000002007_1004_PURCH| |202547|CONSTRAINED|CONSTRAINED|CONSTRAINED_202547_2025-11-20_0656|BY_IF
100000002007|1004|2426|2426|01-JAN-1970|29-MAY-2027|29-MAY-2027|77.302|0|100000002007_1004_PURCH| |202547|CONSTRAINED|CONSTRAINED|CONSTRAINED_202547_2025-11-20_0656|BY_IF
100000002007|1004|2425|2425|01-JAN-1970|22-MAY-2027|22-MAY-2027|77.302|0|100000002007_1004_PURCH| |202547|CONSTRAINED|CONSTRAINED|CONSTRAINED_202547_2025-11-20_0656|BY_IF
100000002007|1004|2424|2424|01-JAN-1970|15-MAY-2027|15-MAY-2027|77.302|0|100000002007_1004_PURCH| |202547|CONSTRAINED|CONSTRAINED|CONSTRAINED_202547_2025-11-20_0656|BY_IF
100000002007|1004|2423|2423|01-JAN-1970|08-MAY-2027|08-MAY-2027|77.302|0|100000002007_1004_PURCH| |202547|CONSTRAINED|CONSTRAINED|CONSTRAINED_202547_2025-11-20_0656|BY_IF
100000002007|1004|2422|2422|01-JAN-1970|01-MAY-2027|01-MAY-2027|77.302|0|100000002007_1004_PURCH| |202547|CONSTRAINED|CONSTRAINED|CONSTRAINED_202547_2025-11-20_0656|BY_IF
100000002007|1004|2421|2421|01-JAN-1970|24-APR-2027|24-APR-2027|77.302|0|100000002007_1004_PURCH| |202547|CONSTRAINED|CONSTRAINED|CONSTRAINED_202547_2025-11-20_0656|BY_IF
100000002007|1004|2420|2420|01-JAN-1970|17-APR-2027|17-APR-2027|77.302|0|100000002007_1004_PURCH| |202547|CONSTRAINED|CONSTRAINED|CONSTRAINED_202547_2025-11-20_0656|BY_IF
100000002007|1004|2419|2419|01-JAN-1970|10-APR-2027|10-APR-2027|77.302|0|100000002007_1004_PURCH| |202547|CONSTRAINED|CONSTRAINED|CONSTRAINED_202547_2025-11-20_0656|BY_IF
100000002007|1004|2418|2418|01-JAN-1970|03-APR-2027|03-APR-2027|77.302|0|100000002007_1004_PURCH| |202547|CONSTRAINED|CONSTRAINED|CONSTRAINED_202547_2025-11-20_0656|BY_IF
100000002007|1004|2417|2417|01-JAN-1970|27-MAR-2027|27-MAR-2027|77.302|0|100000002007_1004_PURCH| |202547|CONSTRAINED|CONSTRAINED|CONSTRAINED_202547_2025-11-20_0656|BY_IF
100000002007|1004|2416|2416|01-JAN-1970|20-MAR-2027|20-MAR-2027|77.302|0|100000002007_1004_PURCH| |202547|CONSTRAINED|CONSTRAINED|CONSTRAINED_202547_2025-11-20_0656|BY_IF
100000002007|1004|2415|2415|01-JAN-1970|13-MAR-2027|13-MAR-2027|77.302|0|100000002007_1004_PURCH| |202547|CONSTRAINED|CONSTRAINED|CONSTRAINED_202547_2025-11-20_0656|BY_IF
100000002007|1004|2414|2414|01-JAN-1970|06-MAR-2027|06-MAR-2027|77.302|0|100000002007_1004_PURCH| |202547|CONSTRAINED|CONSTRAINED|CONSTRAINED_202547_2025-11-20_0656|BY_IF
100000002007|1004|2413|2413|01-JAN-1970|27-FEB-2027|27-FEB-2027|77.302|0|100000002007_1004_PURCH| |202547|CONSTRAINED|CONSTRAINED|CONSTRAINED_202547_2025-11-20_0656|BY_IF
100000002007|1004|2412|2412|01-JAN-1970|20-FEB-2027|20-FEB-2027|77.302|0|100000002007_1004_PURCH| |202547|CONSTRAINED|CONSTRAINED|CONSTRAINED_202547_2025-11-20_0656|BY_IF
100000002007|1004|2411|2411|01-JAN-1970|13-FEB-2027|13-FEB-2027|77.302|0|100000002007_1004_PURCH| |202547|CONSTRAINED|CONSTRAINED|CONSTRAINED_202547_2025-11-20_0656|BY_IF
100000002007|1004|2410|2410|01-JAN-1970|06-FEB-2027|06-FEB-2027|77.302|0|100000002007_1004_PURCH| |202547|CONSTRAINED|CONSTRAINED|CONSTRAINED_202547_2025-11-20_0656|BY_IF
100000002007|1004|2409|2409|01-JAN-1970|30-JAN-2027|30-JAN-2027|77.302|0|100000002007_1004_PURCH| |202547|CONSTRAINED|CONSTRAINED|CONSTRAINED_202547_2025-11-20_0656|BY_IF
100000002007|1004|2408|2408|01-JAN-1970|23-JAN-2027|23-JAN-2027|77.302|0|100000002007_1004_PURCH| |202547|CONSTRAINED|CONSTRAINED|CONSTRAINED_202547_2025-11-20_0656|BY_IF
100000002007|1004|2407|2407|01-JAN-1970|16-JAN-2027|16-JAN-2027|77.302|0|100000002007_1004_PURCH| |202547|CONSTRAINED|CONSTRAINED|CONSTRAINED_202547_2025-11-20_0656|BY_IF
100000002007|1004|2406|2406|01-JAN-1970|09-JAN-2027|09-JAN-2027|77.302|0|100000002007_1004_PURCH| |202547|CONSTRAINED|CONSTRAINED|CONSTRAINED_202547_2025-11-20_0656|BY_IF
100000002007|1004|2405|2405|01-JAN-1970|02-JAN-2027|02-JAN-2027|77.302|0|100000002007_1004_PURCH| |202547|CONSTRAINED|CONSTRAINED|CONSTRAINED_202547_2025-11-20_0656|BY_IF
100000002007|1004|2404|2404|01-JAN-1970|26-DEC-2026|26-DEC-2026|77.302|0|100000002007_1004_PURCH| |202547|CONSTRAINED|CONSTRAINED|CONSTRAINED_202547_2025-11-20_0656|BY_IF
100000002007|1004|2403|2403|01-JAN-1970|19-DEC-2026|19-DEC-2026|77.302|0|100000002007_1004_PURCH| |202547|CONSTRAINED|CONSTRAINED|CONSTRAINED_202547_2025-11-20_0656|BY_IF
100000002007|1004|2402|2402|01-JAN-1970|12-DEC-2026|12-DEC-2026|77.302|0|100000002007_1004_PURCH| |202547|CONSTRAINED|CONSTRAINED|CONSTRAINED_202547_2025-11-20_0656|BY_IF
100000002007|1004|2401|2401|01-JAN-1970|05-DEC-2026|05-DEC-2026|77.302|0|100000002007_1004_PURCH| |202547|CONSTRAINED|CONSTRAINED|CONSTRAINED_202547_2025-11-20_0656|BY_IF
100000002007|1004|2400|2400|01-JAN-1970|28-NOV-2026|28-NOV-2026|77.302|0|100000002007_1004_PURCH| |202547|CONSTRAINED|CONSTRAINED|CONSTRAINED_202547_2025-11-20_0656|BY_IF
100000002007|1004|2399|2399|01-JAN-1970|21-NOV-2026|21-NOV-2026|77.302|0|100000002007_1004_PURCH| |202547|CONSTRAINED|CONSTRAINED|CONSTRAINED_202547_2025-11-20_0656|BY_IF
100000002007|1004|2398|2398|01-JAN-1970|14-NOV-2026|14-NOV-2026|77.302|0|100000002007_1004_PURCH| |202547|CONSTRAINED|CONSTRAINED|CONSTRAINED_202547_2025-11-20_0656|BY_IF
100000002007|1004|2397|2397|01-JAN-1970|07-NOV-2026|07-NOV-2026|77.302|0|100000002007_1004_PURCH| |202547|CONSTRAINED|CONSTRAINED|CONSTRAINED_202547_2025-11-20_0656|BY_IF
100000002007|1004|2396|2396|01-JAN-1970|31-OCT-2026|31-OCT-2026|77.302|0|100000002007_1004_PURCH| |202547|CONSTRAINED|CONSTRAINED|CONSTRAINED_202547_2025-11-20_0656|BY_IF
100000002007|1004|2395|2395|01-JAN-1970|24-OCT-2026|24-OCT-2026|77.302|0|100000002007_1004_PURCH| |202547|CONSTRAINED|CONSTRAINED|CONSTRAINED_202547_2025-11-20_0656|BY_IF
100000002007|1004|2394|2394|01-JAN-1970|17-OCT-2026|17-OCT-2026|77.302|0|100000002007_1004_PURCH| |202547|CONSTRAINED|CONSTRAINED|CONSTRAINED_202547_2025-11-20_0656|BY_IF
100000002007|1004|2393|2393|01-JAN-1970|10-OCT-2026|10-OCT-2026|77.302|0|100000002007_1004_PURCH| |202547|CONSTRAINED|CONSTRAINED|CONSTRAINED_202547_2025-11-20_0656|BY_IF
100000002007|1004|2392|2392|01-JAN-1970|03-OCT-2026|03-OCT-2026|77.302|0|100000002007_1004_PURCH| |202547|CONSTRAINED|CONSTRAINED|CONSTRAINED_202547_2025-11-20_0656|BY_IF
100000002007|1004|2391|2391|01-JAN-1970|26-SEP-2026|26-SEP-2026|77.302|0|100000002007_1004_PURCH| |202547|CONSTRAINED|CONSTRAINED|CONSTRAINED_202547_2025-11-20_0656|BY_IF
100000002007|1004|2390|2390|01-JAN-1970|19-SEP-2026|19-SEP-2026|77.302|0|100000002007_1004_PURCH| |202547|CONSTRAINED|CONSTRAINED|CONSTRAINED_202547_2025-11-20_0656|BY_IF
100000002007|1004|2389|2389|01-JAN-1970|12-SEP-2026|12-SEP-2026|77.302|0|100000002007_1004_PURCH| |202547|CONSTRAINED|CONSTRAINED|CONSTRAINED_202547_2025-11-20_0656|BY_IF
100000002007|1004|2388|2388|01-JAN-1970|05-SEP-2026|05-SEP-2026|77.302|0|100000002007_1004_PURCH| |202547|CONSTRAINED|CONSTRAINED|CONSTRAINED_202547_2025-11-20_0656|BY_IF
100000002007|1004|2387|2387|01-JAN-1970|29-AUG-2026|29-AUG-2026|77.302|0|100000002007_1004_PURCH| |202547|CONSTRAINED|CONSTRAINED|CONSTRAINED_202547_2025-11-20_0656|BY_IF
100000002007|1004|2386|2386|01-JAN-1970|22-AUG-2026|22-AUG-2026|77.302|0|100000002007_1004_PURCH| |202547|CONSTRAINED|CONSTRAINED|CONSTRAINED_202547_2025-11-20_0656|BY_IF
100000002007|1004|2385|2385|01-JAN-1970|15-AUG-2026|15-AUG-2026|77.302|0|100000002007_1004_PURCH| |202547|CONSTRAINED|CONSTRAINED|CONSTRAINED_202547_2025-11-20_0656|BY_IF
100000002007|1004|2384|2384|01-JAN-1970|08-AUG-2026|08-AUG-2026|77.302|0|100000002007_1004_PURCH| |202547|CONSTRAINED|CONSTRAINED|CONSTRAINED_202547_2025-11-20_0656|BY_IF
100000002007|1004|2383|2383|01-JAN-1970|01-AUG-2026|01-AUG-2026|77.302|0|100000002007_1004_PURCH| |202547|CONSTRAINED|CONSTRAINED|CONSTRAINED_202547_2025-11-20_0656|BY_IF
100000002007|1004|2382|2382|01-JAN-1970|25-JUL-2026|25-JUL-2026|77.302|0|100000002007_1004_PURCH| |202547|CONSTRAINED|CONSTRAINED|CONSTRAINED_202547_2025-11-20_0656|BY_IF
100000002007|1004|2381|2381|01-JAN-1970|18-JUL-2026|18-JUL-2026|77.302|0|100000002007_1004_PURCH| |202547|CONSTRAINED|CONSTRAINED|CONSTRAINED_202547_2025-11-20_0656|BY_IF
100000002007|1004|2380|2380|01-JAN-1970|11-JUL-2026|11-JUL-2026|77.302|0|100000002007_1004_PURCH| |202547|CONSTRAINED|CONSTRAINED|CONSTRAINED_202547_2025-11-20_0656|BY_IF
100000002007|1004|2379|2379|01-JAN-1970|04-JUL-2026|04-JUL-2026|77.302|0|100000002007_1004_PURCH| |202547|CONSTRAINED|CONSTRAINED|CONSTRAINED_202547_2025-11-20_0656|BY_IF
100000002007|1004|2378|2378|01-JAN-1970|27-JUN-2026|27-JUN-2026|77.302|0|100000002007_1004_PURCH| |202547|CONSTRAINED|CONSTRAINED|CONSTRAINED_202547_2025-11-20_0656|BY_IF
100000002007|1004|2377|2377|01-JAN-1970|20-JUN-2026|20-JUN-2026|77.302|0|100000002007_1004_PURCH| |202547|CONSTRAINED|CONSTRAINED|CONSTRAINED_202547_2025-11-20_0656|BY_IF
100000002007|1004|2376|2376|01-JAN-1970|13-JUN-2026|13-JUN-2026|77.302|0|100000002007_1004_PURCH| |202547|CONSTRAINED|CONSTRAINED|CONSTRAINED_202547_2025-11-20_0656|BY_IF
100000002007|1004|2375|2375|01-JAN-1970|06-JUN-2026|06-JUN-2026|77.302|0|100000002007_1004_PURCH| |202547|CONSTRAINED|CONSTRAINED|CONSTRAINED_202547_2025-11-20_0656|BY_IF
100000002007|1004|2374|2374|01-JAN-1970|30-MAY-2026|30-MAY-2026|77.302|0|100000002007_1004_PURCH| |202547|CONSTRAINED|CONSTRAINED|CONSTRAINED_202547_2025-11-20_0656|BY_IF
100000002007|1004|2373|2373|01-JAN-1970|23-MAY-2026|23-MAY-2026|77.302|0|100000002007_1004_PURCH| |202547|CONSTRAINED|CONSTRAINED|CONSTRAINED_202547_2025-11-20_0656|BY_IF
100000002007|1004|2372|2372|01-JAN-1970|16-MAY-2026|16-MAY-2026|77.302|0|100000002007_1004_PURCH| |202547|CONSTRAINED|CONSTRAINED|CONSTRAINED_202547_2025-11-20_0656|BY_IF
100000002007|1004|2371|2371|01-JAN-1970|09-MAY-2026|09-MAY-2026|77.302|0|100000002007_1004_PURCH| |202547|CONSTRAINED|CONSTRAINED|CONSTRAINED_202547_2025-11-20_0656|BY_IF
100000002007|1004|2370|2370|01-JAN-1970|02-MAY-2026|02-MAY-2026|77.302|0|100000002007_1004_PURCH| |202547|CONSTRAINED|CONSTRAINED|CONSTRAINED_202547_2025-11-20_0656|BY_IF
100000002007|1004|2369|2369|01-JAN-1970|25-APR-2026|25-APR-2026|77.302|0|100000002007_1004_PURCH| |202547|CONSTRAINED|CONSTRAINED|CONSTRAINED_202547_2025-11-20_0656|BY_IF
100000002007|1004|2368|2368|01-JAN-1970|18-APR-2026|18-APR-2026|77.302|0|100000002007_1004_PURCH| |202547|CONSTRAINED|CONSTRAINED|CONSTRAINED_202547_2025-11-20_0656|BY_IF
100000002007|1004|2367|2367|01-JAN-1970|11-APR-2026|11-APR-2026|77.302|0|100000002007_1004_PURCH| |202547|CONSTRAINED|CONSTRAINED|CONSTRAINED_202547_2025-11-20_0656|BY_IF
100000002007|1004|2366|2366|01-JAN-1970|04-APR-2026|04-APR-2026|77.302|0|100000002007_1004_PURCH| |202547|CONSTRAINED|CONSTRAINED|CONSTRAINED_202547_2025-11-20_0656|BY_IF
100000002007|1004|2365|2365|01-JAN-1970|28-MAR-2026|28-MAR-2026|77.302|0|100000002007_1004_PURCH| |202547|CONSTRAINED|CONSTRAINED|CONSTRAINED_202547_2025-11-20_0656|BY_IF
100000002007|1004|2364|2364|01-JAN-1970|21-MAR-2026|21-MAR-2026|77.302|0|100000002007_1004_PURCH| |202547|CONSTRAINED|CONSTRAINED|CONSTRAINED_202547_2025-11-20_0656|BY_IF
100000002007|1004|2363|2363|01-JAN-1970|14-MAR-2026|14-MAR-2026|77.302|0|100000002007_1004_PURCH| |202547|CONSTRAINED|CONSTRAINED|CONSTRAINED_202547_2025-11-20_0656|BY_IF
100000002007|1004|2362|2362|01-JAN-1970|07-MAR-2026|07-MAR-2026|77.302|0|100000002007_1004_PURCH| |202547|CONSTRAINED|CONSTRAINED|CONSTRAINED_202547_2025-11-20_0656|BY_IF
100000002007|1004|2361|2361|01-JAN-1970|28-FEB-2026|28-FEB-2026|77.302|0|100000002007_1004_PURCH| |202547|CONSTRAINED|CONSTRAINED|CONSTRAINED_202547_2025-11-20_0656|BY_IF
100000002007|1004|2360|2360|01-JAN-1970|21-FEB-2026|21-FEB-2026|77.302|0|100000002007_1004_PURCH| |202547|CONSTRAINED|CONSTRAINED|CONSTRAINED_202547_2025-11-20_0656|BY_IF
100000002007|1004|2359|2359|01-JAN-1970|14-FEB-2026|14-FEB-2026|77.302|0|100000002007_1004_PURCH| |202547|CONSTRAINED|CONSTRAINED|CONSTRAINED_202547_2025-11-20_0656|BY_IF
100000002007|1004|2358|2358|01-JAN-1970|07-FEB-2026|07-FEB-2026|77.302|0|100000002007_1004_PURCH| |202547|CONSTRAINED|CONSTRAINED|CONSTRAINED_202547_2025-11-20_0656|BY_IF
100000002007|1004|2357|2357|01-JAN-1970|31-JAN-2026|31-JAN-2026|77.302|0|100000002007_1004_PURCH| |202547|CONSTRAINED|CONSTRAINED|CONSTRAINED_202547_2025-11-20_0656|BY_IF
100000002007|1004|2356|2356|01-JAN-1970|24-JAN-2026|24-JAN-2026|77.302|0|100000002007_1004_PURCH| |202547|CONSTRAINED|CONSTRAINED|CONSTRAINED_202547_2025-11-20_0656|BY_IF
100000002007|1004|2355|2355|01-JAN-1970|17-JAN-2026|17-JAN-2026|77.302|0|100000002007_1004_PURCH| |202547|CONSTRAINED|CONSTRAINED|CONSTRAINED_202547_2025-11-20_0656|BY_IF
100000002007|1004|2354|2354|01-JAN-1970|10-JAN-2026|10-JAN-2026|77.302|0|100000002007_1004_PURCH| |202547|CONSTRAINED|CONSTRAINED|CONSTRAINED_202547_2025-11-20_0656|BY_IF
100000002007|1004|2353|2353|01-JAN-1970|03-JAN-2026|03-JAN-2026|77.302|0|100000002007_1004_PURCH| |202547|CONSTRAINED|CONSTRAINED|CONSTRAINED_202547_2025-11-20_0656|BY_IF
100000002007|1004|2352|2352|01-JAN-1970|27-DEC-2025|27-DEC-2025|77.302|0|100000002007_1004_PURCH| |202547|CONSTRAINED|CONSTRAINED|CONSTRAINED_202547_2025-11-20_0656|BY_IF
100000002007|1004|2351|2351|01-JAN-1970|20-DEC-2025|20-DEC-2025|77.302|0|100000002007_1004_PURCH| |202547|CONSTRAINED|CONSTRAINED|CONSTRAINED_202547_2025-11-20_0656|BY_IF
100000002007|1004|2350|2350|01-JAN-1970|13-DEC-2025|13-DEC-2025|77.302|0|100000002007_1004_PURCH| |202547|CONSTRAINED|CONSTRAINED|CONSTRAINED_202547_2025-11-20_0656|BY_IF
100000002007|1004|2349|2349|01-JAN-1970|06-DEC-2025|06-DEC-2025|50.504|0|100000002007_1004_PURCH| |202547|CONSTRAINED|CONSTRAINED|CONSTRAINED_202547_2025-11-20_0656|BY_IF
100000002007|1004|2348|2348|01-JAN-1970|22-NOV-2025|22-NOV-2025|39.166|0|100000002007_1004_PURCH| |202547|CONSTRAINED|CONSTRAINED|CONSTRAINED_202547_2025-11-20_0656|BY_IF
100000002007|1004|2347|2347|01-JAN-1970|20-SEP-2025|20-SEP-2025|51.534|0|100000002007_1004_PURCH| |202547|CONSTRAINED|CONSTRAINED|CONSTRAINED_202547_2025-11-20_0656|BY_IF
100000002007|1004|2346|2346|01-JAN-1970|30-AUG-2025|30-AUG-2025|10.307|0|100000002007_1004_PURCH| |202547|CONSTRAINED|CONSTRAINED|CONSTRAINED_202547_2025-11-20_0656|BY_IF
100000002007|1004|2345|2345|01-JAN-1970|23-AUG-2025|23-AUG-2025|108.222|0|100000002007_1004_PURCH| |202547|CONSTRAINED|CONSTRAINED|CONSTRAINED_202547_2025-11-20_0656|BY_IF
100000002007|1004|2344|2344|01-JAN-1970|16-AUG-2025|16-AUG-2025|300.961|0|100000002007_1004_PURCH| |202547|CONSTRAINED|CONSTRAINED|CONSTRAINED_202547_2025-11-20_0656|BY_IF
100000002007|1004|2343|2343|01-JAN-1970|09-AUG-2025|09-AUG-2025|483.393|0|100000002007_1004_PURCH| |202547|CONSTRAINED|CONSTRAINED|CONSTRAINED_202547_2025-11-20_0656|BY_IF
100000002007|1004|2342|2342|01-JAN-1970|02-AUG-2025|02-AUG-2025|140.174|0|100000002007_1004_PURCH| |202547|CONSTRAINED|CONSTRAINED|CONSTRAINED_202547_2025-11-20_0656|BY_IF
100000002007|1004|2341|2341|01-JAN-1970|26-JUL-2025|26-JUL-2025|376.201|0|100000002007_1004_PURCH| |202547|CONSTRAINED|CONSTRAINED|CONSTRAINED_202547_2025-11-20_0656|BY_IF
100000002008|1006|2894|2894|01-JAN-1970|24-JUL-2027|24-JUL-2027|76.142|0|100000002008_1006_PURCH| |202547|CONSTRAINED|CONSTRAINED|CONSTRAINED_202547_2025-11-20_0656|BY_IF
100000002008|1006|2893|2893|01-JAN-1970|17-JUL-2027|17-JUL-2027|154.621|0|100000002008_1006_PURCH| |202547|CONSTRAINED|CONSTRAINED|CONSTRAINED_202547_2025-11-20_0656|BY_IF
100000002008|1006|2892|2892|01-JAN-1970|10-JUL-2027|10-JUL-2027|154.621|0|100000002008_1006_PURCH| |202547|CONSTRAINED|CONSTRAINED|CONSTRAINED_202547_2025-11-20_0656|BY_IF
100000002008|1006|2891|2891|01-JAN-1970|03-JUL-2027|03-JUL-2027|154.621|0|100000002008_1006_PURCH| |202547|CONSTRAINED|CONSTRAINED|CONSTRAINED_202547_2025-11-20_0656|BY_IF
100000002008|1006|2890|2890|01-JAN-1970|26-JUN-2027|26-JUN-2027|154.621|0|100000002008_1006_PURCH| |202547|CONSTRAINED|CONSTRAINED|CONSTRAINED_202547_2025-11-20_0656|BY_IF
100000002008|1006|2889|2889|01-JAN-1970|19-JUN-2027|19-JUN-2027|154.621|0|100000002008_1006_PURCH| |202547|CONSTRAINED|CONSTRAINED|CONSTRAINED_202547_2025-11-20_0656|BY_IF
100000002008|1006|2888|2888|01-JAN-1970|12-JUN-2027|12-JUN-2027|154.621|0|100000002008_1006_PURCH| |202547|CONSTRAINED|CONSTRAINED|CONSTRAINED_202547_2025-11-20_0656|BY_IF
100000002008|1006|2887|2887|01-JAN-1970|05-JUN-2027|05-JUN-2027|154.621|0|100000002008_1006_PURCH| |202547|CONSTRAINED|CONSTRAINED|CONSTRAINED_202547_2025-11-20_0656|BY_IF
100000002008|1006|2886|2886|01-JAN-1970|29-MAY-2027|29-MAY-2027|154.621|0|100000002008_1006_PURCH| |202547|CONSTRAINED|CONSTRAINED|CONSTRAINED_202547_2025-11-20_0656|BY_IF
100000002008|1006|2885|2885|01-JAN-1970|22-MAY-2027|22-MAY-2027|154.621|0|100000002008_1006_PURCH| |202547|CONSTRAINED|CONSTRAINED|CONSTRAINED_202547_2025-11-20_0656|BY_IF
100000002008|1006|2884|2884|01-JAN-1970|15-MAY-2027|15-MAY-2027|154.621|0|100000002008_1006_PURCH| |202547|CONSTRAINED|CONSTRAINED|CONSTRAINED_202547_2025-11-20_0656|BY_IF
100000002008|1006|2883|2883|01-JAN-1970|08-MAY-2027|08-MAY-2027|154.621|0|100000002008_1006_PURCH| |202547|CONSTRAINED|CONSTRAINED|CONSTRAINED_202547_2025-11-20_0656|BY_IF
100000002008|1006|2882|2882|01-JAN-1970|01-MAY-2027|01-MAY-2027|154.621|0|100000002008_1006_PURCH| |202547|CONSTRAINED|CONSTRAINED|CONSTRAINED_202547_2025-11-20_0656|BY_IF
100000002008|1006|2881|2881|01-JAN-1970|24-APR-2027|24-APR-2027|154.621|0|100000002008_1006_PURCH| |202547|CONSTRAINED|CONSTRAINED|CONSTRAINED_202547_2025-11-20_0656|BY_IF
100000002008|1006|2880|2880|01-JAN-1970|17-APR-2027|17-APR-2027|154.621|0|100000002008_1006_PURCH| |202547|CONSTRAINED|CONSTRAINED|CONSTRAINED_202547_2025-11-20_0656|BY_IF
100000002008|1006|2879|2879|01-JAN-1970|10-APR-2027|10-APR-2027|154.621|0|100000002008_1006_PURCH| |202547|CONSTRAINED|CONSTRAINED|CONSTRAINED_202547_2025-11-20_0656|BY_IF
100000002008|1006|2878|2878|01-JAN-1970|03-APR-2027|03-APR-2027|154.621|0|100000002008_1006_PURCH| |202547|CONSTRAINED|CONSTRAINED|CONSTRAINED_202547_2025-11-20_0656|BY_IF
100000002008|1006|2877|2877|01-JAN-1970|27-MAR-2027|27-MAR-2027|154.621|0|100000002008_1006_PURCH| |202547|CONSTRAINED|CONSTRAINED|CONSTRAINED_202547_2025-11-20_0656|BY_IF
100000002008|1006|2876|2876|01-JAN-1970|20-MAR-2027|20-MAR-2027|154.621|0|100000002008_1006_PURCH| |202547|CONSTRAINED|CONSTRAINED|CONSTRAINED_202547_2025-11-20_0656|BY_IF
100000002008|1006|2875|2875|01-JAN-1970|13-MAR-2027|13-MAR-2027|154.621|0|100000002008_1006_PURCH| |202547|CONSTRAINED|CONSTRAINED|CONSTRAINED_202547_2025-11-20_0656|BY_IF
100000002008|1006|2874|2874|01-JAN-1970|06-MAR-2027|06-MAR-2027|154.621|0|100000002008_1006_PURCH| |202547|CONSTRAINED|CONSTRAINED|CONSTRAINED_202547_2025-11-20_0656|BY_IF
100000002008|1006|2873|2873|01-JAN-1970|27-FEB-2027|27-FEB-2027|154.621|0|100000002008_1006_PURCH| |202547|CONSTRAINED|CONSTRAINED|CONSTRAINED_202547_2025-11-20_0656|BY_IF
100000002008|1006|2872|2872|01-JAN-1970|20-FEB-2027|20-FEB-2027|154.621|0|100000002008_1006_PURCH| |202547|CONSTRAINED|CONSTRAINED|CONSTRAINED_202547_2025-11-20_0656|BY_IF
100000002008|1006|2871|2871|01-JAN-1970|13-FEB-2027|13-FEB-2027|154.621|0|100000002008_1006_PURCH| |202547|CONSTRAINED|CONSTRAINED|CONSTRAINED_202547_2025-11-20_0656|BY_IF
100000002008|1006|2870|2870|01-JAN-1970|06-FEB-2027|06-FEB-2027|154.621|0|100000002008_1006_PURCH| |202547|CONSTRAINED|CONSTRAINED|CONSTRAINED_202547_2025-11-20_0656|BY_IF
100000002008|1006|2869|2869|01-JAN-1970|30-JAN-2027|30-JAN-2027|154.621|0|100000002008_1006_PURCH| |202547|CONSTRAINED|CONSTRAINED|CONSTRAINED_202547_2025-11-20_0656|BY_IF
100000002008|1006|2868|2868|01-JAN-1970|23-JAN-2027|23-JAN-2027|154.621|0|100000002008_1006_PURCH| |202547|CONSTRAINED|CONSTRAINED|CONSTRAINED_202547_2025-11-20_0656|BY_IF
100000002008|1006|2867|2867|01-JAN-1970|16-JAN-2027|16-JAN-2027|154.621|0|100000002008_1006_PURCH| |202547|CONSTRAINED|CONSTRAINED|CONSTRAINED_202547_2025-11-20_0656|BY_IF
100000002008|1006|2866|2866|01-JAN-1970|09-JAN-2027|09-JAN-2027|154.621|0|100000002008_1006_PURCH| |202547|CONSTRAINED|CONSTRAINED|CONSTRAINED_202547_2025-11-20_0656|BY_IF
100000002008|1006|2865|2865|01-JAN-1970|02-JAN-2027|02-JAN-2027|154.621|0|100000002008_1006_PURCH| |202547|CONSTRAINED|CONSTRAINED|CONSTRAINED_202547_2025-11-20_0656|BY_IF
100000002008|1006|2864|2864|01-JAN-1970|26-DEC-2026|26-DEC-2026|154.621|0|100000002008_1006_PURCH| |202547|CONSTRAINED|CONSTRAINED|CONSTRAINED_202547_2025-11-20_0656|BY_IF
100000002008|1006|2863|2863|01-JAN-1970|19-DEC-2026|19-DEC-2026|154.621|0|100000002008_1006_PURCH| |202547|CONSTRAINED|CONSTRAINED|CONSTRAINED_202547_2025-11-20_0656|BY_IF
100000002008|1006|2862|2862|01-JAN-1970|12-DEC-2026|12-DEC-2026|154.621|0|100000002008_1006_PURCH| |202547|CONSTRAINED|CONSTRAINED|CONSTRAINED_202547_2025-11-20_0656|BY_IF
100000002008|1006|2861|2861|01-JAN-1970|05-DEC-2026|05-DEC-2026|154.621|0|100000002008_1006_PURCH| |202547|CONSTRAINED|CONSTRAINED|CONSTRAINED_202547_2025-11-20_0656|BY_IF
100000002008|1006|2860|2860|01-JAN-1970|28-NOV-2026|28-NOV-2026|154.621|0|100000002008_1006_PURCH| |202547|CONSTRAINED|CONSTRAINED|CONSTRAINED_202547_2025-11-20_0656|BY_IF
100000002008|1006|2859|2859|01-JAN-1970|21-NOV-2026|21-NOV-2026|154.621|0|100000002008_1006_PURCH| |202547|CONSTRAINED|CONSTRAINED|CONSTRAINED_202547_2025-11-20_0656|BY_IF
100000002008|1006|2858|2858|01-JAN-1970|14-NOV-2026|14-NOV-2026|154.621|0|100000002008_1006_PURCH| |202547|CONSTRAINED|CONSTRAINED|CONSTRAINED_202547_2025-11-20_0656|BY_IF
100000002008|1006|2857|2857|01-JAN-1970|07-NOV-2026|07-NOV-2026|154.621|0|100000002008_1006_PURCH| |202547|CONSTRAINED|CONSTRAINED|CONSTRAINED_202547_2025-11-20_0656|BY_IF
100000002008|1006|2856|2856|01-JAN-1970|31-OCT-2026|31-OCT-2026|154.621|0|100000002008_1006_PURCH| |202547|CONSTRAINED|CONSTRAINED|CONSTRAINED_202547_2025-11-20_0656|BY_IF
100000002008|1006|2855|2855|01-JAN-1970|24-OCT-2026|24-OCT-2026|154.621|0|100000002008_1006_PURCH| |202547|CONSTRAINED|CONSTRAINED|CONSTRAINED_202547_2025-11-20_0656|BY_IF
100000002008|1006|2854|2854|01-JAN-1970|17-OCT-2026|17-OCT-2026|154.621|0|100000002008_1006_PURCH| |202547|CONSTRAINED|CONSTRAINED|CONSTRAINED_202547_2025-11-20_0656|BY_IF
100000002008|1006|2853|2853|01-JAN-1970|10-OCT-2026|10-OCT-2026|154.621|0|100000002008_1006_PURCH| |202547|CONSTRAINED|CONSTRAINED|CONSTRAINED_202547_2025-11-20_0656|BY_IF
100000002008|1006|2852|2852|01-JAN-1970|03-OCT-2026|03-OCT-2026|154.621|0|100000002008_1006_PURCH| |202547|CONSTRAINED|CONSTRAINED|CONSTRAINED_202547_2025-11-20_0656|BY_IF
100000002008|1006|2851|2851|01-JAN-1970|26-SEP-2026|26-SEP-2026|154.621|0|100000002008_1006_PURCH| |202547|CONSTRAINED|CONSTRAINED|CONSTRAINED_202547_2025-11-20_0656|BY_IF
100000002008|1006|2850|2850|01-JAN-1970|19-SEP-2026|19-SEP-2026|154.621|0|100000002008_1006_PURCH| |202547|CONSTRAINED|CONSTRAINED|CONSTRAINED_202547_2025-11-20_0656|BY_IF
100000002008|1006|2849|2849|01-JAN-1970|12-SEP-2026|12-SEP-2026|154.621|0|100000002008_1006_PURCH| |202547|CONSTRAINED|CONSTRAINED|CONSTRAINED_202547_2025-11-20_0656|BY_IF
100000002008|1006|2848|2848|01-JAN-1970|05-SEP-2026|05-SEP-2026|154.621|0|100000002008_1006_PURCH| |202547|CONSTRAINED|CONSTRAINED|CONSTRAINED_202547_2025-11-20_0656|BY_IF
100000002008|1006|2847|2847|01-JAN-1970|29-AUG-2026|29-AUG-2026|154.621|0|100000002008_1006_PURCH| |202547|CONSTRAINED|CONSTRAINED|CONSTRAINED_202547_2025-11-20_0656|BY_IF
100000002008|1006|2846|2846|01-JAN-1970|22-AUG-2026|22-AUG-2026|154.621|0|100000002008_1006_PURCH| |202547|CONSTRAINED|CONSTRAINED|CONSTRAINED_202547_2025-11-20_0656|BY_IF
100000002008|1006|2845|2845|01-JAN-1970|15-AUG-2026|15-AUG-2026|154.621|0|100000002008_1006_PURCH| |202547|CONSTRAINED|CONSTRAINED|CONSTRAINED_202547_2025-11-20_0656|BY_IF
100000002008|1006|2844|2844|01-JAN-1970|08-AUG-2026|08-AUG-2026|154.621|0|100000002008_1006_PURCH| |202547|CONSTRAINED|CONSTRAINED|CONSTRAINED_202547_2025-11-20_0656|BY_IF
100000002008|1006|2843|2843|01-JAN-1970|01-AUG-2026|01-AUG-2026|154.621|0|100000002008_1006_PURCH| |202547|CONSTRAINED|CONSTRAINED|CONSTRAINED_202547_2025-11-20_0656|BY_IF
100000002008|1006|2842|2842|01-JAN-1970|25-JUL-2026|25-JUL-2026|154.621|0|100000002008_1006_PURCH| |202547|CONSTRAINED|CONSTRAINED|CONSTRAINED_202547_2025-11-20_0656|BY_IF
100000002008|1006|2841|2841|01-JAN-1970|18-JUL-2026|18-JUL-2026|154.621|0|100000002008_1006_PURCH| |202547|CONSTRAINED|CONSTRAINED|CONSTRAINED_202547_2025-11-20_0656|BY_IF
100000002008|1006|2840|2840|01-JAN-1970|11-JUL-2026|11-JUL-2026|154.621|0|100000002008_1006_PURCH| |202547|CONSTRAINED|CONSTRAINED|CONSTRAINED_202547_2025-11-20_0656|BY_IF
100000002008|1006|2839|2839|01-JAN-1970|04-JUL-2026|04-JUL-2026|154.621|0|100000002008_1006_PURCH| |202547|CONSTRAINED|CONSTRAINED|CONSTRAINED_202547_2025-11-20_0656|BY_IF
100000002008|1006|2838|2838|01-JAN-1970|27-JUN-2026|27-JUN-2026|154.621|0|100000002008_1006_PURCH| |202547|CONSTRAINED|CONSTRAINED|CONSTRAINED_202547_2025-11-20_0656|BY_IF
100000002008|1006|2837|2837|01-JAN-1970|20-JUN-2026|20-JUN-2026|154.621|0|100000002008_1006_PURCH| |202547|CONSTRAINED|CONSTRAINED|CONSTRAINED_202547_2025-11-20_0656|BY_IF
100000002008|1006|2836|2836|01-JAN-1970|13-JUN-2026|13-JUN-2026|154.621|0|100000002008_1006_PURCH| |202547|CONSTRAINED|CONSTRAINED|CONSTRAINED_202547_2025-11-20_0656|BY_IF
100000002008|1006|2835|2835|01-JAN-1970|06-JUN-2026|06-JUN-2026|154.621|0|100000002008_1006_PURCH| |202547|CONSTRAINED|CONSTRAINED|CONSTRAINED_202547_2025-11-20_0656|BY_IF
100000002008|1006|2834|2834|01-JAN-1970|30-MAY-2026|30-MAY-2026|154.621|0|100000002008_1006_PURCH| |202547|CONSTRAINED|CONSTRAINED|CONSTRAINED_202547_2025-11-20_0656|BY_IF
100000002008|1006|2833|2833|01-JAN-1970|23-MAY-2026|23-MAY-2026|154.621|0|100000002008_1006_PURCH| |202547|CONSTRAINED|CONSTRAINED|CONSTRAINED_202547_2025-11-20_0656|BY_IF
100000002008|1006|2832|2832|01-JAN-1970|16-MAY-2026|16-MAY-2026|154.621|0|100000002008_1006_PURCH| |202547|CONSTRAINED|CONSTRAINED|CONSTRAINED_202547_2025-11-20_0656|BY_IF
100000002008|1006|2831|2831|01-JAN-1970|09-MAY-2026|09-MAY-2026|154.621|0|100000002008_1006_PURCH| |202547|CONSTRAINED|CONSTRAINED|CONSTRAINED_202547_2025-11-20_0656|BY_IF
100000002008|1006|2830|2830|01-JAN-1970|02-MAY-2026|02-MAY-2026|154.621|0|100000002008_1006_PURCH| |202547|CONSTRAINED|CONSTRAINED|CONSTRAINED_202547_2025-11-20_0656|BY_IF
100000002008|1006|2829|2829|01-JAN-1970|25-APR-2026|25-APR-2026|154.621|0|100000002008_1006_PURCH| |202547|CONSTRAINED|CONSTRAINED|CONSTRAINED_202547_2025-11-20_0656|BY_IF
100000002008|1006|2828|2828|01-JAN-1970|18-APR-2026|18-APR-2026|154.621|0|100000002008_1006_PURCH| |202547|CONSTRAINED|CONSTRAINED|CONSTRAINED_202547_2025-11-20_0656|BY_IF
100000002008|1006|2827|2827|01-JAN-1970|11-APR-2026|11-APR-2026|154.621|0|100000002008_1006_PURCH| |202547|CONSTRAINED|CONSTRAINED|CONSTRAINED_202547_2025-11-20_0656|BY_IF
100000002008|1006|2826|2826|01-JAN-1970|04-APR-2026|04-APR-2026|154.621|0|100000002008_1006_PURCH| |202547|CONSTRAINED|CONSTRAINED|CONSTRAINED_202547_2025-11-20_0656|BY_IF
100000002008|1006|2825|2825|01-JAN-1970|28-MAR-2026|28-MAR-2026|154.621|0|100000002008_1006_PURCH| |202547|CONSTRAINED|CONSTRAINED|CONSTRAINED_202547_2025-11-20_0656|BY_IF
100000002008|1006|2824|2824|01-JAN-1970|21-MAR-2026|21-MAR-2026|154.621|0|100000002008_1006_PURCH| |202547|CONSTRAINED|CONSTRAINED|CONSTRAINED_202547_2025-11-20_0656|BY_IF
100000002008|1006|2823|2823|01-JAN-1970|14-MAR-2026|14-MAR-2026|154.621|0|100000002008_1006_PURCH| |202547|CONSTRAINED|CONSTRAINED|CONSTRAINED_202547_2025-11-20_0656|BY_IF
100000002008|1006|2822|2822|01-JAN-1970|07-MAR-2026|07-MAR-2026|154.621|0|100000002008_1006_PURCH| |202547|CONSTRAINED|CONSTRAINED|CONSTRAINED_202547_2025-11-20_0656|BY_IF
100000002008|1006|2821|2821|01-JAN-1970|28-FEB-2026|28-FEB-2026|154.621|0|100000002008_1006_PURCH| |202547|CONSTRAINED|CONSTRAINED|CONSTRAINED_202547_2025-11-20_0656|BY_IF
100000002008|1006|2820|2820|01-JAN-1970|21-FEB-2026|21-FEB-2026|154.621|0|100000002008_1006_PURCH| |202547|CONSTRAINED|CONSTRAINED|CONSTRAINED_202547_2025-11-20_0656|BY_IF
100000002008|1006|2819|2819|01-JAN-1970|14-FEB-2026|14-FEB-2026|154.621|0|100000002008_1006_PURCH| |202547|CONSTRAINED|CONSTRAINED|CONSTRAINED_202547_2025-11-20_0656|BY_IF
100000002008|1006|2818|2818|01-JAN-1970|07-FEB-2026|07-FEB-2026|154.621|0|100000002008_1006_PURCH| |202547|CONSTRAINED|CONSTRAINED|CONSTRAINED_202547_2025-11-20_0656|BY_IF
100000002008|1006|2817|2817|01-JAN-1970|31-JAN-2026|31-JAN-2026|154.621|0|100000002008_1006_PURCH| |202547|CONSTRAINED|CONSTRAINED|CONSTRAINED_202547_2025-11-20_0656|BY_IF
100000002008|1006|2816|2816|01-JAN-1970|24-JAN-2026|24-JAN-2026|154.621|0|100000002008_1006_PURCH| |202547|CONSTRAINED|CONSTRAINED|CONSTRAINED_202547_2025-11-20_0656|BY_IF
100000002008|1006|2815|2815|01-JAN-1970|17-JAN-2026|17-JAN-2026|154.621|0|100000002008_1006_PURCH| |202547|CONSTRAINED|CONSTRAINED|CONSTRAINED_202547_2025-11-20_0656|BY_IF
100000002008|1006|2814|2814|01-JAN-1970|10-JAN-2026|10-JAN-2026|154.621|0|100000002008_1006_PURCH| |202547|CONSTRAINED|CONSTRAINED|CONSTRAINED_202547_2025-11-20_0656|BY_IF
100000002008|1006|2813|2813|01-JAN-1970|03-JAN-2026|03-JAN-2026|154.621|0|100000002008_1006_PURCH| |202547|CONSTRAINED|CONSTRAINED|CONSTRAINED_202547_2025-11-20_0656|BY_IF
100000002008|1006|2812|2812|01-JAN-1970|27-DEC-2025|27-DEC-2025|154.621|0|100000002008_1006_PURCH| |202547|CONSTRAINED|CONSTRAINED|CONSTRAINED_202547_2025-11-20_0656|BY_IF
100000002008|1006|2811|2811|01-JAN-1970|20-DEC-2025|20-DEC-2025|154.621|0|100000002008_1006_PURCH| |202547|CONSTRAINED|CONSTRAINED|CONSTRAINED_202547_2025-11-20_0656|BY_IF
100000002008|1006|2810|2810|01-JAN-1970|13-DEC-2025|13-DEC-2025|154.621|0|100000002008_1006_PURCH| |202547|CONSTRAINED|CONSTRAINED|CONSTRAINED_202547_2025-11-20_0656|BY_IF
100000002008|1006|2809|2809|01-JAN-1970|06-DEC-2025|06-DEC-2025|128.225|0|100000002008_1006_PURCH| |202547|CONSTRAINED|CONSTRAINED|CONSTRAINED_202547_2025-11-20_0656|BY_IF
100000002008|1006|2808|2808|01-JAN-1970|29-NOV-2025|29-NOV-2025|51.273|0|100000002008_1006_PURCH| |202547|CONSTRAINED|CONSTRAINED|CONSTRAINED_202547_2025-11-20_0656|BY_IF
100000002008|1006|2807|2807|01-JAN-1970|22-NOV-2025|22-NOV-2025|16.244|0|100000002008_1006_PURCH| |202547|CONSTRAINED|CONSTRAINED|CONSTRAINED_202547_2025-11-20_0656|BY_IF
100000002008|1006|2806|2806|01-JAN-1970|15-NOV-2025|15-NOV-2025|39.763|0|100000002008_1006_PURCH| |202547|CONSTRAINED|CONSTRAINED|CONSTRAINED_202547_2025-11-20_0656|BY_IF
100000002008|1006|2805|2805|01-JAN-1970|20-SEP-2025|20-SEP-2025|50.761|0|100000002008_1006_PURCH| |202547|CONSTRAINED|CONSTRAINED|CONSTRAINED_202547_2025-11-20_0656|BY_IF
100000002008|1006|2804|2804|01-JAN-1970|13-SEP-2025|13-SEP-2025|52.319|0|100000002008_1006_PURCH| |202547|CONSTRAINED|CONSTRAINED|CONSTRAINED_202547_2025-11-20_0656|BY_IF
100000002008|1006|2803|2803|01-JAN-1970|30-AUG-2025|30-AUG-2025|10.152|0|100000002008_1006_PURCH| |202547|CONSTRAINED|CONSTRAINED|CONSTRAINED_202547_2025-11-20_0656|BY_IF
100000002008|1006|2802|2802|01-JAN-1970|23-AUG-2025|23-AUG-2025|117.063|0|100000002008_1006_PURCH| |202547|CONSTRAINED|CONSTRAINED|CONSTRAINED_202547_2025-11-20_0656|BY_IF
100000002008|1006|2801|2801|01-JAN-1970|16-AUG-2025|16-AUG-2025|406.317|0|100000002008_1006_PURCH| |202547|CONSTRAINED|CONSTRAINED|CONSTRAINED_202547_2025-11-20_0656|BY_IF
100000002008|1006|2800|2800|01-JAN-1970|09-AUG-2025|09-AUG-2025|919.757|0|100000002008_1006_PURCH| |202547|CONSTRAINED|CONSTRAINED|CONSTRAINED_202547_2025-11-20_0656|BY_IF
100000002008|1006|2799|2799|01-JAN-1970|02-AUG-2025|02-AUG-2025|633.063|0|100000002008_1006_PURCH| |202547|CONSTRAINED|CONSTRAINED|CONSTRAINED_202547_2025-11-20_0656|BY_IF
100000002008|1006|2798|2798|01-JAN-1970|26-JUL-2025|26-JUL-2025|726.952|0|100000002008_1006_PURCH| |202547|CONSTRAINED|CONSTRAINED|CONSTRAINED_202547_2025-11-20_0656|BY_IF
100000002009|1006|6824|6824|01-JAN-1970|17-JUL-2027|17-JUL-2027|156.958|0|100000002009_1006_PURCH| |202547|CONSTRAINED|CONSTRAINED|CONSTRAINED_202547_2025-11-20_0656|BY_IF
100000002009|1006|6823|6823|01-JAN-1970|10-JUL-2027|10-JUL-2027|78.479|0|100000002009_1006_PURCH| |202547|CONSTRAINED|CONSTRAINED|CONSTRAINED_202547_2025-11-20_0656|BY_IF
100000002009|1006|6822|6822|01-JAN-1970|03-JUL-2027|03-JUL-2027|78.479|0|100000002009_1006_PURCH| |202547|CONSTRAINED|CONSTRAINED|CONSTRAINED_202547_2025-11-20_0656|BY_IF
100000002009|1006|6821|6821|01-JAN-1970|26-JUN-2027|26-JUN-2027|78.479|0|100000002009_1006_PURCH| |202547|CONSTRAINED|CONSTRAINED|CONSTRAINED_202547_2025-11-20_0656|BY_IF
100000002009|1006|6820|6820|01-JAN-1970|19-JUN-2027|19-JUN-2027|78.479|0|100000002009_1006_PURCH| |202547|CONSTRAINED|CONSTRAINED|CONSTRAINED_202547_2025-11-20_0656|BY_IF
100000002009|1006|6819|6819|01-JAN-1970|12-JUN-2027|12-JUN-2027|78.479|0|100000002009_1006_PURCH| |202547|CONSTRAINED|CONSTRAINED|CONSTRAINED_202547_2025-11-20_0656|BY_IF
100000002009|1006|6818|6818|01-JAN-1970|05-JUN-2027|05-JUN-2027|78.479|0|100000002009_1006_PURCH| |202547|CONSTRAINED|CONSTRAINED|CONSTRAINED_202547_2025-11-20_0656|BY_IF
100000002009|1006|6817|6817|01-JAN-1970|29-MAY-2027|29-MAY-2027|78.479|0|100000002009_1006_PURCH| |202547|CONSTRAINED|CONSTRAINED|CONSTRAINED_202547_2025-11-20_0656|BY_IF
100000002009|1006|6816|6816|01-JAN-1970|22-MAY-2027|22-MAY-2027|78.479|0|100000002009_1006_PURCH| |202547|CONSTRAINED|CONSTRAINED|CONSTRAINED_202547_2025-11-20_0656|BY_IF
100000002009|1006|6815|6815|01-JAN-1970|15-MAY-2027|15-MAY-2027|78.479|0|100000002009_1006_PURCH| |202547|CONSTRAINED|CONSTRAINED|CONSTRAINED_202547_2025-11-20_0656|BY_IF
100000002009|1006|6814|6814|01-JAN-1970|08-MAY-2027|08-MAY-2027|78.479|0|100000002009_1006_PURCH| |202547|CONSTRAINED|CONSTRAINED|CONSTRAINED_202547_2025-11-20_0656|BY_IF
100000002009|1006|6813|6813|01-JAN-1970|01-MAY-2027|01-MAY-2027|78.479|0|100000002009_1006_PURCH| |202547|CONSTRAINED|CONSTRAINED|CONSTRAINED_202547_2025-11-20_0656|BY_IF
100000002009|1006|6812|6812|01-JAN-1970|24-APR-2027|24-APR-2027|78.479|0|100000002009_1006_PURCH| |202547|CONSTRAINED|CONSTRAINED|CONSTRAINED_202547_2025-11-20_0656|BY_IF
100000002009|1006|6811|6811|01-JAN-1970|17-APR-2027|17-APR-2027|78.479|0|100000002009_1006_PURCH| |202547|CONSTRAINED|CONSTRAINED|CONSTRAINED_202547_2025-11-20_0656|BY_IF
100000002009|1006|6810|6810|01-JAN-1970|10-APR-2027|10-APR-2027|78.479|0|100000002009_1006_PURCH| |202547|CONSTRAINED|CONSTRAINED|CONSTRAINED_202547_2025-11-20_0656|BY_IF
100000002009|1006|6809|6809|01-JAN-1970|03-APR-2027|03-APR-2027|78.479|0|100000002009_1006_PURCH| |202547|CONSTRAINED|CONSTRAINED|CONSTRAINED_202547_2025-11-20_0656|BY_IF
100000002009|1006|6808|6808|01-JAN-1970|27-MAR-2027|27-MAR-2027|78.479|0|100000002009_1006_PURCH| |202547|CONSTRAINED|CONSTRAINED|CONSTRAINED_202547_2025-11-20_0656|BY_IF
100000002009|1006|6807|6807|01-JAN-1970|20-MAR-2027|20-MAR-2027|78.479|0|100000002009_1006_PURCH| |202547|CONSTRAINED|CONSTRAINED|CONSTRAINED_202547_2025-11-20_0656|BY_IF
100000002009|1006|6806|6806|01-JAN-1970|13-MAR-2027|13-MAR-2027|78.479|0|100000002009_1006_PURCH| |202547|CONSTRAINED|CONSTRAINED|CONSTRAINED_202547_2025-11-20_0656|BY_IF
100000002009|1006|6805|6805|01-JAN-1970|06-MAR-2027|06-MAR-2027|78.479|0|100000002009_1006_PURCH| |202547|CONSTRAINED|CONSTRAINED|CONSTRAINED_202547_2025-11-20_0656|BY_IF
100000002009|1006|6804|6804|01-JAN-1970|27-FEB-2027|27-FEB-2027|78.479|0|100000002009_1006_PURCH| |202547|CONSTRAINED|CONSTRAINED|CONSTRAINED_202547_2025-11-20_0656|BY_IF
100000002009|1006|6803|6803|01-JAN-1970|20-FEB-2027|20-FEB-2027|78.479|0|100000002009_1006_PURCH| |202547|CONSTRAINED|CONSTRAINED|CONSTRAINED_202547_2025-11-20_0656|BY_IF
100000002009|1006|6802|6802|01-JAN-1970|13-FEB-2027|13-FEB-2027|78.479|0|100000002009_1006_PURCH| |202547|CONSTRAINED|CONSTRAINED|CONSTRAINED_202547_2025-11-20_0656|BY_IF
100000002009|1006|6801|6801|01-JAN-1970|06-FEB-2027|06-FEB-2027|78.479|0|100000002009_1006_PURCH| |202547|CONSTRAINED|CONSTRAINED|CONSTRAINED_202547_2025-11-20_0656|BY_IF
100000002009|1006|6800|6800|01-JAN-1970|30-JAN-2027|30-JAN-2027|78.479|0|100000002009_1006_PURCH| |202547|CONSTRAINED|CONSTRAINED|CONSTRAINED_202547_2025-11-20_0656|BY_IF
100000002009|1006|6799|6799|01-JAN-1970|23-JAN-2027|23-JAN-2027|78.479|0|100000002009_1006_PURCH| |202547|CONSTRAINED|CONSTRAINED|CONSTRAINED_202547_2025-11-20_0656|BY_IF
100000002009|1006|6798|6798|01-JAN-1970|16-JAN-2027|16-JAN-2027|78.479|0|100000002009_1006_PURCH| |202547|CONSTRAINED|CONSTRAINED|CONSTRAINED_202547_2025-11-20_0656|BY_IF
100000002009|1006|6797|6797|01-JAN-1970|09-JAN-2027|09-JAN-2027|78.479|0|100000002009_1006_PURCH| |202547|CONSTRAINED|CONSTRAINED|CONSTRAINED_202547_2025-11-20_0656|BY_IF
100000002009|1006|6796|6796|01-JAN-1970|02-JAN-2027|02-JAN-2027|78.479|0|100000002009_1006_PURCH| |202547|CONSTRAINED|CONSTRAINED|CONSTRAINED_202547_2025-11-20_0656|BY_IF
100000002009|1006|6795|6795|01-JAN-1970|26-DEC-2026|26-DEC-2026|78.479|0|100000002009_1006_PURCH| |202547|CONSTRAINED|CONSTRAINED|CONSTRAINED_202547_2025-11-20_0656|BY_IF
100000002009|1006|6794|6794|01-JAN-1970|19-DEC-2026|19-DEC-2026|78.479|0|100000002009_1006_PURCH| |202547|CONSTRAINED|CONSTRAINED|CONSTRAINED_202547_2025-11-20_0656|BY_IF
100000002009|1006|6793|6793|01-JAN-1970|12-DEC-2026|12-DEC-2026|78.479|0|100000002009_1006_PURCH| |202547|CONSTRAINED|CONSTRAINED|CONSTRAINED_202547_2025-11-20_0656|BY_IF
100000002009|1006|6792|6792|01-JAN-1970|05-DEC-2026|05-DEC-2026|78.479|0|100000002009_1006_PURCH| |202547|CONSTRAINED|CONSTRAINED|CONSTRAINED_202547_2025-11-20_0656|BY_IF
100000002009|1006|6791|6791|01-JAN-1970|28-NOV-2026|28-NOV-2026|78.479|0|100000002009_1006_PURCH| |202547|CONSTRAINED|CONSTRAINED|CONSTRAINED_202547_2025-11-20_0656|BY_IF
100000002009|1006|6790|6790|01-JAN-1970|21-NOV-2026|21-NOV-2026|78.479|0|100000002009_1006_PURCH| |202547|CONSTRAINED|CONSTRAINED|CONSTRAINED_202547_2025-11-20_0656|BY_IF
100000002009|1006|6789|6789|01-JAN-1970|14-NOV-2026|14-NOV-2026|78.479|0|100000002009_1006_PURCH| |202547|CONSTRAINED|CONSTRAINED|CONSTRAINED_202547_2025-11-20_0656|BY_IF
100000002009|1006|6788|6788|01-JAN-1970|07-NOV-2026|07-NOV-2026|78.479|0|100000002009_1006_PURCH| |202547|CONSTRAINED|CONSTRAINED|CONSTRAINED_202547_2025-11-20_0656|BY_IF
100000002009|1006|6787|6787|01-JAN-1970|31-OCT-2026|31-OCT-2026|78.479|0|100000002009_1006_PURCH| |202547|CONSTRAINED|CONSTRAINED|CONSTRAINED_202547_2025-11-20_0656|BY_IF
100000002009|1006|6786|6786|01-JAN-1970|24-OCT-2026|24-OCT-2026|78.479|0|100000002009_1006_PURCH| |202547|CONSTRAINED|CONSTRAINED|CONSTRAINED_202547_2025-11-20_0656|BY_IF
100000002009|1006|6785|6785|01-JAN-1970|17-OCT-2026|17-OCT-2026|78.479|0|100000002009_1006_PURCH| |202547|CONSTRAINED|CONSTRAINED|CONSTRAINED_202547_2025-11-20_0656|BY_IF
100000002009|1006|6784|6784|01-JAN-1970|10-OCT-2026|10-OCT-2026|78.479|0|100000002009_1006_PURCH| |202547|CONSTRAINED|CONSTRAINED|CONSTRAINED_202547_2025-11-20_0656|BY_IF
100000002009|1006|6783|6783|01-JAN-1970|03-OCT-2026|03-OCT-2026|78.479|0|100000002009_1006_PURCH| |202547|CONSTRAINED|CONSTRAINED|CONSTRAINED_202547_2025-11-20_0656|BY_IF
100000002009|1006|6782|6782|01-JAN-1970|26-SEP-2026|26-SEP-2026|78.479|0|100000002009_1006_PURCH| |202547|CONSTRAINED|CONSTRAINED|CONSTRAINED_202547_2025-11-20_0656|BY_IF
100000002009|1006|6781|6781|01-JAN-1970|19-SEP-2026|19-SEP-2026|78.479|0|100000002009_1006_PURCH| |202547|CONSTRAINED|CONSTRAINED|CONSTRAINED_202547_2025-11-20_0656|BY_IF
100000002009|1006|6780|6780|01-JAN-1970|12-SEP-2026|12-SEP-2026|78.479|0|100000002009_1006_PURCH| |202547|CONSTRAINED|CONSTRAINED|CONSTRAINED_202547_2025-11-20_0656|BY_IF
100000002009|1006|6779|6779|01-JAN-1970|05-SEP-2026|05-SEP-2026|78.479|0|100000002009_1006_PURCH| |202547|CONSTRAINED|CONSTRAINED|CONSTRAINED_202547_2025-11-20_0656|BY_IF
100000002009|1006|6778|6778|01-JAN-1970|29-AUG-2026|29-AUG-2026|78.479|0|100000002009_1006_PURCH| |202547|CONSTRAINED|CONSTRAINED|CONSTRAINED_202547_2025-11-20_0656|BY_IF
100000002009|1006|6777|6777|01-JAN-1970|22-AUG-2026|22-AUG-2026|78.479|0|100000002009_1006_PURCH| |202547|CONSTRAINED|CONSTRAINED|CONSTRAINED_202547_2025-11-20_0656|BY_IF
100000002009|1006|6776|6776|01-JAN-1970|15-AUG-2026|15-AUG-2026|78.479|0|100000002009_1006_PURCH| |202547|CONSTRAINED|CONSTRAINED|CONSTRAINED_202547_2025-11-20_0656|BY_IF
100000002009|1006|6775|6775|01-JAN-1970|08-AUG-2026|08-AUG-2026|78.479|0|100000002009_1006_PURCH| |202547|CONSTRAINED|CONSTRAINED|CONSTRAINED_202547_2025-11-20_0656|BY_IF
100000002009|1006|6774|6774|01-JAN-1970|01-AUG-2026|01-AUG-2026|78.479|0|100000002009_1006_PURCH| |202547|CONSTRAINED|CONSTRAINED|CONSTRAINED_202547_2025-11-20_0656|BY_IF
100000002009|1006|6773|6773|01-JAN-1970|25-JUL-2026|25-JUL-2026|78.479|0|100000002009_1006_PURCH| |202547|CONSTRAINED|CONSTRAINED|CONSTRAINED_202547_2025-11-20_0656|BY_IF
100000002009|1006|6772|6772|01-JAN-1970|18-JUL-2026|18-JUL-2026|78.479|0|100000002009_1006_PURCH| |202547|CONSTRAINED|CONSTRAINED|CONSTRAINED_202547_2025-11-20_0656|BY_IF
100000002009|1006|6771|6771|01-JAN-1970|11-JUL-2026|11-JUL-2026|78.479|0|100000002009_1006_PURCH| |202547|CONSTRAINED|CONSTRAINED|CONSTRAINED_202547_2025-11-20_0656|BY_IF
100000002009|1006|6770|6770|01-JAN-1970|04-JUL-2026|04-JUL-2026|78.479|0|100000002009_1006_PURCH| |202547|CONSTRAINED|CONSTRAINED|CONSTRAINED_202547_2025-11-20_0656|BY_IF
100000002009|1006|6769|6769|01-JAN-1970|27-JUN-2026|27-JUN-2026|78.479|0|100000002009_1006_PURCH| |202547|CONSTRAINED|CONSTRAINED|CONSTRAINED_202547_2025-11-20_0656|BY_IF
100000002009|1006|6768|6768|01-JAN-1970|20-JUN-2026|20-JUN-2026|78.479|0|100000002009_1006_PURCH| |202547|CONSTRAINED|CONSTRAINED|CONSTRAINED_202547_2025-11-20_0656|BY_IF
100000002009|1006|6767|6767|01-JAN-1970|13-JUN-2026|13-JUN-2026|78.479|0|100000002009_1006_PURCH| |202547|CONSTRAINED|CONSTRAINED|CONSTRAINED_202547_2025-11-20_0656|BY_IF
100000002009|1006|6766|6766|01-JAN-1970|06-JUN-2026|06-JUN-2026|78.479|0|100000002009_1006_PURCH| |202547|CONSTRAINED|CONSTRAINED|CONSTRAINED_202547_2025-11-20_0656|BY_IF
100000002009|1006|6765|6765|01-JAN-1970|30-MAY-2026|30-MAY-2026|78.479|0|100000002009_1006_PURCH| |202547|CONSTRAINED|CONSTRAINED|CONSTRAINED_202547_2025-11-20_0656|BY_IF
100000002009|1006|6764|6764|01-JAN-1970|23-MAY-2026|23-MAY-2026|78.479|0|100000002009_1006_PURCH| |202547|CONSTRAINED|CONSTRAINED|CONSTRAINED_202547_2025-11-20_0656|BY_IF
100000002009|1006|6763|6763|01-JAN-1970|16-MAY-2026|16-MAY-2026|78.479|0|100000002009_1006_PURCH| |202547|CONSTRAINED|CONSTRAINED|CONSTRAINED_202547_2025-11-20_0656|BY_IF
100000002009|1006|6762|6762|01-JAN-1970|09-MAY-2026|09-MAY-2026|78.479|0|100000002009_1006_PURCH| |202547|CONSTRAINED|CONSTRAINED|CONSTRAINED_202547_2025-11-20_0656|BY_IF
100000002009|1006|6761|6761|01-JAN-1970|02-MAY-2026|02-MAY-2026|78.479|0|100000002009_1006_PURCH| |202547|CONSTRAINED|CONSTRAINED|CONSTRAINED_202547_2025-11-20_0656|BY_IF
100000002009|1006|6760|6760|01-JAN-1970|25-APR-2026|25-APR-2026|78.479|0|100000002009_1006_PURCH| |202547|CONSTRAINED|CONSTRAINED|CONSTRAINED_202547_2025-11-20_0656|BY_IF
100000002009|1006|6759|6759|01-JAN-1970|18-APR-2026|18-APR-2026|78.479|0|100000002009_1006_PURCH| |202547|CONSTRAINED|CONSTRAINED|CONSTRAINED_202547_2025-11-20_0656|BY_IF
100000002009|1006|6758|6758|01-JAN-1970|11-APR-2026|11-APR-2026|78.479|0|100000002009_1006_PURCH| |202547|CONSTRAINED|CONSTRAINED|CONSTRAINED_202547_2025-11-20_0656|BY_IF
100000002009|1006|6757|6757|01-JAN-1970|04-APR-2026|04-APR-2026|78.479|0|100000002009_1006_PURCH| |202547|CONSTRAINED|CONSTRAINED|CONSTRAINED_202547_2025-11-20_0656|BY_IF
100000002009|1006|6756|6756|01-JAN-1970|28-MAR-2026|28-MAR-2026|78.479|0|100000002009_1006_PURCH| |202547|CONSTRAINED|CONSTRAINED|CONSTRAINED_202547_2025-11-20_0656|BY_IF
100000002009|1006|6755|6755|01-JAN-1970|21-MAR-2026|21-MAR-2026|78.479|0|100000002009_1006_PURCH| |202547|CONSTRAINED|CONSTRAINED|CONSTRAINED_202547_2025-11-20_0656|BY_IF
100000002009|1006|6754|6754|01-JAN-1970|14-MAR-2026|14-MAR-2026|78.479|0|100000002009_1006_PURCH| |202547|CONSTRAINED|CONSTRAINED|CONSTRAINED_202547_2025-11-20_0656|BY_IF
100000002009|1006|6753|6753|01-JAN-1970|07-MAR-2026|07-MAR-2026|78.479|0|100000002009_1006_PURCH| |202547|CONSTRAINED|CONSTRAINED|CONSTRAINED_202547_2025-11-20_0656|BY_IF
100000002009|1006|6752|6752|01-JAN-1970|28-FEB-2026|28-FEB-2026|78.479|0|100000002009_1006_PURCH| |202547|CONSTRAINED|CONSTRAINED|CONSTRAINED_202547_2025-11-20_0656|BY_IF
100000002009|1006|6751|6751|01-JAN-1970|21-FEB-2026|21-FEB-2026|78.479|0|100000002009_1006_PURCH| |202547|CONSTRAINED|CONSTRAINED|CONSTRAINED_202547_2025-11-20_0656|BY_IF
100000002009|1006|6750|6750|01-JAN-1970|14-FEB-2026|14-FEB-2026|78.479|0|100000002009_1006_PURCH| |202547|CONSTRAINED|CONSTRAINED|CONSTRAINED_202547_2025-11-20_0656|BY_IF
100000002009|1006|6749|6749|01-JAN-1970|07-FEB-2026|07-FEB-2026|53.725|0|100000002009_1006_PURCH| |202547|CONSTRAINED|CONSTRAINED|CONSTRAINED_202547_2025-11-20_0656|BY_IF
100000002009|1006|6748|6748|01-JAN-1970|30-AUG-2025|30-AUG-2025|10.464|0|100000002009_1006_PURCH| |202547|CONSTRAINED|CONSTRAINED|CONSTRAINED_202547_2025-11-20_0656|BY_IF
100000002009|1006|6747|6747|01-JAN-1970|23-AUG-2025|23-AUG-2025|109.87|0|100000002009_1006_PURCH| |202547|CONSTRAINED|CONSTRAINED|CONSTRAINED_202547_2025-11-20_0656|BY_IF
100000002009|1006|6746|6746|01-JAN-1970|16-AUG-2025|16-AUG-2025|305.544|0|100000002009_1006_PURCH| |202547|CONSTRAINED|CONSTRAINED|CONSTRAINED_202547_2025-11-20_0656|BY_IF
100000002009|1006|6745|6745|01-JAN-1970|09-AUG-2025|09-AUG-2025|633.063|0|100000002009_1006_PURCH| |202547|CONSTRAINED|CONSTRAINED|CONSTRAINED_202547_2025-11-20_0656|BY_IF
100000002009|1006|6744|6744|01-JAN-1970|26-JUL-2025|26-JUL-2025|392.394|0|100000002009_1006_PURCH| |202547|CONSTRAINED|CONSTRAINED|CONSTRAINED_202547_2025-11-20_0656|BY_IF
100000002010|1006|6479|6479|01-JAN-1970|17-JUL-2027|17-JUL-2027|156.958|0|100000002010_1006_PURCH| |202547|CONSTRAINED|CONSTRAINED|CONSTRAINED_202547_2025-11-20_0656|BY_IF
100000002010|1006|6478|6478|01-JAN-1970|10-JUL-2027|10-JUL-2027|78.479|0|100000002010_1006_PURCH| |202547|CONSTRAINED|CONSTRAINED|CONSTRAINED_202547_2025-11-20_0656|BY_IF
100000002010|1006|6477|6477|01-JAN-1970|03-JUL-2027|03-JUL-2027|78.479|0|100000002010_1006_PURCH| |202547|CONSTRAINED|CONSTRAINED|CONSTRAINED_202547_2025-11-20_0656|BY_IF
100000002010|1006|6476|6476|01-JAN-1970|26-JUN-2027|26-JUN-2027|78.479|0|100000002010_1006_PURCH| |202547|CONSTRAINED|CONSTRAINED|CONSTRAINED_202547_2025-11-20_0656|BY_IF
100000002010|1006|6475|6475|01-JAN-1970|19-JUN-2027|19-JUN-2027|78.479|0|100000002010_1006_PURCH| |202547|CONSTRAINED|CONSTRAINED|CONSTRAINED_202547_2025-11-20_0656|BY_IF
100000002010|1006|6474|6474|01-JAN-1970|12-JUN-2027|12-JUN-2027|78.479|0|100000002010_1006_PURCH| |202547|CONSTRAINED|CONSTRAINED|CONSTRAINED_202547_2025-11-20_0656|BY_IF
100000002010|1006|6473|6473|01-JAN-1970|05-JUN-2027|05-JUN-2027|78.479|0|100000002010_1006_PURCH| |202547|CONSTRAINED|CONSTRAINED|CONSTRAINED_202547_2025-11-20_0656|BY_IF
100000002010|1006|6472|6472|01-JAN-1970|29-MAY-2027|29-MAY-2027|78.479|0|100000002010_1006_PURCH| |202547|CONSTRAINED|CONSTRAINED|CONSTRAINED_202547_2025-11-20_0656|BY_IF
100000002010|1006|6471|6471|01-JAN-1970|22-MAY-2027|22-MAY-2027|78.479|0|100000002010_1006_PURCH| |202547|CONSTRAINED|CONSTRAINED|CONSTRAINED_202547_2025-11-20_0656|BY_IF
100000002010|1006|6470|6470|01-JAN-1970|15-MAY-2027|15-MAY-2027|78.479|0|100000002010_1006_PURCH| |202547|CONSTRAINED|CONSTRAINED|CONSTRAINED_202547_2025-11-20_0656|BY_IF
100000002010|1006|6469|6469|01-JAN-1970|08-MAY-2027|08-MAY-2027|78.479|0|100000002010_1006_PURCH| |202547|CONSTRAINED|CONSTRAINED|CONSTRAINED_202547_2025-11-20_0656|BY_IF
100000002010|1006|6468|6468|01-JAN-1970|01-MAY-2027|01-MAY-2027|78.479|0|100000002010_1006_PURCH| |202547|CONSTRAINED|CONSTRAINED|CONSTRAINED_202547_2025-11-20_0656|BY_IF
100000002010|1006|6467|6467|01-JAN-1970|24-APR-2027|24-APR-2027|78.479|0|100000002010_1006_PURCH| |202547|CONSTRAINED|CONSTRAINED|CONSTRAINED_202547_2025-11-20_0656|BY_IF
100000002010|1006|6466|6466|01-JAN-1970|17-APR-2027|17-APR-2027|78.479|0|100000002010_1006_PURCH| |202547|CONSTRAINED|CONSTRAINED|CONSTRAINED_202547_2025-11-20_0656|BY_IF
100000002010|1006|6465|6465|01-JAN-1970|10-APR-2027|10-APR-2027|78.479|0|100000002010_1006_PURCH| |202547|CONSTRAINED|CONSTRAINED|CONSTRAINED_202547_2025-11-20_0656|BY_IF
100000002010|1006|6464|6464|01-JAN-1970|03-APR-2027|03-APR-2027|78.479|0|100000002010_1006_PURCH| |202547|CONSTRAINED|CONSTRAINED|CONSTRAINED_202547_2025-11-20_0656|BY_IF
100000002010|1006|6463|6463|01-JAN-1970|27-MAR-2027|27-MAR-2027|78.479|0|100000002010_1006_PURCH| |202547|CONSTRAINED|CONSTRAINED|CONSTRAINED_202547_2025-11-20_0656|BY_IF
100000002010|1006|6462|6462|01-JAN-1970|20-MAR-2027|20-MAR-2027|78.479|0|100000002010_1006_PURCH| |202547|CONSTRAINED|CONSTRAINED|CONSTRAINED_202547_2025-11-20_0656|BY_IF
100000002010|1006|6461|6461|01-JAN-1970|13-MAR-2027|13-MAR-2027|78.479|0|100000002010_1006_PURCH| |202547|CONSTRAINED|CONSTRAINED|CONSTRAINED_202547_2025-11-20_0656|BY_IF
100000002010|1006|6460|6460|01-JAN-1970|06-MAR-2027|06-MAR-2027|78.479|0|100000002010_1006_PURCH| |202547|CONSTRAINED|CONSTRAINED|CONSTRAINED_202547_2025-11-20_0656|BY_IF
100000002010|1006|6459|6459|01-JAN-1970|27-FEB-2027|27-FEB-2027|78.479|0|100000002010_1006_PURCH| |202547|CONSTRAINED|CONSTRAINED|CONSTRAINED_202547_2025-11-20_0656|BY_IF
100000002010|1006|6458|6458|01-JAN-1970|20-FEB-2027|20-FEB-2027|78.479|0|100000002010_1006_PURCH| |202547|CONSTRAINED|CONSTRAINED|CONSTRAINED_202547_2025-11-20_0656|BY_IF
100000002010|1006|6457|6457|01-JAN-1970|13-FEB-2027|13-FEB-2027|78.479|0|100000002010_1006_PURCH| |202547|CONSTRAINED|CONSTRAINED|CONSTRAINED_202547_2025-11-20_0656|BY_IF
100000002010|1006|6456|6456|01-JAN-1970|06-FEB-2027|06-FEB-2027|78.479|0|100000002010_1006_PURCH| |202547|CONSTRAINED|CONSTRAINED|CONSTRAINED_202547_2025-11-20_0656|BY_IF
100000002010|1006|6455|6455|01-JAN-1970|30-JAN-2027|30-JAN-2027|78.479|0|100000002010_1006_PURCH| |202547|CONSTRAINED|CONSTRAINED|CONSTRAINED_202547_2025-11-20_0656|BY_IF
100000002010|1006|6454|6454|01-JAN-1970|23-JAN-2027|23-JAN-2027|78.479|0|100000002010_1006_PURCH| |202547|CONSTRAINED|CONSTRAINED|CONSTRAINED_202547_2025-11-20_0656|BY_IF
100000002010|1006|6453|6453|01-JAN-1970|16-JAN-2027|16-JAN-2027|78.479|0|100000002010_1006_PURCH| |202547|CONSTRAINED|CONSTRAINED|CONSTRAINED_202547_2025-11-20_0656|BY_IF
100000002010|1006|6452|6452|01-JAN-1970|09-JAN-2027|09-JAN-2027|78.479|0|100000002010_1006_PURCH| |202547|CONSTRAINED|CONSTRAINED|CONSTRAINED_202547_2025-11-20_0656|BY_IF
100000002010|1006|6451|6451|01-JAN-1970|02-JAN-2027|02-JAN-2027|78.479|0|100000002010_1006_PURCH| |202547|CONSTRAINED|CONSTRAINED|CONSTRAINED_202547_2025-11-20_0656|BY_IF
100000002010|1006|6450|6450|01-JAN-1970|26-DEC-2026|26-DEC-2026|78.479|0|100000002010_1006_PURCH| |202547|CONSTRAINED|CONSTRAINED|CONSTRAINED_202547_2025-11-20_0656|BY_IF
100000002010|1006|6449|6449|01-JAN-1970|19-DEC-2026|19-DEC-2026|78.479|0|100000002010_1006_PURCH| |202547|CONSTRAINED|CONSTRAINED|CONSTRAINED_202547_2025-11-20_0656|BY_IF
100000002010|1006|6448|6448|01-JAN-1970|12-DEC-2026|12-DEC-2026|78.479|0|100000002010_1006_PURCH| |202547|CONSTRAINED|CONSTRAINED|CONSTRAINED_202547_2025-11-20_0656|BY_IF
100000002010|1006|6447|6447|01-JAN-1970|05-DEC-2026|05-DEC-2026|78.479|0|100000002010_1006_PURCH| |202547|CONSTRAINED|CONSTRAINED|CONSTRAINED_202547_2025-11-20_0656|BY_IF
100000002010|1006|6446|6446|01-JAN-1970|28-NOV-2026|28-NOV-2026|78.479|0|100000002010_1006_PURCH| |202547|CONSTRAINED|CONSTRAINED|CONSTRAINED_202547_2025-11-20_0656|BY_IF
100000002010|1006|6445|6445|01-JAN-1970|21-NOV-2026|21-NOV-2026|78.479|0|100000002010_1006_PURCH| |202547|CONSTRAINED|CONSTRAINED|CONSTRAINED_202547_2025-11-20_0656|BY_IF
100000002010|1006|6444|6444|01-JAN-1970|14-NOV-2026|14-NOV-2026|78.479|0|100000002010_1006_PURCH| |202547|CONSTRAINED|CONSTRAINED|CONSTRAINED_202547_2025-11-20_0656|BY_IF
100000002010|1006|6443|6443|01-JAN-1970|07-NOV-2026|07-NOV-2026|78.479|0|100000002010_1006_PURCH| |202547|CONSTRAINED|CONSTRAINED|CONSTRAINED_202547_2025-11-20_0656|BY_IF
100000002010|1006|6442|6442|01-JAN-1970|31-OCT-2026|31-OCT-2026|78.479|0|100000002010_1006_PURCH| |202547|CONSTRAINED|CONSTRAINED|CONSTRAINED_202547_2025-11-20_0656|BY_IF
100000002010|1006|6441|6441|01-JAN-1970|24-OCT-2026|24-OCT-2026|78.479|0|100000002010_1006_PURCH| |202547|CONSTRAINED|CONSTRAINED|CONSTRAINED_202547_2025-11-20_0656|BY_IF
100000002010|1006|6440|6440|01-JAN-1970|17-OCT-2026|17-OCT-2026|78.479|0|100000002010_1006_PURCH| |202547|CONSTRAINED|CONSTRAINED|CONSTRAINED_202547_2025-11-20_0656|BY_IF
100000002010|1006|6439|6439|01-JAN-1970|10-OCT-2026|10-OCT-2026|78.479|0|100000002010_1006_PURCH| |202547|CONSTRAINED|CONSTRAINED|CONSTRAINED_202547_2025-11-20_0656|BY_IF
100000002010|1006|6438|6438|01-JAN-1970|03-OCT-2026|03-OCT-2026|78.479|0|100000002010_1006_PURCH| |202547|CONSTRAINED|CONSTRAINED|CONSTRAINED_202547_2025-11-20_0656|BY_IF
100000002010|1006|6437|6437|01-JAN-1970|26-SEP-2026|26-SEP-2026|78.479|0|100000002010_1006_PURCH| |202547|CONSTRAINED|CONSTRAINED|CONSTRAINED_202547_2025-11-20_0656|BY_IF
100000002010|1006|6436|6436|01-JAN-1970|19-SEP-2026|19-SEP-2026|78.479|0|100000002010_1006_PURCH| |202547|CONSTRAINED|CONSTRAINED|CONSTRAINED_202547_2025-11-20_0656|BY_IF
100000002010|1006|6435|6435|01-JAN-1970|12-SEP-2026|12-SEP-2026|78.479|0|100000002010_1006_PURCH| |202547|CONSTRAINED|CONSTRAINED|CONSTRAINED_202547_2025-11-20_0656|BY_IF
100000002010|1006|6434|6434|01-JAN-1970|05-SEP-2026|05-SEP-2026|78.479|0|100000002010_1006_PURCH| |202547|CONSTRAINED|CONSTRAINED|CONSTRAINED_202547_2025-11-20_0656|BY_IF
100000002010|1006|6433|6433|01-JAN-1970|29-AUG-2026|29-AUG-2026|78.479|0|100000002010_1006_PURCH| |202547|CONSTRAINED|CONSTRAINED|CONSTRAINED_202547_2025-11-20_0656|BY_IF
100000002010|1006|6432|6432|01-JAN-1970|22-AUG-2026|22-AUG-2026|78.479|0|100000002010_1006_PURCH| |202547|CONSTRAINED|CONSTRAINED|CONSTRAINED_202547_2025-11-20_0656|BY_IF
100000002010|1006|6431|6431|01-JAN-1970|15-AUG-2026|15-AUG-2026|78.479|0|100000002010_1006_PURCH| |202547|CONSTRAINED|CONSTRAINED|CONSTRAINED_202547_2025-11-20_0656|BY_IF
100000002010|1006|6430|6430|01-JAN-1970|08-AUG-2026|08-AUG-2026|78.479|0|100000002010_1006_PURCH| |202547|CONSTRAINED|CONSTRAINED|CONSTRAINED_202547_2025-11-20_0656|BY_IF
100000002010|1006|6429|6429|01-JAN-1970|01-AUG-2026|01-AUG-2026|78.479|0|100000002010_1006_PURCH| |202547|CONSTRAINED|CONSTRAINED|CONSTRAINED_202547_2025-11-20_0656|BY_IF
100000002010|1006|6428|6428|01-JAN-1970|25-JUL-2026|25-JUL-2026|78.479|0|100000002010_1006_PURCH| |202547|CONSTRAINED|CONSTRAINED|CONSTRAINED_202547_2025-11-20_0656|BY_IF
100000002010|1006|6427|6427|01-JAN-1970|18-JUL-2026|18-JUL-2026|78.479|0|100000002010_1006_PURCH| |202547|CONSTRAINED|CONSTRAINED|CONSTRAINED_202547_2025-11-20_0656|BY_IF
100000002010|1006|6426|6426|01-JAN-1970|11-JUL-2026|11-JUL-2026|78.479|0|100000002010_1006_PURCH| |202547|CONSTRAINED|CONSTRAINED|CONSTRAINED_202547_2025-11-20_0656|BY_IF
100000002010|1006|6425|6425|01-JAN-1970|04-JUL-2026|04-JUL-2026|78.479|0|100000002010_1006_PURCH| |202547|CONSTRAINED|CONSTRAINED|CONSTRAINED_202547_2025-11-20_0656|BY_IF
100000002010|1006|6424|6424|01-JAN-1970|27-JUN-2026|27-JUN-2026|78.479|0|100000002010_1006_PURCH| |202547|CONSTRAINED|CONSTRAINED|CONSTRAINED_202547_2025-11-20_0656|BY_IF
100000002010|1006|6423|6423|01-JAN-1970|20-JUN-2026|20-JUN-2026|78.479|0|100000002010_1006_PURCH| |202547|CONSTRAINED|CONSTRAINED|CONSTRAINED_202547_2025-11-20_0656|BY_IF
100000002010|1006|6422|6422|01-JAN-1970|13-JUN-2026|13-JUN-2026|78.479|0|100000002010_1006_PURCH| |202547|CONSTRAINED|CONSTRAINED|CONSTRAINED_202547_2025-11-20_0656|BY_IF
100000002010|1006|6421|6421|01-JAN-1970|06-JUN-2026|06-JUN-2026|78.479|0|100000002010_1006_PURCH| |202547|CONSTRAINED|CONSTRAINED|CONSTRAINED_202547_2025-11-20_0656|BY_IF
100000002010|1006|6420|6420|01-JAN-1970|30-MAY-2026|30-MAY-2026|78.479|0|100000002010_1006_PURCH| |202547|CONSTRAINED|CONSTRAINED|CONSTRAINED_202547_2025-11-20_0656|BY_IF
100000002010|1006|6419|6419|01-JAN-1970|23-MAY-2026|23-MAY-2026|78.479|0|100000002010_1006_PURCH| |202547|CONSTRAINED|CONSTRAINED|CONSTRAINED_202547_2025-11-20_0656|BY_IF
100000002010|1006|6418|6418|01-JAN-1970|16-MAY-2026|16-MAY-2026|78.479|0|100000002010_1006_PURCH| |202547|CONSTRAINED|CONSTRAINED|CONSTRAINED_202547_2025-11-20_0656|BY_IF
100000002010|1006|6417|6417|01-JAN-1970|09-MAY-2026|09-MAY-2026|78.479|0|100000002010_1006_PURCH| |202547|CONSTRAINED|CONSTRAINED|CONSTRAINED_202547_2025-11-20_0656|BY_IF
100000002010|1006|6416|6416|01-JAN-1970|02-MAY-2026|02-MAY-2026|78.479|0|100000002010_1006_PURCH| |202547|CONSTRAINED|CONSTRAINED|CONSTRAINED_202547_2025-11-20_0656|BY_IF
100000002010|1006|6415|6415|01-JAN-1970|25-APR-2026|25-APR-2026|78.479|0|100000002010_1006_PURCH| |202547|CONSTRAINED|CONSTRAINED|CONSTRAINED_202547_2025-11-20_0656|BY_IF
100000002010|1006|6414|6414|01-JAN-1970|18-APR-2026|18-APR-2026|78.479|0|100000002010_1006_PURCH| |202547|CONSTRAINED|CONSTRAINED|CONSTRAINED_202547_2025-11-20_0656|BY_IF
100000002010|1006|6413|6413|01-JAN-1970|11-APR-2026|11-APR-2026|78.479|0|100000002010_1006_PURCH| |202547|CONSTRAINED|CONSTRAINED|CONSTRAINED_202547_2025-11-20_0656|BY_IF
100000002010|1006|6412|6412|01-JAN-1970|04-APR-2026|04-APR-2026|78.479|0|100000002010_1006_PURCH| |202547|CONSTRAINED|CONSTRAINED|CONSTRAINED_202547_2025-11-20_0656|BY_IF
100000002010|1006|6411|6411|01-JAN-1970|28-MAR-2026|28-MAR-2026|78.479|0|100000002010_1006_PURCH| |202547|CONSTRAINED|CONSTRAINED|CONSTRAINED_202547_2025-11-20_0656|BY_IF
100000002010|1006|6410|6410|01-JAN-1970|21-MAR-2026|21-MAR-2026|78.479|0|100000002010_1006_PURCH| |202547|CONSTRAINED|CONSTRAINED|CONSTRAINED_202547_2025-11-20_0656|BY_IF
100000002010|1006|6409|6409|01-JAN-1970|14-MAR-2026|14-MAR-2026|78.479|0|100000002010_1006_PURCH| |202547|CONSTRAINED|CONSTRAINED|CONSTRAINED_202547_2025-11-20_0656|BY_IF
100000002010|1006|6408|6408|01-JAN-1970|07-MAR-2026|07-MAR-2026|78.479|0|100000002010_1006_PURCH| |202547|CONSTRAINED|CONSTRAINED|CONSTRAINED_202547_2025-11-20_0656|BY_IF
100000002010|1006|6407|6407|01-JAN-1970|28-FEB-2026|28-FEB-2026|78.479|0|100000002010_1006_PURCH| |202547|CONSTRAINED|CONSTRAINED|CONSTRAINED_202547_2025-11-20_0656|BY_IF
100000002010|1006|6406|6406|01-JAN-1970|21-FEB-2026|21-FEB-2026|78.479|0|100000002010_1006_PURCH| |202547|CONSTRAINED|CONSTRAINED|CONSTRAINED_202547_2025-11-20_0656|BY_IF
100000002010|1006|6405|6405|01-JAN-1970|14-FEB-2026|14-FEB-2026|78.479|0|100000002010_1006_PURCH| |202547|CONSTRAINED|CONSTRAINED|CONSTRAINED_202547_2025-11-20_0656|BY_IF
100000002010|1006|6404|6404|01-JAN-1970|07-FEB-2026|07-FEB-2026|78.479|0|100000002010_1006_PURCH| |202547|CONSTRAINED|CONSTRAINED|CONSTRAINED_202547_2025-11-20_0656|BY_IF
100000002010|1006|6403|6403|01-JAN-1970|31-JAN-2026|31-JAN-2026|78.479|0|100000002010_1006_PURCH| |202547|CONSTRAINED|CONSTRAINED|CONSTRAINED_202547_2025-11-20_0656|BY_IF
100000002010|1006|6402|6402|01-JAN-1970|24-JAN-2026|24-JAN-2026|78.479|0|100000002010_1006_PURCH| |202547|CONSTRAINED|CONSTRAINED|CONSTRAINED_202547_2025-11-20_0656|BY_IF
100000002010|1006|6401|6401|01-JAN-1970|17-JAN-2026|17-JAN-2026|78.479|0|100000002010_1006_PURCH| |202547|CONSTRAINED|CONSTRAINED|CONSTRAINED_202547_2025-11-20_0656|BY_IF
100000002010|1006|6400|6400|01-JAN-1970|10-JAN-2026|10-JAN-2026|78.479|0|100000002010_1006_PURCH| |202547|CONSTRAINED|CONSTRAINED|CONSTRAINED_202547_2025-11-20_0656|BY_IF
100000002010|1006|6399|6399|01-JAN-1970|03-JAN-2026|03-JAN-2026|78.479|0|100000002010_1006_PURCH| |202547|CONSTRAINED|CONSTRAINED|CONSTRAINED_202547_2025-11-20_0656|BY_IF
100000002010|1006|6398|6398|01-JAN-1970|27-DEC-2025|27-DEC-2025|78.479|0|100000002010_1006_PURCH| |202547|CONSTRAINED|CONSTRAINED|CONSTRAINED_202547_2025-11-20_0656|BY_IF
100000002010|1006|6397|6397|01-JAN-1970|20-DEC-2025|20-DEC-2025|78.479|0|100000002010_1006_PURCH| |202547|CONSTRAINED|CONSTRAINED|CONSTRAINED_202547_2025-11-20_0656|BY_IF
100000002010|1006|6396|6396|01-JAN-1970|13-DEC-2025|13-DEC-2025|78.479|0|100000002010_1006_PURCH| |202547|CONSTRAINED|CONSTRAINED|CONSTRAINED_202547_2025-11-20_0656|BY_IF
100000002010|1006|6395|6395|01-JAN-1970|06-DEC-2025|06-DEC-2025|13.405|0|100000002010_1006_PURCH| |202547|CONSTRAINED|CONSTRAINED|CONSTRAINED_202547_2025-11-20_0656|BY_IF
100000002010|1006|6394|6394|01-JAN-1970|30-AUG-2025|30-AUG-2025|10.464|0|100000002010_1006_PURCH| |202547|CONSTRAINED|CONSTRAINED|CONSTRAINED_202547_2025-11-20_0656|BY_IF
100000002010|1006|6393|6393|01-JAN-1970|23-AUG-2025|23-AUG-2025|109.87|0|100000002010_1006_PURCH| |202547|CONSTRAINED|CONSTRAINED|CONSTRAINED_202547_2025-11-20_0656|BY_IF
100000002010|1006|6392|6392|01-JAN-1970|16-AUG-2025|16-AUG-2025|305.544|0|100000002010_1006_PURCH| |202547|CONSTRAINED|CONSTRAINED|CONSTRAINED_202547_2025-11-20_0656|BY_IF
100000002010|1006|6391|6391|01-JAN-1970|09-AUG-2025|09-AUG-2025|633.063|0|100000002010_1006_PURCH| |202547|CONSTRAINED|CONSTRAINED|CONSTRAINED_202547_2025-11-20_0656|BY_IF
100000002010|1006|6390|6390|01-JAN-1970|26-JUL-2025|26-JUL-2025|392.394|0|100000002010_1006_PURCH| |202547|CONSTRAINED|CONSTRAINED|CONSTRAINED_202547_2025-11-20_0656|BY_IF
100000002023|1004|2334|2334|01-JAN-1970|17-JUL-2027|17-JUL-2027|48.442|0|100000002023_1004_PURCH| |202547|CONSTRAINED|CONSTRAINED|CONSTRAINED_202547_2025-11-20_0656|BY_IF
100000002023|1004|2333|2333|01-JAN-1970|03-JUL-2027|03-JUL-2027|30.921|0|100000002023_1004_PURCH| |202547|CONSTRAINED|CONSTRAINED|CONSTRAINED_202547_2025-11-20_0656|BY_IF
100000002023|1004|2332|2332|01-JAN-1970|30-AUG-2025|30-AUG-2025|10.307|0|100000002023_1004_PURCH| |202547|CONSTRAINED|CONSTRAINED|CONSTRAINED_202547_2025-11-20_0656|BY_IF
100000002023|1004|2331|2331|01-JAN-1970|16-AUG-2025|16-AUG-2025|386.508|0|100000002023_1004_PURCH| |202547|CONSTRAINED|CONSTRAINED|CONSTRAINED_202547_2025-11-20_0656|BY_IF
100000002023|1004|2330|2330|01-JAN-1970|09-AUG-2025|09-AUG-2025|496.792|0|100000002023_1004_PURCH| |202547|CONSTRAINED|CONSTRAINED|CONSTRAINED_202547_2025-11-20_0656|BY_IF
100000002023|1004|2329|2329|01-JAN-1970|02-AUG-2025|02-AUG-2025|345.281|0|100000002023_1004_PURCH| |202547|CONSTRAINED|CONSTRAINED|CONSTRAINED_202547_2025-11-20_0656|BY_IF
100000002023|1004|2328|2328|01-JAN-1970|26-JUL-2025|26-JUL-2025|371.048|0|100000002023_1004_PURCH| |202547|CONSTRAINED|CONSTRAINED|CONSTRAINED_202547_2025-11-20_0656|BY_IF
