ITEM|LOC|DMDTYPE|EXTORDERID|SEQNUM|NEEDDATE|CALCPRIORITY|CONSUMEDQTY|HEADEREXTREF|FCSTSW|MARGIN|MAXLATEDUR|PRIORITY|QTY|REVENUE|COST|SCHEDDATE|SCHEDQTY|SCHEDSTATUS|AVAILDATE|PRIORITYSEQNUM|PROCESSSEQNUM|FCSTSEQNUM|SSSEQNUM|CUST|SUPERSEDESW|CALCREVENUE|CALCMARGIN|PRIORITYGROUP|DMDGROUP|TYPE|SCHEDSEQNUM|EFFCOVDUR|SHIPSTATUS|CAPTURE_WK|CAPTURE_TYPE|SIMULATION_NAME|SOLVE_VERSION|U_PLANMODULE
100000000004|1004|1|1020000500_0010_0001|0|14-AUG-2025|0|0|1020000500|1|0|120960|200|50|0|0|14-AUG-2025|50|1|01-JAN-1970|0|-1|0|0|6200000072|0|0|0|0|6200000072|0|8366|0|1|202547|CONSTRAINED|CONSTRAINED|CONSTRAINED_202547_2025-11-20_0656|BY_IF
100000000004|1004|1|1020000501_0010_0001|0|13-AUG-2025|0|0|1020000501|1|0|120960|200|25|0|0|13-AUG-2025|25|1|01-JAN-1970|0|-1|0|0|6200000072|0|0|0|0|6200000072|0|8436|0|1|202547|CONSTRAINED|CONSTRAINED|CONSTRAINED_202547_2025-11-20_0656|BY_IF
100000000004|1004|1|1020000502_0010_0001|0|24-SEP-2025|0|0|1020000502|1|0|120960|200|25|0|0|24-SEP-2025|25|1|01-JAN-1970|0|-1|0|0|6200000072|0|0|0|0|6200000072|0|8096|0|1|202547|CONSTRAINED|CONSTRAINED|CONSTRAINED_202547_2025-11-20_0656|BY_IF
100000000004|1004|1|1020000503_0010_0001|0|23-JUL-2025|0|0|1020000503|1|0|120960|200|25|0|0|09-AUG-2025|25|3|01-JAN-1970|0|-1|0|0|6200000072|0|0|0|0|6200000072|0|8447|0|1|202547|CONSTRAINED|CONSTRAINED|CONSTRAINED_202547_2025-11-20_0656|BY_IF
100000000004|1004|1|1020000504_0010_0001|0|16-AUG-2025|0|0|1020000504|1|0|120960|200|25|0|0|16-AUG-2025|25|1|01-JAN-1970|0|-1|0|0|6200000072|0|0|0|0|6200000072|0|8297|0|1|202547|CONSTRAINED|CONSTRAINED|CONSTRAINED_202547_2025-11-20_0656|BY_IF
100000000004|1004|1|1020000505_0010_0001|0|12-AUG-2025|0|0|1020000505|1|0|120960|200|10|0|0|12-AUG-2025|10|1|01-JAN-1970|0|-1|0|0|6200000072|0|0|0|0|6200000072|0|8526|0|1|202547|CONSTRAINED|CONSTRAINED|CONSTRAINED_202547_2025-11-20_0656|BY_IF
100000000004|1004|1|1020000506_0010_0001|0|11-AUG-2025|0|0|1020000506|1|0|120960|200|25|0|0|11-AUG-2025|25|1|01-JAN-1970|0|-1|0|0|6200000072|0|0|0|0|6200000072|0|8861|0|1|202547|CONSTRAINED|CONSTRAINED|CONSTRAINED_202547_2025-11-20_0656|BY_IF
100000000004|1004|1|1020000507_0010_0001|0|11-AUG-2025|0|0|1020000507|1|0|120960|200|25|0|0|11-AUG-2025|25|1|01-JAN-1970|0|-1|0|0|6200000072|0|0|0|0|6200000072|0|8851|0|1|202547|CONSTRAINED|CONSTRAINED|CONSTRAINED_202547_2025-11-20_0656|BY_IF
100000000004|1004|1|1020000508_0010_0001|0|24-JUL-2025|0|0|1020000508|1|0|120960|200|75|0|0|09-AUG-2025|75|3|01-JAN-1970|0|-1|0|0|6200000072|0|0|0|0|6200000072|0|9395|0|1|202547|CONSTRAINED|CONSTRAINED|CONSTRAINED_202547_2025-11-20_0656|BY_IF
100000000004|1004|1|1020000509_0010_0001|0|12-AUG-2025|0|0|1020000509|1|0|120960|200|25|0|0|12-AUG-2025|25|1|01-JAN-1970|0|-1|0|0|6200000072|0|0|0|0|6200000072|0|8525|0|1|202547|CONSTRAINED|CONSTRAINED|CONSTRAINED_202547_2025-11-20_0656|BY_IF
100000000004|1004|1|1020000510_0010_0001|0|12-AUG-2025|0|0|1020000510|1|0|120960|800|50|0|0|12-AUG-2025|50|1|01-JAN-1970|0|-1|0|0|6200000072|0|0|0|0|6200000072|0|8524|0|1|202547|CONSTRAINED|CONSTRAINED|CONSTRAINED_202547_2025-11-20_0656|BY_IF
100000000004|1004|1|1020000511_0010_0001|0|30-AUG-2025|0|0|1020000511|1|0|120960|200|10|0|0|30-AUG-2025|10|1|01-JAN-1970|0|-1|0|0|6200000072|0|0|0|0|6200000072|0|8115|0|1|202547|CONSTRAINED|CONSTRAINED|CONSTRAINED_202547_2025-11-20_0656|BY_IF
100000000004|1004|1|1020000512_0010_0001|0|24-SEP-2025|0|0|1020000512|1|0|120960|200|25|0|0|24-SEP-2025|25|1|01-JAN-1970|0|-1|0|0|6200000072|0|0|0|0|6200000072|0|8095|0|1|202547|CONSTRAINED|CONSTRAINED|CONSTRAINED_202547_2025-11-20_0656|BY_IF
100000000004|1004|1|1020000513_0010_0001|0|12-AUG-2025|0|0|1020000513|1|0|120960|800|25|0|0|12-AUG-2025|25|1|01-JAN-1970|0|-1|0|0|6200000072|0|0|0|0|6200000072|0|8523|0|1|202547|CONSTRAINED|CONSTRAINED|CONSTRAINED_202547_2025-11-20_0656|BY_IF
100000000004|1004|1|1020000514_0010_0001|0|23-JUL-2025|0|0|1020000514|1|0|120960|200|20|0|0|09-AUG-2025|20|3|01-JAN-1970|0|-1|0|0|6200000072|0|0|0|0|6200000072|0|8441|0|1|202547|CONSTRAINED|CONSTRAINED|CONSTRAINED_202547_2025-11-20_0656|BY_IF
100000000004|1004|1|1020000515_0010_0001|0|17-AUG-2025|0|0|1020000515|1|0|120960|800|100|0|0|17-AUG-2025|100|1|01-JAN-1970|0|-1|0|0|6200000072|0|0|0|0|6200000072|0|8266|0|1|202547|CONSTRAINED|CONSTRAINED|CONSTRAINED_202547_2025-11-20_0656|BY_IF
100000000004|1004|1|1020000516_0010_0001|0|18-AUG-2025|0|0|1020000516|1|0|120960|800|100|0|0|18-AUG-2025|100|1|01-JAN-1970|0|-1|0|0|6200000072|0|0|0|0|6200000072|0|8232|0|1|202547|CONSTRAINED|CONSTRAINED|CONSTRAINED_202547_2025-11-20_0656|BY_IF
100000000004|1004|1|1020000517_0010_0001|0|14-AUG-2025|0|0|1020000517|1|0|120960|800|100|0|0|14-AUG-2025|100|1|01-JAN-1970|0|-1|0|0|6200000072|0|0|0|0|6200000072|0|8365|0|1|202547|CONSTRAINED|CONSTRAINED|CONSTRAINED_202547_2025-11-20_0656|BY_IF
100000000004|1004|1|1020000518_0010_0001|0|11-AUG-2025|0|0|1020000518|1|0|120960|800|25|0|0|11-AUG-2025|25|1|01-JAN-1970|0|-1|0|0|6200000072|0|0|0|0|6200000072|0|8840|0|1|202547|CONSTRAINED|CONSTRAINED|CONSTRAINED_202547_2025-11-20_0656|BY_IF
100000000004|1004|1|1020000519_0010_0001|0|18-AUG-2025|0|0|1020000519|1|0|120960|800|50|0|0|18-AUG-2025|50|1|01-JAN-1970|0|-1|0|0|6200000072|0|0|0|0|6200000072|0|8231|0|1|202547|CONSTRAINED|CONSTRAINED|CONSTRAINED_202547_2025-11-20_0656|BY_IF
100000000004|1004|1|1020000520_0010_0001|0|22-JUL-2025|0|0|1020000520|1|0|120960|200|20|0|0|09-AUG-2025|20|3|01-JAN-1970|0|-1|0|0|6200000072|0|0|0|0|6200000072|0|9238|0|1|202547|CONSTRAINED|CONSTRAINED|CONSTRAINED_202547_2025-11-20_0656|BY_IF
100000000004|1004|1|1020000521_0010_0001|0|23-JUL-2025|0|0|1020000521|1|0|120960|200|50|0|0|09-AUG-2025|50|3|01-JAN-1970|0|-1|0|0|6200000072|0|0|0|0|6200000072|0|8428|0|1|202547|CONSTRAINED|CONSTRAINED|CONSTRAINED_202547_2025-11-20_0656|BY_IF
100000000004|1004|1|1020000522_0010_0001|0|13-AUG-2025|0|0|1020000522|1|0|120960|800|100|0|0|13-AUG-2025|100|1|01-JAN-1970|0|-1|0|0|6200000072|0|0|0|0|6200000072|0|8435|0|1|202547|CONSTRAINED|CONSTRAINED|CONSTRAINED_202547_2025-11-20_0656|BY_IF
100000000004|1004|1|1020000523_0010_0001|0|23-JUL-2025|0|0|1020000523|1|0|120960|200|25|0|0|09-AUG-2025|25|3|01-JAN-1970|0|-1|0|0|6200000072|0|0|0|0|6200000072|0|8418|0|1|202547|CONSTRAINED|CONSTRAINED|CONSTRAINED_202547_2025-11-20_0656|BY_IF
100000000004|1004|1|1033500001_10_002|0|28-JUL-2025|0|0|1033500001|1|0|120960|200|75|0|0|09-AUG-2025|75|3|01-JAN-1970|0|-1|0|0|6200000072|0|0|0|0|6200000072|0|9207|0|1|202547|CONSTRAINED|CONSTRAINED|CONSTRAINED_202547_2025-11-20_0656|BY_IF
100000000004|1004|1|1033500001_10_002-1|0|28-JUL-2025|0|0|1033500001|1|0|120960|200|25|0|0|28-JUL-2025|0|6|01-JAN-1970|0|0|0|0|6200000072|0|||0|6200000072|0|0|0|3|202547|CONSTRAINED|CONSTRAINED|CONSTRAINED_202547_2025-11-20_0656|BY_IF
100000000004|1004|1|1033500001_10_002-2|0|28-JUL-2025|0|0|1033500001|1|0|120960|200|25|0|0|28-JUL-2025|0|6|01-JAN-1970|0|0|0|0|6200000072|0|||0|6200000072|0|0|0|3|202547|CONSTRAINED|CONSTRAINED|CONSTRAINED_202547_2025-11-20_0656|BY_IF
100000000004|VF|2| |538|02-MAY-2026|0|0|0|0|0|0|400|75|0|0|02-MAY-2026|0|6|01-JAN-1970|0|0|538|0| |0|||0|6200000072|10|0|0|1|202547|CONSTRAINED|CONSTRAINED|CONSTRAINED_202547_2025-11-20_0656|BY_IF
100000000004|VF|2| |539|25-APR-2026|0|0|0|0|0|0|400|75|0|0|25-APR-2026|0|6|01-JAN-1970|0|0|539|0| |0|||0|6200000072|10|0|0|1|202547|CONSTRAINED|CONSTRAINED|CONSTRAINED_202547_2025-11-20_0656|BY_IF
100000000004|VF|2| |540|09-MAY-2026|0|0|0|0|0|0|400|75|0|0|09-MAY-2026|0|6|01-JAN-1970|0|0|540|0| |0|||0|6200000072|10|0|0|1|202547|CONSTRAINED|CONSTRAINED|CONSTRAINED_202547_2025-11-20_0656|BY_IF
100000000004|VF|2| |541|16-MAY-2026|0|0|0|0|0|0|400|75|0|0|16-MAY-2026|0|6|01-JAN-1970|0|0|541|0| |0|||0|6200000072|10|0|0|1|202547|CONSTRAINED|CONSTRAINED|CONSTRAINED_202547_2025-11-20_0656|BY_IF
100000000004|VF|2| |542|23-MAY-2026|0|0|0|0|0|0|400|75|0|0|23-MAY-2026|0|6|01-JAN-1970|0|0|542|0| |0|||0|6200000072|10|0|0|1|202547|CONSTRAINED|CONSTRAINED|CONSTRAINED_202547_2025-11-20_0656|BY_IF
100000000004|VF|2| |543|30-MAY-2026|0|0|0|0|0|0|400|75|0|0|30-MAY-2026|0|6|01-JAN-1970|0|0|543|0| |0|||0|6200000072|10|0|0|1|202547|CONSTRAINED|CONSTRAINED|CONSTRAINED_202547_2025-11-20_0656|BY_IF
100000000004|VF|2| |544|06-JUN-2026|0|0|0|0|0|0|400|75|0|0|06-JUN-2026|0|6|01-JAN-1970|0|0|544|0| |0|||0|6200000072|10|0|0|1|202547|CONSTRAINED|CONSTRAINED|CONSTRAINED_202547_2025-11-20_0656|BY_IF
100000000004|VF|2| |545|13-JUN-2026|0|0|0|0|0|0|400|75|0|0|13-JUN-2026|0|6|01-JAN-1970|0|0|545|0| |0|||0|6200000072|10|0|0|1|202547|CONSTRAINED|CONSTRAINED|CONSTRAINED_202547_2025-11-20_0656|BY_IF
100000000004|VF|2| |546|22-NOV-2025|0|0|0|0|0|0|510|38|0|0|22-NOV-2025|0|6|01-JAN-1970|0|0|546|0| |0|||0|6200000072|11|0|0|1|202547|CONSTRAINED|CONSTRAINED|CONSTRAINED_202547_2025-11-20_0656|BY_IF
100000000004|VF|2| |547|20-JUN-2026|0|0|0|0|0|0|400|75|0|0|20-JUN-2026|0|6|01-JAN-1970|0|0|547|0| |0|||0|6200000072|10|0|0|1|202547|CONSTRAINED|CONSTRAINED|CONSTRAINED_202547_2025-11-20_0656|BY_IF
100000000004|VF|2| |548|27-JUN-2026|0|0|0|0|0|0|400|75|0|0|27-JUN-2026|0|6|01-JAN-1970|0|0|548|0| |0|||0|6200000072|10|0|0|1|202547|CONSTRAINED|CONSTRAINED|CONSTRAINED_202547_2025-11-20_0656|BY_IF
100000000004|VF|2| |549|21-FEB-2026|0|0|0|0|0|0|400|75|0|0|21-FEB-2026|0|6|01-JAN-1970|0|0|549|0| |0|||0|6200000072|10|0|0|1|202547|CONSTRAINED|CONSTRAINED|CONSTRAINED_202547_2025-11-20_0656|BY_IF
100000000004|VF|2| |550|14-FEB-2026|0|0|0|0|0|0|400|75|0|0|14-FEB-2026|0|6|01-JAN-1970|0|0|550|0| |0|||0|6200000072|10|0|0|1|202547|CONSTRAINED|CONSTRAINED|CONSTRAINED_202547_2025-11-20_0656|BY_IF
100000000004|VF|2| |551|06-DEC-2025|0|0|0|0|0|0|400|49|0|0|06-DEC-2025|0|6|01-JAN-1970|0|0|551|0| |0|||0|6200000072|10|0|0|1|202547|CONSTRAINED|CONSTRAINED|CONSTRAINED_202547_2025-11-20_0656|BY_IF
100000000004|VF|2| |552|13-DEC-2025|0|0|0|0|0|0|400|75|0|0|13-DEC-2025|0|6|01-JAN-1970|0|0|552|0| |0|||0|6200000072|10|0|0|1|202547|CONSTRAINED|CONSTRAINED|CONSTRAINED_202547_2025-11-20_0656|BY_IF
100000000004|VF|2| |553|04-JUL-2026|0|0|0|0|0|0|400|75|0|0|04-JUL-2026|0|6|01-JAN-1970|0|0|553|0| |0|||0|6200000072|10|0|0|1|202547|CONSTRAINED|CONSTRAINED|CONSTRAINED_202547_2025-11-20_0656|BY_IF
100000000004|VF|2| |554|11-JUL-2026|0|0|0|0|0|0|400|75|0|0|11-JUL-2026|0|6|01-JAN-1970|0|0|554|0| |0|||0|6200000072|10|0|0|1|202547|CONSTRAINED|CONSTRAINED|CONSTRAINED_202547_2025-11-20_0656|BY_IF
100000000004|VF|2| |555|07-MAR-2026|0|0|0|0|0|0|400|75|0|0|07-MAR-2026|0|6|01-JAN-1970|0|0|555|0| |0|||0|6200000072|10|0|0|1|202547|CONSTRAINED|CONSTRAINED|CONSTRAINED_202547_2025-11-20_0656|BY_IF
100000000004|VF|2| |556|28-FEB-2026|0|0|0|0|0|0|400|75|0|0|28-FEB-2026|0|6|01-JAN-1970|0|0|556|0| |0|||0|6200000072|10|0|0|1|202547|CONSTRAINED|CONSTRAINED|CONSTRAINED_202547_2025-11-20_0656|BY_IF
100000000004|VF|2| |557|20-DEC-2025|0|0|0|0|0|0|400|75|0|0|20-DEC-2025|0|6|01-JAN-1970|0|0|557|0| |0|||0|6200000072|10|0|0|1|202547|CONSTRAINED|CONSTRAINED|CONSTRAINED_202547_2025-11-20_0656|BY_IF
100000000004|VF|2| |558|27-DEC-2025|0|0|0|0|0|0|400|75|0|0|27-DEC-2025|0|6|01-JAN-1970|0|0|558|0| |0|||0|6200000072|10|0|0|1|202547|CONSTRAINED|CONSTRAINED|CONSTRAINED_202547_2025-11-20_0656|BY_IF
100000000004|VF|2| |559|18-JUL-2026|0|0|0|0|0|0|400|75|0|0|18-JUL-2026|0|6|01-JAN-1970|0|0|559|0| |0|||0|6200000072|10|0|0|1|202547|CONSTRAINED|CONSTRAINED|CONSTRAINED_202547_2025-11-20_0656|BY_IF
100000000004|VF|2| |560|25-JUL-2026|0|0|0|0|0|0|400|75|0|0|25-JUL-2026|0|6|01-JAN-1970|0|0|560|0| |0|||0|6200000072|10|0|0|1|202547|CONSTRAINED|CONSTRAINED|CONSTRAINED_202547_2025-11-20_0656|BY_IF
100000000004|VF|2| |561|21-MAR-2026|0|0|0|0|0|0|400|75|0|0|21-MAR-2026|0|6|01-JAN-1970|0|0|561|0| |0|||0|6200000072|10|0|0|1|202547|CONSTRAINED|CONSTRAINED|CONSTRAINED_202547_2025-11-20_0656|BY_IF
100000000004|VF|2| |562|14-MAR-2026|0|0|0|0|0|0|400|75|0|0|14-MAR-2026|0|6|01-JAN-1970|0|0|562|0| |0|||0|6200000072|10|0|0|1|202547|CONSTRAINED|CONSTRAINED|CONSTRAINED_202547_2025-11-20_0656|BY_IF
100000000004|VF|2| |563|03-JAN-2026|0|0|0|0|0|0|400|75|0|0|03-JAN-2026|0|6|01-JAN-1970|0|0|563|0| |0|||0|6200000072|10|0|0|1|202547|CONSTRAINED|CONSTRAINED|CONSTRAINED_202547_2025-11-20_0656|BY_IF
100000000004|VF|2| |564|10-JAN-2026|0|0|0|0|0|0|400|75|0|0|10-JAN-2026|0|6|01-JAN-1970|0|0|564|0| |0|||0|6200000072|10|0|0|1|202547|CONSTRAINED|CONSTRAINED|CONSTRAINED_202547_2025-11-20_0656|BY_IF
100000000004|VF|2| |565|04-APR-2026|0|0|0|0|0|0|400|75|0|0|04-APR-2026|0|6|01-JAN-1970|0|0|565|0| |0|||0|6200000072|10|0|0|1|202547|CONSTRAINED|CONSTRAINED|CONSTRAINED_202547_2025-11-20_0656|BY_IF
100000000004|VF|2| |566|28-MAR-2026|0|0|0|0|0|0|400|75|0|0|28-MAR-2026|0|6|01-JAN-1970|0|0|566|0| |0|||0|6200000072|10|0|0|1|202547|CONSTRAINED|CONSTRAINED|CONSTRAINED_202547_2025-11-20_0656|BY_IF
100000000004|VF|2| |567|24-JAN-2026|0|0|0|0|0|0|400|75|0|0|24-JAN-2026|0|6|01-JAN-1970|0|0|567|0| |0|||0|6200000072|10|0|0|1|202547|CONSTRAINED|CONSTRAINED|CONSTRAINED_202547_2025-11-20_0656|BY_IF
100000000004|VF|2| |568|17-JAN-2026|0|0|0|0|0|0|400|75|0|0|17-JAN-2026|0|6|01-JAN-1970|0|0|568|0| |0|||0|6200000072|10|0|0|1|202547|CONSTRAINED|CONSTRAINED|CONSTRAINED_202547_2025-11-20_0656|BY_IF
100000000004|VF|2| |569|18-APR-2026|0|0|0|0|0|0|400|75|0|0|18-APR-2026|0|6|01-JAN-1970|0|0|569|0| |0|||0|6200000072|10|0|0|1|202547|CONSTRAINED|CONSTRAINED|CONSTRAINED_202547_2025-11-20_0656|BY_IF
100000000004|VF|2| |570|11-APR-2026|0|0|0|0|0|0|400|75|0|0|11-APR-2026|0|6|01-JAN-1970|0|0|570|0| |0|||0|6200000072|10|0|0|1|202547|CONSTRAINED|CONSTRAINED|CONSTRAINED_202547_2025-11-20_0656|BY_IF
100000000004|VF|2| |571|07-FEB-2026|0|0|0|0|0|0|400|75|0|0|07-FEB-2026|0|6|01-JAN-1970|0|0|571|0| |0|||0|6200000072|10|0|0|1|202547|CONSTRAINED|CONSTRAINED|CONSTRAINED_202547_2025-11-20_0656|BY_IF
100000000004|VF|2| |572|31-JAN-2026|0|0|0|0|0|0|400|75|0|0|31-JAN-2026|0|6|01-JAN-1970|0|0|572|0| |0|||0|6200000072|10|0|0|1|202547|CONSTRAINED|CONSTRAINED|CONSTRAINED_202547_2025-11-20_0656|BY_IF
100000000004|VF|2| |601|17-JUL-2027|0|0|0|0|0|0|1200|75|0|0|17-JUL-2027|0|6|01-JAN-1970|0|0|601|0| |0|||0|6200000072|13|0|0|1|202547|CONSTRAINED|CONSTRAINED|CONSTRAINED_202547_2025-11-20_0656|BY_IF
100000000004|VF|2| |602|01-MAY-2027|0|0|0|0|0|0|1200|75|0|0|01-MAY-2027|0|6|01-JAN-1970|0|0|602|0| |0|||0|6200000072|13|0|0|1|202547|CONSTRAINED|CONSTRAINED|CONSTRAINED_202547_2025-11-20_0656|BY_IF
100000000004|VF|2| |603|10-JUL-2027|0|0|0|0|0|0|1200|75|0|0|10-JUL-2027|0|6|01-JAN-1970|0|0|603|0| |0|||0|6200000072|13|0|0|1|202547|CONSTRAINED|CONSTRAINED|CONSTRAINED_202547_2025-11-20_0656|BY_IF
100000000004|VF|2| |604|24-JUL-2027|0|0|0|0|0|0|1200|75|0|0|24-JUL-2027|0|6|01-JAN-1970|0|0|604|0| |0|||0|6200000072|13|0|0|1|202547|CONSTRAINED|CONSTRAINED|CONSTRAINED_202547_2025-11-20_0656|BY_IF
100000000004|VF|2| |605|10-OCT-2026|0|0|0|0|0|0|1200|75|0|0|10-OCT-2026|0|6|01-JAN-1970|0|0|605|0| |0|||0|6200000072|13|0|0|1|202547|CONSTRAINED|CONSTRAINED|CONSTRAINED_202547_2025-11-20_0656|BY_IF
100000000004|VF|2| |606|03-OCT-2026|0|0|0|0|0|0|1200|75|0|0|03-OCT-2026|0|6|01-JAN-1970|0|0|606|0| |0|||0|6200000072|13|0|0|1|202547|CONSTRAINED|CONSTRAINED|CONSTRAINED_202547_2025-11-20_0656|BY_IF
100000000004|VF|2| |607|01-AUG-2026|0|0|0|0|0|0|1200|75|0|0|01-AUG-2026|0|6|01-JAN-1970|0|0|607|0| |0|||0|6200000072|13|0|0|1|202547|CONSTRAINED|CONSTRAINED|CONSTRAINED_202547_2025-11-20_0656|BY_IF
100000000004|VF|2| |608|26-SEP-2026|0|0|0|0|0|0|1200|75|0|0|26-SEP-2026|0|6|01-JAN-1970|0|0|608|0| |0|||0|6200000072|13|0|0|1|202547|CONSTRAINED|CONSTRAINED|CONSTRAINED_202547_2025-11-20_0656|BY_IF
100000000004|VF|2| |609|19-SEP-2026|0|0|0|0|0|0|1200|75|0|0|19-SEP-2026|0|6|01-JAN-1970|0|0|609|0| |0|||0|6200000072|13|0|0|1|202547|CONSTRAINED|CONSTRAINED|CONSTRAINED_202547_2025-11-20_0656|BY_IF
100000000004|VF|2| |610|12-SEP-2026|0|0|0|0|0|0|1200|75|0|0|12-SEP-2026|0|6|01-JAN-1970|0|0|610|0| |0|||0|6200000072|13|0|0|1|202547|CONSTRAINED|CONSTRAINED|CONSTRAINED_202547_2025-11-20_0656|BY_IF
100000000004|VF|2| |611|05-SEP-2026|0|0|0|0|0|0|1200|75|0|0|05-SEP-2026|0|6|01-JAN-1970|0|0|611|0| |0|||0|6200000072|13|0|0|1|202547|CONSTRAINED|CONSTRAINED|CONSTRAINED_202547_2025-11-20_0656|BY_IF
100000000004|VF|2| |612|22-AUG-2026|0|0|0|0|0|0|1200|75|0|0|22-AUG-2026|0|6|01-JAN-1970|0|0|612|0| |0|||0|6200000072|13|0|0|1|202547|CONSTRAINED|CONSTRAINED|CONSTRAINED_202547_2025-11-20_0656|BY_IF
100000000004|VF|2| |613|29-AUG-2026|0|0|0|0|0|0|1200|75|0|0|29-AUG-2026|0|6|01-JAN-1970|0|0|613|0| |0|||0|6200000072|13|0|0|1|202547|CONSTRAINED|CONSTRAINED|CONSTRAINED_202547_2025-11-20_0656|BY_IF
100000000004|VF|2| |614|08-AUG-2026|0|0|0|0|0|0|1200|75|0|0|08-AUG-2026|0|6|01-JAN-1970|0|0|614|0| |0|||0|6200000072|13|0|0|1|202547|CONSTRAINED|CONSTRAINED|CONSTRAINED_202547_2025-11-20_0656|BY_IF
100000000004|VF|2| |615|15-AUG-2026|0|0|0|0|0|0|1200|75|0|0|15-AUG-2026|0|6|01-JAN-1970|0|0|615|0| |0|||0|6200000072|13|0|0|1|202547|CONSTRAINED|CONSTRAINED|CONSTRAINED_202547_2025-11-20_0656|BY_IF
100000000004|VF|2| |616|24-OCT-2026|0|0|0|0|0|0|1200|75|0|0|24-OCT-2026|0|6|01-JAN-1970|0|0|616|0| |0|||0|6200000072|13|0|0|1|202547|CONSTRAINED|CONSTRAINED|CONSTRAINED_202547_2025-11-20_0656|BY_IF
100000000004|VF|2| |617|26-DEC-2026|0|0|0|0|0|0|1200|75|0|0|26-DEC-2026|0|6|01-JAN-1970|0|0|617|0| |0|||0|6200000072|13|0|0|1|202547|CONSTRAINED|CONSTRAINED|CONSTRAINED_202547_2025-11-20_0656|BY_IF
100000000004|VF|2| |618|27-MAR-2027|0|0|0|0|0|0|1200|75|0|0|27-MAR-2027|0|6|01-JAN-1970|0|0|618|0| |0|||0|6200000072|13|0|0|1|202547|CONSTRAINED|CONSTRAINED|CONSTRAINED_202547_2025-11-20_0656|BY_IF
100000000004|VF|2| |619|29-MAY-2027|0|0|0|0|0|0|1200|75|0|0|29-MAY-2027|0|6|01-JAN-1970|0|0|619|0| |0|||0|6200000072|13|0|0|1|202547|CONSTRAINED|CONSTRAINED|CONSTRAINED_202547_2025-11-20_0656|BY_IF
100000000004|VF|2| |620|17-OCT-2026|0|0|0|0|0|0|1200|75|0|0|17-OCT-2026|0|6|01-JAN-1970|0|0|620|0| |0|||0|6200000072|13|0|0|1|202547|CONSTRAINED|CONSTRAINED|CONSTRAINED_202547_2025-11-20_0656|BY_IF
100000000004|VF|2| |621|02-JAN-2027|0|0|0|0|0|0|1200|75|0|0|02-JAN-2027|0|6|01-JAN-1970|0|0|621|0| |0|||0|6200000072|13|0|0|1|202547|CONSTRAINED|CONSTRAINED|CONSTRAINED_202547_2025-11-20_0656|BY_IF
100000000004|VF|2| |622|20-MAR-2027|0|0|0|0|0|0|1200|75|0|0|20-MAR-2027|0|6|01-JAN-1970|0|0|622|0| |0|||0|6200000072|13|0|0|1|202547|CONSTRAINED|CONSTRAINED|CONSTRAINED_202547_2025-11-20_0656|BY_IF
100000000004|VF|2| |623|05-JUN-2027|0|0|0|0|0|0|1200|75|0|0|05-JUN-2027|0|6|01-JAN-1970|0|0|623|0| |0|||0|6200000072|13|0|0|1|202547|CONSTRAINED|CONSTRAINED|CONSTRAINED_202547_2025-11-20_0656|BY_IF
100000000004|VF|2| |624|07-NOV-2026|0|0|0|0|0|0|1200|75|0|0|07-NOV-2026|0|6|01-JAN-1970|0|0|624|0| |0|||0|6200000072|13|0|0|1|202547|CONSTRAINED|CONSTRAINED|CONSTRAINED_202547_2025-11-20_0656|BY_IF
100000000004|VF|2| |625|09-JAN-2027|0|0|0|0|0|0|1200|75|0|0|09-JAN-2027|0|6|01-JAN-1970|0|0|625|0| |0|||0|6200000072|13|0|0|1|202547|CONSTRAINED|CONSTRAINED|CONSTRAINED_202547_2025-11-20_0656|BY_IF
100000000004|VF|2| |626|13-MAR-2027|0|0|0|0|0|0|1200|75|0|0|13-MAR-2027|0|6|01-JAN-1970|0|0|626|0| |0|||0|6200000072|13|0|0|1|202547|CONSTRAINED|CONSTRAINED|CONSTRAINED_202547_2025-11-20_0656|BY_IF
100000000004|VF|2| |627|15-MAY-2027|0|0|0|0|0|0|1200|75|0|0|15-MAY-2027|0|6|01-JAN-1970|0|0|627|0| |0|||0|6200000072|13|0|0|1|202547|CONSTRAINED|CONSTRAINED|CONSTRAINED_202547_2025-11-20_0656|BY_IF
100000000004|VF|2| |628|31-OCT-2026|0|0|0|0|0|0|1200|75|0|0|31-OCT-2026|0|6|01-JAN-1970|0|0|628|0| |0|||0|6200000072|13|0|0|1|202547|CONSTRAINED|CONSTRAINED|CONSTRAINED_202547_2025-11-20_0656|BY_IF
100000000004|VF|2| |629|16-JAN-2027|0|0|0|0|0|0|1200|75|0|0|16-JAN-2027|0|6|01-JAN-1970|0|0|629|0| |0|||0|6200000072|13|0|0|1|202547|CONSTRAINED|CONSTRAINED|CONSTRAINED_202547_2025-11-20_0656|BY_IF
100000000004|VF|2| |630|06-MAR-2027|0|0|0|0|0|0|1200|75|0|0|06-MAR-2027|0|6|01-JAN-1970|0|0|630|0| |0|||0|6200000072|13|0|0|1|202547|CONSTRAINED|CONSTRAINED|CONSTRAINED_202547_2025-11-20_0656|BY_IF
100000000004|VF|2| |631|22-MAY-2027|0|0|0|0|0|0|1200|75|0|0|22-MAY-2027|0|6|01-JAN-1970|0|0|631|0| |0|||0|6200000072|13|0|0|1|202547|CONSTRAINED|CONSTRAINED|CONSTRAINED_202547_2025-11-20_0656|BY_IF
100000000004|VF|2| |632|14-NOV-2026|0|0|0|0|0|0|1200|75|0|0|14-NOV-2026|0|6|01-JAN-1970|0|0|632|0| |0|||0|6200000072|13|0|0|1|202547|CONSTRAINED|CONSTRAINED|CONSTRAINED_202547_2025-11-20_0656|BY_IF
100000000004|VF|2| |633|30-JAN-2027|0|0|0|0|0|0|1200|75|0|0|30-JAN-2027|0|6|01-JAN-1970|0|0|633|0| |0|||0|6200000072|13|0|0|1|202547|CONSTRAINED|CONSTRAINED|CONSTRAINED_202547_2025-11-20_0656|BY_IF
100000000004|VF|2| |634|17-APR-2027|0|0|0|0|0|0|1200|75|0|0|17-APR-2027|0|6|01-JAN-1970|0|0|634|0| |0|||0|6200000072|13|0|0|1|202547|CONSTRAINED|CONSTRAINED|CONSTRAINED_202547_2025-11-20_0656|BY_IF
100000000004|VF|2| |635|03-JUL-2027|0|0|0|0|0|0|1200|75|0|0|03-JUL-2027|0|6|01-JAN-1970|0|0|635|0| |0|||0|6200000072|13|0|0|1|202547|CONSTRAINED|CONSTRAINED|CONSTRAINED_202547_2025-11-20_0656|BY_IF
100000000004|VF|2| |636|21-NOV-2026|0|0|0|0|0|0|1200|75|0|0|21-NOV-2026|0|6|01-JAN-1970|0|0|636|0| |0|||0|6200000072|13|0|0|1|202547|CONSTRAINED|CONSTRAINED|CONSTRAINED_202547_2025-11-20_0656|BY_IF
100000000004|VF|2| |637|23-JAN-2027|0|0|0|0|0|0|1200|75|0|0|23-JAN-2027|0|6|01-JAN-1970|0|0|637|0| |0|||0|6200000072|13|0|0|1|202547|CONSTRAINED|CONSTRAINED|CONSTRAINED_202547_2025-11-20_0656|BY_IF
100000000004|VF|2| |638|24-APR-2027|0|0|0|0|0|0|1200|75|0|0|24-APR-2027|0|6|01-JAN-1970|0|0|638|0| |0|||0|6200000072|13|0|0|1|202547|CONSTRAINED|CONSTRAINED|CONSTRAINED_202547_2025-11-20_0656|BY_IF
100000000004|VF|2| |639|26-JUN-2027|0|0|0|0|0|0|1200|75|0|0|26-JUN-2027|0|6|01-JAN-1970|0|0|639|0| |0|||0|6200000072|13|0|0|1|202547|CONSTRAINED|CONSTRAINED|CONSTRAINED_202547_2025-11-20_0656|BY_IF
100000000004|VF|2| |640|28-NOV-2026|0|0|0|0|0|0|1200|75|0|0|28-NOV-2026|0|6|01-JAN-1970|0|0|640|0| |0|||0|6200000072|13|0|0|1|202547|CONSTRAINED|CONSTRAINED|CONSTRAINED_202547_2025-11-20_0656|BY_IF
100000000004|VF|2| |641|13-FEB-2027|0|0|0|0|0|0|1200|75|0|0|13-FEB-2027|0|6|01-JAN-1970|0|0|641|0| |0|||0|6200000072|13|0|0|1|202547|CONSTRAINED|CONSTRAINED|CONSTRAINED_202547_2025-11-20_0656|BY_IF
100000000004|VF|2| |642|03-APR-2027|0|0|0|0|0|0|1200|75|0|0|03-APR-2027|0|6|01-JAN-1970|0|0|642|0| |0|||0|6200000072|13|0|0|1|202547|CONSTRAINED|CONSTRAINED|CONSTRAINED_202547_2025-11-20_0656|BY_IF
100000000004|VF|2| |643|19-JUN-2027|0|0|0|0|0|0|1200|75|0|0|19-JUN-2027|0|6|01-JAN-1970|0|0|643|0| |0|||0|6200000072|13|0|0|1|202547|CONSTRAINED|CONSTRAINED|CONSTRAINED_202547_2025-11-20_0656|BY_IF
100000000004|VF|2| |644|05-DEC-2026|0|0|0|0|0|0|1200|75|0|0|05-DEC-2026|0|6|01-JAN-1970|0|0|644|0| |0|||0|6200000072|13|0|0|1|202547|CONSTRAINED|CONSTRAINED|CONSTRAINED_202547_2025-11-20_0656|BY_IF
100000000004|VF|2| |645|06-FEB-2027|0|0|0|0|0|0|1200|75|0|0|06-FEB-2027|0|6|01-JAN-1970|0|0|645|0| |0|||0|6200000072|13|0|0|1|202547|CONSTRAINED|CONSTRAINED|CONSTRAINED_202547_2025-11-20_0656|BY_IF
100000000004|VF|2| |646|10-APR-2027|0|0|0|0|0|0|1200|75|0|0|10-APR-2027|0|6|01-JAN-1970|0|0|646|0| |0|||0|6200000072|13|0|0|1|202547|CONSTRAINED|CONSTRAINED|CONSTRAINED_202547_2025-11-20_0656|BY_IF
100000000004|VF|2| |647|12-JUN-2027|0|0|0|0|0|0|1200|75|0|0|12-JUN-2027|0|6|01-JAN-1970|0|0|647|0| |0|||0|6200000072|13|0|0|1|202547|CONSTRAINED|CONSTRAINED|CONSTRAINED_202547_2025-11-20_0656|BY_IF
100000000004|VF|2| |648|12-DEC-2026|0|0|0|0|0|0|1200|75|0|0|12-DEC-2026|0|6|01-JAN-1970|0|0|648|0| |0|||0|6200000072|13|0|0|1|202547|CONSTRAINED|CONSTRAINED|CONSTRAINED_202547_2025-11-20_0656|BY_IF
100000000004|VF|2| |649|27-FEB-2027|0|0|0|0|0|0|1200|75|0|0|27-FEB-2027|0|6|01-JAN-1970|0|0|649|0| |0|||0|6200000072|13|0|0|1|202547|CONSTRAINED|CONSTRAINED|CONSTRAINED_202547_2025-11-20_0656|BY_IF
100000000004|VF|2| |650|19-DEC-2026|0|0|0|0|0|0|1200|75|0|0|19-DEC-2026|0|6|01-JAN-1970|0|0|650|0| |0|||0|6200000072|13|0|0|1|202547|CONSTRAINED|CONSTRAINED|CONSTRAINED_202547_2025-11-20_0656|BY_IF
100000000004|VF|2| |651|20-FEB-2027|0|0|0|0|0|0|1200|75|0|0|20-FEB-2027|0|6|01-JAN-1970|0|0|651|0| |0|||0|6200000072|13|0|0|1|202547|CONSTRAINED|CONSTRAINED|CONSTRAINED_202547_2025-11-20_0656|BY_IF
100000000004|VF|2| |652|08-MAY-2027|0|0|0|0|0|0|1200|75|0|0|08-MAY-2027|0|6|01-JAN-1970|0|0|652|0| |0|||0|6200000072|13|0|0|1|202547|CONSTRAINED|CONSTRAINED|CONSTRAINED_202547_2025-11-20_0656|BY_IF
100000000005|1004|1|1020000400_10_0001|0|14-AUG-2025|0|0|1020000400|1|0|120960|800|50|0|0|14-AUG-2025|50|1|01-JAN-1970|0|-1|0|0|6200000072|0|0|0|0|6200000072|0|8364|0|1|202547|CONSTRAINED|CONSTRAINED|CONSTRAINED_202547_2025-11-20_0656|BY_IF
100000000005|1004|1|1020000401_10_0001|0|13-AUG-2025|0|0|1020000401|1|0|120960|800|25|0|0|13-AUG-2025|25|1|01-JAN-1970|0|-1|0|0|6200000072|0|0|0|0|6200000072|0|8434|0|1|202547|CONSTRAINED|CONSTRAINED|CONSTRAINED_202547_2025-11-20_0656|BY_IF
100000000005|1004|1|1020000402_10_0001|0|24-SEP-2025|0|0|1020000402|1|0|120960|200|25|0|0|24-SEP-2025|25|1|01-JAN-1970|0|-1|0|0|6200000072|0|0|0|0|6200000072|0|8094|0|1|202547|CONSTRAINED|CONSTRAINED|CONSTRAINED_202547_2025-11-20_0656|BY_IF
100000000005|1004|1|1020000403_10_0001|0|23-JUL-2025|0|0|1020000403|1|0|120960|200|25|0|0|09-AUG-2025|25|3|01-JAN-1970|0|-1|0|0|6200000072|0|0|0|0|6200000072|0|8410|0|1|202547|CONSTRAINED|CONSTRAINED|CONSTRAINED_202547_2025-11-20_0656|BY_IF
100000000005|1004|1|1020000404_10_0001|0|16-AUG-2025|0|0|1020000404|1|0|120960|800|25|0|0|16-AUG-2025|25|1|01-JAN-1970|0|-1|0|0|6200000072|0|0|0|0|6200000072|0|8296|0|1|202547|CONSTRAINED|CONSTRAINED|CONSTRAINED_202547_2025-11-20_0656|BY_IF
100000000005|1004|1|1020000405_10_0001|0|12-AUG-2025|0|0|1020000405|1|0|120960|800|10|0|0|12-AUG-2025|10|1|01-JAN-1970|0|-1|0|0|6200000072|0|0|0|0|6200000072|0|8521|0|1|202547|CONSTRAINED|CONSTRAINED|CONSTRAINED_202547_2025-11-20_0656|BY_IF
100000000005|1004|1|1020000406_10_0001|0|11-AUG-2025|0|0|1020000406|1|0|120960|800|25|0|0|11-AUG-2025|25|1|01-JAN-1970|0|-1|0|0|6200000072|0|0|0|0|6200000072|0|8830|0|1|202547|CONSTRAINED|CONSTRAINED|CONSTRAINED_202547_2025-11-20_0656|BY_IF
100000000005|1004|1|1020000407_10_0001|0|11-AUG-2025|0|0|1020000407|1|0|120960|800|25|0|0|11-AUG-2025|25|1|01-JAN-1970|0|-1|0|0|6200000072|0|0|0|0|6200000072|0|8818|0|1|202547|CONSTRAINED|CONSTRAINED|CONSTRAINED_202547_2025-11-20_0656|BY_IF
100000000005|1004|1|1020000408_10_0001|0|24-JUL-2025|0|0|1020000408|1|0|120960|200|75|0|0|09-AUG-2025|75|3|01-JAN-1970|0|-1|0|0|6200000072|0|0|0|0|6200000072|0|9384|0|1|202547|CONSTRAINED|CONSTRAINED|CONSTRAINED_202547_2025-11-20_0656|BY_IF
100000000005|1004|1|1020000409_10_0001|0|12-AUG-2025|0|0|1020000409|1|0|120960|800|25|0|0|12-AUG-2025|25|1|01-JAN-1970|0|-1|0|0|6200000072|0|0|0|0|6200000072|0|8520|0|1|202547|CONSTRAINED|CONSTRAINED|CONSTRAINED_202547_2025-11-20_0656|BY_IF
100000000005|1004|1|1020000410_10_0001|0|12-AUG-2025|0|0|1020000410|1|0|120960|200|50|0|0|12-AUG-2025|50|1|01-JAN-1970|0|-1|0|0|6200000072|0|0|0|0|6200000072|0|8519|0|1|202547|CONSTRAINED|CONSTRAINED|CONSTRAINED_202547_2025-11-20_0656|BY_IF
100000000005|1004|1|1020000411_10_0001|0|30-AUG-2025|0|0|1020000411|1|0|120960|200|10|0|0|30-AUG-2025|10|1|01-JAN-1970|0|-1|0|0|6200000072|0|0|0|0|6200000072|0|8114|0|1|202547|CONSTRAINED|CONSTRAINED|CONSTRAINED_202547_2025-11-20_0656|BY_IF
100000000005|1004|1|1020000412_10_0001|0|24-SEP-2025|0|0|1020000412|1|0|120960|200|25|0|0|24-SEP-2025|25|1|01-JAN-1970|0|-1|0|0|6200000072|0|0|0|0|6200000072|0|8093|0|1|202547|CONSTRAINED|CONSTRAINED|CONSTRAINED_202547_2025-11-20_0656|BY_IF
100000000005|1004|1|1020000413_10_0001|0|12-AUG-2025|0|0|1020000413|1|0|120960|200|25|0|0|12-AUG-2025|25|1|01-JAN-1970|0|-1|0|0|6200000072|0|0|0|0|6200000072|0|8518|0|1|202547|CONSTRAINED|CONSTRAINED|CONSTRAINED_202547_2025-11-20_0656|BY_IF
100000000005|1004|1|1020000414_10_0001|0|23-JUL-2025|0|0|1020000414|1|0|120960|200|20|0|0|09-AUG-2025|20|3|01-JAN-1970|0|-1|0|0|6200000072|0|0|0|0|6200000072|0|8398|0|1|202547|CONSTRAINED|CONSTRAINED|CONSTRAINED_202547_2025-11-20_0656|BY_IF
100000000005|1004|1|1020000415_10_0001|0|17-AUG-2025|0|0|1020000415|1|0|120960|800|90|0|0|17-AUG-2025|90|1|01-JAN-1970|0|-1|0|0|6200000072|0|0|0|0|6200000072|0|8265|0|1|202547|CONSTRAINED|CONSTRAINED|CONSTRAINED_202547_2025-11-20_0656|BY_IF
100000000005|1004|1|1020000416_10_0001|0|18-AUG-2025|0|0|1020000416|1|0|120960|800|110|0|0|18-AUG-2025|110|1|01-JAN-1970|0|-1|0|0|6200000072|0|0|0|0|6200000072|0|8229|0|1|202547|CONSTRAINED|CONSTRAINED|CONSTRAINED_202547_2025-11-20_0656|BY_IF
100000000005|1004|1|1020000417_10_0001|0|14-AUG-2025|0|0|1020000417|1|0|120960|200|80|0|0|14-AUG-2025|80|1|01-JAN-1970|0|-1|0|0|6200000072|0|0|0|0|6200000072|0|8363|0|1|202547|CONSTRAINED|CONSTRAINED|CONSTRAINED_202547_2025-11-20_0656|BY_IF
100000000005|1004|1|1020000418_10_0001|0|11-AUG-2025|0|0|1020000418|1|0|120960|200|25|0|0|11-AUG-2025|25|1|01-JAN-1970|0|-1|0|0|6200000072|0|0|0|0|6200000072|0|8808|0|1|202547|CONSTRAINED|CONSTRAINED|CONSTRAINED_202547_2025-11-20_0656|BY_IF
100000000005|1004|1|1020000419_10_0001|0|18-AUG-2025|0|0|1020000419|1|0|120960|800|50|0|0|18-AUG-2025|50|1|01-JAN-1970|0|-1|0|0|6200000072|0|0|0|0|6200000072|0|8228|0|1|202547|CONSTRAINED|CONSTRAINED|CONSTRAINED_202547_2025-11-20_0656|BY_IF
100000000005|1004|1|1020000420_10_0001|0|22-JUL-2025|0|0|1020000420|1|0|120960|200|20|0|0|09-AUG-2025|20|3|01-JAN-1970|0|-1|0|0|6200000072|0|0|0|0|6200000072|0|9133|0|1|202547|CONSTRAINED|CONSTRAINED|CONSTRAINED_202547_2025-11-20_0656|BY_IF
100000000005|1004|1|1020000421_10_0001|0|23-JUL-2025|0|0|1020000421|1|0|120960|200|25|0|0|09-AUG-2025|25|3|01-JAN-1970|0|-1|0|0|6200000072|0|0|0|0|6200000072|0|8387|0|1|202547|CONSTRAINED|CONSTRAINED|CONSTRAINED_202547_2025-11-20_0656|BY_IF
100000000005|1004|1|1020000422_10_0001|0|13-AUG-2025|0|0|1020000422|1|0|120960|200|90|0|0|13-AUG-2025|90|1|01-JAN-1970|0|-1|0|0|6200000072|0|0|0|0|6200000072|0|8433|0|1|202547|CONSTRAINED|CONSTRAINED|CONSTRAINED_202547_2025-11-20_0656|BY_IF
100000000005|1004|1|1020000423_10_0001|0|23-JUL-2025|0|0|1020000423|1|0|120960|200|25|0|0|09-AUG-2025|25|3|01-JAN-1970|0|-1|0|0|6200000072|0|0|0|0|6200000072|0|8376|0|1|202547|CONSTRAINED|CONSTRAINED|CONSTRAINED_202547_2025-11-20_0656|BY_IF
100000000005|1004|1|1033500005_10_002|0|28-JUL-2025|0|0|1033500005|1|0|120960|200|75|0|0|09-AUG-2025|75|3|01-JAN-1970|0|-1|0|0|6200000072|0|0|0|0|6200000072|0|9196|0|1|202547|CONSTRAINED|CONSTRAINED|CONSTRAINED_202547_2025-11-20_0656|BY_IF
100000000005|1004|1|1033500005_10_002-1|0|28-JUL-2025|0|0|1033500005|1|0|120960|200|25|0|0|28-JUL-2025|0|6|01-JAN-1970|0|0|0|0|6200000072|0|||0|6200000072|0|0|0|3|202547|CONSTRAINED|CONSTRAINED|CONSTRAINED_202547_2025-11-20_0656|BY_IF
100000000005|VF|2| |193|14-MAR-2026|0|0|0|0|0|0|400|75|0|0|14-MAR-2026|0|6|01-JAN-1970|0|0|193|0| |0|||0|6200000072|10|0|0|1|202547|CONSTRAINED|CONSTRAINED|CONSTRAINED_202547_2025-11-20_0656|BY_IF
100000000005|VF|2| |194|07-MAR-2026|0|0|0|0|0|0|400|75|0|0|07-MAR-2026|0|6|01-JAN-1970|0|0|194|0| |0|||0|6200000072|10|0|0|1|202547|CONSTRAINED|CONSTRAINED|CONSTRAINED_202547_2025-11-20_0656|BY_IF
100000000005|VF|2| |195|13-DEC-2025|0|0|0|0|0|0|400|75|0|0|13-DEC-2025|0|6|01-JAN-1970|0|0|195|0| |0|||0|6200000072|10|0|0|1|202547|CONSTRAINED|CONSTRAINED|CONSTRAINED_202547_2025-11-20_0656|BY_IF
100000000005|VF|2| |196|20-DEC-2025|0|0|0|0|0|0|400|75|0|0|20-DEC-2025|0|6|01-JAN-1970|0|0|196|0| |0|||0|6200000072|10|0|0|1|202547|CONSTRAINED|CONSTRAINED|CONSTRAINED_202547_2025-11-20_0656|BY_IF
100000000005|VF|2| |197|22-NOV-2025|0|0|0|0|0|0|510|38|0|0|22-NOV-2025|0|6|01-JAN-1970|0|0|197|0| |0|||0|6200000072|11|0|0|1|202547|CONSTRAINED|CONSTRAINED|CONSTRAINED_202547_2025-11-20_0656|BY_IF
100000000005|VF|2| |198|06-DEC-2025|0|0|0|0|0|0|400|49|0|0|06-DEC-2025|0|6|01-JAN-1970|0|0|198|0| |0|||0|6200000072|10|0|0|1|202547|CONSTRAINED|CONSTRAINED|CONSTRAINED_202547_2025-11-20_0656|BY_IF
100000000005|VF|2| |199|25-JUL-2026|0|0|0|0|0|0|400|75|0|0|25-JUL-2026|0|6|01-JAN-1970|0|0|199|0| |0|||0|6200000072|10|0|0|1|202547|CONSTRAINED|CONSTRAINED|CONSTRAINED_202547_2025-11-20_0656|BY_IF
100000000005|VF|2| |200|02-MAY-2026|0|0|0|0|0|0|400|75|0|0|02-MAY-2026|0|6|01-JAN-1970|0|0|200|0| |0|||0|6200000072|10|0|0|1|202547|CONSTRAINED|CONSTRAINED|CONSTRAINED_202547_2025-11-20_0656|BY_IF
100000000005|VF|2| |201|09-MAY-2026|0|0|0|0|0|0|400|75|0|0|09-MAY-2026|0|6|01-JAN-1970|0|0|201|0| |0|||0|6200000072|10|0|0|1|202547|CONSTRAINED|CONSTRAINED|CONSTRAINED_202547_2025-11-20_0656|BY_IF
100000000005|VF|2| |202|25-APR-2026|0|0|0|0|0|0|400|75|0|0|25-APR-2026|0|6|01-JAN-1970|0|0|202|0| |0|||0|6200000072|10|0|0|1|202547|CONSTRAINED|CONSTRAINED|CONSTRAINED_202547_2025-11-20_0656|BY_IF
100000000005|VF|2| |203|18-APR-2026|0|0|0|0|0|0|400|75|0|0|18-APR-2026|0|6|01-JAN-1970|0|0|203|0| |0|||0|6200000072|10|0|0|1|202547|CONSTRAINED|CONSTRAINED|CONSTRAINED_202547_2025-11-20_0656|BY_IF
100000000005|VF|2| |204|11-APR-2026|0|0|0|0|0|0|400|75|0|0|11-APR-2026|0|6|01-JAN-1970|0|0|204|0| |0|||0|6200000072|10|0|0|1|202547|CONSTRAINED|CONSTRAINED|CONSTRAINED_202547_2025-11-20_0656|BY_IF
100000000005|VF|2| |205|04-APR-2026|0|0|0|0|0|0|400|75|0|0|04-APR-2026|0|6|01-JAN-1970|0|0|205|0| |0|||0|6200000072|10|0|0|1|202547|CONSTRAINED|CONSTRAINED|CONSTRAINED_202547_2025-11-20_0656|BY_IF
100000000005|VF|2| |206|28-MAR-2026|0|0|0|0|0|0|400|75|0|0|28-MAR-2026|0|6|01-JAN-1970|0|0|206|0| |0|||0|6200000072|10|0|0|1|202547|CONSTRAINED|CONSTRAINED|CONSTRAINED_202547_2025-11-20_0656|BY_IF
100000000005|VF|2| |207|21-MAR-2026|0|0|0|0|0|0|400|75|0|0|21-MAR-2026|0|6|01-JAN-1970|0|0|207|0| |0|||0|6200000072|10|0|0|1|202547|CONSTRAINED|CONSTRAINED|CONSTRAINED_202547_2025-11-20_0656|BY_IF
100000000005|VF|2| |208|27-DEC-2025|0|0|0|0|0|0|400|75|0|0|27-DEC-2025|0|6|01-JAN-1970|0|0|208|0| |0|||0|6200000072|10|0|0|1|202547|CONSTRAINED|CONSTRAINED|CONSTRAINED_202547_2025-11-20_0656|BY_IF
100000000005|VF|2| |209|03-JAN-2026|0|0|0|0|0|0|400|75|0|0|03-JAN-2026|0|6|01-JAN-1970|0|0|209|0| |0|||0|6200000072|10|0|0|1|202547|CONSTRAINED|CONSTRAINED|CONSTRAINED_202547_2025-11-20_0656|BY_IF
100000000005|VF|2| |210|16-MAY-2026|0|0|0|0|0|0|400|75|0|0|16-MAY-2026|0|6|01-JAN-1970|0|0|210|0| |0|||0|6200000072|10|0|0|1|202547|CONSTRAINED|CONSTRAINED|CONSTRAINED_202547_2025-11-20_0656|BY_IF
100000000005|VF|2| |211|23-MAY-2026|0|0|0|0|0|0|400|75|0|0|23-MAY-2026|0|6|01-JAN-1970|0|0|211|0| |0|||0|6200000072|10|0|0|1|202547|CONSTRAINED|CONSTRAINED|CONSTRAINED_202547_2025-11-20_0656|BY_IF
100000000005|VF|2| |212|28-FEB-2026|0|0|0|0|0|0|400|75|0|0|28-FEB-2026|0|6|01-JAN-1970|0|0|212|0| |0|||0|6200000072|10|0|0|1|202547|CONSTRAINED|CONSTRAINED|CONSTRAINED_202547_2025-11-20_0656|BY_IF
100000000005|VF|2| |213|21-FEB-2026|0|0|0|0|0|0|400|75|0|0|21-FEB-2026|0|6|01-JAN-1970|0|0|213|0| |0|||0|6200000072|10|0|0|1|202547|CONSTRAINED|CONSTRAINED|CONSTRAINED_202547_2025-11-20_0656|BY_IF
100000000005|VF|2| |214|11-JUL-2026|0|0|0|0|0|0|400|75|0|0|11-JUL-2026|0|6|01-JAN-1970|0|0|214|0| |0|||0|6200000072|10|0|0|1|202547|CONSTRAINED|CONSTRAINED|CONSTRAINED_202547_2025-11-20_0656|BY_IF
100000000005|VF|2| |215|18-JUL-2026|0|0|0|0|0|0|400|75|0|0|18-JUL-2026|0|6|01-JAN-1970|0|0|215|0| |0|||0|6200000072|10|0|0|1|202547|CONSTRAINED|CONSTRAINED|CONSTRAINED_202547_2025-11-20_0656|BY_IF
100000000005|VF|2| |216|14-FEB-2026|0|0|0|0|0|0|400|75|0|0|14-FEB-2026|0|6|01-JAN-1970|0|0|216|0| |0|||0|6200000072|10|0|0|1|202547|CONSTRAINED|CONSTRAINED|CONSTRAINED_202547_2025-11-20_0656|BY_IF
100000000005|VF|2| |217|07-FEB-2026|0|0|0|0|0|0|400|75|0|0|07-FEB-2026|0|6|01-JAN-1970|0|0|217|0| |0|||0|6200000072|10|0|0|1|202547|CONSTRAINED|CONSTRAINED|CONSTRAINED_202547_2025-11-20_0656|BY_IF
100000000005|VF|2| |218|27-JUN-2026|0|0|0|0|0|0|400|75|0|0|27-JUN-2026|0|6|01-JAN-1970|0|0|218|0| |0|||0|6200000072|10|0|0|1|202547|CONSTRAINED|CONSTRAINED|CONSTRAINED_202547_2025-11-20_0656|BY_IF
100000000005|VF|2| |219|04-JUL-2026|0|0|0|0|0|0|400|75|0|0|04-JUL-2026|0|6|01-JAN-1970|0|0|219|0| |0|||0|6200000072|10|0|0|1|202547|CONSTRAINED|CONSTRAINED|CONSTRAINED_202547_2025-11-20_0656|BY_IF
100000000005|VF|2| |220|31-JAN-2026|0|0|0|0|0|0|400|75|0|0|31-JAN-2026|0|6|01-JAN-1970|0|0|220|0| |0|||0|6200000072|10|0|0|1|202547|CONSTRAINED|CONSTRAINED|CONSTRAINED_202547_2025-11-20_0656|BY_IF
100000000005|VF|2| |221|24-JAN-2026|0|0|0|0|0|0|400|75|0|0|24-JAN-2026|0|6|01-JAN-1970|0|0|221|0| |0|||0|6200000072|10|0|0|1|202547|CONSTRAINED|CONSTRAINED|CONSTRAINED_202547_2025-11-20_0656|BY_IF
100000000005|VF|2| |222|13-JUN-2026|0|0|0|0|0|0|400|75|0|0|13-JUN-2026|0|6|01-JAN-1970|0|0|222|0| |0|||0|6200000072|10|0|0|1|202547|CONSTRAINED|CONSTRAINED|CONSTRAINED_202547_2025-11-20_0656|BY_IF
100000000005|VF|2| |223|20-JUN-2026|0|0|0|0|0|0|400|75|0|0|20-JUN-2026|0|6|01-JAN-1970|0|0|223|0| |0|||0|6200000072|10|0|0|1|202547|CONSTRAINED|CONSTRAINED|CONSTRAINED_202547_2025-11-20_0656|BY_IF
100000000005|VF|2| |224|17-JAN-2026|0|0|0|0|0|0|400|75|0|0|17-JAN-2026|0|6|01-JAN-1970|0|0|224|0| |0|||0|6200000072|10|0|0|1|202547|CONSTRAINED|CONSTRAINED|CONSTRAINED_202547_2025-11-20_0656|BY_IF
100000000005|VF|2| |225|10-JAN-2026|0|0|0|0|0|0|400|75|0|0|10-JAN-2026|0|6|01-JAN-1970|0|0|225|0| |0|||0|6200000072|10|0|0|1|202547|CONSTRAINED|CONSTRAINED|CONSTRAINED_202547_2025-11-20_0656|BY_IF
100000000005|VF|2| |226|30-MAY-2026|0|0|0|0|0|0|400|75|0|0|30-MAY-2026|0|6|01-JAN-1970|0|0|226|0| |0|||0|6200000072|10|0|0|1|202547|CONSTRAINED|CONSTRAINED|CONSTRAINED_202547_2025-11-20_0656|BY_IF
100000000005|VF|2| |227|06-JUN-2026|0|0|0|0|0|0|400|75|0|0|06-JUN-2026|0|6|01-JAN-1970|0|0|227|0| |0|||0|6200000072|10|0|0|1|202547|CONSTRAINED|CONSTRAINED|CONSTRAINED_202547_2025-11-20_0656|BY_IF
100000000005|VF|2| |653|05-DEC-2026|0|0|0|0|0|0|1200|75|0|0|05-DEC-2026|0|6|01-JAN-1970|0|0|653|0| |0|||0|6200000072|13|0|0|1|202547|CONSTRAINED|CONSTRAINED|CONSTRAINED_202547_2025-11-20_0656|BY_IF
100000000005|VF|2| |654|06-FEB-2027|0|0|0|0|0|0|1200|75|0|0|06-FEB-2027|0|6|01-JAN-1970|0|0|654|0| |0|||0|6200000072|13|0|0|1|202547|CONSTRAINED|CONSTRAINED|CONSTRAINED_202547_2025-11-20_0656|BY_IF
100000000005|VF|2| |655|10-APR-2027|0|0|0|0|0|0|1200|75|0|0|10-APR-2027|0|6|01-JAN-1970|0|0|655|0| |0|||0|6200000072|13|0|0|1|202547|CONSTRAINED|CONSTRAINED|CONSTRAINED_202547_2025-11-20_0656|BY_IF
100000000005|VF|2| |656|12-JUN-2027|0|0|0|0|0|0|1200|75|0|0|12-JUN-2027|0|6|01-JAN-1970|0|0|656|0| |0|||0|6200000072|13|0|0|1|202547|CONSTRAINED|CONSTRAINED|CONSTRAINED_202547_2025-11-20_0656|BY_IF
100000000005|VF|2| |657|27-MAR-2027|0|0|0|0|0|0|1200|75|0|0|27-MAR-2027|0|6|01-JAN-1970|0|0|657|0| |0|||0|6200000072|13|0|0|1|202547|CONSTRAINED|CONSTRAINED|CONSTRAINED_202547_2025-11-20_0656|BY_IF
100000000005|VF|2| |658|29-MAY-2027|0|0|0|0|0|0|1200|75|0|0|29-MAY-2027|0|6|01-JAN-1970|0|0|658|0| |0|||0|6200000072|13|0|0|1|202547|CONSTRAINED|CONSTRAINED|CONSTRAINED_202547_2025-11-20_0656|BY_IF
100000000005|VF|2| |659|17-OCT-2026|0|0|0|0|0|0|1200|75|0|0|17-OCT-2026|0|6|01-JAN-1970|0|0|659|0| |0|||0|6200000072|13|0|0|1|202547|CONSTRAINED|CONSTRAINED|CONSTRAINED_202547_2025-11-20_0656|BY_IF
100000000005|VF|2| |660|02-JAN-2027|0|0|0|0|0|0|1200|75|0|0|02-JAN-2027|0|6|01-JAN-1970|0|0|660|0| |0|||0|6200000072|13|0|0|1|202547|CONSTRAINED|CONSTRAINED|CONSTRAINED_202547_2025-11-20_0656|BY_IF
100000000005|VF|2| |661|20-MAR-2027|0|0|0|0|0|0|1200|75|0|0|20-MAR-2027|0|6|01-JAN-1970|0|0|661|0| |0|||0|6200000072|13|0|0|1|202547|CONSTRAINED|CONSTRAINED|CONSTRAINED_202547_2025-11-20_0656|BY_IF
100000000005|VF|2| |662|05-JUN-2027|0|0|0|0|0|0|1200|75|0|0|05-JUN-2027|0|6|01-JAN-1970|0|0|662|0| |0|||0|6200000072|13|0|0|1|202547|CONSTRAINED|CONSTRAINED|CONSTRAINED_202547_2025-11-20_0656|BY_IF
100000000005|VF|2| |663|07-NOV-2026|0|0|0|0|0|0|1200|75|0|0|07-NOV-2026|0|6|01-JAN-1970|0|0|663|0| |0|||0|6200000072|13|0|0|1|202547|CONSTRAINED|CONSTRAINED|CONSTRAINED_202547_2025-11-20_0656|BY_IF
100000000005|VF|2| |664|09-JAN-2027|0|0|0|0|0|0|1200|75|0|0|09-JAN-2027|0|6|01-JAN-1970|0|0|664|0| |0|||0|6200000072|13|0|0|1|202547|CONSTRAINED|CONSTRAINED|CONSTRAINED_202547_2025-11-20_0656|BY_IF
100000000005|VF|2| |665|13-MAR-2027|0|0|0|0|0|0|1200|75|0|0|13-MAR-2027|0|6|01-JAN-1970|0|0|665|0| |0|||0|6200000072|13|0|0|1|202547|CONSTRAINED|CONSTRAINED|CONSTRAINED_202547_2025-11-20_0656|BY_IF
100000000005|VF|2| |666|15-MAY-2027|0|0|0|0|0|0|1200|75|0|0|15-MAY-2027|0|6|01-JAN-1970|0|0|666|0| |0|||0|6200000072|13|0|0|1|202547|CONSTRAINED|CONSTRAINED|CONSTRAINED_202547_2025-11-20_0656|BY_IF
100000000005|VF|2| |667|31-OCT-2026|0|0|0|0|0|0|1200|75|0|0|31-OCT-2026|0|6|01-JAN-1970|0|0|667|0| |0|||0|6200000072|13|0|0|1|202547|CONSTRAINED|CONSTRAINED|CONSTRAINED_202547_2025-11-20_0656|BY_IF
100000000005|VF|2| |668|16-JAN-2027|0|0|0|0|0|0|1200|75|0|0|16-JAN-2027|0|6|01-JAN-1970|0|0|668|0| |0|||0|6200000072|13|0|0|1|202547|CONSTRAINED|CONSTRAINED|CONSTRAINED_202547_2025-11-20_0656|BY_IF
100000000005|VF|2| |669|06-MAR-2027|0|0|0|0|0|0|1200|75|0|0|06-MAR-2027|0|6|01-JAN-1970|0|0|669|0| |0|||0|6200000072|13|0|0|1|202547|CONSTRAINED|CONSTRAINED|CONSTRAINED_202547_2025-11-20_0656|BY_IF
100000000005|VF|2| |670|22-MAY-2027|0|0|0|0|0|0|1200|75|0|0|22-MAY-2027|0|6|01-JAN-1970|0|0|670|0| |0|||0|6200000072|13|0|0|1|202547|CONSTRAINED|CONSTRAINED|CONSTRAINED_202547_2025-11-20_0656|BY_IF
100000000005|VF|2| |671|22-AUG-2026|0|0|0|0|0|0|1200|75|0|0|22-AUG-2026|0|6|01-JAN-1970|0|0|671|0| |0|||0|6200000072|13|0|0|1|202547|CONSTRAINED|CONSTRAINED|CONSTRAINED_202547_2025-11-20_0656|BY_IF
100000000005|VF|2| |672|29-AUG-2026|0|0|0|0|0|0|1200|75|0|0|29-AUG-2026|0|6|01-JAN-1970|0|0|672|0| |0|||0|6200000072|13|0|0|1|202547|CONSTRAINED|CONSTRAINED|CONSTRAINED_202547_2025-11-20_0656|BY_IF
100000000005|VF|2| |673|08-AUG-2026|0|0|0|0|0|0|1200|75|0|0|08-AUG-2026|0|6|01-JAN-1970|0|0|673|0| |0|||0|6200000072|13|0|0|1|202547|CONSTRAINED|CONSTRAINED|CONSTRAINED_202547_2025-11-20_0656|BY_IF
100000000005|VF|2| |674|15-AUG-2026|0|0|0|0|0|0|1200|75|0|0|15-AUG-2026|0|6|01-JAN-1970|0|0|674|0| |0|||0|6200000072|13|0|0|1|202547|CONSTRAINED|CONSTRAINED|CONSTRAINED_202547_2025-11-20_0656|BY_IF
100000000005|VF|2| |675|26-SEP-2026|0|0|0|0|0|0|1200|75|0|0|26-SEP-2026|0|6|01-JAN-1970|0|0|675|0| |0|||0|6200000072|13|0|0|1|202547|CONSTRAINED|CONSTRAINED|CONSTRAINED_202547_2025-11-20_0656|BY_IF
100000000005|VF|2| |676|12-DEC-2026|0|0|0|0|0|0|1200|75|0|0|12-DEC-2026|0|6|01-JAN-1970|0|0|676|0| |0|||0|6200000072|13|0|0|1|202547|CONSTRAINED|CONSTRAINED|CONSTRAINED_202547_2025-11-20_0656|BY_IF
100000000005|VF|2| |677|27-FEB-2027|0|0|0|0|0|0|1200|75|0|0|27-FEB-2027|0|6|01-JAN-1970|0|0|677|0| |0|||0|6200000072|13|0|0|1|202547|CONSTRAINED|CONSTRAINED|CONSTRAINED_202547_2025-11-20_0656|BY_IF
100000000005|VF|2| |678|19-SEP-2026|0|0|0|0|0|0|1200|75|0|0|19-SEP-2026|0|6|01-JAN-1970|0|0|678|0| |0|||0|6200000072|13|0|0|1|202547|CONSTRAINED|CONSTRAINED|CONSTRAINED_202547_2025-11-20_0656|BY_IF
100000000005|VF|2| |679|19-DEC-2026|0|0|0|0|0|0|1200|75|0|0|19-DEC-2026|0|6|01-JAN-1970|0|0|679|0| |0|||0|6200000072|13|0|0|1|202547|CONSTRAINED|CONSTRAINED|CONSTRAINED_202547_2025-11-20_0656|BY_IF
100000000005|VF|2| |680|20-FEB-2027|0|0|0|0|0|0|1200|75|0|0|20-FEB-2027|0|6|01-JAN-1970|0|0|680|0| |0|||0|6200000072|13|0|0|1|202547|CONSTRAINED|CONSTRAINED|CONSTRAINED_202547_2025-11-20_0656|BY_IF
100000000005|VF|2| |681|12-SEP-2026|0|0|0|0|0|0|1200|75|0|0|12-SEP-2026|0|6|01-JAN-1970|0|0|681|0| |0|||0|6200000072|13|0|0|1|202547|CONSTRAINED|CONSTRAINED|CONSTRAINED_202547_2025-11-20_0656|BY_IF
100000000005|VF|2| |682|01-MAY-2027|0|0|0|0|0|0|1200|75|0|0|01-MAY-2027|0|6|01-JAN-1970|0|0|682|0| |0|||0|6200000072|13|0|0|1|202547|CONSTRAINED|CONSTRAINED|CONSTRAINED_202547_2025-11-20_0656|BY_IF
100000000005|VF|2| |683|17-JUL-2027|0|0|0|0|0|0|1200|75|0|0|17-JUL-2027|0|6|01-JAN-1970|0|0|683|0| |0|||0|6200000072|13|0|0|1|202547|CONSTRAINED|CONSTRAINED|CONSTRAINED_202547_2025-11-20_0656|BY_IF
100000000005|VF|2| |684|24-JUL-2027|0|0|0|0|0|0|1200|75|0|0|24-JUL-2027|0|6|01-JAN-1970|0|0|684|0| |0|||0|6200000072|13|0|0|1|202547|CONSTRAINED|CONSTRAINED|CONSTRAINED_202547_2025-11-20_0656|BY_IF
100000000005|VF|2| |685|05-SEP-2026|0|0|0|0|0|0|1200|75|0|0|05-SEP-2026|0|6|01-JAN-1970|0|0|685|0| |0|||0|6200000072|13|0|0|1|202547|CONSTRAINED|CONSTRAINED|CONSTRAINED_202547_2025-11-20_0656|BY_IF
100000000005|VF|2| |686|08-MAY-2027|0|0|0|0|0|0|1200|75|0|0|08-MAY-2027|0|6|01-JAN-1970|0|0|686|0| |0|||0|6200000072|13|0|0|1|202547|CONSTRAINED|CONSTRAINED|CONSTRAINED_202547_2025-11-20_0656|BY_IF
100000000005|VF|2| |687|10-JUL-2027|0|0|0|0|0|0|1200|75|0|0|10-JUL-2027|0|6|01-JAN-1970|0|0|687|0| |0|||0|6200000072|13|0|0|1|202547|CONSTRAINED|CONSTRAINED|CONSTRAINED_202547_2025-11-20_0656|BY_IF
100000000005|VF|2| |688|14-NOV-2026|0|0|0|0|0|0|1200|75|0|0|14-NOV-2026|0|6|01-JAN-1970|0|0|688|0| |0|||0|6200000072|13|0|0|1|202547|CONSTRAINED|CONSTRAINED|CONSTRAINED_202547_2025-11-20_0656|BY_IF
100000000005|VF|2| |689|30-JAN-2027|0|0|0|0|0|0|1200|75|0|0|30-JAN-2027|0|6|01-JAN-1970|0|0|689|0| |0|||0|6200000072|13|0|0|1|202547|CONSTRAINED|CONSTRAINED|CONSTRAINED_202547_2025-11-20_0656|BY_IF
100000000005|VF|2| |690|17-APR-2027|0|0|0|0|0|0|1200|75|0|0|17-APR-2027|0|6|01-JAN-1970|0|0|690|0| |0|||0|6200000072|13|0|0|1|202547|CONSTRAINED|CONSTRAINED|CONSTRAINED_202547_2025-11-20_0656|BY_IF
100000000005|VF|2| |691|03-JUL-2027|0|0|0|0|0|0|1200|75|0|0|03-JUL-2027|0|6|01-JAN-1970|0|0|691|0| |0|||0|6200000072|13|0|0|1|202547|CONSTRAINED|CONSTRAINED|CONSTRAINED_202547_2025-11-20_0656|BY_IF
100000000005|VF|2| |692|21-NOV-2026|0|0|0|0|0|0|1200|75|0|0|21-NOV-2026|0|6|01-JAN-1970|0|0|692|0| |0|||0|6200000072|13|0|0|1|202547|CONSTRAINED|CONSTRAINED|CONSTRAINED_202547_2025-11-20_0656|BY_IF
100000000005|VF|2| |693|23-JAN-2027|0|0|0|0|0|0|1200|75|0|0|23-JAN-2027|0|6|01-JAN-1970|0|0|693|0| |0|||0|6200000072|13|0|0|1|202547|CONSTRAINED|CONSTRAINED|CONSTRAINED_202547_2025-11-20_0656|BY_IF
100000000005|VF|2| |694|24-APR-2027|0|0|0|0|0|0|1200|75|0|0|24-APR-2027|0|6|01-JAN-1970|0|0|694|0| |0|||0|6200000072|13|0|0|1|202547|CONSTRAINED|CONSTRAINED|CONSTRAINED_202547_2025-11-20_0656|BY_IF
100000000005|VF|2| |695|26-JUN-2027|0|0|0|0|0|0|1200|75|0|0|26-JUN-2027|0|6|01-JAN-1970|0|0|695|0| |0|||0|6200000072|13|0|0|1|202547|CONSTRAINED|CONSTRAINED|CONSTRAINED_202547_2025-11-20_0656|BY_IF
100000000005|VF|2| |696|10-OCT-2026|0|0|0|0|0|0|1200|75|0|0|10-OCT-2026|0|6|01-JAN-1970|0|0|696|0| |0|||0|6200000072|13|0|0|1|202547|CONSTRAINED|CONSTRAINED|CONSTRAINED_202547_2025-11-20_0656|BY_IF
100000000005|VF|2| |697|28-NOV-2026|0|0|0|0|0|0|1200|75|0|0|28-NOV-2026|0|6|01-JAN-1970|0|0|697|0| |0|||0|6200000072|13|0|0|1|202547|CONSTRAINED|CONSTRAINED|CONSTRAINED_202547_2025-11-20_0656|BY_IF
100000000005|VF|2| |698|13-FEB-2027|0|0|0|0|0|0|1200|75|0|0|13-FEB-2027|0|6|01-JAN-1970|0|0|698|0| |0|||0|6200000072|13|0|0|1|202547|CONSTRAINED|CONSTRAINED|CONSTRAINED_202547_2025-11-20_0656|BY_IF
100000000005|VF|2| |699|03-APR-2027|0|0|0|0|0|0|1200|75|0|0|03-APR-2027|0|6|01-JAN-1970|0|0|699|0| |0|||0|6200000072|13|0|0|1|202547|CONSTRAINED|CONSTRAINED|CONSTRAINED_202547_2025-11-20_0656|BY_IF
100000000005|VF|2| |700|19-JUN-2027|0|0|0|0|0|0|1200|75|0|0|19-JUN-2027|0|6|01-JAN-1970|0|0|700|0| |0|||0|6200000072|13|0|0|1|202547|CONSTRAINED|CONSTRAINED|CONSTRAINED_202547_2025-11-20_0656|BY_IF
100000000005|VF|2| |701|03-OCT-2026|0|0|0|0|0|0|1200|75|0|0|03-OCT-2026|0|6|01-JAN-1970|0|0|701|0| |0|||0|6200000072|13|0|0|1|202547|CONSTRAINED|CONSTRAINED|CONSTRAINED_202547_2025-11-20_0656|BY_IF
100000000005|VF|2| |702|01-AUG-2026|0|0|0|0|0|0|1200|75|0|0|01-AUG-2026|0|6|01-JAN-1970|0|0|702|0| |0|||0|6200000072|13|0|0|1|202547|CONSTRAINED|CONSTRAINED|CONSTRAINED_202547_2025-11-20_0656|BY_IF
100000000005|VF|2| |703|24-OCT-2026|0|0|0|0|0|0|1200|75|0|0|24-OCT-2026|0|6|01-JAN-1970|0|0|703|0| |0|||0|6200000072|13|0|0|1|202547|CONSTRAINED|CONSTRAINED|CONSTRAINED_202547_2025-11-20_0656|BY_IF
100000000005|VF|2| |704|26-DEC-2026|0|0|0|0|0|0|1200|75|0|0|26-DEC-2026|0|6|01-JAN-1970|0|0|704|0| |0|||0|6200000072|13|0|0|1|202547|CONSTRAINED|CONSTRAINED|CONSTRAINED_202547_2025-11-20_0656|BY_IF
100000000008|1003|1|1020000600_0010_0001|0|14-AUG-2025|0|0|1020000600|1|0|120960|200|70|0|0|30-AUG-2025|32|3|01-JAN-1970|0|-1|0|0|6200000072|0|0|0|0|6200000072|0|8361|0|1|202547|CONSTRAINED|CONSTRAINED|CONSTRAINED_202547_2025-11-20_0656|BY_IF
100000000008|1003|1|1020000600_0010_0001|0|14-AUG-2025|0|0|1020000600|1|0|120960|200|70|0|0|06-SEP-2025|38|3|01-JAN-1970|0|-1|0|0|6200000072|0|0|0|0|6200000072|0|8362|0|1|202547|CONSTRAINED|CONSTRAINED|CONSTRAINED_202547_2025-11-20_0656|BY_IF
100000000008|1003|1|1020000601_0010_0001|0|13-AUG-2025|0|0|1020000601|1|0|120960|200|25|0|0|23-AUG-2025|20|3|01-JAN-1970|0|-1|0|0|6200000072|0|0|0|0|6200000072|0|8431|0|1|202547|CONSTRAINED|CONSTRAINED|CONSTRAINED_202547_2025-11-20_0656|BY_IF
100000000008|1003|1|1020000601_0010_0001|0|13-AUG-2025|0|0|1020000601|1|0|120960|200|25|0|0|30-AUG-2025|5|3|01-JAN-1970|0|-1|0|0|6200000072|0|0|0|0|6200000072|0|8432|0|1|202547|CONSTRAINED|CONSTRAINED|CONSTRAINED_202547_2025-11-20_0656|BY_IF
100000000008|1003|1|1020000602_0010_0001|0|24-SEP-2025|0|0|1020000602|1|0|120960|200|25|0|0|24-SEP-2025|15|3|01-JAN-1970|0|-1|0|0|6200000072|0|0|0|0|6200000072|0|8091|0|1|202547|CONSTRAINED|CONSTRAINED|CONSTRAINED_202547_2025-11-20_0656|BY_IF
100000000008|1003|1|1020000602_0010_0001|0|24-SEP-2025|0|0|1020000602|1|0|120960|200|25|0|0|27-SEP-2025|10|3|01-JAN-1970|0|-1|0|0|6200000072|0|0|0|0|6200000072|0|8092|0|1|202547|CONSTRAINED|CONSTRAINED|CONSTRAINED_202547_2025-11-20_0656|BY_IF
100000000008|1003|1|1020000603_0010_0001|0|23-JUL-2025|0|0|1020000603|1|0|120960|200|25|0|0|02-AUG-2025|25|3|01-JAN-1970|0|-1|0|0|6200000072|0|0|0|0|6200000072|0|8369|0|1|202547|CONSTRAINED|CONSTRAINED|CONSTRAINED_202547_2025-11-20_0656|BY_IF
100000000008|1003|1|1020000604_0010_0001|0|16-AUG-2025|0|0|1020000604|1|0|120960|200|25|0|0|13-SEP-2025|25|3|01-JAN-1970|0|-1|0|0|6200000072|0|0|0|0|6200000072|0|8295|0|1|202547|CONSTRAINED|CONSTRAINED|CONSTRAINED_202547_2025-11-20_0656|BY_IF
100000000008|1003|1|1020000605_0010_0001|0|12-AUG-2025|0|0|1020000605|1|0|120960|800|10|0|0|25-OCT-2025|2|3|01-JAN-1970|0|-1|0|0|6200000072|0|0|0|0|6200000072|0|8516|0|1|202547|CONSTRAINED|CONSTRAINED|CONSTRAINED_202547_2025-11-20_0656|BY_IF
100000000008|1003|1|1020000605_0010_0001|0|12-AUG-2025|0|0|1020000605|1|0|120960|800|10|0|0|01-NOV-2025|8|3|01-JAN-1970|0|-1|0|0|6200000072|0|0|0|0|6200000072|0|8517|0|1|202547|CONSTRAINED|CONSTRAINED|CONSTRAINED_202547_2025-11-20_0656|BY_IF
100000000008|1003|1|1020000606_0010_0001|0|11-AUG-2025|0|0|1020000606|1|0|120960|800|25|0|0|04-OCT-2025|15|3|01-JAN-1970|0|-1|0|0|6200000072|0|0|0|0|6200000072|0|8796|0|1|202547|CONSTRAINED|CONSTRAINED|CONSTRAINED_202547_2025-11-20_0656|BY_IF
100000000008|1003|1|1020000606_0010_0001|0|11-AUG-2025|0|0|1020000606|1|0|120960|800|25|0|0|11-OCT-2025|10|3|01-JAN-1970|0|-1|0|0|6200000072|0|0|0|0|6200000072|0|8797|0|1|202547|CONSTRAINED|CONSTRAINED|CONSTRAINED_202547_2025-11-20_0656|BY_IF
100000000008|1003|1|1020000607_0010_0001|0|11-AUG-2025|0|0|1020000607|1|0|120960|800|25|0|0|27-SEP-2025|2|3|01-JAN-1970|0|-1|0|0|6200000072|0|0|0|0|6200000072|0|8785|0|1|202547|CONSTRAINED|CONSTRAINED|CONSTRAINED_202547_2025-11-20_0656|BY_IF
100000000008|1003|1|1020000607_0010_0001|0|11-AUG-2025|0|0|1020000607|1|0|120960|800|25|0|0|04-OCT-2025|23|3|01-JAN-1970|0|-1|0|0|6200000072|0|0|0|0|6200000072|0|8786|0|1|202547|CONSTRAINED|CONSTRAINED|CONSTRAINED_202547_2025-11-20_0656|BY_IF
100000000008|1003|1|1020000608_0010_0001|0|24-JUL-2025|0|0|1020000608|1|0|120960|200|75|0|0|02-AUG-2025|75|3|01-JAN-1970|0|-1|0|0|6200000072|0|0|0|0|6200000072|0|9374|0|1|202547|CONSTRAINED|CONSTRAINED|CONSTRAINED_202547_2025-11-20_0656|BY_IF
100000000008|1003|1|1020000609_0010_0001|0|12-AUG-2025|0|0|1020000609|1|0|120960|800|25|0|0|25-OCT-2025|25|3|01-JAN-1970|0|-1|0|0|6200000072|0|0|0|0|6200000072|0|8515|0|1|202547|CONSTRAINED|CONSTRAINED|CONSTRAINED_202547_2025-11-20_0656|BY_IF
100000000008|1003|1|1020000610_0010_0001|0|12-AUG-2025|0|0|1020000610|1|0|120960|800|50|0|0|11-OCT-2025|2|3|01-JAN-1970|0|-1|0|0|6200000072|0|0|0|0|6200000072|0|8512|0|1|202547|CONSTRAINED|CONSTRAINED|CONSTRAINED_202547_2025-11-20_0656|BY_IF
100000000008|1003|1|1020000610_0010_0001|0|12-AUG-2025|0|0|1020000610|1|0|120960|800|50|0|0|18-OCT-2025|38|3|01-JAN-1970|0|-1|0|0|6200000072|0|0|0|0|6200000072|0|8514|0|1|202547|CONSTRAINED|CONSTRAINED|CONSTRAINED_202547_2025-11-20_0656|BY_IF
100000000008|1003|1|1020000610_0010_0001|0|12-AUG-2025|0|0|1020000610|1|0|120960|800|50|0|0|25-OCT-2025|10|3|01-JAN-1970|0|-1|0|0|6200000072|0|0|0|0|6200000072|0|8513|0|1|202547|CONSTRAINED|CONSTRAINED|CONSTRAINED_202547_2025-11-20_0656|BY_IF
100000000008|1003|1|1020000611_0010_0001|0|30-AUG-2025|0|0|1020000611|1|0|120960|200|10|0|0|13-SEP-2025|10|3|01-JAN-1970|0|-1|0|0|6200000072|0|0|0|0|6200000072|0|8113|0|1|202547|CONSTRAINED|CONSTRAINED|CONSTRAINED_202547_2025-11-20_0656|BY_IF
100000000008|1003|1|1020000612_0010_0001|0|24-SEP-2025|0|0|1020000612|1|0|120960|200|25|0|0|24-SEP-2025|25|1|01-JAN-1970|0|-1|0|0|6200000072|0|0|0|0|6200000072|0|8090|0|1|202547|CONSTRAINED|CONSTRAINED|CONSTRAINED_202547_2025-11-20_0656|BY_IF
100000000008|1003|1|1020000613_0010_0001|0|12-AUG-2025|0|0|1020000613|1|0|120960|800|25|0|0|11-OCT-2025|25|3|01-JAN-1970|0|-1|0|0|6200000072|0|0|0|0|6200000072|0|8511|0|1|202547|CONSTRAINED|CONSTRAINED|CONSTRAINED_202547_2025-11-20_0656|BY_IF
100000000008|1003|1|1020000614_0010_0001|0|23-JUL-2025|0|0|1020000614|1|0|120960|200|20|0|0|02-AUG-2025|20|3|01-JAN-1970|0|-1|0|0|6200000072|0|0|0|0|6200000072|0|8355|0|1|202547|CONSTRAINED|CONSTRAINED|CONSTRAINED_202547_2025-11-20_0656|BY_IF
100000000008|1003|1|1020000615_0010_0001|0|17-AUG-2025|0|0|1020000615|1|0|120960|800|100|0|0|17-AUG-2025|0|4|01-JAN-1970|0|-1|0|0|6200000072|0|0|0|0|6200000072|0|8263|0|1|202547|CONSTRAINED|CONSTRAINED|CONSTRAINED_202547_2025-11-20_0656|BY_IF
100000000008|1003|1|1020000615_0010_0001|0|17-AUG-2025|0|0|1020000615|1|0|120960|800|100|0|0|08-NOV-2025|37|4|01-JAN-1970|0|-1|0|0|6200000072|0|0|0|0|6200000072|0|8264|0|1|202547|CONSTRAINED|CONSTRAINED|CONSTRAINED_202547_2025-11-20_0656|BY_IF
100000000008|1003|1|1020000616_0010_0001|0|18-AUG-2025|0|0|1020000616|1|0|120960|800|100|0|0|18-AUG-2025|0|5|01-JAN-1970|0|-1|0|0|6200000072|0|0|0|0|6200000072|0|10146|0|1|202547|CONSTRAINED|CONSTRAINED|CONSTRAINED_202547_2025-11-20_0656|BY_IF
100000000008|1003|1|1020000617_0010_0001|0|14-AUG-2025|0|0|1020000617|1|0|120960|800|100|0|0|14-AUG-2025|0|5|01-JAN-1970|0|-1|0|0|6200000072|0|0|0|0|6200000072|0|10090|0|1|202547|CONSTRAINED|CONSTRAINED|CONSTRAINED_202547_2025-11-20_0656|BY_IF
100000000008|1003|1|1020000618_0010_0001|0|11-AUG-2025|0|0|1020000618|1|0|120960|800|25|0|0|27-SEP-2025|25|3|01-JAN-1970|0|-1|0|0|6200000072|0|0|0|0|6200000072|0|8774|0|1|202547|CONSTRAINED|CONSTRAINED|CONSTRAINED_202547_2025-11-20_0656|BY_IF
100000000008|1003|1|1020000619_0010_0001|0|18-AUG-2025|0|0|1020000619|1|0|120960|800|50|0|0|18-AUG-2025|0|5|01-JAN-1970|0|-1|0|0|6200000072|0|0|0|0|6200000072|0|9971|0|1|202547|CONSTRAINED|CONSTRAINED|CONSTRAINED_202547_2025-11-20_0656|BY_IF
100000000008|1003|1|1020000620_0010_0001|0|22-JUL-2025|0|0|1020000620|1|0|120960|200|20|0|0|02-AUG-2025|20|3|01-JAN-1970|0|-1|0|0|6200000072|0|0|0|0|6200000072|0|9028|0|1|202547|CONSTRAINED|CONSTRAINED|CONSTRAINED_202547_2025-11-20_0656|BY_IF
100000000008|1003|1|1020000621_0010_0001|0|23-JUL-2025|0|0|1020000621|1|0|120960|200|50|0|0|02-AUG-2025|50|3|01-JAN-1970|0|-1|0|0|6200000072|0|0|0|0|6200000072|0|8346|0|1|202547|CONSTRAINED|CONSTRAINED|CONSTRAINED_202547_2025-11-20_0656|BY_IF
100000000008|1003|1|1020000622_0010_0001|0|13-AUG-2025|0|0|1020000622|1|0|120960|800|100|0|0|13-AUG-2025|0|4|01-JAN-1970|0|-1|0|0|6200000072|0|0|0|0|6200000072|0|8429|0|1|202547|CONSTRAINED|CONSTRAINED|CONSTRAINED_202547_2025-11-20_0656|BY_IF
100000000008|1003|1|1020000622_0010_0001|0|13-AUG-2025|0|0|1020000622|1|0|120960|800|100|0|0|01-NOV-2025|30|4|01-JAN-1970|0|-1|0|0|6200000072|0|0|0|0|6200000072|0|8430|0|1|202547|CONSTRAINED|CONSTRAINED|CONSTRAINED_202547_2025-11-20_0656|BY_IF
100000000008|1003|1|1033500002_10_002|0|28-JUL-2025|0|0|1033500002|1|0|120960|200|75|0|0|02-AUG-2025|20|3|01-JAN-1970|0|-1|0|0|6200000072|0|0|0|0|6200000072|0|9184|0|1|202547|CONSTRAINED|CONSTRAINED|CONSTRAINED_202547_2025-11-20_0656|BY_IF
100000000008|1003|1|1033500002_10_002|0|28-JUL-2025|0|0|1033500002|1|0|120960|200|75|0|0|16-AUG-2025|37|3|01-JAN-1970|0|-1|0|0|6200000072|0|0|0|0|6200000072|0|9186|0|1|202547|CONSTRAINED|CONSTRAINED|CONSTRAINED_202547_2025-11-20_0656|BY_IF
100000000008|1003|1|1033500002_10_002|0|28-JUL-2025|0|0|1033500002|1|0|120960|200|75|0|0|23-AUG-2025|18|3|01-JAN-1970|0|-1|0|0|6200000072|0|0|0|0|6200000072|0|9185|0|1|202547|CONSTRAINED|CONSTRAINED|CONSTRAINED_202547_2025-11-20_0656|BY_IF
100000000008|1003|1|1033500002_10_002-1|0|28-JUL-2025|0|0|1033500002|1|0|120960|200|25|0|0|28-JUL-2025|0|6|01-JAN-1970|0|0|0|0|6200000072|0|||0|6200000072|0|0|0|3|202547|CONSTRAINED|CONSTRAINED|CONSTRAINED_202547_2025-11-20_0656|BY_IF
100000000008|1003|2| |188|10-JAN-2026|0|0|0|0|0|0|400|38|0|0|10-JAN-2026|0|6|01-JAN-1970|0|0|188|0| |0|||0|6200000072|10|0|0|1|202547|CONSTRAINED|CONSTRAINED|CONSTRAINED_202547_2025-11-20_0656|BY_IF
100000000008|1003|2| |189|27-DEC-2025|0|0|0|0|0|0|400|38|0|0|27-DEC-2025|0|6|01-JAN-1970|0|0|189|0| |0|||0|6200000072|10|0|0|1|202547|CONSTRAINED|CONSTRAINED|CONSTRAINED_202547_2025-11-20_0656|BY_IF
100000000008|1003|2| |190|13-DEC-2025|0|0|0|0|0|0|400|36|0|0|13-DEC-2025|0|6|01-JAN-1970|0|0|190|0| |0|||0|6200000072|10|0|0|1|202547|CONSTRAINED|CONSTRAINED|CONSTRAINED_202547_2025-11-20_0656|BY_IF
100000000008|1003|2| |191|20-DEC-2025|0|0|0|0|0|0|400|38|0|0|20-DEC-2025|0|6|01-JAN-1970|0|0|191|0| |0|||0|6200000072|10|0|0|1|202547|CONSTRAINED|CONSTRAINED|CONSTRAINED_202547_2025-11-20_0656|BY_IF
100000000008|1003|2| |192|03-JAN-2026|0|0|0|0|0|0|400|38|0|0|03-JAN-2026|0|6|01-JAN-1970|0|0|192|0| |0|||0|6200000072|10|0|0|1|202547|CONSTRAINED|CONSTRAINED|CONSTRAINED_202547_2025-11-20_0656|BY_IF
100000000008|1006|1|1020000623_0010_0001|0|23-JUL-2025|0|0|1020000623|1|0|120960|200|25|0|0|02-AUG-2025|25|3|01-JAN-1970|0|-1|0|0|6200000072|0|0|0|0|6200000072|0|8337|0|1|202547|CONSTRAINED|CONSTRAINED|CONSTRAINED_202547_2025-11-20_0656|BY_IF
100000000008|1006|1|1020000624_0010_0001|0|09-AUG-2025|0|0|1020000624|1|0|120960|200|10|0|0|09-AUG-2025|10|1|01-JAN-1970|0|-1|0|0|6200000072|0|0|0|0|6200000072|0|9027|0|1|202547|CONSTRAINED|CONSTRAINED|CONSTRAINED_202547_2025-11-20_0656|BY_IF
100000000008|1006|1|1020000625_0010_0001|0|23-JUL-2025|0|0|1020000625|1|0|120960|200|20|0|0|02-AUG-2025|20|3|01-JAN-1970|0|-1|0|0|6200000072|0|0|0|0|6200000072|0|8326|0|1|202547|CONSTRAINED|CONSTRAINED|CONSTRAINED_202547_2025-11-20_0656|BY_IF
100000000008|1006|1|1020000626_0010_0001|0|23-JUL-2025|0|0|1020000626|1|0|120960|200|20|0|0|02-AUG-2025|20|3|01-JAN-1970|0|-1|0|0|6200000072|0|0|0|0|6200000072|0|8315|0|1|202547|CONSTRAINED|CONSTRAINED|CONSTRAINED_202547_2025-11-20_0656|BY_IF
100000000008|1006|1|1020000627_0010_0001|0|18-AUG-2025|0|0|1020000627|1|0|120960|800|25|0|0|20-SEP-2025|20|3|01-JAN-1970|0|-1|0|0|6200000072|0|0|0|0|6200000072|0|8226|0|1|202547|CONSTRAINED|CONSTRAINED|CONSTRAINED_202547_2025-11-20_0656|BY_IF
100000000008|1006|1|1020000627_0010_0001|0|18-AUG-2025|0|0|1020000627|1|0|120960|800|25|0|0|27-SEP-2025|5|3|01-JAN-1970|0|-1|0|0|6200000072|0|0|0|0|6200000072|0|8227|0|1|202547|CONSTRAINED|CONSTRAINED|CONSTRAINED_202547_2025-11-20_0656|BY_IF
100000000008|1006|1|1020000628_0010_0001|0|13-AUG-2025|0|0|1020000628|1|0|120960|800|25|0|0|16-AUG-2025|25|3|01-JAN-1970|0|-1|0|0|6200000072|0|0|0|0|6200000072|0|8427|0|1|202547|CONSTRAINED|CONSTRAINED|CONSTRAINED_202547_2025-11-20_0656|BY_IF
100000000008|1006|1|1020000629_0010_0001|0|11-AUG-2025|0|0|1020000629|1|0|120960|800|50|0|0|11-AUG-2025|50|1|01-JAN-1970|0|-1|0|0|6200000072|0|0|0|0|6200000072|0|8764|0|1|202547|CONSTRAINED|CONSTRAINED|CONSTRAINED_202547_2025-11-20_0656|BY_IF
100000000008|1006|1|1020000630_0010_0001|0|12-AUG-2025|0|0|1020000630|1|0|120960|800|25|0|0|12-AUG-2025|25|1|01-JAN-1970|0|-1|0|0|6200000072|0|0|0|0|6200000072|0|8510|0|1|202547|CONSTRAINED|CONSTRAINED|CONSTRAINED_202547_2025-11-20_0656|BY_IF
100000000008|1006|1|1020000631_0010_0001|0|16-AUG-2025|0|0|1020000631|1|0|120960|800|25|0|0|06-SEP-2025|20|3|01-JAN-1970|0|-1|0|0|6200000072|0|0|0|0|6200000072|0|8293|0|1|202547|CONSTRAINED|CONSTRAINED|CONSTRAINED_202547_2025-11-20_0656|BY_IF
100000000008|1006|1|1020000631_0010_0001|0|16-AUG-2025|0|0|1020000631|1|0|120960|800|25|0|0|13-SEP-2025|5|3|01-JAN-1970|0|-1|0|0|6200000072|0|0|0|0|6200000072|0|8294|0|1|202547|CONSTRAINED|CONSTRAINED|CONSTRAINED_202547_2025-11-20_0656|BY_IF
100000000008|1006|1|1020000632_0010_0001|0|14-AUG-2025|0|0|1020000632|1|0|120960|800|75|0|0|23-AUG-2025|20|3|01-JAN-1970|0|-1|0|0|6200000072|0|0|0|0|6200000072|0|8358|0|1|202547|CONSTRAINED|CONSTRAINED|CONSTRAINED_202547_2025-11-20_0656|BY_IF
100000000008|1006|1|1020000632_0010_0001|0|14-AUG-2025|0|0|1020000632|1|0|120960|800|75|0|0|30-AUG-2025|37|3|01-JAN-1970|0|-1|0|0|6200000072|0|0|0|0|6200000072|0|8360|0|1|202547|CONSTRAINED|CONSTRAINED|CONSTRAINED_202547_2025-11-20_0656|BY_IF
100000000008|1006|1|1020000632_0010_0001|0|14-AUG-2025|0|0|1020000632|1|0|120960|800|75|0|0|06-SEP-2025|18|3|01-JAN-1970|0|-1|0|0|6200000072|0|0|0|0|6200000072|0|8359|0|1|202547|CONSTRAINED|CONSTRAINED|CONSTRAINED_202547_2025-11-20_0656|BY_IF
100000000008|1006|1|1020000633_0010_0001|0|18-AUG-2025|0|0|1020000633|1|0|120960|800|25|0|0|13-SEP-2025|7|3|01-JAN-1970|0|-1|0|0|6200000072|0|0|0|0|6200000072|0|8224|0|1|202547|CONSTRAINED|CONSTRAINED|CONSTRAINED_202547_2025-11-20_0656|BY_IF
100000000008|1006|1|1020000633_0010_0001|0|18-AUG-2025|0|0|1020000633|1|0|120960|800|25|0|0|20-SEP-2025|18|3|01-JAN-1970|0|-1|0|0|6200000072|0|0|0|0|6200000072|0|8225|0|1|202547|CONSTRAINED|CONSTRAINED|CONSTRAINED_202547_2025-11-20_0656|BY_IF
100000000008|1006|1|1020000634_0010_0001|0|23-JUL-2025|0|0|1020000634|1|0|120960|200|25|0|0|02-AUG-2025|25|3|01-JAN-1970|0|-1|0|0|6200000072|0|0|0|0|6200000072|0|8304|0|1|202547|CONSTRAINED|CONSTRAINED|CONSTRAINED_202547_2025-11-20_0656|BY_IF
100000000008|1006|1|1020000635_0010_0001|0|23-AUG-2025|0|0|1020000635|1|0|120960|800|35|0|0|04-OCT-2025|3|3|01-JAN-1970|0|-1|0|0|6200000072|0|0|0|0|6200000072|0|8147|0|1|202547|CONSTRAINED|CONSTRAINED|CONSTRAINED_202547_2025-11-20_0656|BY_IF
100000000008|1006|1|1020000635_0010_0001|0|23-AUG-2025|0|0|1020000635|1|0|120960|800|35|0|0|11-OCT-2025|32|3|01-JAN-1970|0|-1|0|0|6200000072|0|0|0|0|6200000072|0|8148|0|1|202547|CONSTRAINED|CONSTRAINED|CONSTRAINED_202547_2025-11-20_0656|BY_IF
100000000008|1006|1|1020000636_0010_0001|0|14-AUG-2025|0|0|1020000636|1|0|120960|800|25|0|0|16-AUG-2025|7|3|01-JAN-1970|0|-1|0|0|6200000072|0|0|0|0|6200000072|0|8356|0|1|202547|CONSTRAINED|CONSTRAINED|CONSTRAINED_202547_2025-11-20_0656|BY_IF
100000000008|1006|1|1020000636_0010_0001|0|14-AUG-2025|0|0|1020000636|1|0|120960|800|25|0|0|23-AUG-2025|18|3|01-JAN-1970|0|-1|0|0|6200000072|0|0|0|0|6200000072|0|8357|0|1|202547|CONSTRAINED|CONSTRAINED|CONSTRAINED_202547_2025-11-20_0656|BY_IF
100000000008|1006|1|1020000637_0010_0001|0|13-AUG-2025|0|0|1020000637|1|0|120960|800|25|0|0|13-AUG-2025|20|3|01-JAN-1970|0|-1|0|0|6200000072|0|0|0|0|6200000072|0|8425|0|1|202547|CONSTRAINED|CONSTRAINED|CONSTRAINED_202547_2025-11-20_0656|BY_IF
100000000008|1006|1|1020000637_0010_0001|0|13-AUG-2025|0|0|1020000637|1|0|120960|800|25|0|0|16-AUG-2025|5|3|01-JAN-1970|0|-1|0|0|6200000072|0|0|0|0|6200000072|0|8426|0|1|202547|CONSTRAINED|CONSTRAINED|CONSTRAINED_202547_2025-11-20_0656|BY_IF
100000000008|1006|1|1020000638_0010_0001|0|23-AUG-2025|0|0|1020000638|1|0|120960|800|65|0|0|27-SEP-2025|30|3|01-JAN-1970|0|-1|0|0|6200000072|0|0|0|0|6200000072|0|8145|0|1|202547|CONSTRAINED|CONSTRAINED|CONSTRAINED_202547_2025-11-20_0656|BY_IF
100000000008|1006|1|1020000638_0010_0001|0|23-AUG-2025|0|0|1020000638|1|0|120960|800|65|0|0|04-OCT-2025|35|3|01-JAN-1970|0|-1|0|0|6200000072|0|0|0|0|6200000072|0|8146|0|1|202547|CONSTRAINED|CONSTRAINED|CONSTRAINED_202547_2025-11-20_0656|BY_IF
100000000008|1006|1|1020000639_0010_0001|0|20-AUG-2025|0|0|1020000639|1|0|120960|800|2|0|0|27-SEP-2025|2|3|01-JAN-1970|0|-1|0|0|6200000072|0|0|0|0|6200000072|0|8164|0|1|202547|CONSTRAINED|CONSTRAINED|CONSTRAINED_202547_2025-11-20_0656|BY_IF
100000000008|1006|1|1020000640_0010_0001|0|17-AUG-2025|0|0|1020000640|1|0|120960|800|25|0|0|13-SEP-2025|25|3|01-JAN-1970|0|-1|0|0|6200000072|0|0|0|0|6200000072|0|8262|0|1|202547|CONSTRAINED|CONSTRAINED|CONSTRAINED_202547_2025-11-20_0656|BY_IF
100000000008|1006|1|1020000641_0010_0001|0|21-JUL-2025|0|0|1020000641|1|0|120960|200|25|0|0|02-AUG-2025|25|3|01-JAN-1970|0|-1|0|0|6200000072|0|0|0|0|6200000072|0|9969|0|1|202547|CONSTRAINED|CONSTRAINED|CONSTRAINED_202547_2025-11-20_0656|BY_IF
100000000008|1006|2| |81|20-DEC-2025|0|0|0|0|0|0|400|38|0|0|20-DEC-2025|0|6|01-JAN-1970|0|0|81|0| |0|||0|6200000072|10|0|0|1|202547|CONSTRAINED|CONSTRAINED|CONSTRAINED_202547_2025-11-20_0656|BY_IF
100000000008|1006|2| |82|06-DEC-2025|0|0|0|0|0|0|400|27|0|0|06-DEC-2025|0|6|01-JAN-1970|0|0|82|0| |0|||0|6200000072|10|0|0|1|202547|CONSTRAINED|CONSTRAINED|CONSTRAINED_202547_2025-11-20_0656|BY_IF
100000000008|1006|2| |83|03-JAN-2026|0|0|0|0|0|0|400|38|0|0|03-JAN-2026|0|6|01-JAN-1970|0|0|83|0| |0|||0|6200000072|10|0|0|1|202547|CONSTRAINED|CONSTRAINED|CONSTRAINED_202547_2025-11-20_0656|BY_IF
100000000008|1006|2| |84|22-NOV-2025|0|0|0|0|0|0|400|60|0|0|22-NOV-2025|0|6|01-JAN-1970|0|0|84|0| |0|||0|6200000072|10|0|0|1|202547|CONSTRAINED|CONSTRAINED|CONSTRAINED_202547_2025-11-20_0656|BY_IF
100000000008|1006|2| |85|27-DEC-2025|0|0|0|0|0|0|400|38|0|0|27-DEC-2025|0|6|01-JAN-1970|0|0|85|0| |0|||0|6200000072|10|0|0|1|202547|CONSTRAINED|CONSTRAINED|CONSTRAINED_202547_2025-11-20_0656|BY_IF
100000000008|1006|2| |86|13-DEC-2025|0|0|0|0|0|0|400|39|0|0|13-DEC-2025|0|6|01-JAN-1970|0|0|86|0| |0|||0|6200000072|10|0|0|1|202547|CONSTRAINED|CONSTRAINED|CONSTRAINED_202547_2025-11-20_0656|BY_IF
100000000008|1006|2| |87|10-JAN-2026|0|0|0|0|0|0|400|38|0|0|10-JAN-2026|0|6|01-JAN-1970|0|0|87|0| |0|||0|6200000072|10|0|0|1|202547|CONSTRAINED|CONSTRAINED|CONSTRAINED_202547_2025-11-20_0656|BY_IF
100000000008|VF|2| |573|13-JUN-2026|0|0|0|0|0|0|400|75|0|0|13-JUN-2026|0|6|01-JAN-1970|0|0|573|0| |0|||0|6200000072|10|0|0|1|202547|CONSTRAINED|CONSTRAINED|CONSTRAINED_202547_2025-11-20_0656|BY_IF
100000000008|VF|2| |574|24-JAN-2026|0|0|0|0|0|0|400|75|0|0|24-JAN-2026|0|6|01-JAN-1970|0|0|574|0| |0|||0|6200000072|10|0|0|1|202547|CONSTRAINED|CONSTRAINED|CONSTRAINED_202547_2025-11-20_0656|BY_IF
100000000008|VF|2| |575|31-JAN-2026|0|0|0|0|0|0|400|75|0|0|31-JAN-2026|0|6|01-JAN-1970|0|0|575|0| |0|||0|6200000072|10|0|0|1|202547|CONSTRAINED|CONSTRAINED|CONSTRAINED_202547_2025-11-20_0656|BY_IF
100000000008|VF|2| |576|20-JUN-2026|0|0|0|0|0|0|400|75|0|0|20-JUN-2026|0|6|01-JAN-1970|0|0|576|0| |0|||0|6200000072|10|0|0|1|202547|CONSTRAINED|CONSTRAINED|CONSTRAINED_202547_2025-11-20_0656|BY_IF
100000000008|VF|2| |577|28-FEB-2026|0|0|0|0|0|0|400|75|0|0|28-FEB-2026|0|6|01-JAN-1970|0|0|577|0| |0|||0|6200000072|10|0|0|1|202547|CONSTRAINED|CONSTRAINED|CONSTRAINED_202547_2025-11-20_0656|BY_IF
100000000008|VF|2| |578|21-FEB-2026|0|0|0|0|0|0|400|75|0|0|21-FEB-2026|0|6|01-JAN-1970|0|0|578|0| |0|||0|6200000072|10|0|0|1|202547|CONSTRAINED|CONSTRAINED|CONSTRAINED_202547_2025-11-20_0656|BY_IF
100000000008|VF|2| |579|11-JUL-2026|0|0|0|0|0|0|400|75|0|0|11-JUL-2026|0|6|01-JAN-1970|0|0|579|0| |0|||0|6200000072|10|0|0|1|202547|CONSTRAINED|CONSTRAINED|CONSTRAINED_202547_2025-11-20_0656|BY_IF
100000000008|VF|2| |580|18-JUL-2026|0|0|0|0|0|0|400|75|0|0|18-JUL-2026|0|6|01-JAN-1970|0|0|580|0| |0|||0|6200000072|10|0|0|1|202547|CONSTRAINED|CONSTRAINED|CONSTRAINED_202547_2025-11-20_0656|BY_IF
100000000008|VF|2| |581|07-FEB-2026|0|0|0|0|0|0|400|75|0|0|07-FEB-2026|0|6|01-JAN-1970|0|0|581|0| |0|||0|6200000072|10|0|0|1|202547|CONSTRAINED|CONSTRAINED|CONSTRAINED_202547_2025-11-20_0656|BY_IF
100000000008|VF|2| |582|14-FEB-2026|0|0|0|0|0|0|400|75|0|0|14-FEB-2026|0|6|01-JAN-1970|0|0|582|0| |0|||0|6200000072|10|0|0|1|202547|CONSTRAINED|CONSTRAINED|CONSTRAINED_202547_2025-11-20_0656|BY_IF
100000000008|VF|2| |583|27-JUN-2026|0|0|0|0|0|0|400|75|0|0|27-JUN-2026|0|6|01-JAN-1970|0|0|583|0| |0|||0|6200000072|10|0|0|1|202547|CONSTRAINED|CONSTRAINED|CONSTRAINED_202547_2025-11-20_0656|BY_IF
100000000008|VF|2| |584|04-JUL-2026|0|0|0|0|0|0|400|75|0|0|04-JUL-2026|0|6|01-JAN-1970|0|0|584|0| |0|||0|6200000072|10|0|0|1|202547|CONSTRAINED|CONSTRAINED|CONSTRAINED_202547_2025-11-20_0656|BY_IF
100000000008|VF|2| |585|28-MAR-2026|0|0|0|0|0|0|400|75|0|0|28-MAR-2026|0|6|01-JAN-1970|0|0|585|0| |0|||0|6200000072|10|0|0|1|202547|CONSTRAINED|CONSTRAINED|CONSTRAINED_202547_2025-11-20_0656|BY_IF
100000000008|VF|2| |586|21-MAR-2026|0|0|0|0|0|0|400|75|0|0|21-MAR-2026|0|6|01-JAN-1970|0|0|586|0| |0|||0|6200000072|10|0|0|1|202547|CONSTRAINED|CONSTRAINED|CONSTRAINED_202547_2025-11-20_0656|BY_IF
100000000008|VF|2| |587|14-MAR-2026|0|0|0|0|0|0|400|75|0|0|14-MAR-2026|0|6|01-JAN-1970|0|0|587|0| |0|||0|6200000072|10|0|0|1|202547|CONSTRAINED|CONSTRAINED|CONSTRAINED_202547_2025-11-20_0656|BY_IF
100000000008|VF|2| |588|07-MAR-2026|0|0|0|0|0|0|400|75|0|0|07-MAR-2026|0|6|01-JAN-1970|0|0|588|0| |0|||0|6200000072|10|0|0|1|202547|CONSTRAINED|CONSTRAINED|CONSTRAINED_202547_2025-11-20_0656|BY_IF
100000000008|VF|2| |589|25-JUL-2026|0|0|0|0|0|0|400|75|0|0|25-JUL-2026|0|6|01-JAN-1970|0|0|589|0| |0|||0|6200000072|10|0|0|1|202547|CONSTRAINED|CONSTRAINED|CONSTRAINED_202547_2025-11-20_0656|BY_IF
100000000008|VF|2| |590|11-APR-2026|0|0|0|0|0|0|400|75|0|0|11-APR-2026|0|6|01-JAN-1970|0|0|590|0| |0|||0|6200000072|10|0|0|1|202547|CONSTRAINED|CONSTRAINED|CONSTRAINED_202547_2025-11-20_0656|BY_IF
100000000008|VF|2| |591|04-APR-2026|0|0|0|0|0|0|400|75|0|0|04-APR-2026|0|6|01-JAN-1970|0|0|591|0| |0|||0|6200000072|10|0|0|1|202547|CONSTRAINED|CONSTRAINED|CONSTRAINED_202547_2025-11-20_0656|BY_IF
100000000008|VF|2| |592|09-MAY-2026|0|0|0|0|0|0|400|75|0|0|09-MAY-2026|0|6|01-JAN-1970|0|0|592|0| |0|||0|6200000072|10|0|0|1|202547|CONSTRAINED|CONSTRAINED|CONSTRAINED_202547_2025-11-20_0656|BY_IF
100000000008|VF|2| |593|02-MAY-2026|0|0|0|0|0|0|400|75|0|0|02-MAY-2026|0|6|01-JAN-1970|0|0|593|0| |0|||0|6200000072|10|0|0|1|202547|CONSTRAINED|CONSTRAINED|CONSTRAINED_202547_2025-11-20_0656|BY_IF
100000000008|VF|2| |594|25-APR-2026|0|0|0|0|0|0|400|75|0|0|25-APR-2026|0|6|01-JAN-1970|0|0|594|0| |0|||0|6200000072|10|0|0|1|202547|CONSTRAINED|CONSTRAINED|CONSTRAINED_202547_2025-11-20_0656|BY_IF
100000000008|VF|2| |595|18-APR-2026|0|0|0|0|0|0|400|75|0|0|18-APR-2026|0|6|01-JAN-1970|0|0|595|0| |0|||0|6200000072|10|0|0|1|202547|CONSTRAINED|CONSTRAINED|CONSTRAINED_202547_2025-11-20_0656|BY_IF
100000000008|VF|2| |596|06-JUN-2026|0|0|0|0|0|0|400|75|0|0|06-JUN-2026|0|6|01-JAN-1970|0|0|596|0| |0|||0|6200000072|10|0|0|1|202547|CONSTRAINED|CONSTRAINED|CONSTRAINED_202547_2025-11-20_0656|BY_IF
100000000008|VF|2| |597|30-MAY-2026|0|0|0|0|0|0|400|75|0|0|30-MAY-2026|0|6|01-JAN-1970|0|0|597|0| |0|||0|6200000072|10|0|0|1|202547|CONSTRAINED|CONSTRAINED|CONSTRAINED_202547_2025-11-20_0656|BY_IF
100000000008|VF|2| |598|17-JAN-2026|0|0|0|0|0|0|400|75|0|0|17-JAN-2026|0|6|01-JAN-1970|0|0|598|0| |0|||0|6200000072|10|0|0|1|202547|CONSTRAINED|CONSTRAINED|CONSTRAINED_202547_2025-11-20_0656|BY_IF
100000000008|VF|2| |599|23-MAY-2026|0|0|0|0|0|0|400|75|0|0|23-MAY-2026|0|6|01-JAN-1970|0|0|599|0| |0|||0|6200000072|10|0|0|1|202547|CONSTRAINED|CONSTRAINED|CONSTRAINED_202547_2025-11-20_0656|BY_IF
100000000008|VF|2| |600|16-MAY-2026|0|0|0|0|0|0|400|75|0|0|16-MAY-2026|0|6|01-JAN-1970|0|0|600|0| |0|||0|6200000072|10|0|0|1|202547|CONSTRAINED|CONSTRAINED|CONSTRAINED_202547_2025-11-20_0656|BY_IF
100000000008|VF|2| |705|21-NOV-2026|0|0|0|0|0|0|1200|75|0|0|21-NOV-2026|0|6|01-JAN-1970|0|0|705|0| |0|||0|6200000072|13|0|0|1|202547|CONSTRAINED|CONSTRAINED|CONSTRAINED_202547_2025-11-20_0656|BY_IF
100000000008|VF|2| |706|23-JAN-2027|0|0|0|0|0|0|1200|75|0|0|23-JAN-2027|0|6|01-JAN-1970|0|0|706|0| |0|||0|6200000072|13|0|0|1|202547|CONSTRAINED|CONSTRAINED|CONSTRAINED_202547_2025-11-20_0656|BY_IF
100000000008|VF|2| |707|24-APR-2027|0|0|0|0|0|0|1200|75|0|0|24-APR-2027|0|6|01-JAN-1970|0|0|707|0| |0|||0|6200000072|13|0|0|1|202547|CONSTRAINED|CONSTRAINED|CONSTRAINED_202547_2025-11-20_0656|BY_IF
100000000008|VF|2| |708|26-JUN-2027|0|0|0|0|0|0|1200|75|0|0|26-JUN-2027|0|6|01-JAN-1970|0|0|708|0| |0|||0|6200000072|13|0|0|1|202547|CONSTRAINED|CONSTRAINED|CONSTRAINED_202547_2025-11-20_0656|BY_IF
100000000008|VF|2| |709|24-JUL-2027|0|0|0|0|0|0|1200|75|0|0|24-JUL-2027|0|6|01-JAN-1970|0|0|709|0| |0|||0|6200000072|13|0|0|1|202547|CONSTRAINED|CONSTRAINED|CONSTRAINED_202547_2025-11-20_0656|BY_IF
100000000008|VF|2| |710|14-NOV-2026|0|0|0|0|0|0|1200|75|0|0|14-NOV-2026|0|6|01-JAN-1970|0|0|710|0| |0|||0|6200000072|13|0|0|1|202547|CONSTRAINED|CONSTRAINED|CONSTRAINED_202547_2025-11-20_0656|BY_IF
100000000008|VF|2| |711|30-JAN-2027|0|0|0|0|0|0|1200|75|0|0|30-JAN-2027|0|6|01-JAN-1970|0|0|711|0| |0|||0|6200000072|13|0|0|1|202547|CONSTRAINED|CONSTRAINED|CONSTRAINED_202547_2025-11-20_0656|BY_IF
100000000008|VF|2| |712|17-APR-2027|0|0|0|0|0|0|1200|75|0|0|17-APR-2027|0|6|01-JAN-1970|0|0|712|0| |0|||0|6200000072|13|0|0|1|202547|CONSTRAINED|CONSTRAINED|CONSTRAINED_202547_2025-11-20_0656|BY_IF
100000000008|VF|2| |713|03-JUL-2027|0|0|0|0|0|0|1200|75|0|0|03-JUL-2027|0|6|01-JAN-1970|0|0|713|0| |0|||0|6200000072|13|0|0|1|202547|CONSTRAINED|CONSTRAINED|CONSTRAINED_202547_2025-11-20_0656|BY_IF
100000000008|VF|2| |714|06-FEB-2027|0|0|0|0|0|0|1200|75|0|0|06-FEB-2027|0|6|01-JAN-1970|0|0|714|0| |0|||0|6200000072|13|0|0|1|202547|CONSTRAINED|CONSTRAINED|CONSTRAINED_202547_2025-11-20_0656|BY_IF
100000000008|VF|2| |715|10-APR-2027|0|0|0|0|0|0|1200|75|0|0|10-APR-2027|0|6|01-JAN-1970|0|0|715|0| |0|||0|6200000072|13|0|0|1|202547|CONSTRAINED|CONSTRAINED|CONSTRAINED_202547_2025-11-20_0656|BY_IF
100000000008|VF|2| |716|12-JUN-2027|0|0|0|0|0|0|1200|75|0|0|12-JUN-2027|0|6|01-JAN-1970|0|0|716|0| |0|||0|6200000072|13|0|0|1|202547|CONSTRAINED|CONSTRAINED|CONSTRAINED_202547_2025-11-20_0656|BY_IF
100000000008|VF|2| |717|28-NOV-2026|0|0|0|0|0|0|1200|75|0|0|28-NOV-2026|0|6|01-JAN-1970|0|0|717|0| |0|||0|6200000072|13|0|0|1|202547|CONSTRAINED|CONSTRAINED|CONSTRAINED_202547_2025-11-20_0656|BY_IF
100000000008|VF|2| |718|13-FEB-2027|0|0|0|0|0|0|1200|75|0|0|13-FEB-2027|0|6|01-JAN-1970|0|0|718|0| |0|||0|6200000072|13|0|0|1|202547|CONSTRAINED|CONSTRAINED|CONSTRAINED_202547_2025-11-20_0656|BY_IF
100000000008|VF|2| |719|05-DEC-2026|0|0|0|0|0|0|1200|75|0|0|05-DEC-2026|0|6|01-JAN-1970|0|0|719|0| |0|||0|6200000072|13|0|0|1|202547|CONSTRAINED|CONSTRAINED|CONSTRAINED_202547_2025-11-20_0656|BY_IF
100000000008|VF|2| |720|03-APR-2027|0|0|0|0|0|0|1200|75|0|0|03-APR-2027|0|6|01-JAN-1970|0|0|720|0| |0|||0|6200000072|13|0|0|1|202547|CONSTRAINED|CONSTRAINED|CONSTRAINED_202547_2025-11-20_0656|BY_IF
100000000008|VF|2| |721|19-JUN-2027|0|0|0|0|0|0|1200|75|0|0|19-JUN-2027|0|6|01-JAN-1970|0|0|721|0| |0|||0|6200000072|13|0|0|1|202547|CONSTRAINED|CONSTRAINED|CONSTRAINED_202547_2025-11-20_0656|BY_IF
100000000008|VF|2| |722|19-DEC-2026|0|0|0|0|0|0|1200|75|0|0|19-DEC-2026|0|6|01-JAN-1970|0|0|722|0| |0|||0|6200000072|13|0|0|1|202547|CONSTRAINED|CONSTRAINED|CONSTRAINED_202547_2025-11-20_0656|BY_IF
100000000008|VF|2| |723|20-FEB-2027|0|0|0|0|0|0|1200|75|0|0|20-FEB-2027|0|6|01-JAN-1970|0|0|723|0| |0|||0|6200000072|13|0|0|1|202547|CONSTRAINED|CONSTRAINED|CONSTRAINED_202547_2025-11-20_0656|BY_IF
100000000008|VF|2| |724|12-DEC-2026|0|0|0|0|0|0|1200|75|0|0|12-DEC-2026|0|6|01-JAN-1970|0|0|724|0| |0|||0|6200000072|13|0|0|1|202547|CONSTRAINED|CONSTRAINED|CONSTRAINED_202547_2025-11-20_0656|BY_IF
100000000008|VF|2| |725|27-FEB-2027|0|0|0|0|0|0|1200|75|0|0|27-FEB-2027|0|6|01-JAN-1970|0|0|725|0| |0|||0|6200000072|13|0|0|1|202547|CONSTRAINED|CONSTRAINED|CONSTRAINED_202547_2025-11-20_0656|BY_IF
100000000008|VF|2| |726|08-MAY-2027|0|0|0|0|0|0|1200|75|0|0|08-MAY-2027|0|6|01-JAN-1970|0|0|726|0| |0|||0|6200000072|13|0|0|1|202547|CONSTRAINED|CONSTRAINED|CONSTRAINED_202547_2025-11-20_0656|BY_IF
100000000008|VF|2| |727|10-JUL-2027|0|0|0|0|0|0|1200|75|0|0|10-JUL-2027|0|6|01-JAN-1970|0|0|727|0| |0|||0|6200000072|13|0|0|1|202547|CONSTRAINED|CONSTRAINED|CONSTRAINED_202547_2025-11-20_0656|BY_IF
100000000008|VF|2| |728|01-MAY-2027|0|0|0|0|0|0|1200|75|0|0|01-MAY-2027|0|6|01-JAN-1970|0|0|728|0| |0|||0|6200000072|13|0|0|1|202547|CONSTRAINED|CONSTRAINED|CONSTRAINED_202547_2025-11-20_0656|BY_IF
100000000008|VF|2| |729|17-JUL-2027|0|0|0|0|0|0|1200|75|0|0|17-JUL-2027|0|6|01-JAN-1970|0|0|729|0| |0|||0|6200000072|13|0|0|1|202547|CONSTRAINED|CONSTRAINED|CONSTRAINED_202547_2025-11-20_0656|BY_IF
100000000008|VF|2| |730|03-OCT-2026|0|0|0|0|0|0|1200|75|0|0|03-OCT-2026|0|6|01-JAN-1970|0|0|730|0| |0|||0|6200000072|13|0|0|1|202547|CONSTRAINED|CONSTRAINED|CONSTRAINED_202547_2025-11-20_0656|BY_IF
100000000008|VF|2| |731|01-AUG-2026|0|0|0|0|0|0|1200|75|0|0|01-AUG-2026|0|6|01-JAN-1970|0|0|731|0| |0|||0|6200000072|13|0|0|1|202547|CONSTRAINED|CONSTRAINED|CONSTRAINED_202547_2025-11-20_0656|BY_IF
100000000008|VF|2| |732|10-OCT-2026|0|0|0|0|0|0|1200|75|0|0|10-OCT-2026|0|6|01-JAN-1970|0|0|732|0| |0|||0|6200000072|13|0|0|1|202547|CONSTRAINED|CONSTRAINED|CONSTRAINED_202547_2025-11-20_0656|BY_IF
100000000008|VF|2| |733|19-SEP-2026|0|0|0|0|0|0|1200|75|0|0|19-SEP-2026|0|6|01-JAN-1970|0|0|733|0| |0|||0|6200000072|13|0|0|1|202547|CONSTRAINED|CONSTRAINED|CONSTRAINED_202547_2025-11-20_0656|BY_IF
100000000008|VF|2| |734|26-SEP-2026|0|0|0|0|0|0|1200|75|0|0|26-SEP-2026|0|6|01-JAN-1970|0|0|734|0| |0|||0|6200000072|13|0|0|1|202547|CONSTRAINED|CONSTRAINED|CONSTRAINED_202547_2025-11-20_0656|BY_IF
100000000008|VF|2| |735|05-SEP-2026|0|0|0|0|0|0|1200|75|0|0|05-SEP-2026|0|6|01-JAN-1970|0|0|735|0| |0|||0|6200000072|13|0|0|1|202547|CONSTRAINED|CONSTRAINED|CONSTRAINED_202547_2025-11-20_0656|BY_IF
100000000008|VF|2| |736|12-SEP-2026|0|0|0|0|0|0|1200|75|0|0|12-SEP-2026|0|6|01-JAN-1970|0|0|736|0| |0|||0|6200000072|13|0|0|1|202547|CONSTRAINED|CONSTRAINED|CONSTRAINED_202547_2025-11-20_0656|BY_IF
100000000008|VF|2| |737|29-AUG-2026|0|0|0|0|0|0|1200|75|0|0|29-AUG-2026|0|6|01-JAN-1970|0|0|737|0| |0|||0|6200000072|13|0|0|1|202547|CONSTRAINED|CONSTRAINED|CONSTRAINED_202547_2025-11-20_0656|BY_IF
100000000008|VF|2| |738|22-AUG-2026|0|0|0|0|0|0|1200|75|0|0|22-AUG-2026|0|6|01-JAN-1970|0|0|738|0| |0|||0|6200000072|13|0|0|1|202547|CONSTRAINED|CONSTRAINED|CONSTRAINED_202547_2025-11-20_0656|BY_IF
100000000008|VF|2| |739|15-AUG-2026|0|0|0|0|0|0|1200|75|0|0|15-AUG-2026|0|6|01-JAN-1970|0|0|739|0| |0|||0|6200000072|13|0|0|1|202547|CONSTRAINED|CONSTRAINED|CONSTRAINED_202547_2025-11-20_0656|BY_IF
100000000008|VF|2| |740|08-AUG-2026|0|0|0|0|0|0|1200|75|0|0|08-AUG-2026|0|6|01-JAN-1970|0|0|740|0| |0|||0|6200000072|13|0|0|1|202547|CONSTRAINED|CONSTRAINED|CONSTRAINED_202547_2025-11-20_0656|BY_IF
100000000008|VF|2| |741|17-OCT-2026|0|0|0|0|0|0|1200|75|0|0|17-OCT-2026|0|6|01-JAN-1970|0|0|741|0| |0|||0|6200000072|13|0|0|1|202547|CONSTRAINED|CONSTRAINED|CONSTRAINED_202547_2025-11-20_0656|BY_IF
100000000008|VF|2| |742|02-JAN-2027|0|0|0|0|0|0|1200|75|0|0|02-JAN-2027|0|6|01-JAN-1970|0|0|742|0| |0|||0|6200000072|13|0|0|1|202547|CONSTRAINED|CONSTRAINED|CONSTRAINED_202547_2025-11-20_0656|BY_IF
100000000008|VF|2| |743|20-MAR-2027|0|0|0|0|0|0|1200|75|0|0|20-MAR-2027|0|6|01-JAN-1970|0|0|743|0| |0|||0|6200000072|13|0|0|1|202547|CONSTRAINED|CONSTRAINED|CONSTRAINED_202547_2025-11-20_0656|BY_IF
100000000008|VF|2| |744|05-JUN-2027|0|0|0|0|0|0|1200|75|0|0|05-JUN-2027|0|6|01-JAN-1970|0|0|744|0| |0|||0|6200000072|13|0|0|1|202547|CONSTRAINED|CONSTRAINED|CONSTRAINED_202547_2025-11-20_0656|BY_IF
100000000008|VF|2| |745|24-OCT-2026|0|0|0|0|0|0|1200|75|0|0|24-OCT-2026|0|6|01-JAN-1970|0|0|745|0| |0|||0|6200000072|13|0|0|1|202547|CONSTRAINED|CONSTRAINED|CONSTRAINED_202547_2025-11-20_0656|BY_IF
100000000008|VF|2| |746|26-DEC-2026|0|0|0|0|0|0|1200|75|0|0|26-DEC-2026|0|6|01-JAN-1970|0|0|746|0| |0|||0|6200000072|13|0|0|1|202547|CONSTRAINED|CONSTRAINED|CONSTRAINED_202547_2025-11-20_0656|BY_IF
100000000008|VF|2| |747|27-MAR-2027|0|0|0|0|0|0|1200|75|0|0|27-MAR-2027|0|6|01-JAN-1970|0|0|747|0| |0|||0|6200000072|13|0|0|1|202547|CONSTRAINED|CONSTRAINED|CONSTRAINED_202547_2025-11-20_0656|BY_IF
100000000008|VF|2| |748|29-MAY-2027|0|0|0|0|0|0|1200|75|0|0|29-MAY-2027|0|6|01-JAN-1970|0|0|748|0| |0|||0|6200000072|13|0|0|1|202547|CONSTRAINED|CONSTRAINED|CONSTRAINED_202547_2025-11-20_0656|BY_IF
100000000008|VF|2| |749|31-OCT-2026|0|0|0|0|0|0|1200|75|0|0|31-OCT-2026|0|6|01-JAN-1970|0|0|749|0| |0|||0|6200000072|13|0|0|1|202547|CONSTRAINED|CONSTRAINED|CONSTRAINED_202547_2025-11-20_0656|BY_IF
100000000008|VF|2| |750|16-JAN-2027|0|0|0|0|0|0|1200|75|0|0|16-JAN-2027|0|6|01-JAN-1970|0|0|750|0| |0|||0|6200000072|13|0|0|1|202547|CONSTRAINED|CONSTRAINED|CONSTRAINED_202547_2025-11-20_0656|BY_IF
100000000008|VF|2| |751|06-MAR-2027|0|0|0|0|0|0|1200|75|0|0|06-MAR-2027|0|6|01-JAN-1970|0|0|751|0| |0|||0|6200000072|13|0|0|1|202547|CONSTRAINED|CONSTRAINED|CONSTRAINED_202547_2025-11-20_0656|BY_IF
100000000008|VF|2| |752|22-MAY-2027|0|0|0|0|0|0|1200|75|0|0|22-MAY-2027|0|6|01-JAN-1970|0|0|752|0| |0|||0|6200000072|13|0|0|1|202547|CONSTRAINED|CONSTRAINED|CONSTRAINED_202547_2025-11-20_0656|BY_IF
100000000008|VF|2| |753|07-NOV-2026|0|0|0|0|0|0|1200|75|0|0|07-NOV-2026|0|6|01-JAN-1970|0|0|753|0| |0|||0|6200000072|13|0|0|1|202547|CONSTRAINED|CONSTRAINED|CONSTRAINED_202547_2025-11-20_0656|BY_IF
100000000008|VF|2| |754|09-JAN-2027|0|0|0|0|0|0|1200|75|0|0|09-JAN-2027|0|6|01-JAN-1970|0|0|754|0| |0|||0|6200000072|13|0|0|1|202547|CONSTRAINED|CONSTRAINED|CONSTRAINED_202547_2025-11-20_0656|BY_IF
100000000008|VF|2| |755|13-MAR-2027|0|0|0|0|0|0|1200|75|0|0|13-MAR-2027|0|6|01-JAN-1970|0|0|755|0| |0|||0|6200000072|13|0|0|1|202547|CONSTRAINED|CONSTRAINED|CONSTRAINED_202547_2025-11-20_0656|BY_IF
100000000008|VF|2| |756|15-MAY-2027|0|0|0|0|0|0|1200|75|0|0|15-MAY-2027|0|6|01-JAN-1970|0|0|756|0| |0|||0|6200000072|13|0|0|1|202547|CONSTRAINED|CONSTRAINED|CONSTRAINED_202547_2025-11-20_0656|BY_IF
100000000009|1003|1|1020000300_10_0001|0|14-AUG-2025|0|0|1020000300|1|0|120960|800|25|0|0|14-AUG-2025|0|5|01-JAN-1970|0|-1|0|0|6200000072|0|0|0|0|6200000072|0|10084|0|1|202547|CONSTRAINED|CONSTRAINED|CONSTRAINED_202547_2025-11-20_0656|BY_IF
100000000009|1003|1|1020000301_10_0001|0|13-AUG-2025|0|0|1020000301|1|0|120960|800|25|0|0|13-AUG-2025|0|5|01-JAN-1970|0|-1|0|0|6200000072|0|0|0|0|6200000072|0|10145|0|1|202547|CONSTRAINED|CONSTRAINED|CONSTRAINED_202547_2025-11-20_0656|BY_IF
100000000009|1003|1|1020000302_10_0001|0|24-SEP-2025|0|0|1020000302|1|0|120960|800|25|0|0|24-SEP-2025|0|5|01-JAN-1970|0|-1|0|0|6200000072|0|0|0|0|6200000072|0|10031|0|1|202547|CONSTRAINED|CONSTRAINED|CONSTRAINED_202547_2025-11-20_0656|BY_IF
100000000009|1003|1|1020000303_10_0001|0|23-JUL-2025|0|0|1020000303|1|0|120960|200|25|0|0|26-JUL-2025|0|5|01-JAN-1970|0|-1|0|0|6200000072|0|0|0|0|6200000072|0|10026|0|1|202547|CONSTRAINED|CONSTRAINED|CONSTRAINED_202547_2025-11-20_0656|BY_IF
100000000009|1003|1|1020000304_10_0001|0|16-AUG-2025|0|0|1020000304|1|0|120960|800|25|0|0|16-AUG-2025|0|5|01-JAN-1970|0|-1|0|0|6200000072|0|0|0|0|6200000072|0|10021|0|1|202547|CONSTRAINED|CONSTRAINED|CONSTRAINED_202547_2025-11-20_0656|BY_IF
100000000009|1003|1|1020000305_10_0001|0|12-AUG-2025|0|0|1020000305|1|0|120960|800|10|0|0|12-AUG-2025|0|5|01-JAN-1970|0|-1|0|0|6200000072|0|0|0|0|6200000072|0|10012|0|1|202547|CONSTRAINED|CONSTRAINED|CONSTRAINED_202547_2025-11-20_0656|BY_IF
100000000009|1003|1|1020000306_10_0001|0|11-AUG-2025|0|0|1020000306|1|0|120960|800|25|0|0|11-AUG-2025|0|5|01-JAN-1970|0|-1|0|0|6200000072|0|0|0|0|6200000072|0|10043|0|1|202547|CONSTRAINED|CONSTRAINED|CONSTRAINED_202547_2025-11-20_0656|BY_IF
100000000009|1003|1|1020000307_10_0001|0|11-AUG-2025|0|0|1020000307|1|0|120960|800|25|0|0|11-AUG-2025|0|5|01-JAN-1970|0|-1|0|0|6200000072|0|0|0|0|6200000072|0|10047|0|1|202547|CONSTRAINED|CONSTRAINED|CONSTRAINED_202547_2025-11-20_0656|BY_IF
100000000009|1003|1|1020000308_10_0001|0|24-JUL-2025|0|0|1020000308|1|0|120960|200|75|0|0|26-JUL-2025|0|5|01-JAN-1970|0|-1|0|0|6200000072|0|0|0|0|6200000072|0|10128|0|1|202547|CONSTRAINED|CONSTRAINED|CONSTRAINED_202547_2025-11-20_0656|BY_IF
100000000009|1003|1|1020000309_10_0001|0|12-AUG-2025|0|0|1020000309|1|0|120960|800|25|0|0|12-AUG-2025|0|5|01-JAN-1970|0|-1|0|0|6200000072|0|0|0|0|6200000072|0|9994|0|1|202547|CONSTRAINED|CONSTRAINED|CONSTRAINED_202547_2025-11-20_0656|BY_IF
100000000009|1003|1|1020000310_10_0001|0|12-AUG-2025|0|0|1020000310|1|0|120960|800|50|0|0|12-AUG-2025|0|5|01-JAN-1970|0|-1|0|0|6200000072|0|0|0|0|6200000072|0|9998|0|1|202547|CONSTRAINED|CONSTRAINED|CONSTRAINED_202547_2025-11-20_0656|BY_IF
100000000009|1003|1|1020000311_10_0001|0|30-AUG-2025|0|0|1020000311|1|0|120960|800|10|0|0|30-AUG-2025|0|5|01-JAN-1970|0|-1|0|0|6200000072|0|0|0|0|6200000072|0|10000|0|1|202547|CONSTRAINED|CONSTRAINED|CONSTRAINED_202547_2025-11-20_0656|BY_IF
100000000009|1003|1|1020000312_10_0001|0|24-SEP-2025|0|0|1020000312|1|0|120960|800|25|0|0|24-SEP-2025|0|5|01-JAN-1970|0|-1|0|0|6200000072|0|0|0|0|6200000072|0|10034|0|1|202547|CONSTRAINED|CONSTRAINED|CONSTRAINED_202547_2025-11-20_0656|BY_IF
100000000009|1003|1|1020000313_10_0001|0|12-AUG-2025|0|0|1020000313|1|0|120960|800|25|0|0|12-AUG-2025|0|5|01-JAN-1970|0|-1|0|0|6200000072|0|0|0|0|6200000072|0|10002|0|1|202547|CONSTRAINED|CONSTRAINED|CONSTRAINED_202547_2025-11-20_0656|BY_IF
100000000009|1003|1|1020000314_10_0001|0|23-JUL-2025|0|0|1020000314|1|0|120960|200|20|0|0|26-JUL-2025|0|5|01-JAN-1970|0|-1|0|0|6200000072|0|0|0|0|6200000072|0|10040|0|1|202547|CONSTRAINED|CONSTRAINED|CONSTRAINED_202547_2025-11-20_0656|BY_IF
100000000009|1003|1|1020000315_10_0001|0|17-AUG-2025|0|0|1020000315|1|0|120960|800|90|0|0|17-AUG-2025|0|5|01-JAN-1970|0|-1|0|0|6200000072|0|0|0|0|6200000072|0|10092|0|1|202547|CONSTRAINED|CONSTRAINED|CONSTRAINED_202547_2025-11-20_0656|BY_IF
100000000009|1003|1|1020000316_10_0001|0|18-AUG-2025|0|0|1020000316|1|0|120960|800|70|0|0|18-AUG-2025|0|5|01-JAN-1970|0|-1|0|0|6200000072|0|0|0|0|6200000072|0|9983|0|1|202547|CONSTRAINED|CONSTRAINED|CONSTRAINED_202547_2025-11-20_0656|BY_IF
100000000009|1003|1|1020000317_10_0001|0|14-AUG-2025|0|0|1020000317|1|0|120960|800|80|0|0|14-AUG-2025|0|5|01-JAN-1970|0|-1|0|0|6200000072|0|0|0|0|6200000072|0|10089|0|1|202547|CONSTRAINED|CONSTRAINED|CONSTRAINED_202547_2025-11-20_0656|BY_IF
100000000009|1003|1|1020000318_10_0001|0|11-AUG-2025|0|0|1020000318|1|0|120960|800|25|0|0|11-AUG-2025|0|5|01-JAN-1970|0|-1|0|0|6200000072|0|0|0|0|6200000072|0|10051|0|1|202547|CONSTRAINED|CONSTRAINED|CONSTRAINED_202547_2025-11-20_0656|BY_IF
100000000009|1003|1|1020000319_10_0001|0|18-AUG-2025|0|0|1020000319|1|0|120960|800|50|0|0|18-AUG-2025|0|5|01-JAN-1970|0|-1|0|0|6200000072|0|0|0|0|6200000072|0|9986|0|1|202547|CONSTRAINED|CONSTRAINED|CONSTRAINED_202547_2025-11-20_0656|BY_IF
100000000009|1003|1|1020000320_10_0001|0|22-JUL-2025|0|0|1020000320|1|0|120960|200|20|0|0|26-JUL-2025|0|5|01-JAN-1970|0|-1|0|0|6200000072|0|0|0|0|6200000072|0|10025|0|1|202547|CONSTRAINED|CONSTRAINED|CONSTRAINED_202547_2025-11-20_0656|BY_IF
100000000009|1003|1|1020000321_10_0001|0|23-JUL-2025|0|0|1020000321|1|0|120960|200|25|0|0|26-JUL-2025|0|5|01-JAN-1970|0|-1|0|0|6200000072|0|0|0|0|6200000072|0|10056|0|1|202547|CONSTRAINED|CONSTRAINED|CONSTRAINED_202547_2025-11-20_0656|BY_IF
100000000009|1003|1|1020000322_10_0001|0|13-AUG-2025|0|0|1020000322|1|0|120960|800|50|0|0|13-AUG-2025|0|5|01-JAN-1970|0|-1|0|0|6200000072|0|0|0|0|6200000072|0|9970|0|1|202547|CONSTRAINED|CONSTRAINED|CONSTRAINED_202547_2025-11-20_0656|BY_IF
100000000009|1003|1|1020000323_10_0001|0|23-JUL-2025|0|0|1020000323|1|0|120960|200|25|0|0|26-JUL-2025|0|5|01-JAN-1970|0|-1|0|0|6200000072|0|0|0|0|6200000072|0|10079|0|1|202547|CONSTRAINED|CONSTRAINED|CONSTRAINED_202547_2025-11-20_0656|BY_IF
100000000009|1003|1|1033500006_10_002|0|28-JUL-2025|0|0|1033500006|1|0|120960|200|65|0|0|28-JUL-2025|0|5|01-JAN-1970|0|-1|0|0|6200000072|0|0|0|0|6200000072|0|9982|0|1|202547|CONSTRAINED|CONSTRAINED|CONSTRAINED_202547_2025-11-20_0656|BY_IF
100000000009|1003|1|1033500006_10_002-1|0|28-JUL-2025|0|0|1033500006|1|0|120960|800|35|0|0|28-JUL-2025|0|6|01-JAN-1970|0|0|0|0|6200000072|0|||0|6200000072|0|0|0|3|202547|CONSTRAINED|CONSTRAINED|CONSTRAINED_202547_2025-11-20_0656|BY_IF
100000000009|1006|1|1020000324_10_0001|0|09-AUG-2025|0|0|1020000324|1|0|120960|200|10|0|0|09-AUG-2025|10|1|01-JAN-1970|0|-1|0|0|6200000072|0|0|0|0|6200000072|0|9017|0|1|202547|CONSTRAINED|CONSTRAINED|CONSTRAINED_202547_2025-11-20_0656|BY_IF
100000000009|1006|1|1020000325_10_0001|0|23-JUL-2025|0|0|1020000325|1|0|120960|200|20|0|0|26-JUL-2025|20|3|01-JAN-1970|0|-1|0|0|6200000072|0|0|0|0|6200000072|0|8260|0|1|202547|CONSTRAINED|CONSTRAINED|CONSTRAINED_202547_2025-11-20_0656|BY_IF
100000000009|1006|1|1020000326_10_0001|0|23-JUL-2025|0|0|1020000326|1|0|120960|200|20|0|0|26-JUL-2025|20|3|01-JAN-1970|0|-1|0|0|6200000072|0|0|0|0|6200000072|0|8250|0|1|202547|CONSTRAINED|CONSTRAINED|CONSTRAINED_202547_2025-11-20_0656|BY_IF
100000000009|1006|1|1020000327_10_0001|0|18-AUG-2025|0|0|1020000327|1|0|120960|800|25|0|0|18-AUG-2025|25|1|01-JAN-1970|0|-1|0|0|6200000072|0|0|0|0|6200000072|0|8223|0|1|202547|CONSTRAINED|CONSTRAINED|CONSTRAINED_202547_2025-11-20_0656|BY_IF
100000000009|1006|1|1020000328_10_0001|0|13-AUG-2025|0|0|1020000328|1|0|120960|800|25|0|0|13-AUG-2025|25|1|01-JAN-1970|0|-1|0|0|6200000072|0|0|0|0|6200000072|0|8424|0|1|202547|CONSTRAINED|CONSTRAINED|CONSTRAINED_202547_2025-11-20_0656|BY_IF
100000000009|1006|1|1020000329_10_0001|0|11-AUG-2025|0|0|1020000329|1|0|120960|800|50|0|0|11-AUG-2025|50|1|01-JAN-1970|0|-1|0|0|6200000072|0|0|0|0|6200000072|0|8725|0|1|202547|CONSTRAINED|CONSTRAINED|CONSTRAINED_202547_2025-11-20_0656|BY_IF
100000000009|1006|1|1020000330_10_0001|0|12-AUG-2025|0|0|1020000330|1|0|120960|800|25|0|0|12-AUG-2025|25|1|01-JAN-1970|0|-1|0|0|6200000072|0|0|0|0|6200000072|0|8508|0|1|202547|CONSTRAINED|CONSTRAINED|CONSTRAINED_202547_2025-11-20_0656|BY_IF
100000000009|1006|1|1020000331_10_0001|0|16-AUG-2025|0|0|1020000331|1|0|120960|200|25|0|0|16-AUG-2025|25|1|01-JAN-1970|0|-1|0|0|6200000072|0|0|0|0|6200000072|0|8292|0|1|202547|CONSTRAINED|CONSTRAINED|CONSTRAINED_202547_2025-11-20_0656|BY_IF
100000000009|1006|1|1020000332_10_0001|0|14-AUG-2025|0|0|1020000332|1|0|120960|200|75|0|0|14-AUG-2025|75|1|01-JAN-1970|0|-1|0|0|6200000072|0|0|0|0|6200000072|0|8354|0|1|202547|CONSTRAINED|CONSTRAINED|CONSTRAINED_202547_2025-11-20_0656|BY_IF
100000000009|1006|1|1020000333_10_0001|0|18-AUG-2025|0|0|1020000333|1|0|120960|800|25|0|0|18-AUG-2025|25|1|01-JAN-1970|0|-1|0|0|6200000072|0|0|0|0|6200000072|0|8222|0|1|202547|CONSTRAINED|CONSTRAINED|CONSTRAINED_202547_2025-11-20_0656|BY_IF
100000000009|1006|1|1020000334_10_0001|0|23-JUL-2025|0|0|1020000334|1|0|120960|200|25|0|0|26-JUL-2025|25|3|01-JAN-1970|0|-1|0|0|6200000072|0|0|0|0|6200000072|0|8239|0|1|202547|CONSTRAINED|CONSTRAINED|CONSTRAINED_202547_2025-11-20_0656|BY_IF
100000000009|1006|1|1020000335_10_0001|0|23-AUG-2025|0|0|1020000335|1|0|120960|800|35|0|0|23-AUG-2025|35|1|01-JAN-1970|0|-1|0|0|6200000072|0|0|0|0|6200000072|0|8144|0|1|202547|CONSTRAINED|CONSTRAINED|CONSTRAINED_202547_2025-11-20_0656|BY_IF
100000000009|1006|1|1020000336_10_0001|0|14-AUG-2025|0|0|1020000336|1|0|120960|200|25|0|0|14-AUG-2025|25|1|01-JAN-1970|0|-1|0|0|6200000072|0|0|0|0|6200000072|0|8353|0|1|202547|CONSTRAINED|CONSTRAINED|CONSTRAINED_202547_2025-11-20_0656|BY_IF
100000000009|1006|1|1020000337_10_0001|0|13-AUG-2025|0|0|1020000337|1|0|120960|800|25|0|0|13-AUG-2025|25|1|01-JAN-1970|0|-1|0|0|6200000072|0|0|0|0|6200000072|0|8423|0|1|202547|CONSTRAINED|CONSTRAINED|CONSTRAINED_202547_2025-11-20_0656|BY_IF
100000000009|1006|1|1020000338_10_0001|0|23-AUG-2025|0|0|1020000338|1|0|120960|800|65|0|0|23-AUG-2025|65|1|01-JAN-1970|0|-1|0|0|6200000072|0|0|0|0|6200000072|0|8143|0|1|202547|CONSTRAINED|CONSTRAINED|CONSTRAINED_202547_2025-11-20_0656|BY_IF
100000000009|1006|1|1020000339_10_0001|0|20-AUG-2025|0|0|1020000339|1|0|120960|800|2|0|0|20-AUG-2025|2|1|01-JAN-1970|0|-1|0|0|6200000072|0|0|0|0|6200000072|0|8163|0|1|202547|CONSTRAINED|CONSTRAINED|CONSTRAINED_202547_2025-11-20_0656|BY_IF
100000000009|1006|1|1020000340_10_0001|0|17-AUG-2025|0|0|1020000340|1|0|120960|800|25|0|0|17-AUG-2025|25|1|01-JAN-1970|0|-1|0|0|6200000072|0|0|0|0|6200000072|0|8261|0|1|202547|CONSTRAINED|CONSTRAINED|CONSTRAINED_202547_2025-11-20_0656|BY_IF
100000000009|1006|1|1020000341_10_0001|0|21-JUL-2025|0|0|1020000341|1|0|120960|200|25|0|0|26-JUL-2025|25|3|01-JAN-1970|0|-1|0|0|6200000072|0|0|0|0|6200000072|0|8924|0|1|202547|CONSTRAINED|CONSTRAINED|CONSTRAINED_202547_2025-11-20_0656|BY_IF
100000000009|1006|2| |117|20-DEC-2025|0|0|0|0|0|0|400|75|0|0|20-DEC-2025|0|6|01-JAN-1970|0|0|117|0| |0|||0|6200000072|10|0|0|1|202547|CONSTRAINED|CONSTRAINED|CONSTRAINED_202547_2025-11-20_0656|BY_IF
100000000009|1006|2| |118|06-DEC-2025|0|0|0|0|0|0|400|49|0|0|06-DEC-2025|0|6|01-JAN-1970|0|0|118|0| |0|||0|6200000072|10|0|0|1|202547|CONSTRAINED|CONSTRAINED|CONSTRAINED_202547_2025-11-20_0656|BY_IF
100000000009|1006|2| |119|03-JAN-2026|0|0|0|0|0|0|400|75|0|0|03-JAN-2026|0|6|01-JAN-1970|0|0|119|0| |0|||0|6200000072|10|0|0|1|202547|CONSTRAINED|CONSTRAINED|CONSTRAINED_202547_2025-11-20_0656|BY_IF
100000000009|1006|2| |120|22-NOV-2025|0|0|0|0|0|0|400|98|0|0|22-NOV-2025|0|6|01-JAN-1970|0|0|120|0| |0|||0|6200000072|10|0|0|1|202547|CONSTRAINED|CONSTRAINED|CONSTRAINED_202547_2025-11-20_0656|BY_IF
100000000009|1006|2| |121|27-DEC-2025|0|0|0|0|0|0|400|75|0|0|27-DEC-2025|0|6|01-JAN-1970|0|0|121|0| |0|||0|6200000072|10|0|0|1|202547|CONSTRAINED|CONSTRAINED|CONSTRAINED_202547_2025-11-20_0656|BY_IF
100000000009|1006|2| |122|13-DEC-2025|0|0|0|0|0|0|400|75|0|0|13-DEC-2025|0|6|01-JAN-1970|0|0|122|0| |0|||0|6200000072|10|0|0|1|202547|CONSTRAINED|CONSTRAINED|CONSTRAINED_202547_2025-11-20_0656|BY_IF
100000000009|1006|2| |123|10-JAN-2026|0|0|0|0|0|0|400|75|0|0|10-JAN-2026|0|6|01-JAN-1970|0|0|123|0| |0|||0|6200000072|10|0|0|1|202547|CONSTRAINED|CONSTRAINED|CONSTRAINED_202547_2025-11-20_0656|BY_IF
100000000009|VF|2| |258|18-JUL-2026|0|0|0|0|0|0|400|75|0|0|18-JUL-2026|0|6|01-JAN-1970|0|0|258|0| |0|||0|6200000072|10|0|0|1|202547|CONSTRAINED|CONSTRAINED|CONSTRAINED_202547_2025-11-20_0656|BY_IF
100000000009|VF|2| |259|25-JUL-2026|0|0|0|0|0|0|400|75|0|0|25-JUL-2026|0|6|01-JAN-1970|0|0|259|0| |0|||0|6200000072|10|0|0|1|202547|CONSTRAINED|CONSTRAINED|CONSTRAINED_202547_2025-11-20_0656|BY_IF
100000000009|VF|2| |260|17-JAN-2026|0|0|0|0|0|0|400|75|0|0|17-JAN-2026|0|6|01-JAN-1970|0|0|260|0| |0|||0|6200000072|10|0|0|1|202547|CONSTRAINED|CONSTRAINED|CONSTRAINED_202547_2025-11-20_0656|BY_IF
100000000009|VF|2| |261|24-JAN-2026|0|0|0|0|0|0|400|75|0|0|24-JAN-2026|0|6|01-JAN-1970|0|0|261|0| |0|||0|6200000072|10|0|0|1|202547|CONSTRAINED|CONSTRAINED|CONSTRAINED_202547_2025-11-20_0656|BY_IF
100000000009|VF|2| |262|14-FEB-2026|0|0|0|0|0|0|400|75|0|0|14-FEB-2026|0|6|01-JAN-1970|0|0|262|0| |0|||0|6200000072|10|0|0|1|202547|CONSTRAINED|CONSTRAINED|CONSTRAINED_202547_2025-11-20_0656|BY_IF
100000000009|VF|2| |263|21-FEB-2026|0|0|0|0|0|0|400|75|0|0|21-FEB-2026|0|6|01-JAN-1970|0|0|263|0| |0|||0|6200000072|10|0|0|1|202547|CONSTRAINED|CONSTRAINED|CONSTRAINED_202547_2025-11-20_0656|BY_IF
100000000009|VF|2| |264|31-JAN-2026|0|0|0|0|0|0|400|75|0|0|31-JAN-2026|0|6|01-JAN-1970|0|0|264|0| |0|||0|6200000072|10|0|0|1|202547|CONSTRAINED|CONSTRAINED|CONSTRAINED_202547_2025-11-20_0656|BY_IF
100000000009|VF|2| |265|07-FEB-2026|0|0|0|0|0|0|400|75|0|0|07-FEB-2026|0|6|01-JAN-1970|0|0|265|0| |0|||0|6200000072|10|0|0|1|202547|CONSTRAINED|CONSTRAINED|CONSTRAINED_202547_2025-11-20_0656|BY_IF
100000000009|VF|2| |266|16-MAY-2026|0|0|0|0|0|0|400|75|0|0|16-MAY-2026|0|6|01-JAN-1970|0|0|266|0| |0|||0|6200000072|10|0|0|1|202547|CONSTRAINED|CONSTRAINED|CONSTRAINED_202547_2025-11-20_0656|BY_IF
100000000009|VF|2| |267|09-MAY-2026|0|0|0|0|0|0|400|75|0|0|09-MAY-2026|0|6|01-JAN-1970|0|0|267|0| |0|||0|6200000072|10|0|0|1|202547|CONSTRAINED|CONSTRAINED|CONSTRAINED_202547_2025-11-20_0656|BY_IF
100000000009|VF|2| |268|28-FEB-2026|0|0|0|0|0|0|400|75|0|0|28-FEB-2026|0|6|01-JAN-1970|0|0|268|0| |0|||0|6200000072|10|0|0|1|202547|CONSTRAINED|CONSTRAINED|CONSTRAINED_202547_2025-11-20_0656|BY_IF
100000000009|VF|2| |269|07-MAR-2026|0|0|0|0|0|0|400|75|0|0|07-MAR-2026|0|6|01-JAN-1970|0|0|269|0| |0|||0|6200000072|10|0|0|1|202547|CONSTRAINED|CONSTRAINED|CONSTRAINED_202547_2025-11-20_0656|BY_IF
100000000009|VF|2| |270|13-JUN-2026|0|0|0|0|0|0|400|75|0|0|13-JUN-2026|0|6|01-JAN-1970|0|0|270|0| |0|||0|6200000072|10|0|0|1|202547|CONSTRAINED|CONSTRAINED|CONSTRAINED_202547_2025-11-20_0656|BY_IF
100000000009|VF|2| |271|06-JUN-2026|0|0|0|0|0|0|400|75|0|0|06-JUN-2026|0|6|01-JAN-1970|0|0|271|0| |0|||0|6200000072|10|0|0|1|202547|CONSTRAINED|CONSTRAINED|CONSTRAINED_202547_2025-11-20_0656|BY_IF
100000000009|VF|2| |272|04-APR-2026|0|0|0|0|0|0|400|75|0|0|04-APR-2026|0|6|01-JAN-1970|0|0|272|0| |0|||0|6200000072|10|0|0|1|202547|CONSTRAINED|CONSTRAINED|CONSTRAINED_202547_2025-11-20_0656|BY_IF
100000000009|VF|2| |273|28-MAR-2026|0|0|0|0|0|0|400|75|0|0|28-MAR-2026|0|6|01-JAN-1970|0|0|273|0| |0|||0|6200000072|10|0|0|1|202547|CONSTRAINED|CONSTRAINED|CONSTRAINED_202547_2025-11-20_0656|BY_IF
100000000009|VF|2| |274|30-MAY-2026|0|0|0|0|0|0|400|75|0|0|30-MAY-2026|0|6|01-JAN-1970|0|0|274|0| |0|||0|6200000072|10|0|0|1|202547|CONSTRAINED|CONSTRAINED|CONSTRAINED_202547_2025-11-20_0656|BY_IF
100000000009|VF|2| |275|23-MAY-2026|0|0|0|0|0|0|400|75|0|0|23-MAY-2026|0|6|01-JAN-1970|0|0|275|0| |0|||0|6200000072|10|0|0|1|202547|CONSTRAINED|CONSTRAINED|CONSTRAINED_202547_2025-11-20_0656|BY_IF
100000000009|VF|2| |276|21-MAR-2026|0|0|0|0|0|0|400|75|0|0|21-MAR-2026|0|6|01-JAN-1970|0|0|276|0| |0|||0|6200000072|10|0|0|1|202547|CONSTRAINED|CONSTRAINED|CONSTRAINED_202547_2025-11-20_0656|BY_IF
100000000009|VF|2| |277|14-MAR-2026|0|0|0|0|0|0|400|75|0|0|14-MAR-2026|0|6|01-JAN-1970|0|0|277|0| |0|||0|6200000072|10|0|0|1|202547|CONSTRAINED|CONSTRAINED|CONSTRAINED_202547_2025-11-20_0656|BY_IF
100000000009|VF|2| |278|02-MAY-2026|0|0|0|0|0|0|400|75|0|0|02-MAY-2026|0|6|01-JAN-1970|0|0|278|0| |0|||0|6200000072|10|0|0|1|202547|CONSTRAINED|CONSTRAINED|CONSTRAINED_202547_2025-11-20_0656|BY_IF
100000000009|VF|2| |279|25-APR-2026|0|0|0|0|0|0|400|75|0|0|25-APR-2026|0|6|01-JAN-1970|0|0|279|0| |0|||0|6200000072|10|0|0|1|202547|CONSTRAINED|CONSTRAINED|CONSTRAINED_202547_2025-11-20_0656|BY_IF
100000000009|VF|2| |280|04-JUL-2026|0|0|0|0|0|0|400|75|0|0|04-JUL-2026|0|6|01-JAN-1970|0|0|280|0| |0|||0|6200000072|10|0|0|1|202547|CONSTRAINED|CONSTRAINED|CONSTRAINED_202547_2025-11-20_0656|BY_IF
100000000009|VF|2| |281|11-JUL-2026|0|0|0|0|0|0|400|75|0|0|11-JUL-2026|0|6|01-JAN-1970|0|0|281|0| |0|||0|6200000072|10|0|0|1|202547|CONSTRAINED|CONSTRAINED|CONSTRAINED_202547_2025-11-20_0656|BY_IF
100000000009|VF|2| |282|27-JUN-2026|0|0|0|0|0|0|400|75|0|0|27-JUN-2026|0|6|01-JAN-1970|0|0|282|0| |0|||0|6200000072|10|0|0|1|202547|CONSTRAINED|CONSTRAINED|CONSTRAINED_202547_2025-11-20_0656|BY_IF
100000000009|VF|2| |283|20-JUN-2026|0|0|0|0|0|0|400|75|0|0|20-JUN-2026|0|6|01-JAN-1970|0|0|283|0| |0|||0|6200000072|10|0|0|1|202547|CONSTRAINED|CONSTRAINED|CONSTRAINED_202547_2025-11-20_0656|BY_IF
100000000009|VF|2| |284|18-APR-2026|0|0|0|0|0|0|400|75|0|0|18-APR-2026|0|6|01-JAN-1970|0|0|284|0| |0|||0|6200000072|10|0|0|1|202547|CONSTRAINED|CONSTRAINED|CONSTRAINED_202547_2025-11-20_0656|BY_IF
100000000009|VF|2| |285|11-APR-2026|0|0|0|0|0|0|400|75|0|0|11-APR-2026|0|6|01-JAN-1970|0|0|285|0| |0|||0|6200000072|10|0|0|1|202547|CONSTRAINED|CONSTRAINED|CONSTRAINED_202547_2025-11-20_0656|BY_IF
100000000009|VF|2| |757|16-JAN-2027|0|0|0|0|0|0|1200|75|0|0|16-JAN-2027|0|6|01-JAN-1970|0|0|757|0| |0|||0|6200000072|13|0|0|1|202547|CONSTRAINED|CONSTRAINED|CONSTRAINED_202547_2025-11-20_0656|BY_IF
100000000009|VF|2| |758|06-MAR-2027|0|0|0|0|0|0|1200|75|0|0|06-MAR-2027|0|6|01-JAN-1970|0|0|758|0| |0|||0|6200000072|13|0|0|1|202547|CONSTRAINED|CONSTRAINED|CONSTRAINED_202547_2025-11-20_0656|BY_IF
100000000009|VF|2| |759|22-MAY-2027|0|0|0|0|0|0|1200|75|0|0|22-MAY-2027|0|6|01-JAN-1970|0|0|759|0| |0|||0|6200000072|13|0|0|1|202547|CONSTRAINED|CONSTRAINED|CONSTRAINED_202547_2025-11-20_0656|BY_IF
100000000009|VF|2| |760|07-NOV-2026|0|0|0|0|0|0|1200|75|0|0|07-NOV-2026|0|6|01-JAN-1970|0|0|760|0| |0|||0|6200000072|13|0|0|1|202547|CONSTRAINED|CONSTRAINED|CONSTRAINED_202547_2025-11-20_0656|BY_IF
100000000009|VF|2| |761|09-JAN-2027|0|0|0|0|0|0|1200|75|0|0|09-JAN-2027|0|6|01-JAN-1970|0|0|761|0| |0|||0|6200000072|13|0|0|1|202547|CONSTRAINED|CONSTRAINED|CONSTRAINED_202547_2025-11-20_0656|BY_IF
100000000009|VF|2| |762|13-MAR-2027|0|0|0|0|0|0|1200|75|0|0|13-MAR-2027|0|6|01-JAN-1970|0|0|762|0| |0|||0|6200000072|13|0|0|1|202547|CONSTRAINED|CONSTRAINED|CONSTRAINED_202547_2025-11-20_0656|BY_IF
100000000009|VF|2| |763|15-MAY-2027|0|0|0|0|0|0|1200|75|0|0|15-MAY-2027|0|6|01-JAN-1970|0|0|763|0| |0|||0|6200000072|13|0|0|1|202547|CONSTRAINED|CONSTRAINED|CONSTRAINED_202547_2025-11-20_0656|BY_IF
100000000009|VF|2| |764|17-OCT-2026|0|0|0|0|0|0|1200|75|0|0|17-OCT-2026|0|6|01-JAN-1970|0|0|764|0| |0|||0|6200000072|13|0|0|1|202547|CONSTRAINED|CONSTRAINED|CONSTRAINED_202547_2025-11-20_0656|BY_IF
100000000009|VF|2| |765|02-JAN-2027|0|0|0|0|0|0|1200|75|0|0|02-JAN-2027|0|6|01-JAN-1970|0|0|765|0| |0|||0|6200000072|13|0|0|1|202547|CONSTRAINED|CONSTRAINED|CONSTRAINED_202547_2025-11-20_0656|BY_IF
100000000009|VF|2| |766|20-MAR-2027|0|0|0|0|0|0|1200|75|0|0|20-MAR-2027|0|6|01-JAN-1970|0|0|766|0| |0|||0|6200000072|13|0|0|1|202547|CONSTRAINED|CONSTRAINED|CONSTRAINED_202547_2025-11-20_0656|BY_IF
100000000009|VF|2| |767|05-JUN-2027|0|0|0|0|0|0|1200|75|0|0|05-JUN-2027|0|6|01-JAN-1970|0|0|767|0| |0|||0|6200000072|13|0|0|1|202547|CONSTRAINED|CONSTRAINED|CONSTRAINED_202547_2025-11-20_0656|BY_IF
100000000009|VF|2| |768|24-OCT-2026|0|0|0|0|0|0|1200|75|0|0|24-OCT-2026|0|6|01-JAN-1970|0|0|768|0| |0|||0|6200000072|13|0|0|1|202547|CONSTRAINED|CONSTRAINED|CONSTRAINED_202547_2025-11-20_0656|BY_IF
100000000009|VF|2| |769|26-DEC-2026|0|0|0|0|0|0|1200|75|0|0|26-DEC-2026|0|6|01-JAN-1970|0|0|769|0| |0|||0|6200000072|13|0|0|1|202547|CONSTRAINED|CONSTRAINED|CONSTRAINED_202547_2025-11-20_0656|BY_IF
100000000009|VF|2| |770|27-MAR-2027|0|0|0|0|0|0|1200|75|0|0|27-MAR-2027|0|6|01-JAN-1970|0|0|770|0| |0|||0|6200000072|13|0|0|1|202547|CONSTRAINED|CONSTRAINED|CONSTRAINED_202547_2025-11-20_0656|BY_IF
100000000009|VF|2| |771|29-MAY-2027|0|0|0|0|0|0|1200|75|0|0|29-MAY-2027|0|6|01-JAN-1970|0|0|771|0| |0|||0|6200000072|13|0|0|1|202547|CONSTRAINED|CONSTRAINED|CONSTRAINED_202547_2025-11-20_0656|BY_IF
100000000009|VF|2| |772|03-OCT-2026|0|0|0|0|0|0|1200|75|0|0|03-OCT-2026|0|6|01-JAN-1970|0|0|772|0| |0|||0|6200000072|13|0|0|1|202547|CONSTRAINED|CONSTRAINED|CONSTRAINED_202547_2025-11-20_0656|BY_IF
100000000009|VF|2| |773|01-AUG-2026|0|0|0|0|0|0|1200|75|0|0|01-AUG-2026|0|6|01-JAN-1970|0|0|773|0| |0|||0|6200000072|13|0|0|1|202547|CONSTRAINED|CONSTRAINED|CONSTRAINED_202547_2025-11-20_0656|BY_IF
100000000009|VF|2| |774|05-DEC-2026|0|0|0|0|0|0|1200|75|0|0|05-DEC-2026|0|6|01-JAN-1970|0|0|774|0| |0|||0|6200000072|13|0|0|1|202547|CONSTRAINED|CONSTRAINED|CONSTRAINED_202547_2025-11-20_0656|BY_IF
100000000009|VF|2| |775|06-FEB-2027|0|0|0|0|0|0|1200|75|0|0|06-FEB-2027|0|6|01-JAN-1970|0|0|775|0| |0|||0|6200000072|13|0|0|1|202547|CONSTRAINED|CONSTRAINED|CONSTRAINED_202547_2025-11-20_0656|BY_IF
100000000009|VF|2| |776|26-JUN-2027|0|0|0|0|0|0|1200|75|0|0|26-JUN-2027|0|6|01-JAN-1970|0|0|776|0| |0|||0|6200000072|13|0|0|1|202547|CONSTRAINED|CONSTRAINED|CONSTRAINED_202547_2025-11-20_0656|BY_IF
100000000009|VF|2| |777|14-NOV-2026|0|0|0|0|0|0|1200|75|0|0|14-NOV-2026|0|6|01-JAN-1970|0|0|777|0| |0|||0|6200000072|13|0|0|1|202547|CONSTRAINED|CONSTRAINED|CONSTRAINED_202547_2025-11-20_0656|BY_IF
100000000009|VF|2| |778|30-JAN-2027|0|0|0|0|0|0|1200|75|0|0|30-JAN-2027|0|6|01-JAN-1970|0|0|778|0| |0|||0|6200000072|13|0|0|1|202547|CONSTRAINED|CONSTRAINED|CONSTRAINED_202547_2025-11-20_0656|BY_IF
100000000009|VF|2| |779|17-APR-2027|0|0|0|0|0|0|1200|75|0|0|17-APR-2027|0|6|01-JAN-1970|0|0|779|0| |0|||0|6200000072|13|0|0|1|202547|CONSTRAINED|CONSTRAINED|CONSTRAINED_202547_2025-11-20_0656|BY_IF
100000000009|VF|2| |780|03-JUL-2027|0|0|0|0|0|0|1200|75|0|0|03-JUL-2027|0|6|01-JAN-1970|0|0|780|0| |0|||0|6200000072|13|0|0|1|202547|CONSTRAINED|CONSTRAINED|CONSTRAINED_202547_2025-11-20_0656|BY_IF
100000000009|VF|2| |781|05-SEP-2026|0|0|0|0|0|0|1200|75|0|0|05-SEP-2026|0|6|01-JAN-1970|0|0|781|0| |0|||0|6200000072|13|0|0|1|202547|CONSTRAINED|CONSTRAINED|CONSTRAINED_202547_2025-11-20_0656|BY_IF
100000000009|VF|2| |782|08-MAY-2027|0|0|0|0|0|0|1200|75|0|0|08-MAY-2027|0|6|01-JAN-1970|0|0|782|0| |0|||0|6200000072|13|0|0|1|202547|CONSTRAINED|CONSTRAINED|CONSTRAINED_202547_2025-11-20_0656|BY_IF
100000000009|VF|2| |783|10-JUL-2027|0|0|0|0|0|0|1200|75|0|0|10-JUL-2027|0|6|01-JAN-1970|0|0|783|0| |0|||0|6200000072|13|0|0|1|202547|CONSTRAINED|CONSTRAINED|CONSTRAINED_202547_2025-11-20_0656|BY_IF
100000000009|VF|2| |784|24-JUL-2027|0|0|0|0|0|0|1200|75|0|0|24-JUL-2027|0|6|01-JAN-1970|0|0|784|0| |0|||0|6200000072|13|0|0|1|202547|CONSTRAINED|CONSTRAINED|CONSTRAINED_202547_2025-11-20_0656|BY_IF
100000000009|VF|2| |785|12-SEP-2026|0|0|0|0|0|0|1200|75|0|0|12-SEP-2026|0|6|01-JAN-1970|0|0|785|0| |0|||0|6200000072|13|0|0|1|202547|CONSTRAINED|CONSTRAINED|CONSTRAINED_202547_2025-11-20_0656|BY_IF
100000000009|VF|2| |786|01-MAY-2027|0|0|0|0|0|0|1200|75|0|0|01-MAY-2027|0|6|01-JAN-1970|0|0|786|0| |0|||0|6200000072|13|0|0|1|202547|CONSTRAINED|CONSTRAINED|CONSTRAINED_202547_2025-11-20_0656|BY_IF
100000000009|VF|2| |787|17-JUL-2027|0|0|0|0|0|0|1200|75|0|0|17-JUL-2027|0|6|01-JAN-1970|0|0|787|0| |0|||0|6200000072|13|0|0|1|202547|CONSTRAINED|CONSTRAINED|CONSTRAINED_202547_2025-11-20_0656|BY_IF
100000000009|VF|2| |788|19-SEP-2026|0|0|0|0|0|0|1200|75|0|0|19-SEP-2026|0|6|01-JAN-1970|0|0|788|0| |0|||0|6200000072|13|0|0|1|202547|CONSTRAINED|CONSTRAINED|CONSTRAINED_202547_2025-11-20_0656|BY_IF
100000000009|VF|2| |789|19-DEC-2026|0|0|0|0|0|0|1200|75|0|0|19-DEC-2026|0|6|01-JAN-1970|0|0|789|0| |0|||0|6200000072|13|0|0|1|202547|CONSTRAINED|CONSTRAINED|CONSTRAINED_202547_2025-11-20_0656|BY_IF
100000000009|VF|2| |790|20-FEB-2027|0|0|0|0|0|0|1200|75|0|0|20-FEB-2027|0|6|01-JAN-1970|0|0|790|0| |0|||0|6200000072|13|0|0|1|202547|CONSTRAINED|CONSTRAINED|CONSTRAINED_202547_2025-11-20_0656|BY_IF
100000000009|VF|2| |791|26-SEP-2026|0|0|0|0|0|0|1200|75|0|0|26-SEP-2026|0|6|01-JAN-1970|0|0|791|0| |0|||0|6200000072|13|0|0|1|202547|CONSTRAINED|CONSTRAINED|CONSTRAINED_202547_2025-11-20_0656|BY_IF
100000000009|VF|2| |792|12-DEC-2026|0|0|0|0|0|0|1200|75|0|0|12-DEC-2026|0|6|01-JAN-1970|0|0|792|0| |0|||0|6200000072|13|0|0|1|202547|CONSTRAINED|CONSTRAINED|CONSTRAINED_202547_2025-11-20_0656|BY_IF
100000000009|VF|2| |793|27-FEB-2027|0|0|0|0|0|0|1200|75|0|0|27-FEB-2027|0|6|01-JAN-1970|0|0|793|0| |0|||0|6200000072|13|0|0|1|202547|CONSTRAINED|CONSTRAINED|CONSTRAINED_202547_2025-11-20_0656|BY_IF
100000000009|VF|2| |797|15-AUG-2026|0|0|0|0|0|0|1200|75|0|0|15-AUG-2026|0|6|01-JAN-1970|0|0|797|0| |0|||0|6200000072|13|0|0|1|202547|CONSTRAINED|CONSTRAINED|CONSTRAINED_202547_2025-11-20_0656|BY_IF
100000000009|VF|2| |798|08-AUG-2026|0|0|0|0|0|0|1200|75|0|0|08-AUG-2026|0|6|01-JAN-1970|0|0|798|0| |0|||0|6200000072|13|0|0|1|202547|CONSTRAINED|CONSTRAINED|CONSTRAINED_202547_2025-11-20_0656|BY_IF
100000000009|VF|2| |799|29-AUG-2026|0|0|0|0|0|0|1200|75|0|0|29-AUG-2026|0|6|01-JAN-1970|0|0|799|0| |0|||0|6200000072|13|0|0|1|202547|CONSTRAINED|CONSTRAINED|CONSTRAINED_202547_2025-11-20_0656|BY_IF
100000000009|VF|2| |800|22-AUG-2026|0|0|0|0|0|0|1200|75|0|0|22-AUG-2026|0|6|01-JAN-1970|0|0|800|0| |0|||0|6200000072|13|0|0|1|202547|CONSTRAINED|CONSTRAINED|CONSTRAINED_202547_2025-11-20_0656|BY_IF
100000000009|VF|2| |801|31-OCT-2026|0|0|0|0|0|0|1200|75|0|0|31-OCT-2026|0|6|01-JAN-1970|0|0|801|0| |0|||0|6200000072|13|0|0|1|202547|CONSTRAINED|CONSTRAINED|CONSTRAINED_202547_2025-11-20_0656|BY_IF
100000000009|VF|2| |802|10-APR-2027|0|0|0|0|0|0|1200|75|0|0|10-APR-2027|0|6|01-JAN-1970|0|0|802|0| |0|||0|6200000072|13|0|0|1|202547|CONSTRAINED|CONSTRAINED|CONSTRAINED_202547_2025-11-20_0656|BY_IF
100000000009|VF|2| |803|12-JUN-2027|0|0|0|0|0|0|1200|75|0|0|12-JUN-2027|0|6|01-JAN-1970|0|0|803|0| |0|||0|6200000072|13|0|0|1|202547|CONSTRAINED|CONSTRAINED|CONSTRAINED_202547_2025-11-20_0656|BY_IF
100000000009|VF|2| |804|10-OCT-2026|0|0|0|0|0|0|1200|75|0|0|10-OCT-2026|0|6|01-JAN-1970|0|0|804|0| |0|||0|6200000072|13|0|0|1|202547|CONSTRAINED|CONSTRAINED|CONSTRAINED_202547_2025-11-20_0656|BY_IF
100000000009|VF|2| |805|28-NOV-2026|0|0|0|0|0|0|1200|75|0|0|28-NOV-2026|0|6|01-JAN-1970|0|0|805|0| |0|||0|6200000072|13|0|0|1|202547|CONSTRAINED|CONSTRAINED|CONSTRAINED_202547_2025-11-20_0656|BY_IF
100000000009|VF|2| |806|13-FEB-2027|0|0|0|0|0|0|1200|75|0|0|13-FEB-2027|0|6|01-JAN-1970|0|0|806|0| |0|||0|6200000072|13|0|0|1|202547|CONSTRAINED|CONSTRAINED|CONSTRAINED_202547_2025-11-20_0656|BY_IF
100000000009|VF|2| |807|03-APR-2027|0|0|0|0|0|0|1200|75|0|0|03-APR-2027|0|6|01-JAN-1970|0|0|807|0| |0|||0|6200000072|13|0|0|1|202547|CONSTRAINED|CONSTRAINED|CONSTRAINED_202547_2025-11-20_0656|BY_IF
100000000009|VF|2| |808|19-JUN-2027|0|0|0|0|0|0|1200|75|0|0|19-JUN-2027|0|6|01-JAN-1970|0|0|808|0| |0|||0|6200000072|13|0|0|1|202547|CONSTRAINED|CONSTRAINED|CONSTRAINED_202547_2025-11-20_0656|BY_IF
100000000009|VF|2| |809|21-NOV-2026|0|0|0|0|0|0|1200|75|0|0|21-NOV-2026|0|6|01-JAN-1970|0|0|809|0| |0|||0|6200000072|13|0|0|1|202547|CONSTRAINED|CONSTRAINED|CONSTRAINED_202547_2025-11-20_0656|BY_IF
100000000009|VF|2| |810|23-JAN-2027|0|0|0|0|0|0|1200|75|0|0|23-JAN-2027|0|6|01-JAN-1970|0|0|810|0| |0|||0|6200000072|13|0|0|1|202547|CONSTRAINED|CONSTRAINED|CONSTRAINED_202547_2025-11-20_0656|BY_IF
100000000009|VF|2| |811|24-APR-2027|0|0|0|0|0|0|1200|75|0|0|24-APR-2027|0|6|01-JAN-1970|0|0|811|0| |0|||0|6200000072|13|0|0|1|202547|CONSTRAINED|CONSTRAINED|CONSTRAINED_202547_2025-11-20_0656|BY_IF
100000000110|1003|1|1030001122_10_0001|0|13-AUG-2025|0|0|1030001122|1|0|120960|800|45|0|0|13-AUG-2025|45|1|01-JAN-1970|0|-1|0|0|6200000072|0|0|0|0|6200000072|0|8422|0|1|202547|CONSTRAINED|CONSTRAINED|CONSTRAINED_202547_2025-11-20_0656|BY_IF
100000000110|1003|1|1030001123_10_0001|0|23-JUL-2025|0|0|1030001123|1|0|120960|200|25|0|0|26-JUL-2025|25|3|01-JAN-1970|0|-1|0|0|6200000072|0|0|0|0|6200000072|0|8230|0|1|202547|CONSTRAINED|CONSTRAINED|CONSTRAINED_202547_2025-11-20_0656|BY_IF
100000000110|1003|1|1030001124_10_0001|0|09-AUG-2025|0|0|1030001124|1|0|120960|200|12|0|0|09-AUG-2025|12|1|01-JAN-1970|0|-1|0|0|6200000072|0|0|0|0|6200000072|0|9006|0|1|202547|CONSTRAINED|CONSTRAINED|CONSTRAINED_202547_2025-11-20_0656|BY_IF
100000000110|1003|1|1030001125_10_0001|0|23-JUL-2025|0|0|1030001125|1|0|120960|200|20|0|0|26-JUL-2025|20|3|01-JAN-1970|0|-1|0|0|6200000072|0|0|0|0|6200000072|0|8221|0|1|202547|CONSTRAINED|CONSTRAINED|CONSTRAINED_202547_2025-11-20_0656|BY_IF
100000000110|1003|1|1030001126_10_0001|0|23-JUL-2025|0|0|1030001126|1|0|120960|200|20|0|0|26-JUL-2025|20|3|01-JAN-1970|0|-1|0|0|6200000072|0|0|0|0|6200000072|0|8212|0|1|202547|CONSTRAINED|CONSTRAINED|CONSTRAINED_202547_2025-11-20_0656|BY_IF
100000000110|1003|1|1030001127_10_0001|0|18-AUG-2025|0|0|1030001127|1|0|120960|800|25|0|0|18-AUG-2025|25|1|01-JAN-1970|0|-1|0|0|6200000072|0|0|0|0|6200000072|0|8220|0|1|202547|CONSTRAINED|CONSTRAINED|CONSTRAINED_202547_2025-11-20_0656|BY_IF
100000000110|1003|1|1030001128_10_0001|0|13-AUG-2025|0|0|1030001128|1|0|120960|800|25|0|0|13-AUG-2025|25|1|01-JAN-1970|0|-1|0|0|6200000072|0|0|0|0|6200000072|0|8421|0|1|202547|CONSTRAINED|CONSTRAINED|CONSTRAINED_202547_2025-11-20_0656|BY_IF
100000000110|1003|1|1030001129_10_0001|0|11-AUG-2025|0|0|1030001129|1|0|120960|800|65|0|0|11-AUG-2025|65|1|01-JAN-1970|0|-1|0|0|6200000072|0|0|0|0|6200000072|0|8714|0|1|202547|CONSTRAINED|CONSTRAINED|CONSTRAINED_202547_2025-11-20_0656|BY_IF
100000000110|1003|1|1030001130_10_0001|0|12-AUG-2025|0|0|1030001130|1|0|120960|800|18|0|0|12-AUG-2025|18|1|01-JAN-1970|0|-1|0|0|6200000072|0|0|0|0|6200000072|0|8507|0|1|202547|CONSTRAINED|CONSTRAINED|CONSTRAINED_202547_2025-11-20_0656|BY_IF
100000000110|1003|1|1030001131_10_0001|0|16-AUG-2025|0|0|1030001131|1|0|120960|800|20|0|0|16-AUG-2025|20|1|01-JAN-1970|0|-1|0|0|6200000072|0|0|0|0|6200000072|0|8291|0|1|202547|CONSTRAINED|CONSTRAINED|CONSTRAINED_202547_2025-11-20_0656|BY_IF
100000000110|1003|1|1030001132_10_0001|0|14-AUG-2025|0|0|1030001132|1|0|120960|800|65|0|0|14-AUG-2025|65|1|01-JAN-1970|0|-1|0|0|6200000072|0|0|0|0|6200000072|0|8352|0|1|202547|CONSTRAINED|CONSTRAINED|CONSTRAINED_202547_2025-11-20_0656|BY_IF
100000000110|1003|1|1030001133_10_0001|0|18-AUG-2025|0|0|1030001133|1|0|120960|800|25|0|0|18-AUG-2025|25|1|01-JAN-1970|0|-1|0|0|6200000072|0|0|0|0|6200000072|0|8219|0|1|202547|CONSTRAINED|CONSTRAINED|CONSTRAINED_202547_2025-11-20_0656|BY_IF
100000000110|1003|1|1030001134_10_0001|0|23-JUL-2025|0|0|1030001134|1|0|120960|200|25|0|0|26-JUL-2025|25|3|01-JAN-1970|0|-1|0|0|6200000072|0|0|0|0|6200000072|0|8200|0|1|202547|CONSTRAINED|CONSTRAINED|CONSTRAINED_202547_2025-11-20_0656|BY_IF
100000000110|1003|1|1030001135_10_0001|0|23-AUG-2025|0|0|1030001135|1|0|120960|800|35|0|0|23-AUG-2025|35|1|01-JAN-1970|0|-1|0|0|6200000072|0|0|0|0|6200000072|0|8142|0|1|202547|CONSTRAINED|CONSTRAINED|CONSTRAINED_202547_2025-11-20_0656|BY_IF
100000000110|1003|1|1030001136_10_0001|0|14-AUG-2025|0|0|1030001136|1|0|120960|800|20|0|0|14-AUG-2025|20|1|01-JAN-1970|0|-1|0|0|6200000072|0|0|0|0|6200000072|0|8351|0|1|202547|CONSTRAINED|CONSTRAINED|CONSTRAINED_202547_2025-11-20_0656|BY_IF
100000000110|1003|1|1030001137_10_0001|0|13-AUG-2025|0|0|1030001137|1|0|120960|800|35|0|0|13-AUG-2025|35|1|01-JAN-1970|0|-1|0|0|6200000072|0|0|0|0|6200000072|0|8420|0|1|202547|CONSTRAINED|CONSTRAINED|CONSTRAINED_202547_2025-11-20_0656|BY_IF
100000000110|1003|1|1030001138_10_0001|0|23-AUG-2025|0|0|1030001138|1|0|120960|800|70|0|0|23-AUG-2025|70|1|01-JAN-1970|0|-1|0|0|6200000072|0|0|0|0|6200000072|0|8141|0|1|202547|CONSTRAINED|CONSTRAINED|CONSTRAINED_202547_2025-11-20_0656|BY_IF
100000000110|1003|1|1030001139_10_0001|0|20-AUG-2025|0|0|1030001139|1|0|120960|800|12|0|0|20-AUG-2025|12|1|01-JAN-1970|0|-1|0|0|6200000072|0|0|0|0|6200000072|0|8162|0|1|202547|CONSTRAINED|CONSTRAINED|CONSTRAINED_202547_2025-11-20_0656|BY_IF
100000000110|1003|1|1030001140_10_0001|0|17-AUG-2025|0|0|1030001140|1|0|120960|800|25|0|0|17-AUG-2025|25|1|01-JAN-1970|0|-1|0|0|6200000072|0|0|0|0|6200000072|0|8259|0|1|202547|CONSTRAINED|CONSTRAINED|CONSTRAINED_202547_2025-11-20_0656|BY_IF
100000000110|1003|1|1030001141_10_0001|0|21-JUL-2025|0|0|1030001141|1|0|120960|200|25|0|0|26-JUL-2025|25|3|01-JAN-1970|0|-1|0|0|6200000072|0|0|0|0|6200000072|0|8501|0|1|202547|CONSTRAINED|CONSTRAINED|CONSTRAINED_202547_2025-11-20_0656|BY_IF
100000000110|1003|2| |256|27-DEC-2025|0|0|0|0|0|0|400|75|0|0|27-DEC-2025|0|6|01-JAN-1970|0|0|256|0| |0|||0|6200000072|10|0|0|1|202547|CONSTRAINED|CONSTRAINED|CONSTRAINED_202547_2025-11-20_0656|BY_IF
100000000110|1003|2| |257|10-JAN-2026|0|0|0|0|0|0|400|75|0|0|10-JAN-2026|0|6|01-JAN-1970|0|0|257|0| |0|||0|6200000072|10|0|0|1|202547|CONSTRAINED|CONSTRAINED|CONSTRAINED_202547_2025-11-20_0656|BY_IF
100000000110|1006|1|1030001100_10_0001|0|14-AUG-2025|0|0|1030001100|1|0|120960|200|20|0|0|14-AUG-2025|20|1|01-JAN-1970|0|-1|0|0|6200000072|0|0|0|0|6200000072|0|8350|0|1|202547|CONSTRAINED|CONSTRAINED|CONSTRAINED_202547_2025-11-20_0656|BY_IF
100000000110|1006|1|1030001101_10_0001|0|13-AUG-2025|0|0|1030001101|1|0|120960|200|25|0|0|13-AUG-2025|25|1|01-JAN-1970|0|-1|0|0|6200000072|0|0|0|0|6200000072|0|8419|0|1|202547|CONSTRAINED|CONSTRAINED|CONSTRAINED_202547_2025-11-20_0656|BY_IF
100000000110|1006|1|1030001102_10_0001|0|24-SEP-2025|0|0|1030001102|1|0|120960|200|25|0|0|24-SEP-2025|25|1|01-JAN-1970|0|-1|0|0|6200000072|0|0|0|0|6200000072|0|8089|0|1|202547|CONSTRAINED|CONSTRAINED|CONSTRAINED_202547_2025-11-20_0656|BY_IF
100000000110|1006|1|1030001103_10_0001|0|23-JUL-2025|0|0|1030001103|1|0|120960|200|30|0|0|26-JUL-2025|30|3|01-JAN-1970|0|-1|0|0|6200000072|0|0|0|0|6200000072|0|8189|0|1|202547|CONSTRAINED|CONSTRAINED|CONSTRAINED_202547_2025-11-20_0656|BY_IF
100000000110|1006|1|1030001104_10_0001|0|16-AUG-2025|0|0|1030001104|1|0|120960|200|20|0|0|16-AUG-2025|20|1|01-JAN-1970|0|-1|0|0|6200000072|0|0|0|0|6200000072|0|8290|0|1|202547|CONSTRAINED|CONSTRAINED|CONSTRAINED_202547_2025-11-20_0656|BY_IF
100000000110|1006|1|1030001105_10_0001|0|12-AUG-2025|0|0|1030001105|1|0|120960|200|30|0|0|12-AUG-2025|30|1|01-JAN-1970|0|-1|0|0|6200000072|0|0|0|0|6200000072|0|8506|0|1|202547|CONSTRAINED|CONSTRAINED|CONSTRAINED_202547_2025-11-20_0656|BY_IF
100000000110|1006|1|1030001106_10_0001|0|11-AUG-2025|0|0|1030001106|1|0|120960|200|25|0|0|11-AUG-2025|25|1|01-JAN-1970|0|-1|0|0|6200000072|0|0|0|0|6200000072|0|8703|0|1|202547|CONSTRAINED|CONSTRAINED|CONSTRAINED_202547_2025-11-20_0656|BY_IF
100000000110|1006|1|1030001107_10_0001|0|11-AUG-2025|0|0|1030001107|1|0|120960|200|25|0|0|11-AUG-2025|25|1|01-JAN-1970|0|-1|0|0|6200000072|0|0|0|0|6200000072|0|8693|0|1|202547|CONSTRAINED|CONSTRAINED|CONSTRAINED_202547_2025-11-20_0656|BY_IF
100000000110|1006|1|1030001108_10_0001|0|24-JUL-2025|0|0|1030001108|1|0|120960|200|75|0|0|26-JUL-2025|75|3|01-JAN-1970|0|-1|0|0|6200000072|0|0|0|0|6200000072|0|9354|0|1|202547|CONSTRAINED|CONSTRAINED|CONSTRAINED_202547_2025-11-20_0656|BY_IF
100000000110|1006|1|1030001109_10_0001|0|12-AUG-2025|0|0|1030001109|1|0|120960|200|25|0|0|12-AUG-2025|25|1|01-JAN-1970|0|-1|0|0|6200000072|0|0|0|0|6200000072|0|8505|0|1|202547|CONSTRAINED|CONSTRAINED|CONSTRAINED_202547_2025-11-20_0656|BY_IF
100000000110|1006|1|1030001110_10_0001|0|12-AUG-2025|0|0|1030001110|1|0|120960|200|50|0|0|12-AUG-2025|50|1|01-JAN-1970|0|-1|0|0|6200000072|0|0|0|0|6200000072|0|8504|0|1|202547|CONSTRAINED|CONSTRAINED|CONSTRAINED_202547_2025-11-20_0656|BY_IF
100000000110|1006|1|1030001111_10_0001|0|30-AUG-2025|0|0|1030001111|1|0|120960|200|10|0|0|30-AUG-2025|10|1|01-JAN-1970|0|-1|0|0|6200000072|0|0|0|0|6200000072|0|8112|0|1|202547|CONSTRAINED|CONSTRAINED|CONSTRAINED_202547_2025-11-20_0656|BY_IF
100000000110|1006|1|1030001112_10_0001|0|24-SEP-2025|0|0|1030001112|1|0|120960|200|25|0|0|24-SEP-2025|25|1|01-JAN-1970|0|-1|0|0|6200000072|0|0|0|0|6200000072|0|8088|0|1|202547|CONSTRAINED|CONSTRAINED|CONSTRAINED_202547_2025-11-20_0656|BY_IF
100000000110|1006|1|1030001113_10_0001|0|12-AUG-2025|0|0|1030001113|1|0|120960|200|25|0|0|12-AUG-2025|25|1|01-JAN-1970|0|-1|0|0|6200000072|0|0|0|0|6200000072|0|8503|0|1|202547|CONSTRAINED|CONSTRAINED|CONSTRAINED_202547_2025-11-20_0656|BY_IF
100000000110|1006|1|1030001114_10_0001|0|23-JUL-2025|0|0|1030001114|1|0|120960|200|20|0|0|26-JUL-2025|20|3|01-JAN-1970|0|-1|0|0|6200000072|0|0|0|0|6200000072|0|8178|0|1|202547|CONSTRAINED|CONSTRAINED|CONSTRAINED_202547_2025-11-20_0656|BY_IF
100000000110|1006|1|1030001115_10_0001|0|17-AUG-2025|0|0|1030001115|1|0|120960|800|45|0|0|17-AUG-2025|45|1|01-JAN-1970|0|-1|0|0|6200000072|0|0|0|0|6200000072|0|8258|0|1|202547|CONSTRAINED|CONSTRAINED|CONSTRAINED_202547_2025-11-20_0656|BY_IF
100000000110|1006|1|1030001116_10_0001|0|18-AUG-2025|0|0|1030001116|1|0|120960|800|70|0|0|18-AUG-2025|70|1|01-JAN-1970|0|-1|0|0|6200000072|0|0|0|0|6200000072|0|8218|0|1|202547|CONSTRAINED|CONSTRAINED|CONSTRAINED_202547_2025-11-20_0656|BY_IF
100000000110|1006|1|1030001117_10_0001|0|14-AUG-2025|0|0|1030001117|1|0|120960|200|70|0|0|14-AUG-2025|70|1|01-JAN-1970|0|-1|0|0|6200000072|0|0|0|0|6200000072|0|8349|0|1|202547|CONSTRAINED|CONSTRAINED|CONSTRAINED_202547_2025-11-20_0656|BY_IF
100000000110|1006|1|1030001118_10_0001|0|11-AUG-2025|0|0|1030001118|1|0|120960|800|25|0|0|11-AUG-2025|25|1|01-JAN-1970|0|-1|0|0|6200000072|0|0|0|0|6200000072|0|8682|0|1|202547|CONSTRAINED|CONSTRAINED|CONSTRAINED_202547_2025-11-20_0656|BY_IF
100000000110|1006|1|1030001119_10_0001|0|18-AUG-2025|0|0|1030001119|1|0|120960|800|50|0|0|18-AUG-2025|50|1|01-JAN-1970|0|-1|0|0|6200000072|0|0|0|0|6200000072|0|8217|0|1|202547|CONSTRAINED|CONSTRAINED|CONSTRAINED_202547_2025-11-20_0656|BY_IF
100000000110|1006|1|1030001120_10_0001|0|22-JUL-2025|0|0|1030001120|1|0|120960|200|20|0|0|26-JUL-2025|20|3|01-JAN-1970|0|-1|0|0|6200000072|0|0|0|0|6200000072|0|8819|0|1|202547|CONSTRAINED|CONSTRAINED|CONSTRAINED_202547_2025-11-20_0656|BY_IF
100000000110|1006|1|1030001121_10_0001|0|23-JUL-2025|0|0|1030001121|1|0|120960|200|25|0|0|26-JUL-2025|25|3|01-JAN-1970|0|-1|0|0|6200000072|0|0|0|0|6200000072|0|8169|0|1|202547|CONSTRAINED|CONSTRAINED|CONSTRAINED_202547_2025-11-20_0656|BY_IF
100000000110|1006|1|1033500008_10_002|0|28-JUL-2025|0|0|1033500008|1|0|120960|200|75|0|0|28-JUL-2025|75|1|01-JAN-1970|0|-1|0|0|6200000072|0|0|0|0|6200000072|0|9164|0|1|202547|CONSTRAINED|CONSTRAINED|CONSTRAINED_202547_2025-11-20_0656|BY_IF
100000000110|1006|1|1033500008_10_002-1|0|28-JUL-2025|0|0|1033500008|1|0|120960|200|25|0|0|28-JUL-2025|0|6|01-JAN-1970|0|0|0|0|6200000072|0|||0|6200000072|0|0|0|3|202547|CONSTRAINED|CONSTRAINED|CONSTRAINED_202547_2025-11-20_0656|BY_IF
100000000110|1006|2| |1|13-DEC-2025|0|0|0|0|0|0|400|75|0|0|21-MAR-2026|75|1|01-JAN-1970|0|-1|1|0| |0|0|0|0|6200000072|10|9918|0|1|202547|CONSTRAINED|CONSTRAINED|CONSTRAINED_202547_2025-11-20_0656|BY_IF
100000000110|1006|2| |2|06-DEC-2025|0|0|0|0|0|0|400|49|0|0|18-JUL-2026|75|1|01-JAN-1970|0|-1|2|0| |0|0|0|0|6200000072|10|9575|0|1|202547|CONSTRAINED|CONSTRAINED|CONSTRAINED_202547_2025-11-20_0656|BY_IF
100000000110|1006|2| |3|20-DEC-2025|0|0|0|0|0|0|400|75|0|0|14-MAR-2026|75|1|01-JAN-1970|0|-1|3|0| |0|0|0|0|6200000072|10|9938|0|1|202547|CONSTRAINED|CONSTRAINED|CONSTRAINED_202547_2025-11-20_0656|BY_IF
100000000110|1006|2| |4|03-JAN-2026|0|0|0|0|0|0|400|75|0|0|25-JUL-2026|75|1|01-JAN-1970|0|-1|4|0| |0|0|0|0|6200000072|10|9555|0|1|202547|CONSTRAINED|CONSTRAINED|CONSTRAINED_202547_2025-11-20_0656|BY_IF
100000000110|VF|2| |124|20-JUN-2026|0|0|0|0|0|0|400|75|0|0|20-JUN-2026|0|6|01-JAN-1970|0|0|124|0| |0|||0|6200000072|10|0|0|1|202547|CONSTRAINED|CONSTRAINED|CONSTRAINED_202547_2025-11-20_0656|BY_IF
100000000110|VF|2| |125|13-JUN-2026|0|0|0|0|0|0|400|75|0|0|13-JUN-2026|0|6|01-JAN-1970|0|0|125|0| |0|||0|6200000072|10|0|0|1|202547|CONSTRAINED|CONSTRAINED|CONSTRAINED_202547_2025-11-20_0656|BY_IF
100000000110|VF|2| |126|27-JUN-2026|0|0|0|0|0|0|400|75|0|0|27-JUN-2026|0|6|01-JAN-1970|0|0|126|0| |0|||0|6200000072|10|0|0|1|202547|CONSTRAINED|CONSTRAINED|CONSTRAINED_202547_2025-11-20_0656|BY_IF
100000000110|VF|2| |127|04-JUL-2026|0|0|0|0|0|0|400|75|0|0|04-JUL-2026|0|6|01-JAN-1970|0|0|127|0| |0|||0|6200000072|10|0|0|1|202547|CONSTRAINED|CONSTRAINED|CONSTRAINED_202547_2025-11-20_0656|BY_IF
100000000110|VF|2| |128|09-MAY-2026|0|0|0|0|0|0|400|75|0|0|09-MAY-2026|0|6|01-JAN-1970|0|0|128|0| |0|||0|6200000072|10|0|0|1|202547|CONSTRAINED|CONSTRAINED|CONSTRAINED_202547_2025-11-20_0656|BY_IF
100000000110|VF|2| |129|02-MAY-2026|0|0|0|0|0|0|400|75|0|0|02-MAY-2026|0|6|01-JAN-1970|0|0|129|0| |0|||0|6200000072|10|0|0|1|202547|CONSTRAINED|CONSTRAINED|CONSTRAINED_202547_2025-11-20_0656|BY_IF
100000000110|VF|2| |130|23-MAY-2026|0|0|0|0|0|0|400|75|0|0|23-MAY-2026|0|6|01-JAN-1970|0|0|130|0| |0|||0|6200000072|10|0|0|1|202547|CONSTRAINED|CONSTRAINED|CONSTRAINED_202547_2025-11-20_0656|BY_IF
100000000110|VF|2| |131|16-MAY-2026|0|0|0|0|0|0|400|75|0|0|16-MAY-2026|0|6|01-JAN-1970|0|0|131|0| |0|||0|6200000072|10|0|0|1|202547|CONSTRAINED|CONSTRAINED|CONSTRAINED_202547_2025-11-20_0656|BY_IF
100000000110|VF|2| |132|06-JUN-2026|0|0|0|0|0|0|400|75|0|0|06-JUN-2026|0|6|01-JAN-1970|0|0|132|0| |0|||0|6200000072|10|0|0|1|202547|CONSTRAINED|CONSTRAINED|CONSTRAINED_202547_2025-11-20_0656|BY_IF
100000000110|VF|2| |133|30-MAY-2026|0|0|0|0|0|0|400|75|0|0|30-MAY-2026|0|6|01-JAN-1970|0|0|133|0| |0|||0|6200000072|10|0|0|1|202547|CONSTRAINED|CONSTRAINED|CONSTRAINED_202547_2025-11-20_0656|BY_IF
100000000110|VF|2| |134|11-APR-2026|0|0|0|0|0|0|400|75|0|0|11-APR-2026|0|6|01-JAN-1970|0|0|134|0| |0|||0|6200000072|10|0|0|1|202547|CONSTRAINED|CONSTRAINED|CONSTRAINED_202547_2025-11-20_0656|BY_IF
100000000110|VF|2| |135|04-APR-2026|0|0|0|0|0|0|400|75|0|0|04-APR-2026|0|6|01-JAN-1970|0|0|135|0| |0|||0|6200000072|10|0|0|1|202547|CONSTRAINED|CONSTRAINED|CONSTRAINED_202547_2025-11-20_0656|BY_IF
100000000110|VF|2| |136|24-JAN-2026|0|0|0|0|0|0|400|75|0|0|24-JAN-2026|0|6|01-JAN-1970|0|0|136|0| |0|||0|6200000072|10|0|0|1|202547|CONSTRAINED|CONSTRAINED|CONSTRAINED_202547_2025-11-20_0656|BY_IF
100000000110|VF|2| |137|31-JAN-2026|0|0|0|0|0|0|400|75|0|0|31-JAN-2026|0|6|01-JAN-1970|0|0|137|0| |0|||0|6200000072|10|0|0|1|202547|CONSTRAINED|CONSTRAINED|CONSTRAINED_202547_2025-11-20_0656|BY_IF
100000000110|VF|2| |138|25-APR-2026|0|0|0|0|0|0|400|75|0|0|25-APR-2026|0|6|01-JAN-1970|0|0|138|0| |0|||0|6200000072|10|0|0|1|202547|CONSTRAINED|CONSTRAINED|CONSTRAINED_202547_2025-11-20_0656|BY_IF
100000000110|VF|2| |139|18-APR-2026|0|0|0|0|0|0|400|75|0|0|18-APR-2026|0|6|01-JAN-1970|0|0|139|0| |0|||0|6200000072|10|0|0|1|202547|CONSTRAINED|CONSTRAINED|CONSTRAINED_202547_2025-11-20_0656|BY_IF
100000000110|VF|2| |140|07-FEB-2026|0|0|0|0|0|0|400|75|0|0|07-FEB-2026|0|6|01-JAN-1970|0|0|140|0| |0|||0|6200000072|10|0|0|1|202547|CONSTRAINED|CONSTRAINED|CONSTRAINED_202547_2025-11-20_0656|BY_IF
100000000110|VF|2| |141|14-FEB-2026|0|0|0|0|0|0|400|75|0|0|14-FEB-2026|0|6|01-JAN-1970|0|0|141|0| |0|||0|6200000072|10|0|0|1|202547|CONSTRAINED|CONSTRAINED|CONSTRAINED_202547_2025-11-20_0656|BY_IF
100000000110|VF|2| |142|21-FEB-2026|0|0|0|0|0|0|400|75|0|0|21-FEB-2026|0|6|01-JAN-1970|0|0|142|0| |0|||0|6200000072|10|0|0|1|202547|CONSTRAINED|CONSTRAINED|CONSTRAINED_202547_2025-11-20_0656|BY_IF
100000000110|VF|2| |143|28-FEB-2026|0|0|0|0|0|0|400|75|0|0|28-FEB-2026|0|6|01-JAN-1970|0|0|143|0| |0|||0|6200000072|10|0|0|1|202547|CONSTRAINED|CONSTRAINED|CONSTRAINED_202547_2025-11-20_0656|BY_IF
100000000110|VF|2| |144|11-JUL-2026|0|0|0|0|0|0|400|75|0|0|11-JUL-2026|0|6|01-JAN-1970|0|0|144|0| |0|||0|6200000072|10|0|0|1|202547|CONSTRAINED|CONSTRAINED|CONSTRAINED_202547_2025-11-20_0656|BY_IF
100000000110|VF|2| |145|18-JUL-2026|0|0|0|0|0|0|400|75|0|0|18-JUL-2026|0|6|01-JAN-1970|0|0|145|0| |0|||0|6200000072|10|0|0|1|202547|CONSTRAINED|CONSTRAINED|CONSTRAINED_202547_2025-11-20_0656|BY_IF
100000000110|VF|2| |146|14-MAR-2026|0|0|0|0|0|0|400|75|0|0|14-MAR-2026|0|6|01-JAN-1970|0|0|146|0| |0|||0|6200000072|10|0|0|1|202547|CONSTRAINED|CONSTRAINED|CONSTRAINED_202547_2025-11-20_0656|BY_IF
100000000110|VF|2| |147|07-MAR-2026|0|0|0|0|0|0|400|75|0|0|07-MAR-2026|0|6|01-JAN-1970|0|0|147|0| |0|||0|6200000072|10|0|0|1|202547|CONSTRAINED|CONSTRAINED|CONSTRAINED_202547_2025-11-20_0656|BY_IF
100000000110|VF|2| |148|25-JUL-2026|0|0|0|0|0|0|400|75|0|0|25-JUL-2026|0|6|01-JAN-1970|0|0|148|0| |0|||0|6200000072|10|0|0|1|202547|CONSTRAINED|CONSTRAINED|CONSTRAINED_202547_2025-11-20_0656|BY_IF
100000000110|VF|2| |149|28-MAR-2026|0|0|0|0|0|0|400|75|0|0|28-MAR-2026|0|6|01-JAN-1970|0|0|149|0| |0|||0|6200000072|10|0|0|1|202547|CONSTRAINED|CONSTRAINED|CONSTRAINED_202547_2025-11-20_0656|BY_IF
100000000110|VF|2| |150|21-MAR-2026|0|0|0|0|0|0|400|75|0|0|21-MAR-2026|0|6|01-JAN-1970|0|0|150|0| |0|||0|6200000072|10|0|0|1|202547|CONSTRAINED|CONSTRAINED|CONSTRAINED_202547_2025-11-20_0656|BY_IF
100000000110|VF|2| |151|22-NOV-2025|0|0|0|0|0|0|510|38|0|0|22-NOV-2025|0|6|01-JAN-1970|0|0|151|0| |0|||0|6200000072|11|0|0|1|202547|CONSTRAINED|CONSTRAINED|CONSTRAINED_202547_2025-11-20_0656|BY_IF
100000000110|VF|2| |152|17-JAN-2026|0|0|0|0|0|0|400|75|0|0|17-JAN-2026|0|6|01-JAN-1970|0|0|152|0| |0|||0|6200000072|10|0|0|1|202547|CONSTRAINED|CONSTRAINED|CONSTRAINED_202547_2025-11-20_0656|BY_IF
100000000110|VF|2| |812|03-OCT-2026|0|0|0|0|0|0|1200|75|0|0|03-OCT-2026|0|6|01-JAN-1970|0|0|812|0| |0|||0|6200000072|13|0|0|1|202547|CONSTRAINED|CONSTRAINED|CONSTRAINED_202547_2025-11-20_0656|BY_IF
100000000110|VF|2| |813|13-FEB-2027|0|0|0|0|0|0|1200|75|0|0|13-FEB-2027|0|6|01-JAN-1970|0|0|813|0| |0|||0|6200000072|13|0|0|1|202547|CONSTRAINED|CONSTRAINED|CONSTRAINED_202547_2025-11-20_0656|BY_IF
100000000110|VF|2| |814|21-NOV-2026|0|0|0|0|0|0|1200|75|0|0|21-NOV-2026|0|6|01-JAN-1970|0|0|814|0| |0|||0|6200000072|13|0|0|1|202547|CONSTRAINED|CONSTRAINED|CONSTRAINED_202547_2025-11-20_0656|BY_IF
100000000110|VF|2| |815|20-MAR-2027|0|0|0|0|0|0|1200|75|0|0|20-MAR-2027|0|6|01-JAN-1970|0|0|815|0| |0|||0|6200000072|13|0|0|1|202547|CONSTRAINED|CONSTRAINED|CONSTRAINED_202547_2025-11-20_0656|BY_IF
100000000110|VF|2| |816|19-SEP-2026|0|0|0|0|0|0|1200|75|0|0|19-SEP-2026|0|6|01-JAN-1970|0|0|816|0| |0|||0|6200000072|13|0|0|1|202547|CONSTRAINED|CONSTRAINED|CONSTRAINED_202547_2025-11-20_0656|BY_IF
100000000110|VF|2| |817|27-FEB-2027|0|0|0|0|0|0|1200|75|0|0|27-FEB-2027|0|6|01-JAN-1970|0|0|817|0| |0|||0|6200000072|13|0|0|1|202547|CONSTRAINED|CONSTRAINED|CONSTRAINED_202547_2025-11-20_0656|BY_IF
100000000110|VF|2| |818|10-JUL-2027|0|0|0|0|0|0|1200|75|0|0|10-JUL-2027|0|6|01-JAN-1970|0|0|818|0| |0|||0|6200000072|13|0|0|1|202547|CONSTRAINED|CONSTRAINED|CONSTRAINED_202547_2025-11-20_0656|BY_IF
100000000110|VF|2| |819|26-JUN-2027|0|0|0|0|0|0|1200|75|0|0|26-JUN-2027|0|6|01-JAN-1970|0|0|819|0| |0|||0|6200000072|13|0|0|1|202547|CONSTRAINED|CONSTRAINED|CONSTRAINED_202547_2025-11-20_0656|BY_IF
100000000110|VF|2| |820|02-JAN-2027|0|0|0|0|0|0|1200|75|0|0|02-JAN-2027|0|6|01-JAN-1970|0|0|820|0| |0|||0|6200000072|13|0|0|1|202547|CONSTRAINED|CONSTRAINED|CONSTRAINED_202547_2025-11-20_0656|BY_IF
100000000110|VF|2| |821|15-MAY-2027|0|0|0|0|0|0|1200|75|0|0|15-MAY-2027|0|6|01-JAN-1970|0|0|821|0| |0|||0|6200000072|13|0|0|1|202547|CONSTRAINED|CONSTRAINED|CONSTRAINED_202547_2025-11-20_0656|BY_IF
100000000110|VF|2| |822|08-AUG-2026|0|0|0|0|0|0|1200|75|0|0|08-AUG-2026|0|6|01-JAN-1970|0|0|822|0| |0|||0|6200000072|13|0|0|1|202547|CONSTRAINED|CONSTRAINED|CONSTRAINED_202547_2025-11-20_0656|BY_IF
100000000110|VF|2| |823|22-AUG-2026|0|0|0|0|0|0|1200|75|0|0|22-AUG-2026|0|6|01-JAN-1970|0|0|823|0| |0|||0|6200000072|13|0|0|1|202547|CONSTRAINED|CONSTRAINED|CONSTRAINED_202547_2025-11-20_0656|BY_IF
100000000110|VF|2| |824|30-JAN-2027|0|0|0|0|0|0|1200|75|0|0|30-JAN-2027|0|6|01-JAN-1970|0|0|824|0| |0|||0|6200000072|13|0|0|1|202547|CONSTRAINED|CONSTRAINED|CONSTRAINED_202547_2025-11-20_0656|BY_IF
100000000110|VF|2| |825|12-JUN-2027|0|0|0|0|0|0|1200|75|0|0|12-JUN-2027|0|6|01-JAN-1970|0|0|825|0| |0|||0|6200000072|13|0|0|1|202547|CONSTRAINED|CONSTRAINED|CONSTRAINED_202547_2025-11-20_0656|BY_IF
100000000110|VF|2| |826|05-SEP-2026|0|0|0|0|0|0|1200|75|0|0|05-SEP-2026|0|6|01-JAN-1970|0|0|826|0| |0|||0|6200000072|13|0|0|1|202547|CONSTRAINED|CONSTRAINED|CONSTRAINED_202547_2025-11-20_0656|BY_IF
100000000110|VF|2| |827|16-JAN-2027|0|0|0|0|0|0|1200|75|0|0|16-JAN-2027|0|6|01-JAN-1970|0|0|827|0| |0|||0|6200000072|13|0|0|1|202547|CONSTRAINED|CONSTRAINED|CONSTRAINED_202547_2025-11-20_0656|BY_IF
100000000110|VF|2| |828|29-MAY-2027|0|0|0|0|0|0|1200|75|0|0|29-MAY-2027|0|6|01-JAN-1970|0|0|828|0| |0|||0|6200000072|13|0|0|1|202547|CONSTRAINED|CONSTRAINED|CONSTRAINED_202547_2025-11-20_0656|BY_IF
100000000110|VF|2| |829|28-NOV-2026|0|0|0|0|0|0|1200|75|0|0|28-NOV-2026|0|6|01-JAN-1970|0|0|829|0| |0|||0|6200000072|13|0|0|1|202547|CONSTRAINED|CONSTRAINED|CONSTRAINED_202547_2025-11-20_0656|BY_IF
100000000110|VF|2| |830|08-MAY-2027|0|0|0|0|0|0|1200|75|0|0|08-MAY-2027|0|6|01-JAN-1970|0|0|830|0| |0|||0|6200000072|13|0|0|1|202547|CONSTRAINED|CONSTRAINED|CONSTRAINED_202547_2025-11-20_0656|BY_IF
100000000110|VF|2| |831|01-AUG-2026|0|0|0|0|0|0|1200|75|0|0|01-AUG-2026|0|6|01-JAN-1970|0|0|831|0| |0|||0|6200000072|13|0|0|1|202547|CONSTRAINED|CONSTRAINED|CONSTRAINED_202547_2025-11-20_0656|BY_IF
100000000110|VF|2| |832|12-DEC-2026|0|0|0|0|0|0|1200|75|0|0|12-DEC-2026|0|6|01-JAN-1970|0|0|832|0| |0|||0|6200000072|13|0|0|1|202547|CONSTRAINED|CONSTRAINED|CONSTRAINED_202547_2025-11-20_0656|BY_IF
100000000110|VF|2| |833|24-APR-2027|0|0|0|0|0|0|1200|75|0|0|24-APR-2027|0|6|01-JAN-1970|0|0|833|0| |0|||0|6200000072|13|0|0|1|202547|CONSTRAINED|CONSTRAINED|CONSTRAINED_202547_2025-11-20_0656|BY_IF
100000000110|VF|2| |834|13-MAR-2027|0|0|0|0|0|0|1200|75|0|0|13-MAR-2027|0|6|01-JAN-1970|0|0|834|0| |0|||0|6200000072|13|0|0|1|202547|CONSTRAINED|CONSTRAINED|CONSTRAINED_202547_2025-11-20_0656|BY_IF
100000000110|VF|2| |835|17-OCT-2026|0|0|0|0|0|0|1200|75|0|0|17-OCT-2026|0|6|01-JAN-1970|0|0|835|0| |0|||0|6200000072|13|0|0|1|202547|CONSTRAINED|CONSTRAINED|CONSTRAINED_202547_2025-11-20_0656|BY_IF
100000000110|VF|2| |836|31-OCT-2026|0|0|0|0|0|0|1200|75|0|0|31-OCT-2026|0|6|01-JAN-1970|0|0|836|0| |0|||0|6200000072|13|0|0|1|202547|CONSTRAINED|CONSTRAINED|CONSTRAINED_202547_2025-11-20_0656|BY_IF
100000000110|VF|2| |837|10-APR-2027|0|0|0|0|0|0|1200|75|0|0|10-APR-2027|0|6|01-JAN-1970|0|0|837|0| |0|||0|6200000072|13|0|0|1|202547|CONSTRAINED|CONSTRAINED|CONSTRAINED_202547_2025-11-20_0656|BY_IF
100000000110|VF|2| |838|14-NOV-2026|0|0|0|0|0|0|1200|75|0|0|14-NOV-2026|0|6|01-JAN-1970|0|0|838|0| |0|||0|6200000072|13|0|0|1|202547|CONSTRAINED|CONSTRAINED|CONSTRAINED_202547_2025-11-20_0656|BY_IF
100000000110|VF|2| |839|27-MAR-2027|0|0|0|0|0|0|1200|75|0|0|27-MAR-2027|0|6|01-JAN-1970|0|0|839|0| |0|||0|6200000072|13|0|0|1|202547|CONSTRAINED|CONSTRAINED|CONSTRAINED_202547_2025-11-20_0656|BY_IF
100000000110|VF|2| |840|24-JUL-2027|0|0|0|0|0|0|1200|75|0|0|24-JUL-2027|0|6|01-JAN-1970|0|0|840|0| |0|||0|6200000072|13|0|0|1|202547|CONSTRAINED|CONSTRAINED|CONSTRAINED_202547_2025-11-20_0656|BY_IF
100000000110|VF|2| |841|26-SEP-2026|0|0|0|0|0|0|1200|75|0|0|26-SEP-2026|0|6|01-JAN-1970|0|0|841|0| |0|||0|6200000072|13|0|0|1|202547|CONSTRAINED|CONSTRAINED|CONSTRAINED_202547_2025-11-20_0656|BY_IF
100000000110|VF|2| |842|20-FEB-2027|0|0|0|0|0|0|1200|75|0|0|20-FEB-2027|0|6|01-JAN-1970|0|0|842|0| |0|||0|6200000072|13|0|0|1|202547|CONSTRAINED|CONSTRAINED|CONSTRAINED_202547_2025-11-20_0656|BY_IF
100000000110|VF|2| |843|17-JUL-2027|0|0|0|0|0|0|1200|75|0|0|17-JUL-2027|0|6|01-JAN-1970|0|0|843|0| |0|||0|6200000072|13|0|0|1|202547|CONSTRAINED|CONSTRAINED|CONSTRAINED_202547_2025-11-20_0656|BY_IF
100000000110|VF|2| |844|10-OCT-2026|0|0|0|0|0|0|1200|75|0|0|10-OCT-2026|0|6|01-JAN-1970|0|0|844|0| |0|||0|6200000072|13|0|0|1|202547|CONSTRAINED|CONSTRAINED|CONSTRAINED_202547_2025-11-20_0656|BY_IF
100000000110|VF|2| |845|06-FEB-2027|0|0|0|0|0|0|1200|75|0|0|06-FEB-2027|0|6|01-JAN-1970|0|0|845|0| |0|||0|6200000072|13|0|0|1|202547|CONSTRAINED|CONSTRAINED|CONSTRAINED_202547_2025-11-20_0656|BY_IF
100000000110|VF|2| |846|03-JUL-2027|0|0|0|0|0|0|1200|75|0|0|03-JUL-2027|0|6|01-JAN-1970|0|0|846|0| |0|||0|6200000072|13|0|0|1|202547|CONSTRAINED|CONSTRAINED|CONSTRAINED_202547_2025-11-20_0656|BY_IF
100000000110|VF|2| |847|26-DEC-2026|0|0|0|0|0|0|1200|75|0|0|26-DEC-2026|0|6|01-JAN-1970|0|0|847|0| |0|||0|6200000072|13|0|0|1|202547|CONSTRAINED|CONSTRAINED|CONSTRAINED_202547_2025-11-20_0656|BY_IF
100000000110|VF|2| |848|22-MAY-2027|0|0|0|0|0|0|1200|75|0|0|22-MAY-2027|0|6|01-JAN-1970|0|0|848|0| |0|||0|6200000072|13|0|0|1|202547|CONSTRAINED|CONSTRAINED|CONSTRAINED_202547_2025-11-20_0656|BY_IF
100000000110|VF|2| |849|15-AUG-2026|0|0|0|0|0|0|1200|75|0|0|15-AUG-2026|0|6|01-JAN-1970|0|0|849|0| |0|||0|6200000072|13|0|0|1|202547|CONSTRAINED|CONSTRAINED|CONSTRAINED_202547_2025-11-20_0656|BY_IF
100000000110|VF|2| |850|29-AUG-2026|0|0|0|0|0|0|1200|75|0|0|29-AUG-2026|0|6|01-JAN-1970|0|0|850|0| |0|||0|6200000072|13|0|0|1|202547|CONSTRAINED|CONSTRAINED|CONSTRAINED_202547_2025-11-20_0656|BY_IF
100000000110|VF|2| |851|23-JAN-2027|0|0|0|0|0|0|1200|75|0|0|23-JAN-2027|0|6|01-JAN-1970|0|0|851|0| |0|||0|6200000072|13|0|0|1|202547|CONSTRAINED|CONSTRAINED|CONSTRAINED_202547_2025-11-20_0656|BY_IF
100000000110|VF|2| |852|19-JUN-2027|0|0|0|0|0|0|1200|75|0|0|19-JUN-2027|0|6|01-JAN-1970|0|0|852|0| |0|||0|6200000072|13|0|0|1|202547|CONSTRAINED|CONSTRAINED|CONSTRAINED_202547_2025-11-20_0656|BY_IF
100000000110|VF|2| |853|12-SEP-2026|0|0|0|0|0|0|1200|75|0|0|12-SEP-2026|0|6|01-JAN-1970|0|0|853|0| |0|||0|6200000072|13|0|0|1|202547|CONSTRAINED|CONSTRAINED|CONSTRAINED_202547_2025-11-20_0656|BY_IF
100000000110|VF|2| |854|09-JAN-2027|0|0|0|0|0|0|1200|75|0|0|09-JAN-2027|0|6|01-JAN-1970|0|0|854|0| |0|||0|6200000072|13|0|0|1|202547|CONSTRAINED|CONSTRAINED|CONSTRAINED_202547_2025-11-20_0656|BY_IF
100000000110|VF|2| |855|05-JUN-2027|0|0|0|0|0|0|1200|75|0|0|05-JUN-2027|0|6|01-JAN-1970|0|0|855|0| |0|||0|6200000072|13|0|0|1|202547|CONSTRAINED|CONSTRAINED|CONSTRAINED_202547_2025-11-20_0656|BY_IF
100000000110|VF|2| |856|05-DEC-2026|0|0|0|0|0|0|1200|75|0|0|05-DEC-2026|0|6|01-JAN-1970|0|0|856|0| |0|||0|6200000072|13|0|0|1|202547|CONSTRAINED|CONSTRAINED|CONSTRAINED_202547_2025-11-20_0656|BY_IF
100000000110|VF|2| |857|01-MAY-2027|0|0|0|0|0|0|1200|75|0|0|01-MAY-2027|0|6|01-JAN-1970|0|0|857|0| |0|||0|6200000072|13|0|0|1|202547|CONSTRAINED|CONSTRAINED|CONSTRAINED_202547_2025-11-20_0656|BY_IF
100000000110|VF|2| |858|19-DEC-2026|0|0|0|0|0|0|1200|75|0|0|19-DEC-2026|0|6|01-JAN-1970|0|0|858|0| |0|||0|6200000072|13|0|0|1|202547|CONSTRAINED|CONSTRAINED|CONSTRAINED_202547_2025-11-20_0656|BY_IF
100000000110|VF|2| |859|17-APR-2027|0|0|0|0|0|0|1200|75|0|0|17-APR-2027|0|6|01-JAN-1970|0|0|859|0| |0|||0|6200000072|13|0|0|1|202547|CONSTRAINED|CONSTRAINED|CONSTRAINED_202547_2025-11-20_0656|BY_IF
100000000110|VF|2| |860|06-MAR-2027|0|0|0|0|0|0|1200|75|0|0|06-MAR-2027|0|6|01-JAN-1970|0|0|860|0| |0|||0|6200000072|13|0|0|1|202547|CONSTRAINED|CONSTRAINED|CONSTRAINED_202547_2025-11-20_0656|BY_IF
100000000110|VF|2| |861|24-OCT-2026|0|0|0|0|0|0|1200|75|0|0|24-OCT-2026|0|6|01-JAN-1970|0|0|861|0| |0|||0|6200000072|13|0|0|1|202547|CONSTRAINED|CONSTRAINED|CONSTRAINED_202547_2025-11-20_0656|BY_IF
100000000110|VF|2| |862|07-NOV-2026|0|0|0|0|0|0|1200|75|0|0|07-NOV-2026|0|6|01-JAN-1970|0|0|862|0| |0|||0|6200000072|13|0|0|1|202547|CONSTRAINED|CONSTRAINED|CONSTRAINED_202547_2025-11-20_0656|BY_IF
100000000110|VF|2| |863|03-APR-2027|0|0|0|0|0|0|1200|75|0|0|03-APR-2027|0|6|01-JAN-1970|0|0|863|0| |0|||0|6200000072|13|0|0|1|202547|CONSTRAINED|CONSTRAINED|CONSTRAINED_202547_2025-11-20_0656|BY_IF
100000000111|1003|1|1030001222_10_0001|0|13-AUG-2025|0|0|1030001222|1|0|120960|200|45|0|0|13-AUG-2025|45|1|01-JAN-1970|0|-1|0|0|6200000072|0|0|0|0|6200000072|0|8417|0|1|202547|CONSTRAINED|CONSTRAINED|CONSTRAINED_202547_2025-11-20_0656|BY_IF
100000000111|1003|1|1030001223_10_0001|0|23-JUL-2025|0|0|1030001223|1|0|120960|200|25|0|0|02-AUG-2025|25|3|01-JAN-1970|0|-1|0|0|6200000072|0|0|0|0|6200000072|0|8160|0|1|202547|CONSTRAINED|CONSTRAINED|CONSTRAINED_202547_2025-11-20_0656|BY_IF
100000000111|1003|1|1030001224_10_0001|0|09-AUG-2025|0|0|1030001224|1|0|120960|200|12|0|0|09-AUG-2025|12|1|01-JAN-1970|0|-1|0|0|6200000072|0|0|0|0|6200000072|0|8996|0|1|202547|CONSTRAINED|CONSTRAINED|CONSTRAINED_202547_2025-11-20_0656|BY_IF
100000000111|1003|1|1030001225_10_0001|0|23-JUL-2025|0|0|1030001225|1|0|120960|200|20|0|0|02-AUG-2025|20|3|01-JAN-1970|0|-1|0|0|6200000072|0|0|0|0|6200000072|0|8150|0|1|202547|CONSTRAINED|CONSTRAINED|CONSTRAINED_202547_2025-11-20_0656|BY_IF
100000000111|1003|1|1030001226_10_0001|0|23-JUL-2025|0|0|1030001226|1|0|120960|200|20|0|0|02-AUG-2025|20|3|01-JAN-1970|0|-1|0|0|6200000072|0|0|0|0|6200000072|0|8138|0|1|202547|CONSTRAINED|CONSTRAINED|CONSTRAINED_202547_2025-11-20_0656|BY_IF
100000000111|1003|1|1030001227_10_0001|0|18-AUG-2025|0|0|1030001227|1|0|120960|800|25|0|0|18-AUG-2025|25|1|01-JAN-1970|0|-1|0|0|6200000072|0|0|0|0|6200000072|0|8216|0|1|202547|CONSTRAINED|CONSTRAINED|CONSTRAINED_202547_2025-11-20_0656|BY_IF
100000000111|1003|1|1030001228_10_0001|0|13-AUG-2025|0|0|1030001228|1|0|120960|800|25|0|0|13-AUG-2025|25|1|01-JAN-1970|0|-1|0|0|6200000072|0|0|0|0|6200000072|0|8416|0|1|202547|CONSTRAINED|CONSTRAINED|CONSTRAINED_202547_2025-11-20_0656|BY_IF
100000000111|1003|1|1030001229_10_0001|0|11-AUG-2025|0|0|1030001229|1|0|120960|800|65|0|0|11-AUG-2025|65|1|01-JAN-1970|0|-1|0|0|6200000072|0|0|0|0|6200000072|0|8672|0|1|202547|CONSTRAINED|CONSTRAINED|CONSTRAINED_202547_2025-11-20_0656|BY_IF
100000000111|1003|1|1030001230_10_0001|0|12-AUG-2025|0|0|1030001230|1|0|120960|800|18|0|0|12-AUG-2025|18|1|01-JAN-1970|0|-1|0|0|6200000072|0|0|0|0|6200000072|0|8502|0|1|202547|CONSTRAINED|CONSTRAINED|CONSTRAINED_202547_2025-11-20_0656|BY_IF
100000000111|1003|1|1030001231_10_0001|0|16-AUG-2025|0|0|1030001231|1|0|120960|800|20|0|0|16-AUG-2025|20|1|01-JAN-1970|0|-1|0|0|6200000072|0|0|0|0|6200000072|0|8289|0|1|202547|CONSTRAINED|CONSTRAINED|CONSTRAINED_202547_2025-11-20_0656|BY_IF
100000000111|1003|1|1030001232_10_0001|0|14-AUG-2025|0|0|1030001232|1|0|120960|800|65|0|0|14-AUG-2025|65|1|01-JAN-1970|0|-1|0|0|6200000072|0|0|0|0|6200000072|0|8348|0|1|202547|CONSTRAINED|CONSTRAINED|CONSTRAINED_202547_2025-11-20_0656|BY_IF
100000000111|1003|1|1030001233_10_0001|0|18-AUG-2025|0|0|1030001233|1|0|120960|800|25|0|0|18-AUG-2025|25|1|01-JAN-1970|0|-1|0|0|6200000072|0|0|0|0|6200000072|0|8215|0|1|202547|CONSTRAINED|CONSTRAINED|CONSTRAINED_202547_2025-11-20_0656|BY_IF
100000000111|1003|1|1030001234_10_0001|0|23-JUL-2025|0|0|1030001234|1|0|120960|200|25|0|0|02-AUG-2025|25|3|01-JAN-1970|0|-1|0|0|6200000072|0|0|0|0|6200000072|0|8129|0|1|202547|CONSTRAINED|CONSTRAINED|CONSTRAINED_202547_2025-11-20_0656|BY_IF
100000000111|1003|1|1030001235_10_0001|0|23-AUG-2025|0|0|1030001235|1|0|120960|800|35|0|0|23-AUG-2025|35|1|01-JAN-1970|0|-1|0|0|6200000072|0|0|0|0|6200000072|0|8140|0|1|202547|CONSTRAINED|CONSTRAINED|CONSTRAINED_202547_2025-11-20_0656|BY_IF
100000000111|1003|1|1030001236_10_0001|0|14-AUG-2025|0|0|1030001236|1|0|120960|800|20|0|0|14-AUG-2025|20|1|01-JAN-1970|0|-1|0|0|6200000072|0|0|0|0|6200000072|0|8347|0|1|202547|CONSTRAINED|CONSTRAINED|CONSTRAINED_202547_2025-11-20_0656|BY_IF
100000000111|1003|1|1030001237_10_0001|0|13-AUG-2025|0|0|1030001237|1|0|120960|800|35|0|0|13-AUG-2025|35|1|01-JAN-1970|0|-1|0|0|6200000072|0|0|0|0|6200000072|0|8415|0|1|202547|CONSTRAINED|CONSTRAINED|CONSTRAINED_202547_2025-11-20_0656|BY_IF
100000000111|1003|1|1030001238_10_0001|0|23-AUG-2025|0|0|1030001238|1|0|120960|800|70|0|0|23-AUG-2025|70|1|01-JAN-1970|0|-1|0|0|6200000072|0|0|0|0|6200000072|0|8139|0|1|202547|CONSTRAINED|CONSTRAINED|CONSTRAINED_202547_2025-11-20_0656|BY_IF
100000000111|1003|1|1030001239_10_0001|0|20-AUG-2025|0|0|1030001239|1|0|120960|800|12|0|0|20-AUG-2025|12|1|01-JAN-1970|0|-1|0|0|6200000072|0|0|0|0|6200000072|0|8161|0|1|202547|CONSTRAINED|CONSTRAINED|CONSTRAINED_202547_2025-11-20_0656|BY_IF
100000000111|1003|1|1030001240_10_0001|0|17-AUG-2025|0|0|1030001240|1|0|120960|800|25|0|0|17-AUG-2025|25|1|01-JAN-1970|0|-1|0|0|6200000072|0|0|0|0|6200000072|0|8257|0|1|202547|CONSTRAINED|CONSTRAINED|CONSTRAINED_202547_2025-11-20_0656|BY_IF
100000000111|1003|1|1030001241_10_0001|0|21-JUL-2025|0|0|1030001241|1|0|120960|200|25|0|0|02-AUG-2025|25|3|01-JAN-1970|0|-1|0|0|6200000072|0|0|0|0|6200000072|0|8399|0|1|202547|CONSTRAINED|CONSTRAINED|CONSTRAINED_202547_2025-11-20_0656|BY_IF
100000000111|1006|1|1030001200_10_0001|0|14-AUG-2025|0|0|1030001200|1|0|120960|200|20|0|0|14-AUG-2025|20|1|01-JAN-1970|0|-1|0|0|6200000072|0|0|0|0|6200000072|0|8345|0|1|202547|CONSTRAINED|CONSTRAINED|CONSTRAINED_202547_2025-11-20_0656|BY_IF
100000000111|1006|1|1030001201_10_0001|0|13-AUG-2025|0|0|1030001201|1|0|120960|200|25|0|0|13-AUG-2025|25|1|01-JAN-1970|0|-1|0|0|6200000072|0|0|0|0|6200000072|0|8414|0|1|202547|CONSTRAINED|CONSTRAINED|CONSTRAINED_202547_2025-11-20_0656|BY_IF
100000000111|1006|1|1030001202_10_0001|0|24-SEP-2025|0|0|1030001202|1|0|120960|200|25|0|0|24-SEP-2025|25|1|01-JAN-1970|0|-1|0|0|6200000072|0|0|0|0|6200000072|0|8087|0|1|202547|CONSTRAINED|CONSTRAINED|CONSTRAINED_202547_2025-11-20_0656|BY_IF
100000000111|1006|1|1030001203_10_0001|0|23-JUL-2025|0|0|1030001203|1|0|120960|200|30|0|0|26-JUL-2025|30|3|01-JAN-1970|0|-1|0|0|6200000072|0|0|0|0|6200000072|0|8118|0|1|202547|CONSTRAINED|CONSTRAINED|CONSTRAINED_202547_2025-11-20_0656|BY_IF
100000000111|1006|1|1030001204_10_0001|0|16-AUG-2025|0|0|1030001204|1|0|120960|200|20|0|0|16-AUG-2025|20|1|01-JAN-1970|0|-1|0|0|6200000072|0|0|0|0|6200000072|0|8288|0|1|202547|CONSTRAINED|CONSTRAINED|CONSTRAINED_202547_2025-11-20_0656|BY_IF
100000000111|1006|1|1030001205_10_0001|0|12-AUG-2025|0|0|1030001205|1|0|120960|200|30|0|0|12-AUG-2025|30|1|01-JAN-1970|0|-1|0|0|6200000072|0|0|0|0|6200000072|0|8499|0|1|202547|CONSTRAINED|CONSTRAINED|CONSTRAINED_202547_2025-11-20_0656|BY_IF
100000000111|1006|1|1030001206_10_0001|0|11-AUG-2025|0|0|1030001206|1|0|120960|200|25|0|0|11-AUG-2025|25|1|01-JAN-1970|0|-1|0|0|6200000072|0|0|0|0|6200000072|0|8662|0|1|202547|CONSTRAINED|CONSTRAINED|CONSTRAINED_202547_2025-11-20_0656|BY_IF
100000000111|1006|1|1030001207_10_0001|0|11-AUG-2025|0|0|1030001207|1|0|120960|800|25|0|0|11-AUG-2025|25|1|01-JAN-1970|0|-1|0|0|6200000072|0|0|0|0|6200000072|0|8651|0|1|202547|CONSTRAINED|CONSTRAINED|CONSTRAINED_202547_2025-11-20_0656|BY_IF
100000000111|1006|1|1030001208_10_0001|0|24-JUL-2025|0|0|1030001208|1|0|120960|200|75|0|0|26-JUL-2025|75|3|01-JAN-1970|0|-1|0|0|6200000072|0|0|0|0|6200000072|0|9342|0|1|202547|CONSTRAINED|CONSTRAINED|CONSTRAINED_202547_2025-11-20_0656|BY_IF
100000000111|1006|1|1030001209_10_0001|0|12-AUG-2025|0|0|1030001209|1|0|120960|800|25|0|0|12-AUG-2025|25|1|01-JAN-1970|0|-1|0|0|6200000072|0|0|0|0|6200000072|0|8498|0|1|202547|CONSTRAINED|CONSTRAINED|CONSTRAINED_202547_2025-11-20_0656|BY_IF
100000000111|1006|1|1030001210_10_0001|0|12-AUG-2025|0|0|1030001210|1|0|120960|800|50|0|0|12-AUG-2025|50|1|01-JAN-1970|0|-1|0|0|6200000072|0|0|0|0|6200000072|0|8497|0|1|202547|CONSTRAINED|CONSTRAINED|CONSTRAINED_202547_2025-11-20_0656|BY_IF
100000000111|1006|1|1030001211_10_0001|0|30-AUG-2025|0|0|1030001211|1|0|120960|200|10|0|0|30-AUG-2025|10|1|01-JAN-1970|0|-1|0|0|6200000072|0|0|0|0|6200000072|0|8111|0|1|202547|CONSTRAINED|CONSTRAINED|CONSTRAINED_202547_2025-11-20_0656|BY_IF
100000000111|1006|1|1030001212_10_0001|0|24-SEP-2025|0|0|1030001212|1|0|120960|200|25|0|0|24-SEP-2025|25|1|01-JAN-1970|0|-1|0|0|6200000072|0|0|0|0|6200000072|0|8086|0|1|202547|CONSTRAINED|CONSTRAINED|CONSTRAINED_202547_2025-11-20_0656|BY_IF
100000000111|1006|1|1030001213_10_0001|0|12-AUG-2025|0|0|1030001213|1|0|120960|800|25|0|0|12-AUG-2025|25|1|01-JAN-1970|0|-1|0|0|6200000072|0|0|0|0|6200000072|0|8496|0|1|202547|CONSTRAINED|CONSTRAINED|CONSTRAINED_202547_2025-11-20_0656|BY_IF
100000000111|1006|1|1030001214_10_0001|0|23-JUL-2025|0|0|1030001214|1|0|120960|200|20|0|0|26-JUL-2025|20|3|01-JAN-1970|0|-1|0|0|6200000072|0|0|0|0|6200000072|0|8110|0|1|202547|CONSTRAINED|CONSTRAINED|CONSTRAINED_202547_2025-11-20_0656|BY_IF
100000000111|1006|1|1030001215_10_0001|0|17-AUG-2025|0|0|1030001215|1|0|120960|800|45|0|0|17-AUG-2025|45|1|01-JAN-1970|0|-1|0|0|6200000072|0|0|0|0|6200000072|0|8256|0|1|202547|CONSTRAINED|CONSTRAINED|CONSTRAINED_202547_2025-11-20_0656|BY_IF
100000000111|1006|1|1030001216_10_0001|0|18-AUG-2025|0|0|1030001216|1|0|120960|800|70|0|0|18-AUG-2025|70|1|01-JAN-1970|0|-1|0|0|6200000072|0|0|0|0|6200000072|0|8214|0|1|202547|CONSTRAINED|CONSTRAINED|CONSTRAINED_202547_2025-11-20_0656|BY_IF
100000000111|1006|1|1030001217_10_0001|0|14-AUG-2025|0|0|1030001217|1|0|120960|800|70|0|0|14-AUG-2025|70|1|01-JAN-1970|0|-1|0|0|6200000072|0|0|0|0|6200000072|0|8344|0|1|202547|CONSTRAINED|CONSTRAINED|CONSTRAINED_202547_2025-11-20_0656|BY_IF
100000000111|1006|1|1030001218_10_0001|0|11-AUG-2025|0|0|1030001218|1|0|120960|800|25|0|0|11-AUG-2025|25|1|01-JAN-1970|0|-1|0|0|6200000072|0|0|0|0|6200000072|0|8641|0|1|202547|CONSTRAINED|CONSTRAINED|CONSTRAINED_202547_2025-11-20_0656|BY_IF
100000000111|1006|1|1030001219_10_0001|0|18-AUG-2025|0|0|1030001219|1|0|120960|800|50|0|0|18-AUG-2025|50|1|01-JAN-1970|0|-1|0|0|6200000072|0|0|0|0|6200000072|0|8213|0|1|202547|CONSTRAINED|CONSTRAINED|CONSTRAINED_202547_2025-11-20_0656|BY_IF
100000000111|1006|1|1030001220_10_0001|0|22-JUL-2025|0|0|1030001220|1|0|120960|200|20|0|0|26-JUL-2025|20|3|01-JAN-1970|0|-1|0|0|6200000072|0|0|0|0|6200000072|0|8715|0|1|202547|CONSTRAINED|CONSTRAINED|CONSTRAINED_202547_2025-11-20_0656|BY_IF
100000000111|1006|1|1030001221_10_0001|0|23-JUL-2025|0|0|1030001221|1|0|120960|200|25|0|0|26-JUL-2025|25|3|01-JAN-1970|0|-1|0|0|6200000072|0|0|0|0|6200000072|0|8098|0|1|202547|CONSTRAINED|CONSTRAINED|CONSTRAINED_202547_2025-11-20_0656|BY_IF
100000000111|1006|1|1033500009_10_002|0|28-JUL-2025|0|0|1033500009|1|0|120960|200|80|0|0|28-JUL-2025|80|1|01-JAN-1970|0|-1|0|0|6200000072|0|0|0|0|6200000072|0|9153|0|1|202547|CONSTRAINED|CONSTRAINED|CONSTRAINED_202547_2025-11-20_0656|BY_IF
100000000111|1006|1|1033500009_10_002-1|0|28-JUL-2025|0|0|1033500009|1|0|120960|200|20|0|0|28-JUL-2025|0|6|01-JAN-1970|0|0|0|0|6200000072|0|||0|6200000072|0|0|0|3|202547|CONSTRAINED|CONSTRAINED|CONSTRAINED_202547_2025-11-20_0656|BY_IF
100000000111|1006|2| |34|13-DEC-2025|0|0|0|0|0|0|400|75|0|0|13-DEC-2025|0|6|01-JAN-1970|0|0|34|0| |0|||0|6200000072|10|0|0|1|202547|CONSTRAINED|CONSTRAINED|CONSTRAINED_202547_2025-11-20_0656|BY_IF
100000000111|1006|2| |35|10-JAN-2026|0|0|0|0|0|0|400|75|0|0|10-JAN-2026|0|6|01-JAN-1970|0|0|35|0| |0|||0|6200000072|10|0|0|1|202547|CONSTRAINED|CONSTRAINED|CONSTRAINED_202547_2025-11-20_0656|BY_IF
100000000111|1006|2| |36|20-DEC-2025|0|0|0|0|0|0|400|75|0|0|20-DEC-2025|0|6|01-JAN-1970|0|0|36|0| |0|||0|6200000072|10|0|0|1|202547|CONSTRAINED|CONSTRAINED|CONSTRAINED_202547_2025-11-20_0656|BY_IF
100000000111|1006|2| |37|27-DEC-2025|0|0|0|0|0|0|400|75|0|0|27-DEC-2025|0|6|01-JAN-1970|0|0|37|0| |0|||0|6200000072|10|0|0|1|202547|CONSTRAINED|CONSTRAINED|CONSTRAINED_202547_2025-11-20_0656|BY_IF
100000000111|1006|2| |38|06-DEC-2025|0|0|0|0|0|0|400|49|0|0|06-DEC-2025|0|6|01-JAN-1970|0|0|38|0| |0|||0|6200000072|10|0|0|1|202547|CONSTRAINED|CONSTRAINED|CONSTRAINED_202547_2025-11-20_0656|BY_IF
100000000111|1006|2| |39|03-JAN-2026|0|0|0|0|0|0|400|75|0|0|03-JAN-2026|0|6|01-JAN-1970|0|0|39|0| |0|||0|6200000072|10|0|0|1|202547|CONSTRAINED|CONSTRAINED|CONSTRAINED_202547_2025-11-20_0656|BY_IF
100000000111|VF|2| |480|28-MAR-2026|0|0|0|0|0|0|400|75|0|0|28-MAR-2026|0|6|01-JAN-1970|0|0|480|0| |0|||0|6200000072|10|0|0|1|202547|CONSTRAINED|CONSTRAINED|CONSTRAINED_202547_2025-11-20_0656|BY_IF
100000000111|VF|2| |481|21-MAR-2026|0|0|0|0|0|0|400|75|0|0|21-MAR-2026|0|6|01-JAN-1970|0|0|481|0| |0|||0|6200000072|10|0|0|1|202547|CONSTRAINED|CONSTRAINED|CONSTRAINED_202547_2025-11-20_0656|BY_IF
100000000111|VF|2| |482|23-MAY-2026|0|0|0|0|0|0|400|75|0|0|23-MAY-2026|0|6|01-JAN-1970|0|0|482|0| |0|||0|6200000072|10|0|0|1|202547|CONSTRAINED|CONSTRAINED|CONSTRAINED_202547_2025-11-20_0656|BY_IF
100000000111|VF|2| |483|16-MAY-2026|0|0|0|0|0|0|400|75|0|0|16-MAY-2026|0|6|01-JAN-1970|0|0|483|0| |0|||0|6200000072|10|0|0|1|202547|CONSTRAINED|CONSTRAINED|CONSTRAINED_202547_2025-11-20_0656|BY_IF
100000000111|VF|2| |484|09-MAY-2026|0|0|0|0|0|0|400|75|0|0|09-MAY-2026|0|6|01-JAN-1970|0|0|484|0| |0|||0|6200000072|10|0|0|1|202547|CONSTRAINED|CONSTRAINED|CONSTRAINED_202547_2025-11-20_0656|BY_IF
100000000111|VF|2| |485|02-MAY-2026|0|0|0|0|0|0|400|75|0|0|02-MAY-2026|0|6|01-JAN-1970|0|0|485|0| |0|||0|6200000072|10|0|0|1|202547|CONSTRAINED|CONSTRAINED|CONSTRAINED_202547_2025-11-20_0656|BY_IF
100000000111|VF|2| |486|25-APR-2026|0|0|0|0|0|0|400|75|0|0|25-APR-2026|0|6|01-JAN-1970|0|0|486|0| |0|||0|6200000072|10|0|0|1|202547|CONSTRAINED|CONSTRAINED|CONSTRAINED_202547_2025-11-20_0656|BY_IF
100000000111|VF|2| |487|18-APR-2026|0|0|0|0|0|0|400|75|0|0|18-APR-2026|0|6|01-JAN-1970|0|0|487|0| |0|||0|6200000072|10|0|0|1|202547|CONSTRAINED|CONSTRAINED|CONSTRAINED_202547_2025-11-20_0656|BY_IF
100000000111|VF|2| |488|11-APR-2026|0|0|0|0|0|0|400|75|0|0|11-APR-2026|0|6|01-JAN-1970|0|0|488|0| |0|||0|6200000072|10|0|0|1|202547|CONSTRAINED|CONSTRAINED|CONSTRAINED_202547_2025-11-20_0656|BY_IF
100000000111|VF|2| |489|04-APR-2026|0|0|0|0|0|0|400|75|0|0|04-APR-2026|0|6|01-JAN-1970|0|0|489|0| |0|||0|6200000072|10|0|0|1|202547|CONSTRAINED|CONSTRAINED|CONSTRAINED_202547_2025-11-20_0656|BY_IF
100000000111|VF|2| |490|22-NOV-2025|0|0|0|0|0|0|510|38|0|0|22-NOV-2025|0|6|01-JAN-1970|0|0|490|0| |0|||0|6200000072|11|0|0|1|202547|CONSTRAINED|CONSTRAINED|CONSTRAINED_202547_2025-11-20_0656|BY_IF
100000000111|VF|2| |491|17-JAN-2026|0|0|0|0|0|0|400|75|0|0|17-JAN-2026|0|6|01-JAN-1970|0|0|491|0| |0|||0|6200000072|10|0|0|1|202547|CONSTRAINED|CONSTRAINED|CONSTRAINED_202547_2025-11-20_0656|BY_IF
100000000111|VF|2| |492|06-JUN-2026|0|0|0|0|0|0|400|75|0|0|06-JUN-2026|0|6|01-JAN-1970|0|0|492|0| |0|||0|6200000072|10|0|0|1|202547|CONSTRAINED|CONSTRAINED|CONSTRAINED_202547_2025-11-20_0656|BY_IF
100000000111|VF|2| |493|30-MAY-2026|0|0|0|0|0|0|400|75|0|0|30-MAY-2026|0|6|01-JAN-1970|0|0|493|0| |0|||0|6200000072|10|0|0|1|202547|CONSTRAINED|CONSTRAINED|CONSTRAINED_202547_2025-11-20_0656|BY_IF
100000000111|VF|2| |494|20-JUN-2026|0|0|0|0|0|0|400|75|0|0|20-JUN-2026|0|6|01-JAN-1970|0|0|494|0| |0|||0|6200000072|10|0|0|1|202547|CONSTRAINED|CONSTRAINED|CONSTRAINED_202547_2025-11-20_0656|BY_IF
100000000111|VF|2| |495|13-JUN-2026|0|0|0|0|0|0|400|75|0|0|13-JUN-2026|0|6|01-JAN-1970|0|0|495|0| |0|||0|6200000072|10|0|0|1|202547|CONSTRAINED|CONSTRAINED|CONSTRAINED_202547_2025-11-20_0656|BY_IF
100000000111|VF|2| |496|14-MAR-2026|0|0|0|0|0|0|400|75|0|0|14-MAR-2026|0|6|01-JAN-1970|0|0|496|0| |0|||0|6200000072|10|0|0|1|202547|CONSTRAINED|CONSTRAINED|CONSTRAINED_202547_2025-11-20_0656|BY_IF
100000000111|VF|2| |497|07-MAR-2026|0|0|0|0|0|0|400|75|0|0|07-MAR-2026|0|6|01-JAN-1970|0|0|497|0| |0|||0|6200000072|10|0|0|1|202547|CONSTRAINED|CONSTRAINED|CONSTRAINED_202547_2025-11-20_0656|BY_IF
100000000111|VF|2| |498|21-FEB-2026|0|0|0|0|0|0|400|75|0|0|21-FEB-2026|0|6|01-JAN-1970|0|0|498|0| |0|||0|6200000072|10|0|0|1|202547|CONSTRAINED|CONSTRAINED|CONSTRAINED_202547_2025-11-20_0656|BY_IF
100000000111|VF|2| |499|28-FEB-2026|0|0|0|0|0|0|400|75|0|0|28-FEB-2026|0|6|01-JAN-1970|0|0|499|0| |0|||0|6200000072|10|0|0|1|202547|CONSTRAINED|CONSTRAINED|CONSTRAINED_202547_2025-11-20_0656|BY_IF
100000000111|VF|2| |500|27-JUN-2026|0|0|0|0|0|0|400|75|0|0|27-JUN-2026|0|6|01-JAN-1970|0|0|500|0| |0|||0|6200000072|10|0|0|1|202547|CONSTRAINED|CONSTRAINED|CONSTRAINED_202547_2025-11-20_0656|BY_IF
100000000111|VF|2| |501|04-JUL-2026|0|0|0|0|0|0|400|75|0|0|04-JUL-2026|0|6|01-JAN-1970|0|0|501|0| |0|||0|6200000072|10|0|0|1|202547|CONSTRAINED|CONSTRAINED|CONSTRAINED_202547_2025-11-20_0656|BY_IF
100000000111|VF|2| |502|07-FEB-2026|0|0|0|0|0|0|400|75|0|0|07-FEB-2026|0|6|01-JAN-1970|0|0|502|0| |0|||0|6200000072|10|0|0|1|202547|CONSTRAINED|CONSTRAINED|CONSTRAINED_202547_2025-11-20_0656|BY_IF
100000000111|VF|2| |503|14-FEB-2026|0|0|0|0|0|0|400|75|0|0|14-FEB-2026|0|6|01-JAN-1970|0|0|503|0| |0|||0|6200000072|10|0|0|1|202547|CONSTRAINED|CONSTRAINED|CONSTRAINED_202547_2025-11-20_0656|BY_IF
100000000111|VF|2| |504|11-JUL-2026|0|0|0|0|0|0|400|75|0|0|11-JUL-2026|0|6|01-JAN-1970|0|0|504|0| |0|||0|6200000072|10|0|0|1|202547|CONSTRAINED|CONSTRAINED|CONSTRAINED_202547_2025-11-20_0656|BY_IF
100000000111|VF|2| |505|18-JUL-2026|0|0|0|0|0|0|400|75|0|0|18-JUL-2026|0|6|01-JAN-1970|0|0|505|0| |0|||0|6200000072|10|0|0|1|202547|CONSTRAINED|CONSTRAINED|CONSTRAINED_202547_2025-11-20_0656|BY_IF
100000000111|VF|2| |506|24-JAN-2026|0|0|0|0|0|0|400|75|0|0|24-JAN-2026|0|6|01-JAN-1970|0|0|506|0| |0|||0|6200000072|10|0|0|1|202547|CONSTRAINED|CONSTRAINED|CONSTRAINED_202547_2025-11-20_0656|BY_IF
100000000111|VF|2| |507|31-JAN-2026|0|0|0|0|0|0|400|75|0|0|31-JAN-2026|0|6|01-JAN-1970|0|0|507|0| |0|||0|6200000072|10|0|0|1|202547|CONSTRAINED|CONSTRAINED|CONSTRAINED_202547_2025-11-20_0656|BY_IF
100000000111|VF|2| |508|25-JUL-2026|0|0|0|0|0|0|400|75|0|0|25-JUL-2026|0|6|01-JAN-1970|0|0|508|0| |0|||0|6200000072|10|0|0|1|202547|CONSTRAINED|CONSTRAINED|CONSTRAINED_202547_2025-11-20_0656|BY_IF
100000000111|VF|2| |864|06-FEB-2027|0|0|0|0|0|0|1200|75|0|0|06-FEB-2027|0|6|01-JAN-1970|0|0|864|0| |0|||0|6200000072|13|0|0|1|202547|CONSTRAINED|CONSTRAINED|CONSTRAINED_202547_2025-11-20_0656|BY_IF
100000000111|VF|2| |865|10-APR-2027|0|0|0|0|0|0|1200|75|0|0|10-APR-2027|0|6|01-JAN-1970|0|0|865|0| |0|||0|6200000072|13|0|0|1|202547|CONSTRAINED|CONSTRAINED|CONSTRAINED_202547_2025-11-20_0656|BY_IF
100000000111|VF|2| |866|12-JUN-2027|0|0|0|0|0|0|1200|75|0|0|12-JUN-2027|0|6|01-JAN-1970|0|0|866|0| |0|||0|6200000072|13|0|0|1|202547|CONSTRAINED|CONSTRAINED|CONSTRAINED_202547_2025-11-20_0656|BY_IF
100000000111|VF|2| |867|24-OCT-2026|0|0|0|0|0|0|1200|75|0|0|24-OCT-2026|0|6|01-JAN-1970|0|0|867|0| |0|||0|6200000072|13|0|0|1|202547|CONSTRAINED|CONSTRAINED|CONSTRAINED_202547_2025-11-20_0656|BY_IF
100000000111|VF|2| |868|26-DEC-2026|0|0|0|0|0|0|1200|75|0|0|26-DEC-2026|0|6|01-JAN-1970|0|0|868|0| |0|||0|6200000072|13|0|0|1|202547|CONSTRAINED|CONSTRAINED|CONSTRAINED_202547_2025-11-20_0656|BY_IF
100000000111|VF|2| |869|27-MAR-2027|0|0|0|0|0|0|1200|75|0|0|27-MAR-2027|0|6|01-JAN-1970|0|0|869|0| |0|||0|6200000072|13|0|0|1|202547|CONSTRAINED|CONSTRAINED|CONSTRAINED_202547_2025-11-20_0656|BY_IF
100000000111|VF|2| |870|29-MAY-2027|0|0|0|0|0|0|1200|75|0|0|29-MAY-2027|0|6|01-JAN-1970|0|0|870|0| |0|||0|6200000072|13|0|0|1|202547|CONSTRAINED|CONSTRAINED|CONSTRAINED_202547_2025-11-20_0656|BY_IF
100000000111|VF|2| |871|17-OCT-2026|0|0|0|0|0|0|1200|75|0|0|17-OCT-2026|0|6|01-JAN-1970|0|0|871|0| |0|||0|6200000072|13|0|0|1|202547|CONSTRAINED|CONSTRAINED|CONSTRAINED_202547_2025-11-20_0656|BY_IF
100000000111|VF|2| |872|02-JAN-2027|0|0|0|0|0|0|1200|75|0|0|02-JAN-2027|0|6|01-JAN-1970|0|0|872|0| |0|||0|6200000072|13|0|0|1|202547|CONSTRAINED|CONSTRAINED|CONSTRAINED_202547_2025-11-20_0656|BY_IF
100000000111|VF|2| |873|20-MAR-2027|0|0|0|0|0|0|1200|75|0|0|20-MAR-2027|0|6|01-JAN-1970|0|0|873|0| |0|||0|6200000072|13|0|0|1|202547|CONSTRAINED|CONSTRAINED|CONSTRAINED_202547_2025-11-20_0656|BY_IF
100000000111|VF|2| |874|05-JUN-2027|0|0|0|0|0|0|1200|75|0|0|05-JUN-2027|0|6|01-JAN-1970|0|0|874|0| |0|||0|6200000072|13|0|0|1|202547|CONSTRAINED|CONSTRAINED|CONSTRAINED_202547_2025-11-20_0656|BY_IF
100000000111|VF|2| |875|07-NOV-2026|0|0|0|0|0|0|1200|75|0|0|07-NOV-2026|0|6|01-JAN-1970|0|0|875|0| |0|||0|6200000072|13|0|0|1|202547|CONSTRAINED|CONSTRAINED|CONSTRAINED_202547_2025-11-20_0656|BY_IF
100000000111|VF|2| |876|09-JAN-2027|0|0|0|0|0|0|1200|75|0|0|09-JAN-2027|0|6|01-JAN-1970|0|0|876|0| |0|||0|6200000072|13|0|0|1|202547|CONSTRAINED|CONSTRAINED|CONSTRAINED_202547_2025-11-20_0656|BY_IF
100000000111|VF|2| |877|13-MAR-2027|0|0|0|0|0|0|1200|75|0|0|13-MAR-2027|0|6|01-JAN-1970|0|0|877|0| |0|||0|6200000072|13|0|0|1|202547|CONSTRAINED|CONSTRAINED|CONSTRAINED_202547_2025-11-20_0656|BY_IF
100000000111|VF|2| |878|15-MAY-2027|0|0|0|0|0|0|1200|75|0|0|15-MAY-2027|0|6|01-JAN-1970|0|0|878|0| |0|||0|6200000072|13|0|0|1|202547|CONSTRAINED|CONSTRAINED|CONSTRAINED_202547_2025-11-20_0656|BY_IF
100000000111|VF|2| |879|31-OCT-2026|0|0|0|0|0|0|1200|75|0|0|31-OCT-2026|0|6|01-JAN-1970|0|0|879|0| |0|||0|6200000072|13|0|0|1|202547|CONSTRAINED|CONSTRAINED|CONSTRAINED_202547_2025-11-20_0656|BY_IF
100000000111|VF|2| |880|16-JAN-2027|0|0|0|0|0|0|1200|75|0|0|16-JAN-2027|0|6|01-JAN-1970|0|0|880|0| |0|||0|6200000072|13|0|0|1|202547|CONSTRAINED|CONSTRAINED|CONSTRAINED_202547_2025-11-20_0656|BY_IF
100000000111|VF|2| |881|06-MAR-2027|0|0|0|0|0|0|1200|75|0|0|06-MAR-2027|0|6|01-JAN-1970|0|0|881|0| |0|||0|6200000072|13|0|0|1|202547|CONSTRAINED|CONSTRAINED|CONSTRAINED_202547_2025-11-20_0656|BY_IF
100000000111|VF|2| |882|22-MAY-2027|0|0|0|0|0|0|1200|75|0|0|22-MAY-2027|0|6|01-JAN-1970|0|0|882|0| |0|||0|6200000072|13|0|0|1|202547|CONSTRAINED|CONSTRAINED|CONSTRAINED_202547_2025-11-20_0656|BY_IF
100000000111|VF|2| |883|22-AUG-2026|0|0|0|0|0|0|1200|75|0|0|22-AUG-2026|0|6|01-JAN-1970|0|0|883|0| |0|||0|6200000072|13|0|0|1|202547|CONSTRAINED|CONSTRAINED|CONSTRAINED_202547_2025-11-20_0656|BY_IF
100000000111|VF|2| |884|29-AUG-2026|0|0|0|0|0|0|1200|75|0|0|29-AUG-2026|0|6|01-JAN-1970|0|0|884|0| |0|||0|6200000072|13|0|0|1|202547|CONSTRAINED|CONSTRAINED|CONSTRAINED_202547_2025-11-20_0656|BY_IF
100000000111|VF|2| |885|08-AUG-2026|0|0|0|0|0|0|1200|75|0|0|08-AUG-2026|0|6|01-JAN-1970|0|0|885|0| |0|||0|6200000072|13|0|0|1|202547|CONSTRAINED|CONSTRAINED|CONSTRAINED_202547_2025-11-20_0656|BY_IF
100000000111|VF|2| |886|15-AUG-2026|0|0|0|0|0|0|1200|75|0|0|15-AUG-2026|0|6|01-JAN-1970|0|0|886|0| |0|||0|6200000072|13|0|0|1|202547|CONSTRAINED|CONSTRAINED|CONSTRAINED_202547_2025-11-20_0656|BY_IF
100000000111|VF|2| |887|26-SEP-2026|0|0|0|0|0|0|1200|75|0|0|26-SEP-2026|0|6|01-JAN-1970|0|0|887|0| |0|||0|6200000072|13|0|0|1|202547|CONSTRAINED|CONSTRAINED|CONSTRAINED_202547_2025-11-20_0656|BY_IF
100000000111|VF|2| |888|12-DEC-2026|0|0|0|0|0|0|1200|75|0|0|12-DEC-2026|0|6|01-JAN-1970|0|0|888|0| |0|||0|6200000072|13|0|0|1|202547|CONSTRAINED|CONSTRAINED|CONSTRAINED_202547_2025-11-20_0656|BY_IF
100000000111|VF|2| |889|27-FEB-2027|0|0|0|0|0|0|1200|75|0|0|27-FEB-2027|0|6|01-JAN-1970|0|0|889|0| |0|||0|6200000072|13|0|0|1|202547|CONSTRAINED|CONSTRAINED|CONSTRAINED_202547_2025-11-20_0656|BY_IF
100000000111|VF|2| |890|19-SEP-2026|0|0|0|0|0|0|1200|75|0|0|19-SEP-2026|0|6|01-JAN-1970|0|0|890|0| |0|||0|6200000072|13|0|0|1|202547|CONSTRAINED|CONSTRAINED|CONSTRAINED_202547_2025-11-20_0656|BY_IF
100000000111|VF|2| |891|19-DEC-2026|0|0|0|0|0|0|1200|75|0|0|19-DEC-2026|0|6|01-JAN-1970|0|0|891|0| |0|||0|6200000072|13|0|0|1|202547|CONSTRAINED|CONSTRAINED|CONSTRAINED_202547_2025-11-20_0656|BY_IF
100000000111|VF|2| |892|20-FEB-2027|0|0|0|0|0|0|1200|75|0|0|20-FEB-2027|0|6|01-JAN-1970|0|0|892|0| |0|||0|6200000072|13|0|0|1|202547|CONSTRAINED|CONSTRAINED|CONSTRAINED_202547_2025-11-20_0656|BY_IF
100000000111|VF|2| |893|12-SEP-2026|0|0|0|0|0|0|1200|75|0|0|12-SEP-2026|0|6|01-JAN-1970|0|0|893|0| |0|||0|6200000072|13|0|0|1|202547|CONSTRAINED|CONSTRAINED|CONSTRAINED_202547_2025-11-20_0656|BY_IF
100000000111|VF|2| |894|01-MAY-2027|0|0|0|0|0|0|1200|75|0|0|01-MAY-2027|0|6|01-JAN-1970|0|0|894|0| |0|||0|6200000072|13|0|0|1|202547|CONSTRAINED|CONSTRAINED|CONSTRAINED_202547_2025-11-20_0656|BY_IF
100000000111|VF|2| |895|17-JUL-2027|0|0|0|0|0|0|1200|75|0|0|17-JUL-2027|0|6|01-JAN-1970|0|0|895|0| |0|||0|6200000072|13|0|0|1|202547|CONSTRAINED|CONSTRAINED|CONSTRAINED_202547_2025-11-20_0656|BY_IF
100000000111|VF|2| |896|24-JUL-2027|0|0|0|0|0|0|1200|75|0|0|24-JUL-2027|0|6|01-JAN-1970|0|0|896|0| |0|||0|6200000072|13|0|0|1|202547|CONSTRAINED|CONSTRAINED|CONSTRAINED_202547_2025-11-20_0656|BY_IF
100000000111|VF|2| |897|05-SEP-2026|0|0|0|0|0|0|1200|75|0|0|05-SEP-2026|0|6|01-JAN-1970|0|0|897|0| |0|||0|6200000072|13|0|0|1|202547|CONSTRAINED|CONSTRAINED|CONSTRAINED_202547_2025-11-20_0656|BY_IF
100000000111|VF|2| |898|08-MAY-2027|0|0|0|0|0|0|1200|75|0|0|08-MAY-2027|0|6|01-JAN-1970|0|0|898|0| |0|||0|6200000072|13|0|0|1|202547|CONSTRAINED|CONSTRAINED|CONSTRAINED_202547_2025-11-20_0656|BY_IF
100000000111|VF|2| |899|10-JUL-2027|0|0|0|0|0|0|1200|75|0|0|10-JUL-2027|0|6|01-JAN-1970|0|0|899|0| |0|||0|6200000072|13|0|0|1|202547|CONSTRAINED|CONSTRAINED|CONSTRAINED_202547_2025-11-20_0656|BY_IF
100000000111|VF|2| |900|14-NOV-2026|0|0|0|0|0|0|1200|75|0|0|14-NOV-2026|0|6|01-JAN-1970|0|0|900|0| |0|||0|6200000072|13|0|0|1|202547|CONSTRAINED|CONSTRAINED|CONSTRAINED_202547_2025-11-20_0656|BY_IF
100000000111|VF|2| |901|30-JAN-2027|0|0|0|0|0|0|1200|75|0|0|30-JAN-2027|0|6|01-JAN-1970|0|0|901|0| |0|||0|6200000072|13|0|0|1|202547|CONSTRAINED|CONSTRAINED|CONSTRAINED_202547_2025-11-20_0656|BY_IF
100000000111|VF|2| |902|17-APR-2027|0|0|0|0|0|0|1200|75|0|0|17-APR-2027|0|6|01-JAN-1970|0|0|902|0| |0|||0|6200000072|13|0|0|1|202547|CONSTRAINED|CONSTRAINED|CONSTRAINED_202547_2025-11-20_0656|BY_IF
100000000111|VF|2| |903|03-JUL-2027|0|0|0|0|0|0|1200|75|0|0|03-JUL-2027|0|6|01-JAN-1970|0|0|903|0| |0|||0|6200000072|13|0|0|1|202547|CONSTRAINED|CONSTRAINED|CONSTRAINED_202547_2025-11-20_0656|BY_IF
100000000111|VF|2| |904|21-NOV-2026|0|0|0|0|0|0|1200|75|0|0|21-NOV-2026|0|6|01-JAN-1970|0|0|904|0| |0|||0|6200000072|13|0|0|1|202547|CONSTRAINED|CONSTRAINED|CONSTRAINED_202547_2025-11-20_0656|BY_IF
100000000111|VF|2| |905|23-JAN-2027|0|0|0|0|0|0|1200|75|0|0|23-JAN-2027|0|6|01-JAN-1970|0|0|905|0| |0|||0|6200000072|13|0|0|1|202547|CONSTRAINED|CONSTRAINED|CONSTRAINED_202547_2025-11-20_0656|BY_IF
100000000111|VF|2| |906|24-APR-2027|0|0|0|0|0|0|1200|75|0|0|24-APR-2027|0|6|01-JAN-1970|0|0|906|0| |0|||0|6200000072|13|0|0|1|202547|CONSTRAINED|CONSTRAINED|CONSTRAINED_202547_2025-11-20_0656|BY_IF
100000000111|VF|2| |907|26-JUN-2027|0|0|0|0|0|0|1200|75|0|0|26-JUN-2027|0|6|01-JAN-1970|0|0|907|0| |0|||0|6200000072|13|0|0|1|202547|CONSTRAINED|CONSTRAINED|CONSTRAINED_202547_2025-11-20_0656|BY_IF
100000000111|VF|2| |908|10-OCT-2026|0|0|0|0|0|0|1200|75|0|0|10-OCT-2026|0|6|01-JAN-1970|0|0|908|0| |0|||0|6200000072|13|0|0|1|202547|CONSTRAINED|CONSTRAINED|CONSTRAINED_202547_2025-11-20_0656|BY_IF
100000000111|VF|2| |909|28-NOV-2026|0|0|0|0|0|0|1200|75|0|0|28-NOV-2026|0|6|01-JAN-1970|0|0|909|0| |0|||0|6200000072|13|0|0|1|202547|CONSTRAINED|CONSTRAINED|CONSTRAINED_202547_2025-11-20_0656|BY_IF
100000000111|VF|2| |910|13-FEB-2027|0|0|0|0|0|0|1200|75|0|0|13-FEB-2027|0|6|01-JAN-1970|0|0|910|0| |0|||0|6200000072|13|0|0|1|202547|CONSTRAINED|CONSTRAINED|CONSTRAINED_202547_2025-11-20_0656|BY_IF
100000000111|VF|2| |911|03-APR-2027|0|0|0|0|0|0|1200|75|0|0|03-APR-2027|0|6|01-JAN-1970|0|0|911|0| |0|||0|6200000072|13|0|0|1|202547|CONSTRAINED|CONSTRAINED|CONSTRAINED_202547_2025-11-20_0656|BY_IF
100000000111|VF|2| |912|19-JUN-2027|0|0|0|0|0|0|1200|75|0|0|19-JUN-2027|0|6|01-JAN-1970|0|0|912|0| |0|||0|6200000072|13|0|0|1|202547|CONSTRAINED|CONSTRAINED|CONSTRAINED_202547_2025-11-20_0656|BY_IF
100000000111|VF|2| |913|03-OCT-2026|0|0|0|0|0|0|1200|75|0|0|03-OCT-2026|0|6|01-JAN-1970|0|0|913|0| |0|||0|6200000072|13|0|0|1|202547|CONSTRAINED|CONSTRAINED|CONSTRAINED_202547_2025-11-20_0656|BY_IF
100000000111|VF|2| |914|01-AUG-2026|0|0|0|0|0|0|1200|75|0|0|01-AUG-2026|0|6|01-JAN-1970|0|0|914|0| |0|||0|6200000072|13|0|0|1|202547|CONSTRAINED|CONSTRAINED|CONSTRAINED_202547_2025-11-20_0656|BY_IF
100000000111|VF|2| |915|05-DEC-2026|0|0|0|0|0|0|1200|75|0|0|05-DEC-2026|0|6|01-JAN-1970|0|0|915|0| |0|||0|6200000072|13|0|0|1|202547|CONSTRAINED|CONSTRAINED|CONSTRAINED_202547_2025-11-20_0656|BY_IF
100000000112|1003|1|1030001322_10_0001|0|13-AUG-2025|0|0|1030001322|1|0|120960|800|45|0|0|13-AUG-2025|0|5|01-JAN-1970|0|-1|0|0|6200000072|0|0|0|0|6200000072|0|9990|0|1|202547|CONSTRAINED|CONSTRAINED|CONSTRAINED_202547_2025-11-20_0656|BY_IF
100000000112|1003|1|1030001323_10_0001|0|23-JUL-2025|0|0|1030001323|1|0|120960|200|25|0|0|26-JUL-2025|0|5|01-JAN-1970|0|-1|0|0|6200000072|0|0|0|0|6200000072|0|10042|0|1|202547|CONSTRAINED|CONSTRAINED|CONSTRAINED_202547_2025-11-20_0656|BY_IF
100000000112|1003|1|1030001324_10_0001|0|09-AUG-2025|0|0|1030001324|1|0|120960|200|12|0|0|09-AUG-2025|0|5|01-JAN-1970|0|-1|0|0|6200000072|0|0|0|0|6200000072|0|10014|0|1|202547|CONSTRAINED|CONSTRAINED|CONSTRAINED_202547_2025-11-20_0656|BY_IF
100000000112|1003|1|1030001325_10_0001|0|23-JUL-2025|0|0|1030001325|1|0|120960|200|20|0|0|26-JUL-2025|0|5|01-JAN-1970|0|-1|0|0|6200000072|0|0|0|0|6200000072|0|10057|0|1|202547|CONSTRAINED|CONSTRAINED|CONSTRAINED_202547_2025-11-20_0656|BY_IF
100000000112|1003|1|1030001326_10_0001|0|23-JUL-2025|0|0|1030001326|1|0|120960|200|20|0|0|26-JUL-2025|0|5|01-JAN-1970|0|-1|0|0|6200000072|0|0|0|0|6200000072|0|10080|0|1|202547|CONSTRAINED|CONSTRAINED|CONSTRAINED_202547_2025-11-20_0656|BY_IF
100000000112|1003|1|1030001327_10_0001|0|18-AUG-2025|0|0|1030001327|1|0|120960|800|25|0|0|18-AUG-2025|0|5|01-JAN-1970|0|-1|0|0|6200000072|0|0|0|0|6200000072|0|10006|0|1|202547|CONSTRAINED|CONSTRAINED|CONSTRAINED_202547_2025-11-20_0656|BY_IF
100000000112|1003|1|1030001328_10_0001|0|13-AUG-2025|0|0|1030001328|1|0|120960|800|25|0|0|13-AUG-2025|0|5|01-JAN-1970|0|-1|0|0|6200000072|0|0|0|0|6200000072|0|9991|0|1|202547|CONSTRAINED|CONSTRAINED|CONSTRAINED_202547_2025-11-20_0656|BY_IF
100000000112|1003|1|1030001329_10_0001|0|11-AUG-2025|0|0|1030001329|1|0|120960|800|65|0|0|11-AUG-2025|0|5|01-JAN-1970|0|-1|0|0|6200000072|0|0|0|0|6200000072|0|10069|0|1|202547|CONSTRAINED|CONSTRAINED|CONSTRAINED_202547_2025-11-20_0656|BY_IF
100000000112|1003|1|1030001330_10_0001|0|12-AUG-2025|0|0|1030001330|1|0|120960|800|18|0|0|12-AUG-2025|0|5|01-JAN-1970|0|-1|0|0|6200000072|0|0|0|0|6200000072|0|10020|0|1|202547|CONSTRAINED|CONSTRAINED|CONSTRAINED_202547_2025-11-20_0656|BY_IF
100000000112|1003|1|1030001331_10_0001|0|16-AUG-2025|0|0|1030001331|1|0|120960|800|20|0|0|16-AUG-2025|0|5|01-JAN-1970|0|-1|0|0|6200000072|0|0|0|0|6200000072|0|10027|0|1|202547|CONSTRAINED|CONSTRAINED|CONSTRAINED_202547_2025-11-20_0656|BY_IF
100000000112|1003|1|1030001332_10_0001|0|14-AUG-2025|0|0|1030001332|1|0|120960|800|65|0|0|14-AUG-2025|0|5|01-JAN-1970|0|-1|0|0|6200000072|0|0|0|0|6200000072|0|10110|0|1|202547|CONSTRAINED|CONSTRAINED|CONSTRAINED_202547_2025-11-20_0656|BY_IF
100000000112|1003|1|1030001333_10_0001|0|18-AUG-2025|0|0|1030001333|1|0|120960|800|25|0|0|18-AUG-2025|0|5|01-JAN-1970|0|-1|0|0|6200000072|0|0|0|0|6200000072|0|10013|0|1|202547|CONSTRAINED|CONSTRAINED|CONSTRAINED_202547_2025-11-20_0656|BY_IF
100000000112|1003|1|1030001334_10_0001|0|23-JUL-2025|0|0|1030001334|1|0|120960|200|25|0|0|26-JUL-2025|0|5|01-JAN-1970|0|-1|0|0|6200000072|0|0|0|0|6200000072|0|10103|0|1|202547|CONSTRAINED|CONSTRAINED|CONSTRAINED_202547_2025-11-20_0656|BY_IF
100000000112|1003|1|1030001335_10_0001|0|23-AUG-2025|0|0|1030001335|1|0|120960|800|35|0|0|23-AUG-2025|0|5|01-JAN-1970|0|-1|0|0|6200000072|0|0|0|0|6200000072|0|10121|0|1|202547|CONSTRAINED|CONSTRAINED|CONSTRAINED_202547_2025-11-20_0656|BY_IF
100000000112|1003|1|1030001336_10_0001|0|14-AUG-2025|0|0|1030001336|1|0|120960|800|20|0|0|14-AUG-2025|0|5|01-JAN-1970|0|-1|0|0|6200000072|0|0|0|0|6200000072|0|10112|0|1|202547|CONSTRAINED|CONSTRAINED|CONSTRAINED_202547_2025-11-20_0656|BY_IF
100000000112|1003|1|1030001337_10_0001|0|13-AUG-2025|0|0|1030001337|1|0|120960|800|35|0|0|13-AUG-2025|0|5|01-JAN-1970|0|-1|0|0|6200000072|0|0|0|0|6200000072|0|9996|0|1|202547|CONSTRAINED|CONSTRAINED|CONSTRAINED_202547_2025-11-20_0656|BY_IF
100000000112|1003|1|1030001338_10_0001|0|23-AUG-2025|0|0|1030001338|1|0|120960|800|70|0|0|23-AUG-2025|0|5|01-JAN-1970|0|-1|0|0|6200000072|0|0|0|0|6200000072|0|10125|0|1|202547|CONSTRAINED|CONSTRAINED|CONSTRAINED_202547_2025-11-20_0656|BY_IF
100000000112|1003|1|1030001339_10_0001|0|20-AUG-2025|0|0|1030001339|1|0|120960|800|12|0|0|20-AUG-2025|0|5|01-JAN-1970|0|-1|0|0|6200000072|0|0|0|0|6200000072|0|10085|0|1|202547|CONSTRAINED|CONSTRAINED|CONSTRAINED_202547_2025-11-20_0656|BY_IF
100000000112|1003|1|1030001340_10_0001|0|17-AUG-2025|0|0|1030001340|1|0|120960|800|25|0|0|17-AUG-2025|0|5|01-JAN-1970|0|-1|0|0|6200000072|0|0|0|0|6200000072|0|10098|0|1|202547|CONSTRAINED|CONSTRAINED|CONSTRAINED_202547_2025-11-20_0656|BY_IF
100000000112|1003|1|1030001341_10_0001|0|21-JUL-2025|0|0|1030001341|1|0|120960|200|25|0|0|26-JUL-2025|0|5|01-JAN-1970|0|-1|0|0|6200000072|0|0|0|0|6200000072|0|9977|0|1|202547|CONSTRAINED|CONSTRAINED|CONSTRAINED_202547_2025-11-20_0656|BY_IF
100000000112|1006|1|1030001300_10_0001|0|14-AUG-2025|0|0|1030001300|1|0|120960|200|20|0|0|14-AUG-2025|20|1|01-JAN-1970|0|-1|0|0|6200000072|0|0|0|0|6200000072|0|8343|0|1|202547|CONSTRAINED|CONSTRAINED|CONSTRAINED_202547_2025-11-20_0656|BY_IF
100000000112|1006|1|1030001301_10_0001|0|13-AUG-2025|0|0|1030001301|1|0|120960|200|25|0|0|13-AUG-2025|25|1|01-JAN-1970|0|-1|0|0|6200000072|0|0|0|0|6200000072|0|8413|0|1|202547|CONSTRAINED|CONSTRAINED|CONSTRAINED_202547_2025-11-20_0656|BY_IF
100000000112|1006|1|1030001302_10_0001|0|24-SEP-2025|0|0|1030001302|1|0|120960|200|25|0|0|24-SEP-2025|25|1|01-JAN-1970|0|-1|0|0|6200000072|0|0|0|0|6200000072|0|8085|0|1|202547|CONSTRAINED|CONSTRAINED|CONSTRAINED_202547_2025-11-20_0656|BY_IF
100000000112|1006|1|1030001303_10_0001|0|23-JUL-2025|0|0|1030001303|1|0|120960|200|30|0|0|26-JUL-2025|30|3|01-JAN-1970|0|-1|0|0|6200000072|0|0|0|0|6200000072|0|8053|0|1|202547|CONSTRAINED|CONSTRAINED|CONSTRAINED_202547_2025-11-20_0656|BY_IF
100000000112|1006|1|1030001304_10_0001|0|16-AUG-2025|0|0|1030001304|1|0|120960|200|20|0|0|16-AUG-2025|20|1|01-JAN-1970|0|-1|0|0|6200000072|0|0|0|0|6200000072|0|8287|0|1|202547|CONSTRAINED|CONSTRAINED|CONSTRAINED_202547_2025-11-20_0656|BY_IF
100000000112|1006|1|1030001305_10_0001|0|12-AUG-2025|0|0|1030001305|1|0|120960|200|30|0|0|12-AUG-2025|30|1|01-JAN-1970|0|-1|0|0|6200000072|0|0|0|0|6200000072|0|8495|0|1|202547|CONSTRAINED|CONSTRAINED|CONSTRAINED_202547_2025-11-20_0656|BY_IF
100000000112|1006|1|1030001306_10_0001|0|11-AUG-2025|0|0|1030001306|1|0|120960|200|25|0|0|11-AUG-2025|25|1|01-JAN-1970|0|-1|0|0|6200000072|0|0|0|0|6200000072|0|8621|0|1|202547|CONSTRAINED|CONSTRAINED|CONSTRAINED_202547_2025-11-20_0656|BY_IF
100000000112|1006|1|1030001307_10_0001|0|11-AUG-2025|0|0|1030001307|1|0|120960|200|25|0|0|11-AUG-2025|25|1|01-JAN-1970|0|-1|0|0|6200000072|0|0|0|0|6200000072|0|8609|0|1|202547|CONSTRAINED|CONSTRAINED|CONSTRAINED_202547_2025-11-20_0656|BY_IF
100000000112|1006|1|1030001308_10_0001|0|24-JUL-2025|0|0|1030001308|1|0|120960|200|75|0|0|26-JUL-2025|75|3|01-JAN-1970|0|-1|0|0|6200000072|0|0|0|0|6200000072|0|9332|0|1|202547|CONSTRAINED|CONSTRAINED|CONSTRAINED_202547_2025-11-20_0656|BY_IF
100000000112|1006|1|1030001309_10_0001|0|12-AUG-2025|0|0|1030001309|1|0|120960|800|25|0|0|12-AUG-2025|25|1|01-JAN-1970|0|-1|0|0|6200000072|0|0|0|0|6200000072|0|8494|0|1|202547|CONSTRAINED|CONSTRAINED|CONSTRAINED_202547_2025-11-20_0656|BY_IF
100000000112|1006|1|1030001310_10_0001|0|12-AUG-2025|0|0|1030001310|1|0|120960|800|50|0|0|12-AUG-2025|50|1|01-JAN-1970|0|-1|0|0|6200000072|0|0|0|0|6200000072|0|8493|0|1|202547|CONSTRAINED|CONSTRAINED|CONSTRAINED_202547_2025-11-20_0656|BY_IF
100000000112|1006|1|1030001311_10_0001|0|30-AUG-2025|0|0|1030001311|1|0|120960|200|10|0|0|30-AUG-2025|10|1|01-JAN-1970|0|-1|0|0|6200000072|0|0|0|0|6200000072|0|8109|0|1|202547|CONSTRAINED|CONSTRAINED|CONSTRAINED_202547_2025-11-20_0656|BY_IF
100000000112|1006|1|1030001312_10_0001|0|24-SEP-2025|0|0|1030001312|1|0|120960|200|25|0|0|24-SEP-2025|25|1|01-JAN-1970|0|-1|0|0|6200000072|0|0|0|0|6200000072|0|8084|0|1|202547|CONSTRAINED|CONSTRAINED|CONSTRAINED_202547_2025-11-20_0656|BY_IF
100000000112|1006|1|1030001313_10_0001|0|12-AUG-2025|0|0|1030001313|1|0|120960|800|25|0|0|12-AUG-2025|25|1|01-JAN-1970|0|-1|0|0|6200000072|0|0|0|0|6200000072|0|8492|0|1|202547|CONSTRAINED|CONSTRAINED|CONSTRAINED_202547_2025-11-20_0656|BY_IF
100000000112|1006|1|1030001314_10_0001|0|23-JUL-2025|0|0|1030001314|1|0|120960|200|20|0|0|26-JUL-2025|20|3|01-JAN-1970|0|-1|0|0|6200000072|0|0|0|0|6200000072|0|8043|0|1|202547|CONSTRAINED|CONSTRAINED|CONSTRAINED_202547_2025-11-20_0656|BY_IF
100000000112|1006|1|1030001315_10_0001|0|17-AUG-2025|0|0|1030001315|1|0|120960|800|45|0|0|17-AUG-2025|45|1|01-JAN-1970|0|-1|0|0|6200000072|0|0|0|0|6200000072|0|8255|0|1|202547|CONSTRAINED|CONSTRAINED|CONSTRAINED_202547_2025-11-20_0656|BY_IF
100000000112|1006|1|1030001316_10_0001|0|18-AUG-2025|0|0|1030001316|1|0|120960|800|70|0|0|18-AUG-2025|70|1|01-JAN-1970|0|-1|0|0|6200000072|0|0|0|0|6200000072|0|8211|0|1|202547|CONSTRAINED|CONSTRAINED|CONSTRAINED_202547_2025-11-20_0656|BY_IF
100000000112|1006|1|1030001317_10_0001|0|14-AUG-2025|0|0|1030001317|1|0|120960|800|70|0|0|14-AUG-2025|70|1|01-JAN-1970|0|-1|0|0|6200000072|0|0|0|0|6200000072|0|8342|0|1|202547|CONSTRAINED|CONSTRAINED|CONSTRAINED_202547_2025-11-20_0656|BY_IF
100000000112|1006|1|1030001318_10_0001|0|11-AUG-2025|0|0|1030001318|1|0|120960|800|25|0|0|11-AUG-2025|25|1|01-JAN-1970|0|-1|0|0|6200000072|0|0|0|0|6200000072|0|8599|0|1|202547|CONSTRAINED|CONSTRAINED|CONSTRAINED_202547_2025-11-20_0656|BY_IF
100000000112|1006|1|1030001319_10_0001|0|18-AUG-2025|0|0|1030001319|1|0|120960|800|50|0|0|18-AUG-2025|50|1|01-JAN-1970|0|-1|0|0|6200000072|0|0|0|0|6200000072|0|8210|0|1|202547|CONSTRAINED|CONSTRAINED|CONSTRAINED_202547_2025-11-20_0656|BY_IF
100000000112|1006|1|1030001320_10_0001|0|22-JUL-2025|0|0|1030001320|1|0|120960|200|20|0|0|26-JUL-2025|20|3|01-JAN-1970|0|-1|0|0|6200000072|0|0|0|0|6200000072|0|8610|0|1|202547|CONSTRAINED|CONSTRAINED|CONSTRAINED_202547_2025-11-20_0656|BY_IF
100000000112|1006|1|1030001321_10_0001|0|23-JUL-2025|0|0|1030001321|1|0|120960|200|25|0|0|26-JUL-2025|25|3|01-JAN-1970|0|-1|0|0|6200000072|0|0|0|0|6200000072|0|8032|0|1|202547|CONSTRAINED|CONSTRAINED|CONSTRAINED_202547_2025-11-20_0656|BY_IF
100000000112|1006|1|1033500010_10_002|0|28-JUL-2025|0|0|1033500010|1|0|120960|200|20|0|0|28-JUL-2025|20|1|01-JAN-1970|0|-1|0|0|6200000072|0|0|0|0|6200000072|0|9143|0|1|202547|CONSTRAINED|CONSTRAINED|CONSTRAINED_202547_2025-11-20_0656|BY_IF
100000000112|1006|1|1033500010_10_002-1|0|28-JUL-2025|0|0|1033500010|1|0|120960|200|80|0|0|28-JUL-2025|0|6|01-JAN-1970|0|0|0|0|6200000072|0|||0|6200000072|0|0|0|3|202547|CONSTRAINED|CONSTRAINED|CONSTRAINED_202547_2025-11-20_0656|BY_IF
100000000112|1006|2| |69|13-DEC-2025|0|0|0|0|0|0|400|75|0|0|13-DEC-2025|0|6|01-JAN-1970|0|0|69|0| |0|||0|6200000072|10|0|0|1|202547|CONSTRAINED|CONSTRAINED|CONSTRAINED_202547_2025-11-20_0656|BY_IF
100000000112|1006|2| |70|27-DEC-2025|0|0|0|0|0|0|400|75|0|0|27-DEC-2025|0|6|01-JAN-1970|0|0|70|0| |0|||0|6200000072|10|0|0|1|202547|CONSTRAINED|CONSTRAINED|CONSTRAINED_202547_2025-11-20_0656|BY_IF
100000000112|1006|2| |71|10-JAN-2026|0|0|0|0|0|0|400|75|0|0|10-JAN-2026|0|6|01-JAN-1970|0|0|71|0| |0|||0|6200000072|10|0|0|1|202547|CONSTRAINED|CONSTRAINED|CONSTRAINED_202547_2025-11-20_0656|BY_IF
100000000112|1006|2| |72|06-DEC-2025|0|0|0|0|0|0|400|49|0|0|06-DEC-2025|0|6|01-JAN-1970|0|0|72|0| |0|||0|6200000072|10|0|0|1|202547|CONSTRAINED|CONSTRAINED|CONSTRAINED_202547_2025-11-20_0656|BY_IF
100000000112|1006|2| |73|20-DEC-2025|0|0|0|0|0|0|400|75|0|0|20-DEC-2025|0|6|01-JAN-1970|0|0|73|0| |0|||0|6200000072|10|0|0|1|202547|CONSTRAINED|CONSTRAINED|CONSTRAINED_202547_2025-11-20_0656|BY_IF
100000000112|1006|2| |74|03-JAN-2026|0|0|0|0|0|0|400|75|0|0|03-JAN-2026|0|6|01-JAN-1970|0|0|74|0| |0|||0|6200000072|10|0|0|1|202547|CONSTRAINED|CONSTRAINED|CONSTRAINED_202547_2025-11-20_0656|BY_IF
100000000112|VF|2| |153|06-JUN-2026|0|0|0|0|0|0|400|75|0|0|06-JUN-2026|0|6|01-JAN-1970|0|0|153|0| |0|||0|6200000072|10|0|0|1|202547|CONSTRAINED|CONSTRAINED|CONSTRAINED_202547_2025-11-20_0656|BY_IF
100000000112|VF|2| |154|17-JAN-2026|0|0|0|0|0|0|400|75|0|0|17-JAN-2026|0|6|01-JAN-1970|0|0|154|0| |0|||0|6200000072|10|0|0|1|202547|CONSTRAINED|CONSTRAINED|CONSTRAINED_202547_2025-11-20_0656|BY_IF
100000000112|VF|2| |155|24-JAN-2026|0|0|0|0|0|0|400|75|0|0|24-JAN-2026|0|6|01-JAN-1970|0|0|155|0| |0|||0|6200000072|10|0|0|1|202547|CONSTRAINED|CONSTRAINED|CONSTRAINED_202547_2025-11-20_0656|BY_IF
100000000112|VF|2| |156|13-JUN-2026|0|0|0|0|0|0|400|75|0|0|13-JUN-2026|0|6|01-JAN-1970|0|0|156|0| |0|||0|6200000072|10|0|0|1|202547|CONSTRAINED|CONSTRAINED|CONSTRAINED_202547_2025-11-20_0656|BY_IF
100000000112|VF|2| |157|30-MAY-2026|0|0|0|0|0|0|400|75|0|0|30-MAY-2026|0|6|01-JAN-1970|0|0|157|0| |0|||0|6200000072|10|0|0|1|202547|CONSTRAINED|CONSTRAINED|CONSTRAINED_202547_2025-11-20_0656|BY_IF
100000000112|VF|2| |158|23-MAY-2026|0|0|0|0|0|0|400|75|0|0|23-MAY-2026|0|6|01-JAN-1970|0|0|158|0| |0|||0|6200000072|10|0|0|1|202547|CONSTRAINED|CONSTRAINED|CONSTRAINED_202547_2025-11-20_0656|BY_IF
100000000112|VF|2| |159|22-NOV-2025|0|0|0|0|0|0|510|38|0|0|22-NOV-2025|0|6|01-JAN-1970|0|0|159|0| |0|||0|6200000072|11|0|0|1|202547|CONSTRAINED|CONSTRAINED|CONSTRAINED_202547_2025-11-20_0656|BY_IF
100000000112|VF|2| |160|16-MAY-2026|0|0|0|0|0|0|400|75|0|0|16-MAY-2026|0|6|01-JAN-1970|0|0|160|0| |0|||0|6200000072|10|0|0|1|202547|CONSTRAINED|CONSTRAINED|CONSTRAINED_202547_2025-11-20_0656|BY_IF
100000000112|VF|2| |161|09-MAY-2026|0|0|0|0|0|0|400|75|0|0|09-MAY-2026|0|6|01-JAN-1970|0|0|161|0| |0|||0|6200000072|10|0|0|1|202547|CONSTRAINED|CONSTRAINED|CONSTRAINED_202547_2025-11-20_0656|BY_IF
100000000112|VF|2| |162|02-MAY-2026|0|0|0|0|0|0|400|75|0|0|02-MAY-2026|0|6|01-JAN-1970|0|0|162|0| |0|||0|6200000072|10|0|0|1|202547|CONSTRAINED|CONSTRAINED|CONSTRAINED_202547_2025-11-20_0656|BY_IF
100000000112|VF|2| |163|25-APR-2026|0|0|0|0|0|0|400|75|0|0|25-APR-2026|0|6|01-JAN-1970|0|0|163|0| |0|||0|6200000072|10|0|0|1|202547|CONSTRAINED|CONSTRAINED|CONSTRAINED_202547_2025-11-20_0656|BY_IF
100000000112|VF|2| |164|18-APR-2026|0|0|0|0|0|0|400|75|0|0|18-APR-2026|0|6|01-JAN-1970|0|0|164|0| |0|||0|6200000072|10|0|0|1|202547|CONSTRAINED|CONSTRAINED|CONSTRAINED_202547_2025-11-20_0656|BY_IF
100000000112|VF|2| |165|11-APR-2026|0|0|0|0|0|0|400|75|0|0|11-APR-2026|0|6|01-JAN-1970|0|0|165|0| |0|||0|6200000072|10|0|0|1|202547|CONSTRAINED|CONSTRAINED|CONSTRAINED_202547_2025-11-20_0656|BY_IF
100000000112|VF|2| |166|04-APR-2026|0|0|0|0|0|0|400|75|0|0|04-APR-2026|0|6|01-JAN-1970|0|0|166|0| |0|||0|6200000072|10|0|0|1|202547|CONSTRAINED|CONSTRAINED|CONSTRAINED_202547_2025-11-20_0656|BY_IF
100000000112|VF|2| |167|28-MAR-2026|0|0|0|0|0|0|400|75|0|0|28-MAR-2026|0|6|01-JAN-1970|0|0|167|0| |0|||0|6200000072|10|0|0|1|202547|CONSTRAINED|CONSTRAINED|CONSTRAINED_202547_2025-11-20_0656|BY_IF
100000000112|VF|2| |168|21-MAR-2026|0|0|0|0|0|0|400|75|0|0|21-MAR-2026|0|6|01-JAN-1970|0|0|168|0| |0|||0|6200000072|10|0|0|1|202547|CONSTRAINED|CONSTRAINED|CONSTRAINED_202547_2025-11-20_0656|BY_IF
100000000112|VF|2| |169|14-MAR-2026|0|0|0|0|0|0|400|75|0|0|14-MAR-2026|0|6|01-JAN-1970|0|0|169|0| |0|||0|6200000072|10|0|0|1|202547|CONSTRAINED|CONSTRAINED|CONSTRAINED_202547_2025-11-20_0656|BY_IF
100000000112|VF|2| |170|07-MAR-2026|0|0|0|0|0|0|400|75|0|0|07-MAR-2026|0|6|01-JAN-1970|0|0|170|0| |0|||0|6200000072|10|0|0|1|202547|CONSTRAINED|CONSTRAINED|CONSTRAINED_202547_2025-11-20_0656|BY_IF
100000000112|VF|2| |171|28-FEB-2026|0|0|0|0|0|0|400|75|0|0|28-FEB-2026|0|6|01-JAN-1970|0|0|171|0| |0|||0|6200000072|10|0|0|1|202547|CONSTRAINED|CONSTRAINED|CONSTRAINED_202547_2025-11-20_0656|BY_IF
100000000112|VF|2| |172|18-JUL-2026|0|0|0|0|0|0|400|75|0|0|18-JUL-2026|0|6|01-JAN-1970|0|0|172|0| |0|||0|6200000072|10|0|0|1|202547|CONSTRAINED|CONSTRAINED|CONSTRAINED_202547_2025-11-20_0656|BY_IF
100000000112|VF|2| |173|25-JUL-2026|0|0|0|0|0|0|400|75|0|0|25-JUL-2026|0|6|01-JAN-1970|0|0|173|0| |0|||0|6200000072|10|0|0|1|202547|CONSTRAINED|CONSTRAINED|CONSTRAINED_202547_2025-11-20_0656|BY_IF
100000000112|VF|2| |174|21-FEB-2026|0|0|0|0|0|0|400|75|0|0|21-FEB-2026|0|6|01-JAN-1970|0|0|174|0| |0|||0|6200000072|10|0|0|1|202547|CONSTRAINED|CONSTRAINED|CONSTRAINED_202547_2025-11-20_0656|BY_IF
100000000112|VF|2| |175|14-FEB-2026|0|0|0|0|0|0|400|75|0|0|14-FEB-2026|0|6|01-JAN-1970|0|0|175|0| |0|||0|6200000072|10|0|0|1|202547|CONSTRAINED|CONSTRAINED|CONSTRAINED_202547_2025-11-20_0656|BY_IF
100000000112|VF|2| |176|04-JUL-2026|0|0|0|0|0|0|400|75|0|0|04-JUL-2026|0|6|01-JAN-1970|0|0|176|0| |0|||0|6200000072|10|0|0|1|202547|CONSTRAINED|CONSTRAINED|CONSTRAINED_202547_2025-11-20_0656|BY_IF
100000000112|VF|2| |177|11-JUL-2026|0|0|0|0|0|0|400|75|0|0|11-JUL-2026|0|6|01-JAN-1970|0|0|177|0| |0|||0|6200000072|10|0|0|1|202547|CONSTRAINED|CONSTRAINED|CONSTRAINED_202547_2025-11-20_0656|BY_IF
100000000112|VF|2| |178|31-JAN-2026|0|0|0|0|0|0|400|75|0|0|31-JAN-2026|0|6|01-JAN-1970|0|0|178|0| |0|||0|6200000072|10|0|0|1|202547|CONSTRAINED|CONSTRAINED|CONSTRAINED_202547_2025-11-20_0656|BY_IF
100000000112|VF|2| |179|07-FEB-2026|0|0|0|0|0|0|400|75|0|0|07-FEB-2026|0|6|01-JAN-1970|0|0|179|0| |0|||0|6200000072|10|0|0|1|202547|CONSTRAINED|CONSTRAINED|CONSTRAINED_202547_2025-11-20_0656|BY_IF
100000000112|VF|2| |180|20-JUN-2026|0|0|0|0|0|0|400|75|0|0|20-JUN-2026|0|6|01-JAN-1970|0|0|180|0| |0|||0|6200000072|10|0|0|1|202547|CONSTRAINED|CONSTRAINED|CONSTRAINED_202547_2025-11-20_0656|BY_IF
100000000112|VF|2| |181|27-JUN-2026|0|0|0|0|0|0|400|75|0|0|27-JUN-2026|0|6|01-JAN-1970|0|0|181|0| |0|||0|6200000072|10|0|0|1|202547|CONSTRAINED|CONSTRAINED|CONSTRAINED_202547_2025-11-20_0656|BY_IF
100000000112|VF|2| |916|27-FEB-2027|0|0|0|0|0|0|1200|75|0|0|27-FEB-2027|0|6|01-JAN-1970|0|0|916|0| |0|||0|6200000072|13|0|0|1|202547|CONSTRAINED|CONSTRAINED|CONSTRAINED_202547_2025-11-20_0656|BY_IF
100000000112|VF|2| |917|08-MAY-2027|0|0|0|0|0|0|1200|75|0|0|08-MAY-2027|0|6|01-JAN-1970|0|0|917|0| |0|||0|6200000072|13|0|0|1|202547|CONSTRAINED|CONSTRAINED|CONSTRAINED_202547_2025-11-20_0656|BY_IF
100000000112|VF|2| |918|03-OCT-2026|0|0|0|0|0|0|1200|75|0|0|03-OCT-2026|0|6|01-JAN-1970|0|0|918|0| |0|||0|6200000072|13|0|0|1|202547|CONSTRAINED|CONSTRAINED|CONSTRAINED_202547_2025-11-20_0656|BY_IF
100000000112|VF|2| |919|01-AUG-2026|0|0|0|0|0|0|1200|75|0|0|01-AUG-2026|0|6|01-JAN-1970|0|0|919|0| |0|||0|6200000072|13|0|0|1|202547|CONSTRAINED|CONSTRAINED|CONSTRAINED_202547_2025-11-20_0656|BY_IF
100000000112|VF|2| |920|10-OCT-2026|0|0|0|0|0|0|1200|75|0|0|10-OCT-2026|0|6|01-JAN-1970|0|0|920|0| |0|||0|6200000072|13|0|0|1|202547|CONSTRAINED|CONSTRAINED|CONSTRAINED_202547_2025-11-20_0656|BY_IF
100000000112|VF|2| |921|17-OCT-2026|0|0|0|0|0|0|1200|75|0|0|17-OCT-2026|0|6|01-JAN-1970|0|0|921|0| |0|||0|6200000072|13|0|0|1|202547|CONSTRAINED|CONSTRAINED|CONSTRAINED_202547_2025-11-20_0656|BY_IF
100000000112|VF|2| |922|19-SEP-2026|0|0|0|0|0|0|1200|75|0|0|19-SEP-2026|0|6|01-JAN-1970|0|0|922|0| |0|||0|6200000072|13|0|0|1|202547|CONSTRAINED|CONSTRAINED|CONSTRAINED_202547_2025-11-20_0656|BY_IF
100000000112|VF|2| |923|02-JAN-2027|0|0|0|0|0|0|1200|75|0|0|02-JAN-2027|0|6|01-JAN-1970|0|0|923|0| |0|||0|6200000072|13|0|0|1|202547|CONSTRAINED|CONSTRAINED|CONSTRAINED_202547_2025-11-20_0656|BY_IF
100000000112|VF|2| |924|20-MAR-2027|0|0|0|0|0|0|1200|75|0|0|20-MAR-2027|0|6|01-JAN-1970|0|0|924|0| |0|||0|6200000072|13|0|0|1|202547|CONSTRAINED|CONSTRAINED|CONSTRAINED_202547_2025-11-20_0656|BY_IF
100000000112|VF|2| |925|05-JUN-2027|0|0|0|0|0|0|1200|75|0|0|05-JUN-2027|0|6|01-JAN-1970|0|0|925|0| |0|||0|6200000072|13|0|0|1|202547|CONSTRAINED|CONSTRAINED|CONSTRAINED_202547_2025-11-20_0656|BY_IF
100000000112|VF|2| |926|24-OCT-2026|0|0|0|0|0|0|1200|75|0|0|24-OCT-2026|0|6|01-JAN-1970|0|0|926|0| |0|||0|6200000072|13|0|0|1|202547|CONSTRAINED|CONSTRAINED|CONSTRAINED_202547_2025-11-20_0656|BY_IF
100000000112|VF|2| |927|26-SEP-2026|0|0|0|0|0|0|1200|75|0|0|26-SEP-2026|0|6|01-JAN-1970|0|0|927|0| |0|||0|6200000072|13|0|0|1|202547|CONSTRAINED|CONSTRAINED|CONSTRAINED_202547_2025-11-20_0656|BY_IF
100000000112|VF|2| |928|26-DEC-2026|0|0|0|0|0|0|1200|75|0|0|26-DEC-2026|0|6|01-JAN-1970|0|0|928|0| |0|||0|6200000072|13|0|0|1|202547|CONSTRAINED|CONSTRAINED|CONSTRAINED_202547_2025-11-20_0656|BY_IF
100000000112|VF|2| |929|27-MAR-2027|0|0|0|0|0|0|1200|75|0|0|27-MAR-2027|0|6|01-JAN-1970|0|0|929|0| |0|||0|6200000072|13|0|0|1|202547|CONSTRAINED|CONSTRAINED|CONSTRAINED_202547_2025-11-20_0656|BY_IF
100000000112|VF|2| |930|29-MAY-2027|0|0|0|0|0|0|1200|75|0|0|29-MAY-2027|0|6|01-JAN-1970|0|0|930|0| |0|||0|6200000072|13|0|0|1|202547|CONSTRAINED|CONSTRAINED|CONSTRAINED_202547_2025-11-20_0656|BY_IF
100000000112|VF|2| |931|31-OCT-2026|0|0|0|0|0|0|1200|75|0|0|31-OCT-2026|0|6|01-JAN-1970|0|0|931|0| |0|||0|6200000072|13|0|0|1|202547|CONSTRAINED|CONSTRAINED|CONSTRAINED_202547_2025-11-20_0656|BY_IF
100000000112|VF|2| |932|05-SEP-2026|0|0|0|0|0|0|1200|75|0|0|05-SEP-2026|0|6|01-JAN-1970|0|0|932|0| |0|||0|6200000072|13|0|0|1|202547|CONSTRAINED|CONSTRAINED|CONSTRAINED_202547_2025-11-20_0656|BY_IF
100000000112|VF|2| |933|16-JAN-2027|0|0|0|0|0|0|1200|75|0|0|16-JAN-2027|0|6|01-JAN-1970|0|0|933|0| |0|||0|6200000072|13|0|0|1|202547|CONSTRAINED|CONSTRAINED|CONSTRAINED_202547_2025-11-20_0656|BY_IF
100000000112|VF|2| |934|06-MAR-2027|0|0|0|0|0|0|1200|75|0|0|06-MAR-2027|0|6|01-JAN-1970|0|0|934|0| |0|||0|6200000072|13|0|0|1|202547|CONSTRAINED|CONSTRAINED|CONSTRAINED_202547_2025-11-20_0656|BY_IF
100000000112|VF|2| |935|22-MAY-2027|0|0|0|0|0|0|1200|75|0|0|22-MAY-2027|0|6|01-JAN-1970|0|0|935|0| |0|||0|6200000072|13|0|0|1|202547|CONSTRAINED|CONSTRAINED|CONSTRAINED_202547_2025-11-20_0656|BY_IF
100000000112|VF|2| |936|07-NOV-2026|0|0|0|0|0|0|1200|75|0|0|07-NOV-2026|0|6|01-JAN-1970|0|0|936|0| |0|||0|6200000072|13|0|0|1|202547|CONSTRAINED|CONSTRAINED|CONSTRAINED_202547_2025-11-20_0656|BY_IF
100000000112|VF|2| |937|12-SEP-2026|0|0|0|0|0|0|1200|75|0|0|12-SEP-2026|0|6|01-JAN-1970|0|0|937|0| |0|||0|6200000072|13|0|0|1|202547|CONSTRAINED|CONSTRAINED|CONSTRAINED_202547_2025-11-20_0656|BY_IF
100000000112|VF|2| |938|09-JAN-2027|0|0|0|0|0|0|1200|75|0|0|09-JAN-2027|0|6|01-JAN-1970|0|0|938|0| |0|||0|6200000072|13|0|0|1|202547|CONSTRAINED|CONSTRAINED|CONSTRAINED_202547_2025-11-20_0656|BY_IF
100000000112|VF|2| |939|13-MAR-2027|0|0|0|0|0|0|1200|75|0|0|13-MAR-2027|0|6|01-JAN-1970|0|0|939|0| |0|||0|6200000072|13|0|0|1|202547|CONSTRAINED|CONSTRAINED|CONSTRAINED_202547_2025-11-20_0656|BY_IF
100000000112|VF|2| |940|15-MAY-2027|0|0|0|0|0|0|1200|75|0|0|15-MAY-2027|0|6|01-JAN-1970|0|0|940|0| |0|||0|6200000072|13|0|0|1|202547|CONSTRAINED|CONSTRAINED|CONSTRAINED_202547_2025-11-20_0656|BY_IF
100000000112|VF|2| |941|24-JUL-2027|0|0|0|0|0|0|1200|75|0|0|24-JUL-2027|0|6|01-JAN-1970|0|0|941|0| |0|||0|6200000072|13|0|0|1|202547|CONSTRAINED|CONSTRAINED|CONSTRAINED_202547_2025-11-20_0656|BY_IF
100000000112|VF|2| |942|29-AUG-2026|0|0|0|0|0|0|1200|75|0|0|29-AUG-2026|0|6|01-JAN-1970|0|0|942|0| |0|||0|6200000072|13|0|0|1|202547|CONSTRAINED|CONSTRAINED|CONSTRAINED_202547_2025-11-20_0656|BY_IF
100000000112|VF|2| |943|21-NOV-2026|0|0|0|0|0|0|1200|75|0|0|21-NOV-2026|0|6|01-JAN-1970|0|0|943|0| |0|||0|6200000072|13|0|0|1|202547|CONSTRAINED|CONSTRAINED|CONSTRAINED_202547_2025-11-20_0656|BY_IF
100000000112|VF|2| |944|23-JAN-2027|0|0|0|0|0|0|1200|75|0|0|23-JAN-2027|0|6|01-JAN-1970|0|0|944|0| |0|||0|6200000072|13|0|0|1|202547|CONSTRAINED|CONSTRAINED|CONSTRAINED_202547_2025-11-20_0656|BY_IF
100000000112|VF|2| |945|24-APR-2027|0|0|0|0|0|0|1200|75|0|0|24-APR-2027|0|6|01-JAN-1970|0|0|945|0| |0|||0|6200000072|13|0|0|1|202547|CONSTRAINED|CONSTRAINED|CONSTRAINED_202547_2025-11-20_0656|BY_IF
100000000112|VF|2| |946|26-JUN-2027|0|0|0|0|0|0|1200|75|0|0|26-JUN-2027|0|6|01-JAN-1970|0|0|946|0| |0|||0|6200000072|13|0|0|1|202547|CONSTRAINED|CONSTRAINED|CONSTRAINED_202547_2025-11-20_0656|BY_IF
100000000112|VF|2| |947|14-NOV-2026|0|0|0|0|0|0|1200|75|0|0|14-NOV-2026|0|6|01-JAN-1970|0|0|947|0| |0|||0|6200000072|13|0|0|1|202547|CONSTRAINED|CONSTRAINED|CONSTRAINED_202547_2025-11-20_0656|BY_IF
100000000112|VF|2| |948|22-AUG-2026|0|0|0|0|0|0|1200|75|0|0|22-AUG-2026|0|6|01-JAN-1970|0|0|948|0| |0|||0|6200000072|13|0|0|1|202547|CONSTRAINED|CONSTRAINED|CONSTRAINED_202547_2025-11-20_0656|BY_IF
100000000112|VF|2| |949|30-JAN-2027|0|0|0|0|0|0|1200|75|0|0|30-JAN-2027|0|6|01-JAN-1970|0|0|949|0| |0|||0|6200000072|13|0|0|1|202547|CONSTRAINED|CONSTRAINED|CONSTRAINED_202547_2025-11-20_0656|BY_IF
100000000112|VF|2| |950|17-APR-2027|0|0|0|0|0|0|1200|75|0|0|17-APR-2027|0|6|01-JAN-1970|0|0|950|0| |0|||0|6200000072|13|0|0|1|202547|CONSTRAINED|CONSTRAINED|CONSTRAINED_202547_2025-11-20_0656|BY_IF
100000000112|VF|2| |951|03-JUL-2027|0|0|0|0|0|0|1200|75|0|0|03-JUL-2027|0|6|01-JAN-1970|0|0|951|0| |0|||0|6200000072|13|0|0|1|202547|CONSTRAINED|CONSTRAINED|CONSTRAINED_202547_2025-11-20_0656|BY_IF
100000000112|VF|2| |952|15-AUG-2026|0|0|0|0|0|0|1200|75|0|0|15-AUG-2026|0|6|01-JAN-1970|0|0|952|0| |0|||0|6200000072|13|0|0|1|202547|CONSTRAINED|CONSTRAINED|CONSTRAINED_202547_2025-11-20_0656|BY_IF
100000000112|VF|2| |953|05-DEC-2026|0|0|0|0|0|0|1200|75|0|0|05-DEC-2026|0|6|01-JAN-1970|0|0|953|0| |0|||0|6200000072|13|0|0|1|202547|CONSTRAINED|CONSTRAINED|CONSTRAINED_202547_2025-11-20_0656|BY_IF
100000000112|VF|2| |954|06-FEB-2027|0|0|0|0|0|0|1200|75|0|0|06-FEB-2027|0|6|01-JAN-1970|0|0|954|0| |0|||0|6200000072|13|0|0|1|202547|CONSTRAINED|CONSTRAINED|CONSTRAINED_202547_2025-11-20_0656|BY_IF
100000000112|VF|2| |955|10-APR-2027|0|0|0|0|0|0|1200|75|0|0|10-APR-2027|0|6|01-JAN-1970|0|0|955|0| |0|||0|6200000072|13|0|0|1|202547|CONSTRAINED|CONSTRAINED|CONSTRAINED_202547_2025-11-20_0656|BY_IF
100000000112|VF|2| |956|12-JUN-2027|0|0|0|0|0|0|1200|75|0|0|12-JUN-2027|0|6|01-JAN-1970|0|0|956|0| |0|||0|6200000072|13|0|0|1|202547|CONSTRAINED|CONSTRAINED|CONSTRAINED_202547_2025-11-20_0656|BY_IF
100000000112|VF|2| |957|08-AUG-2026|0|0|0|0|0|0|1200|75|0|0|08-AUG-2026|0|6|01-JAN-1970|0|0|957|0| |0|||0|6200000072|13|0|0|1|202547|CONSTRAINED|CONSTRAINED|CONSTRAINED_202547_2025-11-20_0656|BY_IF
100000000112|VF|2| |958|28-NOV-2026|0|0|0|0|0|0|1200|75|0|0|28-NOV-2026|0|6|01-JAN-1970|0|0|958|0| |0|||0|6200000072|13|0|0|1|202547|CONSTRAINED|CONSTRAINED|CONSTRAINED_202547_2025-11-20_0656|BY_IF
100000000112|VF|2| |959|13-FEB-2027|0|0|0|0|0|0|1200|75|0|0|13-FEB-2027|0|6|01-JAN-1970|0|0|959|0| |0|||0|6200000072|13|0|0|1|202547|CONSTRAINED|CONSTRAINED|CONSTRAINED_202547_2025-11-20_0656|BY_IF
100000000112|VF|2| |960|03-APR-2027|0|0|0|0|0|0|1200|75|0|0|03-APR-2027|0|6|01-JAN-1970|0|0|960|0| |0|||0|6200000072|13|0|0|1|202547|CONSTRAINED|CONSTRAINED|CONSTRAINED_202547_2025-11-20_0656|BY_IF
100000000112|VF|2| |961|19-JUN-2027|0|0|0|0|0|0|1200|75|0|0|19-JUN-2027|0|6|01-JAN-1970|0|0|961|0| |0|||0|6200000072|13|0|0|1|202547|CONSTRAINED|CONSTRAINED|CONSTRAINED_202547_2025-11-20_0656|BY_IF
100000000112|VF|2| |962|19-DEC-2026|0|0|0|0|0|0|1200|75|0|0|19-DEC-2026|0|6|01-JAN-1970|0|0|962|0| |0|||0|6200000072|13|0|0|1|202547|CONSTRAINED|CONSTRAINED|CONSTRAINED_202547_2025-11-20_0656|BY_IF
100000000112|VF|2| |963|20-FEB-2027|0|0|0|0|0|0|1200|75|0|0|20-FEB-2027|0|6|01-JAN-1970|0|0|963|0| |0|||0|6200000072|13|0|0|1|202547|CONSTRAINED|CONSTRAINED|CONSTRAINED_202547_2025-11-20_0656|BY_IF
100000000112|VF|2| |964|12-DEC-2026|0|0|0|0|0|0|1200|75|0|0|12-DEC-2026|0|6|01-JAN-1970|0|0|964|0| |0|||0|6200000072|13|0|0|1|202547|CONSTRAINED|CONSTRAINED|CONSTRAINED_202547_2025-11-20_0656|BY_IF
100000000112|VF|2| |965|10-JUL-2027|0|0|0|0|0|0|1200|75|0|0|10-JUL-2027|0|6|01-JAN-1970|0|0|965|0| |0|||0|6200000072|13|0|0|1|202547|CONSTRAINED|CONSTRAINED|CONSTRAINED_202547_2025-11-20_0656|BY_IF
100000000112|VF|2| |966|01-MAY-2027|0|0|0|0|0|0|1200|75|0|0|01-MAY-2027|0|6|01-JAN-1970|0|0|966|0| |0|||0|6200000072|13|0|0|1|202547|CONSTRAINED|CONSTRAINED|CONSTRAINED_202547_2025-11-20_0656|BY_IF
100000000112|VF|2| |967|17-JUL-2027|0|0|0|0|0|0|1200|75|0|0|17-JUL-2027|0|6|01-JAN-1970|0|0|967|0| |0|||0|6200000072|13|0|0|1|202547|CONSTRAINED|CONSTRAINED|CONSTRAINED_202547_2025-11-20_0656|BY_IF
100000000113|1003|1|1030001422_10_0001|0|13-AUG-2025|0|0|1030001422|1|0|120960|200|45|0|0|13-AUG-2025|45|1|01-JAN-1970|0|-1|0|0|6200000072|0|0|0|0|6200000072|0|8412|0|1|202547|CONSTRAINED|CONSTRAINED|CONSTRAINED_202547_2025-11-20_0656|BY_IF
100000000113|1003|1|1030001423_10_0001|0|23-JUL-2025|0|0|1030001423|1|0|120960|200|25|0|0|02-AUG-2025|25|3|01-JAN-1970|0|-1|0|0|6200000072|0|0|0|0|6200000072|0|8022|0|1|202547|CONSTRAINED|CONSTRAINED|CONSTRAINED_202547_2025-11-20_0656|BY_IF
100000000113|1003|1|1030001424_10_0001|0|09-AUG-2025|0|0|1030001424|1|0|120960|200|12|0|0|09-AUG-2025|12|1|01-JAN-1970|0|-1|0|0|6200000072|0|0|0|0|6200000072|0|8976|0|1|202547|CONSTRAINED|CONSTRAINED|CONSTRAINED_202547_2025-11-20_0656|BY_IF
100000000113|1003|1|1030001425_10_0001|0|23-JUL-2025|0|0|1030001425|1|0|120960|200|20|0|0|02-AUG-2025|20|3|01-JAN-1970|0|-1|0|0|6200000072|0|0|0|0|6200000072|0|8011|0|1|202547|CONSTRAINED|CONSTRAINED|CONSTRAINED_202547_2025-11-20_0656|BY_IF
100000000113|1003|1|1030001426_10_0001|0|23-JUL-2025|0|0|1030001426|1|0|120960|200|20|0|0|02-AUG-2025|20|3|01-JAN-1970|0|-1|0|0|6200000072|0|0|0|0|6200000072|0|8000|0|1|202547|CONSTRAINED|CONSTRAINED|CONSTRAINED_202547_2025-11-20_0656|BY_IF
100000000113|1003|1|1030001427_10_0001|0|18-AUG-2025|0|0|1030001427|1|0|120960|800|25|0|0|18-AUG-2025|25|1|01-JAN-1970|0|-1|0|0|6200000072|0|0|0|0|6200000072|0|8209|0|1|202547|CONSTRAINED|CONSTRAINED|CONSTRAINED_202547_2025-11-20_0656|BY_IF
100000000113|1003|1|1030001428_10_0001|0|13-AUG-2025|0|0|1030001428|1|0|120960|200|25|0|0|13-AUG-2025|25|1|01-JAN-1970|0|-1|0|0|6200000072|0|0|0|0|6200000072|0|8411|0|1|202547|CONSTRAINED|CONSTRAINED|CONSTRAINED_202547_2025-11-20_0656|BY_IF
100000000113|1003|1|1030001429_10_0001|0|11-AUG-2025|0|0|1030001429|1|0|120960|800|65|0|0|11-AUG-2025|65|1|01-JAN-1970|0|-1|0|0|6200000072|0|0|0|0|6200000072|0|8588|0|1|202547|CONSTRAINED|CONSTRAINED|CONSTRAINED_202547_2025-11-20_0656|BY_IF
100000000113|1003|1|1030001430_10_0001|0|12-AUG-2025|0|0|1030001430|1|0|120960|800|18|0|0|12-AUG-2025|18|1|01-JAN-1970|0|-1|0|0|6200000072|0|0|0|0|6200000072|0|8491|0|1|202547|CONSTRAINED|CONSTRAINED|CONSTRAINED_202547_2025-11-20_0656|BY_IF
100000000113|1003|1|1030001431_10_0001|0|16-AUG-2025|0|0|1030001431|1|0|120960|800|20|0|0|16-AUG-2025|20|1|01-JAN-1970|0|-1|0|0|6200000072|0|0|0|0|6200000072|0|8286|0|1|202547|CONSTRAINED|CONSTRAINED|CONSTRAINED_202547_2025-11-20_0656|BY_IF
100000000113|1003|1|1030001432_10_0001|0|14-AUG-2025|0|0|1030001432|1|0|120960|800|65|0|0|14-AUG-2025|65|1|01-JAN-1970|0|-1|0|0|6200000072|0|0|0|0|6200000072|0|8341|0|1|202547|CONSTRAINED|CONSTRAINED|CONSTRAINED_202547_2025-11-20_0656|BY_IF
100000000113|1003|1|1030001433_10_0001|0|18-AUG-2025|0|0|1030001433|1|0|120960|800|25|0|0|18-AUG-2025|25|1|01-JAN-1970|0|-1|0|0|6200000072|0|0|0|0|6200000072|0|8208|0|1|202547|CONSTRAINED|CONSTRAINED|CONSTRAINED_202547_2025-11-20_0656|BY_IF
100000000113|1003|1|1030001434_10_0001|0|23-JUL-2025|0|0|1030001434|1|0|120960|200|25|0|0|02-AUG-2025|25|3|01-JAN-1970|0|-1|0|0|6200000072|0|0|0|0|6200000072|0|7989|0|1|202547|CONSTRAINED|CONSTRAINED|CONSTRAINED_202547_2025-11-20_0656|BY_IF
100000000113|1003|1|1030001435_10_0001|0|23-AUG-2025|0|0|1030001435|1|0|120960|800|35|0|0|23-AUG-2025|35|1|01-JAN-1970|0|-1|0|0|6200000072|0|0|0|0|6200000072|0|8137|0|1|202547|CONSTRAINED|CONSTRAINED|CONSTRAINED_202547_2025-11-20_0656|BY_IF
100000000113|1003|1|1030001436_10_0001|0|14-AUG-2025|0|0|1030001436|1|0|120960|800|20|0|0|14-AUG-2025|20|1|01-JAN-1970|0|-1|0|0|6200000072|0|0|0|0|6200000072|0|8340|0|1|202547|CONSTRAINED|CONSTRAINED|CONSTRAINED_202547_2025-11-20_0656|BY_IF
100000000113|1003|1|1030001437_10_0001|0|13-AUG-2025|0|0|1030001437|1|0|120960|800|35|0|0|13-AUG-2025|35|1|01-JAN-1970|0|-1|0|0|6200000072|0|0|0|0|6200000072|0|8409|0|1|202547|CONSTRAINED|CONSTRAINED|CONSTRAINED_202547_2025-11-20_0656|BY_IF
100000000113|1003|1|1030001438_10_0001|0|23-AUG-2025|0|0|1030001438|1|0|120960|800|70|0|0|23-AUG-2025|70|1|01-JAN-1970|0|-1|0|0|6200000072|0|0|0|0|6200000072|0|8136|0|1|202547|CONSTRAINED|CONSTRAINED|CONSTRAINED_202547_2025-11-20_0656|BY_IF
100000000113|1003|1|1030001439_10_0001|0|20-AUG-2025|0|0|1030001439|1|0|120960|800|12|0|0|20-AUG-2025|12|1|01-JAN-1970|0|-1|0|0|6200000072|0|0|0|0|6200000072|0|8159|0|1|202547|CONSTRAINED|CONSTRAINED|CONSTRAINED_202547_2025-11-20_0656|BY_IF
100000000113|1003|1|1030001440_10_0001|0|17-AUG-2025|0|0|1030001440|1|0|120960|800|25|0|0|17-AUG-2025|25|1|01-JAN-1970|0|-1|0|0|6200000072|0|0|0|0|6200000072|0|8254|0|1|202547|CONSTRAINED|CONSTRAINED|CONSTRAINED_202547_2025-11-20_0656|BY_IF
100000000113|1003|1|1030001441_10_0001|0|21-JUL-2025|0|0|1030001441|1|0|120960|200|25|0|0|02-AUG-2025|25|3|01-JAN-1970|0|-1|0|0|6200000072|0|0|0|0|6200000072|0|8201|0|1|202547|CONSTRAINED|CONSTRAINED|CONSTRAINED_202547_2025-11-20_0656|BY_IF
100000000113|1006|1|1030001400_10_0001|0|14-AUG-2025|0|0|1030001400|1|0|120960|200|20|0|0|14-AUG-2025|20|1|01-JAN-1970|0|-1|0|0|6200000072|0|0|0|0|6200000072|0|8339|0|1|202547|CONSTRAINED|CONSTRAINED|CONSTRAINED_202547_2025-11-20_0656|BY_IF
100000000113|1006|1|1030001401_10_0001|0|13-AUG-2025|0|0|1030001401|1|0|120960|200|25|0|0|13-AUG-2025|25|1|01-JAN-1970|0|-1|0|0|6200000072|0|0|0|0|6200000072|0|8408|0|1|202547|CONSTRAINED|CONSTRAINED|CONSTRAINED_202547_2025-11-20_0656|BY_IF
100000000113|1006|1|1030001402_10_0001|0|24-SEP-2025|0|0|1030001402|1|0|120960|200|25|0|0|24-SEP-2025|25|1|01-JAN-1970|0|-1|0|0|6200000072|0|0|0|0|6200000072|0|8083|0|1|202547|CONSTRAINED|CONSTRAINED|CONSTRAINED_202547_2025-11-20_0656|BY_IF
100000000113|1006|1|1030001403_10_0001|0|23-JUL-2025|0|0|1030001403|1|0|120960|200|30|0|0|26-JUL-2025|30|3|01-JAN-1970|0|-1|0|0|6200000072|0|0|0|0|6200000072|0|7979|0|1|202547|CONSTRAINED|CONSTRAINED|CONSTRAINED_202547_2025-11-20_0656|BY_IF
100000000113|1006|1|1030001404_10_0001|0|16-AUG-2025|0|0|1030001404|1|0|120960|200|20|0|0|16-AUG-2025|20|1|01-JAN-1970|0|-1|0|0|6200000072|0|0|0|0|6200000072|0|8285|0|1|202547|CONSTRAINED|CONSTRAINED|CONSTRAINED_202547_2025-11-20_0656|BY_IF
100000000113|1006|1|1030001405_10_0001|0|12-AUG-2025|0|0|1030001405|1|0|120960|200|30|0|0|12-AUG-2025|30|1|01-JAN-1970|0|-1|0|0|6200000072|0|0|0|0|6200000072|0|8489|0|1|202547|CONSTRAINED|CONSTRAINED|CONSTRAINED_202547_2025-11-20_0656|BY_IF
100000000113|1006|1|1030001406_10_0001|0|11-AUG-2025|0|0|1030001406|1|0|120960|800|25|0|0|11-AUG-2025|25|1|01-JAN-1970|0|-1|0|0|6200000072|0|0|0|0|6200000072|0|8578|0|1|202547|CONSTRAINED|CONSTRAINED|CONSTRAINED_202547_2025-11-20_0656|BY_IF
100000000113|1006|1|1030001407_10_0001|0|11-AUG-2025|0|0|1030001407|1|0|120960|800|25|0|0|11-AUG-2025|25|1|01-JAN-1970|0|-1|0|0|6200000072|0|0|0|0|6200000072|0|8568|0|1|202547|CONSTRAINED|CONSTRAINED|CONSTRAINED_202547_2025-11-20_0656|BY_IF
100000000113|1006|1|1030001408_10_0001|0|24-JUL-2025|0|0|1030001408|1|0|120960|200|75|0|0|26-JUL-2025|75|3|01-JAN-1970|0|-1|0|0|6200000072|0|0|0|0|6200000072|0|9322|0|1|202547|CONSTRAINED|CONSTRAINED|CONSTRAINED_202547_2025-11-20_0656|BY_IF
100000000113|1006|1|1030001409_10_0001|0|12-AUG-2025|0|0|1030001409|1|0|120960|800|25|0|0|12-AUG-2025|25|1|01-JAN-1970|0|-1|0|0|6200000072|0|0|0|0|6200000072|0|8488|0|1|202547|CONSTRAINED|CONSTRAINED|CONSTRAINED_202547_2025-11-20_0656|BY_IF
100000000113|1006|1|1030001410_10_0001|0|12-AUG-2025|0|0|1030001410|1|0|120960|800|50|0|0|12-AUG-2025|50|1|01-JAN-1970|0|-1|0|0|6200000072|0|0|0|0|6200000072|0|8487|0|1|202547|CONSTRAINED|CONSTRAINED|CONSTRAINED_202547_2025-11-20_0656|BY_IF
100000000113|1006|1|1030001411_10_0001|0|30-AUG-2025|0|0|1030001411|1|0|120960|200|10|0|0|30-AUG-2025|10|1|01-JAN-1970|0|-1|0|0|6200000072|0|0|0|0|6200000072|0|8108|0|1|202547|CONSTRAINED|CONSTRAINED|CONSTRAINED_202547_2025-11-20_0656|BY_IF
100000000113|1006|1|1030001412_10_0001|0|24-SEP-2025|0|0|1030001412|1|0|120960|200|25|0|0|24-SEP-2025|25|1|01-JAN-1970|0|-1|0|0|6200000072|0|0|0|0|6200000072|0|8082|0|1|202547|CONSTRAINED|CONSTRAINED|CONSTRAINED_202547_2025-11-20_0656|BY_IF
100000000113|1006|1|1030001413_10_0001|0|12-AUG-2025|0|0|1030001413|1|0|120960|800|25|0|0|12-AUG-2025|25|1|01-JAN-1970|0|-1|0|0|6200000072|0|0|0|0|6200000072|0|8486|0|1|202547|CONSTRAINED|CONSTRAINED|CONSTRAINED_202547_2025-11-20_0656|BY_IF
100000000113|1006|1|1030001414_10_0001|0|23-JUL-2025|0|0|1030001414|1|0|120960|200|20|0|0|26-JUL-2025|20|3|01-JAN-1970|0|-1|0|0|6200000072|0|0|0|0|6200000072|0|7968|0|1|202547|CONSTRAINED|CONSTRAINED|CONSTRAINED_202547_2025-11-20_0656|BY_IF
100000000113|1006|1|1030001415_10_0001|0|17-AUG-2025|0|0|1030001415|1|0|120960|800|45|0|0|17-AUG-2025|45|1|01-JAN-1970|0|-1|0|0|6200000072|0|0|0|0|6200000072|0|8253|0|1|202547|CONSTRAINED|CONSTRAINED|CONSTRAINED_202547_2025-11-20_0656|BY_IF
100000000113|1006|1|1030001416_10_0001|0|18-AUG-2025|0|0|1030001416|1|0|120960|800|70|0|0|18-AUG-2025|70|1|01-JAN-1970|0|-1|0|0|6200000072|0|0|0|0|6200000072|0|8207|0|1|202547|CONSTRAINED|CONSTRAINED|CONSTRAINED_202547_2025-11-20_0656|BY_IF
100000000113|1006|1|1030001417_10_0001|0|14-AUG-2025|0|0|1030001417|1|0|120960|800|70|0|0|14-AUG-2025|70|1|01-JAN-1970|0|-1|0|0|6200000072|0|0|0|0|6200000072|0|8338|0|1|202547|CONSTRAINED|CONSTRAINED|CONSTRAINED_202547_2025-11-20_0656|BY_IF
100000000113|1006|1|1030001418_10_0001|0|11-AUG-2025|0|0|1030001418|1|0|120960|800|25|0|0|11-AUG-2025|25|1|01-JAN-1970|0|-1|0|0|6200000072|0|0|0|0|6200000072|0|8567|0|1|202547|CONSTRAINED|CONSTRAINED|CONSTRAINED_202547_2025-11-20_0656|BY_IF
100000000113|1006|1|1030001419_10_0001|0|18-AUG-2025|0|0|1030001419|1|0|120960|800|50|0|0|18-AUG-2025|50|1|01-JAN-1970|0|-1|0|0|6200000072|0|0|0|0|6200000072|0|8206|0|1|202547|CONSTRAINED|CONSTRAINED|CONSTRAINED_202547_2025-11-20_0656|BY_IF
100000000113|1006|1|1030001420_10_0001|0|22-JUL-2025|0|0|1030001420|1|0|120960|200|20|0|0|26-JUL-2025|20|3|01-JAN-1970|0|-1|0|0|6200000072|0|0|0|0|6200000072|0|8562|0|1|202547|CONSTRAINED|CONSTRAINED|CONSTRAINED_202547_2025-11-20_0656|BY_IF
100000000113|1006|1|1030001421_10_0001|0|23-JUL-2025|0|0|1030001421|1|0|120960|200|25|0|0|26-JUL-2025|25|3|01-JAN-1970|0|-1|0|0|6200000072|0|0|0|0|6200000072|0|7958|0|1|202547|CONSTRAINED|CONSTRAINED|CONSTRAINED_202547_2025-11-20_0656|BY_IF
100000000113|1006|1|1033500011_10_002-1|0|28-JUL-2025|0|0|1033500011|1|0|120960|200|100|0|0|28-JUL-2025|0|6|01-JAN-1970|0|0|0|0|6200000072|0|||0|6200000072|0|0|0|3|202547|CONSTRAINED|CONSTRAINED|CONSTRAINED_202547_2025-11-20_0656|BY_IF
100000000113|1006|2| |75|20-DEC-2025|0|0|0|0|0|0|400|75|0|0|20-DEC-2025|0|6|01-JAN-1970|0|0|75|0| |0|||0|6200000072|10|0|0|1|202547|CONSTRAINED|CONSTRAINED|CONSTRAINED_202547_2025-11-20_0656|BY_IF
100000000113|1006|2| |76|06-DEC-2025|0|0|0|0|0|0|400|49|0|0|06-DEC-2025|0|6|01-JAN-1970|0|0|76|0| |0|||0|6200000072|10|0|0|1|202547|CONSTRAINED|CONSTRAINED|CONSTRAINED_202547_2025-11-20_0656|BY_IF
100000000113|1006|2| |77|03-JAN-2026|0|0|0|0|0|0|400|75|0|0|03-JAN-2026|0|6|01-JAN-1970|0|0|77|0| |0|||0|6200000072|10|0|0|1|202547|CONSTRAINED|CONSTRAINED|CONSTRAINED_202547_2025-11-20_0656|BY_IF
100000000113|1006|2| |78|13-DEC-2025|0|0|0|0|0|0|400|75|0|0|13-DEC-2025|0|6|01-JAN-1970|0|0|78|0| |0|||0|6200000072|10|0|0|1|202547|CONSTRAINED|CONSTRAINED|CONSTRAINED_202547_2025-11-20_0656|BY_IF
100000000113|1006|2| |79|27-DEC-2025|0|0|0|0|0|0|400|75|0|0|27-DEC-2025|0|6|01-JAN-1970|0|0|79|0| |0|||0|6200000072|10|0|0|1|202547|CONSTRAINED|CONSTRAINED|CONSTRAINED_202547_2025-11-20_0656|BY_IF
100000000113|1006|2| |80|10-JAN-2026|0|0|0|0|0|0|400|75|0|0|10-JAN-2026|0|6|01-JAN-1970|0|0|80|0| |0|||0|6200000072|10|0|0|1|202547|CONSTRAINED|CONSTRAINED|CONSTRAINED_202547_2025-11-20_0656|BY_IF
100000000113|VF|2| |509|07-FEB-2026|0|0|0|0|0|0|400|75|0|0|07-FEB-2026|0|6|01-JAN-1970|0|0|509|0| |0|||0|6200000072|10|0|0|1|202547|CONSTRAINED|CONSTRAINED|CONSTRAINED_202547_2025-11-20_0656|BY_IF
100000000113|VF|2| |510|14-FEB-2026|0|0|0|0|0|0|400|75|0|0|14-FEB-2026|0|6|01-JAN-1970|0|0|510|0| |0|||0|6200000072|10|0|0|1|202547|CONSTRAINED|CONSTRAINED|CONSTRAINED_202547_2025-11-20_0656|BY_IF
100000000113|VF|2| |511|11-JUL-2026|0|0|0|0|0|0|400|75|0|0|11-JUL-2026|0|6|01-JAN-1970|0|0|511|0| |0|||0|6200000072|10|0|0|1|202547|CONSTRAINED|CONSTRAINED|CONSTRAINED_202547_2025-11-20_0656|BY_IF
100000000113|VF|2| |512|18-JUL-2026|0|0|0|0|0|0|400|75|0|0|18-JUL-2026|0|6|01-JAN-1970|0|0|512|0| |0|||0|6200000072|10|0|0|1|202547|CONSTRAINED|CONSTRAINED|CONSTRAINED_202547_2025-11-20_0656|BY_IF
100000000113|VF|2| |513|28-FEB-2026|0|0|0|0|0|0|400|75|0|0|28-FEB-2026|0|6|01-JAN-1970|0|0|513|0| |0|||0|6200000072|10|0|0|1|202547|CONSTRAINED|CONSTRAINED|CONSTRAINED_202547_2025-11-20_0656|BY_IF
100000000113|VF|2| |514|21-FEB-2026|0|0|0|0|0|0|400|75|0|0|21-FEB-2026|0|6|01-JAN-1970|0|0|514|0| |0|||0|6200000072|10|0|0|1|202547|CONSTRAINED|CONSTRAINED|CONSTRAINED_202547_2025-11-20_0656|BY_IF
100000000113|VF|2| |515|27-JUN-2026|0|0|0|0|0|0|400|75|0|0|27-JUN-2026|0|6|01-JAN-1970|0|0|515|0| |0|||0|6200000072|10|0|0|1|202547|CONSTRAINED|CONSTRAINED|CONSTRAINED_202547_2025-11-20_0656|BY_IF
100000000113|VF|2| |516|04-JUL-2026|0|0|0|0|0|0|400|75|0|0|04-JUL-2026|0|6|01-JAN-1970|0|0|516|0| |0|||0|6200000072|10|0|0|1|202547|CONSTRAINED|CONSTRAINED|CONSTRAINED_202547_2025-11-20_0656|BY_IF
100000000113|VF|2| |517|14-MAR-2026|0|0|0|0|0|0|400|75|0|0|14-MAR-2026|0|6|01-JAN-1970|0|0|517|0| |0|||0|6200000072|10|0|0|1|202547|CONSTRAINED|CONSTRAINED|CONSTRAINED_202547_2025-11-20_0656|BY_IF
100000000113|VF|2| |518|07-MAR-2026|0|0|0|0|0|0|400|75|0|0|07-MAR-2026|0|6|01-JAN-1970|0|0|518|0| |0|||0|6200000072|10|0|0|1|202547|CONSTRAINED|CONSTRAINED|CONSTRAINED_202547_2025-11-20_0656|BY_IF
100000000113|VF|2| |519|28-MAR-2026|0|0|0|0|0|0|400|75|0|0|28-MAR-2026|0|6|01-JAN-1970|0|0|519|0| |0|||0|6200000072|10|0|0|1|202547|CONSTRAINED|CONSTRAINED|CONSTRAINED_202547_2025-11-20_0656|BY_IF
100000000113|VF|2| |520|21-MAR-2026|0|0|0|0|0|0|400|75|0|0|21-MAR-2026|0|6|01-JAN-1970|0|0|520|0| |0|||0|6200000072|10|0|0|1|202547|CONSTRAINED|CONSTRAINED|CONSTRAINED_202547_2025-11-20_0656|BY_IF
100000000113|VF|2| |521|25-JUL-2026|0|0|0|0|0|0|400|75|0|0|25-JUL-2026|0|6|01-JAN-1970|0|0|521|0| |0|||0|6200000072|10|0|0|1|202547|CONSTRAINED|CONSTRAINED|CONSTRAINED_202547_2025-11-20_0656|BY_IF
100000000113|VF|2| |522|11-APR-2026|0|0|0|0|0|0|400|75|0|0|11-APR-2026|0|6|01-JAN-1970|0|0|522|0| |0|||0|6200000072|10|0|0|1|202547|CONSTRAINED|CONSTRAINED|CONSTRAINED_202547_2025-11-20_0656|BY_IF
100000000113|VF|2| |523|04-APR-2026|0|0|0|0|0|0|400|75|0|0|04-APR-2026|0|6|01-JAN-1970|0|0|523|0| |0|||0|6200000072|10|0|0|1|202547|CONSTRAINED|CONSTRAINED|CONSTRAINED_202547_2025-11-20_0656|BY_IF
100000000113|VF|2| |524|25-APR-2026|0|0|0|0|0|0|400|75|0|0|25-APR-2026|0|6|01-JAN-1970|0|0|524|0| |0|||0|6200000072|10|0|0|1|202547|CONSTRAINED|CONSTRAINED|CONSTRAINED_202547_2025-11-20_0656|BY_IF
100000000113|VF|2| |525|18-APR-2026|0|0|0|0|0|0|400|75|0|0|18-APR-2026|0|6|01-JAN-1970|0|0|525|0| |0|||0|6200000072|10|0|0|1|202547|CONSTRAINED|CONSTRAINED|CONSTRAINED_202547_2025-11-20_0656|BY_IF
100000000113|VF|2| |526|09-MAY-2026|0|0|0|0|0|0|400|75|0|0|09-MAY-2026|0|6|01-JAN-1970|0|0|526|0| |0|||0|6200000072|10|0|0|1|202547|CONSTRAINED|CONSTRAINED|CONSTRAINED_202547_2025-11-20_0656|BY_IF
100000000113|VF|2| |527|02-MAY-2026|0|0|0|0|0|0|400|75|0|0|02-MAY-2026|0|6|01-JAN-1970|0|0|527|0| |0|||0|6200000072|10|0|0|1|202547|CONSTRAINED|CONSTRAINED|CONSTRAINED_202547_2025-11-20_0656|BY_IF
100000000113|VF|2| |528|23-MAY-2026|0|0|0|0|0|0|400|75|0|0|23-MAY-2026|0|6|01-JAN-1970|0|0|528|0| |0|||0|6200000072|10|0|0|1|202547|CONSTRAINED|CONSTRAINED|CONSTRAINED_202547_2025-11-20_0656|BY_IF
100000000113|VF|2| |529|16-MAY-2026|0|0|0|0|0|0|400|75|0|0|16-MAY-2026|0|6|01-JAN-1970|0|0|529|0| |0|||0|6200000072|10|0|0|1|202547|CONSTRAINED|CONSTRAINED|CONSTRAINED_202547_2025-11-20_0656|BY_IF
100000000113|VF|2| |530|06-JUN-2026|0|0|0|0|0|0|400|75|0|0|06-JUN-2026|0|6|01-JAN-1970|0|0|530|0| |0|||0|6200000072|10|0|0|1|202547|CONSTRAINED|CONSTRAINED|CONSTRAINED_202547_2025-11-20_0656|BY_IF
100000000113|VF|2| |531|30-MAY-2026|0|0|0|0|0|0|400|75|0|0|30-MAY-2026|0|6|01-JAN-1970|0|0|531|0| |0|||0|6200000072|10|0|0|1|202547|CONSTRAINED|CONSTRAINED|CONSTRAINED_202547_2025-11-20_0656|BY_IF
100000000113|VF|2| |532|22-NOV-2025|0|0|0|0|0|0|510|38|0|0|22-NOV-2025|0|6|01-JAN-1970|0|0|532|0| |0|||0|6200000072|11|0|0|1|202547|CONSTRAINED|CONSTRAINED|CONSTRAINED_202547_2025-11-20_0656|BY_IF
100000000113|VF|2| |533|17-JAN-2026|0|0|0|0|0|0|400|75|0|0|17-JAN-2026|0|6|01-JAN-1970|0|0|533|0| |0|||0|6200000072|10|0|0|1|202547|CONSTRAINED|CONSTRAINED|CONSTRAINED_202547_2025-11-20_0656|BY_IF
100000000113|VF|2| |534|13-JUN-2026|0|0|0|0|0|0|400|75|0|0|13-JUN-2026|0|6|01-JAN-1970|0|0|534|0| |0|||0|6200000072|10|0|0|1|202547|CONSTRAINED|CONSTRAINED|CONSTRAINED_202547_2025-11-20_0656|BY_IF
100000000113|VF|2| |535|20-JUN-2026|0|0|0|0|0|0|400|75|0|0|20-JUN-2026|0|6|01-JAN-1970|0|0|535|0| |0|||0|6200000072|10|0|0|1|202547|CONSTRAINED|CONSTRAINED|CONSTRAINED_202547_2025-11-20_0656|BY_IF
100000000113|VF|2| |536|24-JAN-2026|0|0|0|0|0|0|400|75|0|0|24-JAN-2026|0|6|01-JAN-1970|0|0|536|0| |0|||0|6200000072|10|0|0|1|202547|CONSTRAINED|CONSTRAINED|CONSTRAINED_202547_2025-11-20_0656|BY_IF
100000000113|VF|2| |537|31-JAN-2026|0|0|0|0|0|0|400|75|0|0|31-JAN-2026|0|6|01-JAN-1970|0|0|537|0| |0|||0|6200000072|10|0|0|1|202547|CONSTRAINED|CONSTRAINED|CONSTRAINED_202547_2025-11-20_0656|BY_IF
100000000113|VF|2| |968|12-SEP-2026|0|0|0|0|0|0|1200|75|0|0|12-SEP-2026|0|6|01-JAN-1970|0|0|968|0| |0|||0|6200000072|13|0|0|1|202547|CONSTRAINED|CONSTRAINED|CONSTRAINED_202547_2025-11-20_0656|BY_IF
100000000113|VF|2| |969|01-MAY-2027|0|0|0|0|0|0|1200|75|0|0|01-MAY-2027|0|6|01-JAN-1970|0|0|969|0| |0|||0|6200000072|13|0|0|1|202547|CONSTRAINED|CONSTRAINED|CONSTRAINED_202547_2025-11-20_0656|BY_IF
100000000113|VF|2| |970|17-JUL-2027|0|0|0|0|0|0|1200|75|0|0|17-JUL-2027|0|6|01-JAN-1970|0|0|970|0| |0|||0|6200000072|13|0|0|1|202547|CONSTRAINED|CONSTRAINED|CONSTRAINED_202547_2025-11-20_0656|BY_IF
100000000113|VF|2| |971|21-NOV-2026|0|0|0|0|0|0|1200|75|0|0|21-NOV-2026|0|6|01-JAN-1970|0|0|971|0| |0|||0|6200000072|13|0|0|1|202547|CONSTRAINED|CONSTRAINED|CONSTRAINED_202547_2025-11-20_0656|BY_IF
100000000113|VF|2| |972|23-JAN-2027|0|0|0|0|0|0|1200|75|0|0|23-JAN-2027|0|6|01-JAN-1970|0|0|972|0| |0|||0|6200000072|13|0|0|1|202547|CONSTRAINED|CONSTRAINED|CONSTRAINED_202547_2025-11-20_0656|BY_IF
100000000113|VF|2| |973|24-APR-2027|0|0|0|0|0|0|1200|75|0|0|24-APR-2027|0|6|01-JAN-1970|0|0|973|0| |0|||0|6200000072|13|0|0|1|202547|CONSTRAINED|CONSTRAINED|CONSTRAINED_202547_2025-11-20_0656|BY_IF
100000000113|VF|2| |974|26-JUN-2027|0|0|0|0|0|0|1200|75|0|0|26-JUN-2027|0|6|01-JAN-1970|0|0|974|0| |0|||0|6200000072|13|0|0|1|202547|CONSTRAINED|CONSTRAINED|CONSTRAINED_202547_2025-11-20_0656|BY_IF
100000000113|VF|2| |975|14-NOV-2026|0|0|0|0|0|0|1200|75|0|0|14-NOV-2026|0|6|01-JAN-1970|0|0|975|0| |0|||0|6200000072|13|0|0|1|202547|CONSTRAINED|CONSTRAINED|CONSTRAINED_202547_2025-11-20_0656|BY_IF
100000000113|VF|2| |976|30-JAN-2027|0|0|0|0|0|0|1200|75|0|0|30-JAN-2027|0|6|01-JAN-1970|0|0|976|0| |0|||0|6200000072|13|0|0|1|202547|CONSTRAINED|CONSTRAINED|CONSTRAINED_202547_2025-11-20_0656|BY_IF
100000000113|VF|2| |977|17-APR-2027|0|0|0|0|0|0|1200|75|0|0|17-APR-2027|0|6|01-JAN-1970|0|0|977|0| |0|||0|6200000072|13|0|0|1|202547|CONSTRAINED|CONSTRAINED|CONSTRAINED_202547_2025-11-20_0656|BY_IF
100000000113|VF|2| |978|03-JUL-2027|0|0|0|0|0|0|1200|75|0|0|03-JUL-2027|0|6|01-JAN-1970|0|0|978|0| |0|||0|6200000072|13|0|0|1|202547|CONSTRAINED|CONSTRAINED|CONSTRAINED_202547_2025-11-20_0656|BY_IF
100000000113|VF|2| |979|03-OCT-2026|0|0|0|0|0|0|1200|75|0|0|03-OCT-2026|0|6|01-JAN-1970|0|0|979|0| |0|||0|6200000072|13|0|0|1|202547|CONSTRAINED|CONSTRAINED|CONSTRAINED_202547_2025-11-20_0656|BY_IF
100000000113|VF|2| |980|01-AUG-2026|0|0|0|0|0|0|1200|75|0|0|01-AUG-2026|0|6|01-JAN-1970|0|0|980|0| |0|||0|6200000072|13|0|0|1|202547|CONSTRAINED|CONSTRAINED|CONSTRAINED_202547_2025-11-20_0656|BY_IF
100000000113|VF|2| |981|05-DEC-2026|0|0|0|0|0|0|1200|75|0|0|05-DEC-2026|0|6|01-JAN-1970|0|0|981|0| |0|||0|6200000072|13|0|0|1|202547|CONSTRAINED|CONSTRAINED|CONSTRAINED_202547_2025-11-20_0656|BY_IF
100000000113|VF|2| |982|06-FEB-2027|0|0|0|0|0|0|1200|75|0|0|06-FEB-2027|0|6|01-JAN-1970|0|0|982|0| |0|||0|6200000072|13|0|0|1|202547|CONSTRAINED|CONSTRAINED|CONSTRAINED_202547_2025-11-20_0656|BY_IF
100000000113|VF|2| |983|10-APR-2027|0|0|0|0|0|0|1200|75|0|0|10-APR-2027|0|6|01-JAN-1970|0|0|983|0| |0|||0|6200000072|13|0|0|1|202547|CONSTRAINED|CONSTRAINED|CONSTRAINED_202547_2025-11-20_0656|BY_IF
100000000113|VF|2| |984|12-JUN-2027|0|0|0|0|0|0|1200|75|0|0|12-JUN-2027|0|6|01-JAN-1970|0|0|984|0| |0|||0|6200000072|13|0|0|1|202547|CONSTRAINED|CONSTRAINED|CONSTRAINED_202547_2025-11-20_0656|BY_IF
100000000113|VF|2| |985|10-OCT-2026|0|0|0|0|0|0|1200|75|0|0|10-OCT-2026|0|6|01-JAN-1970|0|0|985|0| |0|||0|6200000072|13|0|0|1|202547|CONSTRAINED|CONSTRAINED|CONSTRAINED_202547_2025-11-20_0656|BY_IF
100000000113|VF|2| |986|28-NOV-2026|0|0|0|0|0|0|1200|75|0|0|28-NOV-2026|0|6|01-JAN-1970|0|0|986|0| |0|||0|6200000072|13|0|0|1|202547|CONSTRAINED|CONSTRAINED|CONSTRAINED_202547_2025-11-20_0656|BY_IF
100000000113|VF|2| |987|13-FEB-2027|0|0|0|0|0|0|1200|75|0|0|13-FEB-2027|0|6|01-JAN-1970|0|0|987|0| |0|||0|6200000072|13|0|0|1|202547|CONSTRAINED|CONSTRAINED|CONSTRAINED_202547_2025-11-20_0656|BY_IF
100000000113|VF|2| |988|03-APR-2027|0|0|0|0|0|0|1200|75|0|0|03-APR-2027|0|6|01-JAN-1970|0|0|988|0| |0|||0|6200000072|13|0|0|1|202547|CONSTRAINED|CONSTRAINED|CONSTRAINED_202547_2025-11-20_0656|BY_IF
100000000113|VF|2| |989|19-JUN-2027|0|0|0|0|0|0|1200|75|0|0|19-JUN-2027|0|6|01-JAN-1970|0|0|989|0| |0|||0|6200000072|13|0|0|1|202547|CONSTRAINED|CONSTRAINED|CONSTRAINED_202547_2025-11-20_0656|BY_IF
100000000113|VF|2| |990|17-OCT-2026|0|0|0|0|0|0|1200|75|0|0|17-OCT-2026|0|6|01-JAN-1970|0|0|990|0| |0|||0|6200000072|13|0|0|1|202547|CONSTRAINED|CONSTRAINED|CONSTRAINED_202547_2025-11-20_0656|BY_IF
100000000113|VF|2| |991|02-JAN-2027|0|0|0|0|0|0|1200|75|0|0|02-JAN-2027|0|6|01-JAN-1970|0|0|991|0| |0|||0|6200000072|13|0|0|1|202547|CONSTRAINED|CONSTRAINED|CONSTRAINED_202547_2025-11-20_0656|BY_IF
100000000113|VF|2| |992|20-MAR-2027|0|0|0|0|0|0|1200|75|0|0|20-MAR-2027|0|6|01-JAN-1970|0|0|992|0| |0|||0|6200000072|13|0|0|1|202547|CONSTRAINED|CONSTRAINED|CONSTRAINED_202547_2025-11-20_0656|BY_IF
100000000113|VF|2| |993|05-JUN-2027|0|0|0|0|0|0|1200|75|0|0|05-JUN-2027|0|6|01-JAN-1970|0|0|993|0| |0|||0|6200000072|13|0|0|1|202547|CONSTRAINED|CONSTRAINED|CONSTRAINED_202547_2025-11-20_0656|BY_IF
100000000113|VF|2| |994|24-OCT-2026|0|0|0|0|0|0|1200|75|0|0|24-OCT-2026|0|6|01-JAN-1970|0|0|994|0| |0|||0|6200000072|13|0|0|1|202547|CONSTRAINED|CONSTRAINED|CONSTRAINED_202547_2025-11-20_0656|BY_IF
100000000113|VF|2| |995|26-DEC-2026|0|0|0|0|0|0|1200|75|0|0|26-DEC-2026|0|6|01-JAN-1970|0|0|995|0| |0|||0|6200000072|13|0|0|1|202547|CONSTRAINED|CONSTRAINED|CONSTRAINED_202547_2025-11-20_0656|BY_IF
100000000113|VF|2| |996|27-MAR-2027|0|0|0|0|0|0|1200|75|0|0|27-MAR-2027|0|6|01-JAN-1970|0|0|996|0| |0|||0|6200000072|13|0|0|1|202547|CONSTRAINED|CONSTRAINED|CONSTRAINED_202547_2025-11-20_0656|BY_IF
100000000113|VF|2| |997|29-MAY-2027|0|0|0|0|0|0|1200|75|0|0|29-MAY-2027|0|6|01-JAN-1970|0|0|997|0| |0|||0|6200000072|13|0|0|1|202547|CONSTRAINED|CONSTRAINED|CONSTRAINED_202547_2025-11-20_0656|BY_IF
100000000113|VF|2| |998|31-OCT-2026|0|0|0|0|0|0|1200|75|0|0|31-OCT-2026|0|6|01-JAN-1970|0|0|998|0| |0|||0|6200000072|13|0|0|1|202547|CONSTRAINED|CONSTRAINED|CONSTRAINED_202547_2025-11-20_0656|BY_IF
100000000113|VF|2| |999|16-JAN-2027|0|0|0|0|0|0|1200|75|0|0|16-JAN-2027|0|6|01-JAN-1970|0|0|999|0| |0|||0|6200000072|13|0|0|1|202547|CONSTRAINED|CONSTRAINED|CONSTRAINED_202547_2025-11-20_0656|BY_IF
100000000113|VF|2| |1000|06-MAR-2027|0|0|0|0|0|0|1200|75|0|0|06-MAR-2027|0|6|01-JAN-1970|0|0|1000|0| |0|||0|6200000072|13|0|0|1|202547|CONSTRAINED|CONSTRAINED|CONSTRAINED_202547_2025-11-20_0656|BY_IF
100000000113|VF|2| |1001|22-MAY-2027|0|0|0|0|0|0|1200|75|0|0|22-MAY-2027|0|6|01-JAN-1970|0|0|1001|0| |0|||0|6200000072|13|0|0|1|202547|CONSTRAINED|CONSTRAINED|CONSTRAINED_202547_2025-11-20_0656|BY_IF
100000000113|VF|2| |1002|07-NOV-2026|0|0|0|0|0|0|1200|75|0|0|07-NOV-2026|0|6|01-JAN-1970|0|0|1002|0| |0|||0|6200000072|13|0|0|1|202547|CONSTRAINED|CONSTRAINED|CONSTRAINED_202547_2025-11-20_0656|BY_IF
100000000113|VF|2| |1003|09-JAN-2027|0|0|0|0|0|0|1200|75|0|0|09-JAN-2027|0|6|01-JAN-1970|0|0|1003|0| |0|||0|6200000072|13|0|0|1|202547|CONSTRAINED|CONSTRAINED|CONSTRAINED_202547_2025-11-20_0656|BY_IF
100000000113|VF|2| |1004|13-MAR-2027|0|0|0|0|0|0|1200|75|0|0|13-MAR-2027|0|6|01-JAN-1970|0|0|1004|0| |0|||0|6200000072|13|0|0|1|202547|CONSTRAINED|CONSTRAINED|CONSTRAINED_202547_2025-11-20_0656|BY_IF
100000000113|VF|2| |1005|15-MAY-2027|0|0|0|0|0|0|1200|75|0|0|15-MAY-2027|0|6|01-JAN-1970|0|0|1005|0| |0|||0|6200000072|13|0|0|1|202547|CONSTRAINED|CONSTRAINED|CONSTRAINED_202547_2025-11-20_0656|BY_IF
100000000113|VF|2| |1006|29-AUG-2026|0|0|0|0|0|0|1200|75|0|0|29-AUG-2026|0|6|01-JAN-1970|0|0|1006|0| |0|||0|6200000072|13|0|0|1|202547|CONSTRAINED|CONSTRAINED|CONSTRAINED_202547_2025-11-20_0656|BY_IF
100000000113|VF|2| |1007|22-AUG-2026|0|0|0|0|0|0|1200|75|0|0|22-AUG-2026|0|6|01-JAN-1970|0|0|1007|0| |0|||0|6200000072|13|0|0|1|202547|CONSTRAINED|CONSTRAINED|CONSTRAINED_202547_2025-11-20_0656|BY_IF
100000000113|VF|2| |1008|15-AUG-2026|0|0|0|0|0|0|1200|75|0|0|15-AUG-2026|0|6|01-JAN-1970|0|0|1008|0| |0|||0|6200000072|13|0|0|1|202547|CONSTRAINED|CONSTRAINED|CONSTRAINED_202547_2025-11-20_0656|BY_IF
100000000113|VF|2| |1009|08-AUG-2026|0|0|0|0|0|0|1200|75|0|0|08-AUG-2026|0|6|01-JAN-1970|0|0|1009|0| |0|||0|6200000072|13|0|0|1|202547|CONSTRAINED|CONSTRAINED|CONSTRAINED_202547_2025-11-20_0656|BY_IF
100000000113|VF|2| |1010|24-JUL-2027|0|0|0|0|0|0|1200|75|0|0|24-JUL-2027|0|6|01-JAN-1970|0|0|1010|0| |0|||0|6200000072|13|0|0|1|202547|CONSTRAINED|CONSTRAINED|CONSTRAINED_202547_2025-11-20_0656|BY_IF
100000000113|VF|2| |1011|19-SEP-2026|0|0|0|0|0|0|1200|75|0|0|19-SEP-2026|0|6|01-JAN-1970|0|0|1011|0| |0|||0|6200000072|13|0|0|1|202547|CONSTRAINED|CONSTRAINED|CONSTRAINED_202547_2025-11-20_0656|BY_IF
100000000113|VF|2| |1012|19-DEC-2026|0|0|0|0|0|0|1200|75|0|0|19-DEC-2026|0|6|01-JAN-1970|0|0|1012|0| |0|||0|6200000072|13|0|0|1|202547|CONSTRAINED|CONSTRAINED|CONSTRAINED_202547_2025-11-20_0656|BY_IF
100000000113|VF|2| |1013|20-FEB-2027|0|0|0|0|0|0|1200|75|0|0|20-FEB-2027|0|6|01-JAN-1970|0|0|1013|0| |0|||0|6200000072|13|0|0|1|202547|CONSTRAINED|CONSTRAINED|CONSTRAINED_202547_2025-11-20_0656|BY_IF
100000000113|VF|2| |1014|26-SEP-2026|0|0|0|0|0|0|1200|75|0|0|26-SEP-2026|0|6|01-JAN-1970|0|0|1014|0| |0|||0|6200000072|13|0|0|1|202547|CONSTRAINED|CONSTRAINED|CONSTRAINED_202547_2025-11-20_0656|BY_IF
100000000113|VF|2| |1015|12-DEC-2026|0|0|0|0|0|0|1200|75|0|0|12-DEC-2026|0|6|01-JAN-1970|0|0|1015|0| |0|||0|6200000072|13|0|0|1|202547|CONSTRAINED|CONSTRAINED|CONSTRAINED_202547_2025-11-20_0656|BY_IF
100000000113|VF|2| |1016|27-FEB-2027|0|0|0|0|0|0|1200|75|0|0|27-FEB-2027|0|6|01-JAN-1970|0|0|1016|0| |0|||0|6200000072|13|0|0|1|202547|CONSTRAINED|CONSTRAINED|CONSTRAINED_202547_2025-11-20_0656|BY_IF
100000000113|VF|2| |1017|05-SEP-2026|0|0|0|0|0|0|1200|75|0|0|05-SEP-2026|0|6|01-JAN-1970|0|0|1017|0| |0|||0|6200000072|13|0|0|1|202547|CONSTRAINED|CONSTRAINED|CONSTRAINED_202547_2025-11-20_0656|BY_IF
100000000113|VF|2| |1018|08-MAY-2027|0|0|0|0|0|0|1200|75|0|0|08-MAY-2027|0|6|01-JAN-1970|0|0|1018|0| |0|||0|6200000072|13|0|0|1|202547|CONSTRAINED|CONSTRAINED|CONSTRAINED_202547_2025-11-20_0656|BY_IF
100000000113|VF|2| |1019|10-JUL-2027|0|0|0|0|0|0|1200|75|0|0|10-JUL-2027|0|6|01-JAN-1970|0|0|1019|0| |0|||0|6200000072|13|0|0|1|202547|CONSTRAINED|CONSTRAINED|CONSTRAINED_202547_2025-11-20_0656|BY_IF
100000002011|1004|1|1030001500_10_0001|0|14-AUG-2025|0|0|1030001500|1|0|120960|800|20|0|0|14-AUG-2025|20|1|01-JAN-1970|0|-1|0|0|6200000072|0|0|0|0|6200000072|0|8336|0|1|202547|CONSTRAINED|CONSTRAINED|CONSTRAINED_202547_2025-11-20_0656|BY_IF
100000002011|1004|1|1030001501_10_0001|0|13-AUG-2025|0|0|1030001501|1|0|120960|800|25|0|0|13-AUG-2025|25|1|01-JAN-1970|0|-1|0|0|6200000072|0|0|0|0|6200000072|0|8407|0|1|202547|CONSTRAINED|CONSTRAINED|CONSTRAINED_202547_2025-11-20_0656|BY_IF
100000002011|1004|1|1030001502_10_0001|0|24-SEP-2025|0|0|1030001502|1|0|120960|200|25|0|0|24-SEP-2025|25|1|01-JAN-1970|0|-1|0|0|6200000072|0|0|0|0|6200000072|0|8081|0|1|202547|CONSTRAINED|CONSTRAINED|CONSTRAINED_202547_2025-11-20_0656|BY_IF
100000002011|1004|1|1030001503_10_0001|0|23-JUL-2025|0|0|1030001503|1|0|120960|200|30|0|0|26-JUL-2025|30|3|01-JAN-1970|0|-1|0|0|6200000072|0|0|0|0|6200000072|0|7947|0|1|202547|CONSTRAINED|CONSTRAINED|CONSTRAINED_202547_2025-11-20_0656|BY_IF
100000002011|1004|1|1030001504_10_0001|0|16-AUG-2025|0|0|1030001504|1|0|120960|800|20|0|0|16-AUG-2025|20|1|01-JAN-1970|0|-1|0|0|6200000072|0|0|0|0|6200000072|0|8284|0|1|202547|CONSTRAINED|CONSTRAINED|CONSTRAINED_202547_2025-11-20_0656|BY_IF
100000002011|1004|1|1030001505_10_0001|0|12-AUG-2025|0|0|1030001505|1|0|120960|800|30|0|0|12-AUG-2025|30|1|01-JAN-1970|0|-1|0|0|6200000072|0|0|0|0|6200000072|0|8485|0|1|202547|CONSTRAINED|CONSTRAINED|CONSTRAINED_202547_2025-11-20_0656|BY_IF
100000002011|1004|1|1030001506_10_0001|0|11-AUG-2025|0|0|1030001506|1|0|120960|800|25|0|0|11-AUG-2025|25|1|01-JAN-1970|0|-1|0|0|6200000072|0|0|0|0|6200000072|0|8566|0|1|202547|CONSTRAINED|CONSTRAINED|CONSTRAINED_202547_2025-11-20_0656|BY_IF
100000002011|1004|1|1030001507_10_0001|0|11-AUG-2025|0|0|1030001507|1|0|120960|800|25|0|0|11-AUG-2025|25|1|01-JAN-1970|0|-1|0|0|6200000072|0|0|0|0|6200000072|0|8565|0|1|202547|CONSTRAINED|CONSTRAINED|CONSTRAINED_202547_2025-11-20_0656|BY_IF
100000002011|1004|1|1030001508_10_0001|0|24-JUL-2025|0|0|1030001508|1|0|120960|200|75|0|0|26-JUL-2025|75|3|01-JAN-1970|0|-1|0|0|6200000072|0|0|0|0|6200000072|0|9311|0|1|202547|CONSTRAINED|CONSTRAINED|CONSTRAINED_202547_2025-11-20_0656|BY_IF
100000002011|1004|1|1030001509_10_0001|0|12-AUG-2025|0|0|1030001509|1|0|120960|800|25|0|0|12-AUG-2025|25|1|01-JAN-1970|0|-1|0|0|6200000072|0|0|0|0|6200000072|0|8484|0|1|202547|CONSTRAINED|CONSTRAINED|CONSTRAINED_202547_2025-11-20_0656|BY_IF
100000002011|1004|1|1030001510_10_0001|0|12-AUG-2025|0|0|1030001510|1|0|120960|800|50|0|0|12-AUG-2025|50|1|01-JAN-1970|0|-1|0|0|6200000072|0|0|0|0|6200000072|0|8483|0|1|202547|CONSTRAINED|CONSTRAINED|CONSTRAINED_202547_2025-11-20_0656|BY_IF
100000002011|1004|1|1030001511_10_0001|0|30-AUG-2025|0|0|1030001511|1|0|120960|200|10|0|0|30-AUG-2025|10|1|01-JAN-1970|0|-1|0|0|6200000072|0|0|0|0|6200000072|0|8107|0|1|202547|CONSTRAINED|CONSTRAINED|CONSTRAINED_202547_2025-11-20_0656|BY_IF
100000002011|1004|1|1030001512_10_0001|0|24-SEP-2025|0|0|1030001512|1|0|120960|200|25|0|0|24-SEP-2025|25|1|01-JAN-1970|0|-1|0|0|6200000072|0|0|0|0|6200000072|0|8080|0|1|202547|CONSTRAINED|CONSTRAINED|CONSTRAINED_202547_2025-11-20_0656|BY_IF
100000002011|1004|1|1030001513_10_0001|0|12-AUG-2025|0|0|1030001513|1|0|120960|800|25|0|0|12-AUG-2025|25|1|01-JAN-1970|0|-1|0|0|6200000072|0|0|0|0|6200000072|0|8482|0|1|202547|CONSTRAINED|CONSTRAINED|CONSTRAINED_202547_2025-11-20_0656|BY_IF
100000002011|1004|1|1030001514_10_0001|0|23-JUL-2025|0|0|1030001514|1|0|120960|200|20|0|0|26-JUL-2025|20|3|01-JAN-1970|0|-1|0|0|6200000072|0|0|0|0|6200000072|0|7937|0|1|202547|CONSTRAINED|CONSTRAINED|CONSTRAINED_202547_2025-11-20_0656|BY_IF
100000002011|1004|1|1030001515_10_0001|0|17-AUG-2025|0|0|1030001515|1|0|120960|800|45|0|0|17-AUG-2025|45|1|01-JAN-1970|0|-1|0|0|6200000072|0|0|0|0|6200000072|0|8252|0|1|202547|CONSTRAINED|CONSTRAINED|CONSTRAINED_202547_2025-11-20_0656|BY_IF
100000002011|1004|1|1030001516_10_0001|0|18-AUG-2025|0|0|1030001516|1|0|120960|800|70|0|0|18-AUG-2025|70|1|01-JAN-1970|0|-1|0|0|6200000072|0|0|0|0|6200000072|0|8205|0|1|202547|CONSTRAINED|CONSTRAINED|CONSTRAINED_202547_2025-11-20_0656|BY_IF
100000002011|1004|1|1030001517_10_0001|0|14-AUG-2025|0|0|1030001517|1|0|120960|800|70|0|0|14-AUG-2025|70|1|01-JAN-1970|0|-1|0|0|6200000072|0|0|0|0|6200000072|0|8335|0|1|202547|CONSTRAINED|CONSTRAINED|CONSTRAINED_202547_2025-11-20_0656|BY_IF
100000002011|1004|1|1030001518_10_0001|0|11-AUG-2025|0|0|1030001518|1|0|120960|800|25|0|0|11-AUG-2025|25|1|01-JAN-1970|0|-1|0|0|6200000072|0|0|0|0|6200000072|0|8564|0|1|202547|CONSTRAINED|CONSTRAINED|CONSTRAINED_202547_2025-11-20_0656|BY_IF
100000002011|1004|1|1030001519_10_0001|0|18-AUG-2025|0|0|1030001519|1|0|120960|800|50|0|0|18-AUG-2025|50|1|01-JAN-1970|0|-1|0|0|6200000072|0|0|0|0|6200000072|0|8204|0|1|202547|CONSTRAINED|CONSTRAINED|CONSTRAINED_202547_2025-11-20_0656|BY_IF
100000002011|1004|1|1030001520_10_0001|0|22-JUL-2025|0|0|1030001520|1|0|120960|200|20|0|0|26-JUL-2025|20|3|01-JAN-1970|0|-1|0|0|6200000072|0|0|0|0|6200000072|0|8551|0|1|202547|CONSTRAINED|CONSTRAINED|CONSTRAINED_202547_2025-11-20_0656|BY_IF
100000002011|1004|1|1030001521_10_0001|0|23-JUL-2025|0|0|1030001521|1|0|120960|200|25|0|0|26-JUL-2025|25|3|01-JAN-1970|0|-1|0|0|6200000072|0|0|0|0|6200000072|0|7927|0|1|202547|CONSTRAINED|CONSTRAINED|CONSTRAINED_202547_2025-11-20_0656|BY_IF
100000002011|1004|1|1030001522_10_0001|0|13-AUG-2025|0|0|1030001522|1|0|120960|800|45|0|0|13-AUG-2025|45|1|01-JAN-1970|0|-1|0|0|6200000072|0|0|0|0|6200000072|0|8406|0|1|202547|CONSTRAINED|CONSTRAINED|CONSTRAINED_202547_2025-11-20_0656|BY_IF
100000002011|1004|1|1030001523_10_0001|0|23-JUL-2025|0|0|1030001523|1|0|120960|200|25|0|0|26-JUL-2025|25|3|01-JAN-1970|0|-1|0|0|6200000072|0|0|0|0|6200000072|0|7916|0|1|202547|CONSTRAINED|CONSTRAINED|CONSTRAINED_202547_2025-11-20_0656|BY_IF
100000002011|1004|1|1030001524_10_0001|0|09-AUG-2025|0|0|1030001524|1|0|120960|200|12|0|0|09-AUG-2025|12|1|01-JAN-1970|0|-1|0|0|6200000072|0|0|0|0|6200000072|0|8965|0|1|202547|CONSTRAINED|CONSTRAINED|CONSTRAINED_202547_2025-11-20_0656|BY_IF
100000002011|1004|1|1030001525_10_0001|0|23-JUL-2025|0|0|1030001525|1|0|120960|200|20|0|0|26-JUL-2025|20|3|01-JAN-1970|0|-1|0|0|6200000072|0|0|0|0|6200000072|0|7906|0|1|202547|CONSTRAINED|CONSTRAINED|CONSTRAINED_202547_2025-11-20_0656|BY_IF
100000002011|1004|1|1030001526_10_0001|0|23-JUL-2025|0|0|1030001526|1|0|120960|200|20|0|0|26-JUL-2025|20|3|01-JAN-1970|0|-1|0|0|6200000072|0|0|0|0|6200000072|0|7894|0|1|202547|CONSTRAINED|CONSTRAINED|CONSTRAINED_202547_2025-11-20_0656|BY_IF
100000002011|1004|1|1030001527_10_0001|0|18-AUG-2025|0|0|1030001527|1|0|120960|800|25|0|0|18-AUG-2025|25|1|01-JAN-1970|0|-1|0|0|6200000072|0|0|0|0|6200000072|0|8203|0|1|202547|CONSTRAINED|CONSTRAINED|CONSTRAINED_202547_2025-11-20_0656|BY_IF
100000002011|1004|1|1030001528_10_0001|0|13-AUG-2025|0|0|1030001528|1|0|120960|800|25|0|0|13-AUG-2025|25|1|01-JAN-1970|0|-1|0|0|6200000072|0|0|0|0|6200000072|0|8405|0|1|202547|CONSTRAINED|CONSTRAINED|CONSTRAINED_202547_2025-11-20_0656|BY_IF
100000002011|1004|1|1030001529_10_0001|0|11-AUG-2025|0|0|1030001529|1|0|120960|800|65|0|0|11-AUG-2025|65|1|01-JAN-1970|0|-1|0|0|6200000072|0|0|0|0|6200000072|0|8563|0|1|202547|CONSTRAINED|CONSTRAINED|CONSTRAINED_202547_2025-11-20_0656|BY_IF
100000002011|1004|1|1030001530_10_0001|0|12-AUG-2025|0|0|1030001530|1|0|120960|200|18|0|0|12-AUG-2025|18|1|01-JAN-1970|0|-1|0|0|6200000072|0|0|0|0|6200000072|0|8481|0|1|202547|CONSTRAINED|CONSTRAINED|CONSTRAINED_202547_2025-11-20_0656|BY_IF
100000002011|1004|1|1030001531_10_0001|0|16-AUG-2025|0|0|1030001531|1|0|120960|200|20|0|0|16-AUG-2025|20|1|01-JAN-1970|0|-1|0|0|6200000072|0|0|0|0|6200000072|0|8283|0|1|202547|CONSTRAINED|CONSTRAINED|CONSTRAINED_202547_2025-11-20_0656|BY_IF
100000002011|1004|1|1030001532_10_0001|0|14-AUG-2025|0|0|1030001532|1|0|120960|200|65|0|0|14-AUG-2025|65|1|01-JAN-1970|0|-1|0|0|6200000072|0|0|0|0|6200000072|0|8334|0|1|202547|CONSTRAINED|CONSTRAINED|CONSTRAINED_202547_2025-11-20_0656|BY_IF
100000002011|1004|1|1030001533_10_0001|0|18-AUG-2025|0|0|1030001533|1|0|120960|800|25|0|0|18-AUG-2025|25|1|01-JAN-1970|0|-1|0|0|6200000072|0|0|0|0|6200000072|0|8202|0|1|202547|CONSTRAINED|CONSTRAINED|CONSTRAINED_202547_2025-11-20_0656|BY_IF
100000002011|1004|1|1030001534_10_0001|0|23-JUL-2025|0|0|1030001534|1|0|120960|200|25|0|0|26-JUL-2025|25|3|01-JAN-1970|0|-1|0|0|6200000072|0|0|0|0|6200000072|0|7884|0|1|202547|CONSTRAINED|CONSTRAINED|CONSTRAINED_202547_2025-11-20_0656|BY_IF
100000002011|1004|1|1030001535_10_0001|0|23-AUG-2025|0|0|1030001535|1|0|120960|800|35|0|0|23-AUG-2025|35|1|01-JAN-1970|0|-1|0|0|6200000072|0|0|0|0|6200000072|0|8135|0|1|202547|CONSTRAINED|CONSTRAINED|CONSTRAINED_202547_2025-11-20_0656|BY_IF
100000002011|1004|1|1030001536_10_0001|0|14-AUG-2025|0|0|1030001536|1|0|120960|200|20|0|0|14-AUG-2025|20|1|01-JAN-1970|0|-1|0|0|6200000072|0|0|0|0|6200000072|0|8333|0|1|202547|CONSTRAINED|CONSTRAINED|CONSTRAINED_202547_2025-11-20_0656|BY_IF
100000002011|1004|1|1030001537_10_0001|0|13-AUG-2025|0|0|1030001537|1|0|120960|200|35|0|0|13-AUG-2025|35|1|01-JAN-1970|0|-1|0|0|6200000072|0|0|0|0|6200000072|0|8404|0|1|202547|CONSTRAINED|CONSTRAINED|CONSTRAINED_202547_2025-11-20_0656|BY_IF
100000002011|1004|1|1030001538_10_0001|0|23-AUG-2025|0|0|1030001538|1|0|120960|800|70|0|0|23-AUG-2025|70|1|01-JAN-1970|0|-1|0|0|6200000072|0|0|0|0|6200000072|0|8134|0|1|202547|CONSTRAINED|CONSTRAINED|CONSTRAINED_202547_2025-11-20_0656|BY_IF
100000002011|1004|1|1030001539_10_0001|0|20-AUG-2025|0|0|1030001539|1|0|120960|800|12|0|0|20-AUG-2025|12|1|01-JAN-1970|0|-1|0|0|6200000072|0|0|0|0|6200000072|0|8158|0|1|202547|CONSTRAINED|CONSTRAINED|CONSTRAINED_202547_2025-11-20_0656|BY_IF
100000002011|1004|1|1030001540_10_0001|0|17-AUG-2025|0|0|1030001540|1|0|120960|800|25|0|0|17-AUG-2025|25|1|01-JAN-1970|0|-1|0|0|6200000072|0|0|0|0|6200000072|0|8251|0|1|202547|CONSTRAINED|CONSTRAINED|CONSTRAINED_202547_2025-11-20_0656|BY_IF
100000002011|1004|1|1030001541_10_0001|0|21-JUL-2025|0|0|1030001541|1|0|120960|200|25|0|0|26-JUL-2025|25|3|01-JAN-1970|0|-1|0|0|6200000072|0|0|0|0|6200000072|0|8099|0|1|202547|CONSTRAINED|CONSTRAINED|CONSTRAINED_202547_2025-11-20_0656|BY_IF
100000002011|1004|1|1033500012_10_002|0|28-JUL-2025|0|0|1033500012|1|0|120960|200|80|0|0|28-JUL-2025|80|1|01-JAN-1970|0|-1|0|0|6200000072|0|0|0|0|6200000072|0|9132|0|1|202547|CONSTRAINED|CONSTRAINED|CONSTRAINED_202547_2025-11-20_0656|BY_IF
100000002011|1004|1|1033500012_10_002-1|0|28-JUL-2025|0|0|1033500012|1|0|120960|200|20|0|0|28-JUL-2025|0|6|01-JAN-1970|0|0|0|0|6200000072|0|||0|6200000072|0|0|0|3|202547|CONSTRAINED|CONSTRAINED|CONSTRAINED_202547_2025-11-20_0656|BY_IF
100000002011|1004|2| |357|27-DEC-2025|0|0|0|0|0|0|400|75|0|0|27-DEC-2025|0|6|01-JAN-1970|0|0|357|0| |0|||0|6200000072|10|0|0|1|202547|CONSTRAINED|CONSTRAINED|CONSTRAINED_202547_2025-11-20_0656|BY_IF
100000002011|1004|2| |358|10-JAN-2026|0|0|0|0|0|0|400|75|0|0|10-JAN-2026|0|6|01-JAN-1970|0|0|358|0| |0|||0|6200000072|10|0|0|1|202547|CONSTRAINED|CONSTRAINED|CONSTRAINED_202547_2025-11-20_0656|BY_IF
100000002011|1004|2| |359|13-DEC-2025|0|0|0|0|0|0|400|75|0|0|13-DEC-2025|0|6|01-JAN-1970|0|0|359|0| |0|||0|6200000072|10|0|0|1|202547|CONSTRAINED|CONSTRAINED|CONSTRAINED_202547_2025-11-20_0656|BY_IF
100000002011|1004|2| |360|03-JAN-2026|0|0|0|0|0|0|400|75|0|0|03-JAN-2026|0|6|01-JAN-1970|0|0|360|0| |0|||0|6200000072|10|0|0|1|202547|CONSTRAINED|CONSTRAINED|CONSTRAINED_202547_2025-11-20_0656|BY_IF
100000002011|1004|2| |361|06-DEC-2025|0|0|0|0|0|0|400|49|0|0|06-DEC-2025|0|6|01-JAN-1970|0|0|361|0| |0|||0|6200000072|10|0|0|1|202547|CONSTRAINED|CONSTRAINED|CONSTRAINED_202547_2025-11-20_0656|BY_IF
100000002011|1004|2| |362|20-DEC-2025|0|0|0|0|0|0|400|75|0|0|20-DEC-2025|0|6|01-JAN-1970|0|0|362|0| |0|||0|6200000072|10|0|0|1|202547|CONSTRAINED|CONSTRAINED|CONSTRAINED_202547_2025-11-20_0656|BY_IF
100000002011|VF|2| |363|30-MAY-2026|0|0|0|0|0|0|400|75|0|0|30-MAY-2026|0|6|01-JAN-1970|0|0|363|0| |0|||0|6200000072|10|0|0|1|202547|CONSTRAINED|CONSTRAINED|CONSTRAINED_202547_2025-11-20_0656|BY_IF
100000002011|VF|2| |364|23-MAY-2026|0|0|0|0|0|0|400|75|0|0|23-MAY-2026|0|6|01-JAN-1970|0|0|364|0| |0|||0|6200000072|10|0|0|1|202547|CONSTRAINED|CONSTRAINED|CONSTRAINED_202547_2025-11-20_0656|BY_IF
100000002011|VF|2| |365|22-NOV-2025|0|0|0|0|0|0|510|38|0|0|22-NOV-2025|0|6|01-JAN-1970|0|0|365|0| |0|||0|6200000072|11|0|0|1|202547|CONSTRAINED|CONSTRAINED|CONSTRAINED_202547_2025-11-20_0656|BY_IF
100000002011|VF|2| |366|16-MAY-2026|0|0|0|0|0|0|400|75|0|0|16-MAY-2026|0|6|01-JAN-1970|0|0|366|0| |0|||0|6200000072|10|0|0|1|202547|CONSTRAINED|CONSTRAINED|CONSTRAINED_202547_2025-11-20_0656|BY_IF
100000002011|VF|2| |367|09-MAY-2026|0|0|0|0|0|0|400|75|0|0|09-MAY-2026|0|6|01-JAN-1970|0|0|367|0| |0|||0|6200000072|10|0|0|1|202547|CONSTRAINED|CONSTRAINED|CONSTRAINED_202547_2025-11-20_0656|BY_IF
100000002011|VF|2| |368|20-JUN-2026|0|0|0|0|0|0|400|75|0|0|20-JUN-2026|0|6|01-JAN-1970|0|0|368|0| |0|||0|6200000072|10|0|0|1|202547|CONSTRAINED|CONSTRAINED|CONSTRAINED_202547_2025-11-20_0656|BY_IF
100000002011|VF|2| |369|31-JAN-2026|0|0|0|0|0|0|400|75|0|0|31-JAN-2026|0|6|01-JAN-1970|0|0|369|0| |0|||0|6200000072|10|0|0|1|202547|CONSTRAINED|CONSTRAINED|CONSTRAINED_202547_2025-11-20_0656|BY_IF
100000002011|VF|2| |370|07-FEB-2026|0|0|0|0|0|0|400|75|0|0|07-FEB-2026|0|6|01-JAN-1970|0|0|370|0| |0|||0|6200000072|10|0|0|1|202547|CONSTRAINED|CONSTRAINED|CONSTRAINED_202547_2025-11-20_0656|BY_IF
100000002011|VF|2| |371|27-JUN-2026|0|0|0|0|0|0|400|75|0|0|27-JUN-2026|0|6|01-JAN-1970|0|0|371|0| |0|||0|6200000072|10|0|0|1|202547|CONSTRAINED|CONSTRAINED|CONSTRAINED_202547_2025-11-20_0656|BY_IF
100000002011|VF|2| |372|13-JUN-2026|0|0|0|0|0|0|400|75|0|0|13-JUN-2026|0|6|01-JAN-1970|0|0|372|0| |0|||0|6200000072|10|0|0|1|202547|CONSTRAINED|CONSTRAINED|CONSTRAINED_202547_2025-11-20_0656|BY_IF
100000002011|VF|2| |373|06-JUN-2026|0|0|0|0|0|0|400|75|0|0|06-JUN-2026|0|6|01-JAN-1970|0|0|373|0| |0|||0|6200000072|10|0|0|1|202547|CONSTRAINED|CONSTRAINED|CONSTRAINED_202547_2025-11-20_0656|BY_IF
100000002011|VF|2| |374|17-JAN-2026|0|0|0|0|0|0|400|75|0|0|17-JAN-2026|0|6|01-JAN-1970|0|0|374|0| |0|||0|6200000072|10|0|0|1|202547|CONSTRAINED|CONSTRAINED|CONSTRAINED_202547_2025-11-20_0656|BY_IF
100000002011|VF|2| |375|24-JAN-2026|0|0|0|0|0|0|400|75|0|0|24-JAN-2026|0|6|01-JAN-1970|0|0|375|0| |0|||0|6200000072|10|0|0|1|202547|CONSTRAINED|CONSTRAINED|CONSTRAINED_202547_2025-11-20_0656|BY_IF
100000002011|VF|2| |376|02-MAY-2026|0|0|0|0|0|0|400|75|0|0|02-MAY-2026|0|6|01-JAN-1970|0|0|376|0| |0|||0|6200000072|10|0|0|1|202547|CONSTRAINED|CONSTRAINED|CONSTRAINED_202547_2025-11-20_0656|BY_IF
100000002011|VF|2| |377|25-APR-2026|0|0|0|0|0|0|400|75|0|0|25-APR-2026|0|6|01-JAN-1970|0|0|377|0| |0|||0|6200000072|10|0|0|1|202547|CONSTRAINED|CONSTRAINED|CONSTRAINED_202547_2025-11-20_0656|BY_IF
100000002011|VF|2| |378|21-MAR-2026|0|0|0|0|0|0|400|75|0|0|21-MAR-2026|0|6|01-JAN-1970|0|0|378|0| |0|||0|6200000072|10|0|0|1|202547|CONSTRAINED|CONSTRAINED|CONSTRAINED_202547_2025-11-20_0656|BY_IF
100000002011|VF|2| |379|14-MAR-2026|0|0|0|0|0|0|400|75|0|0|14-MAR-2026|0|6|01-JAN-1970|0|0|379|0| |0|||0|6200000072|10|0|0|1|202547|CONSTRAINED|CONSTRAINED|CONSTRAINED_202547_2025-11-20_0656|BY_IF
100000002011|VF|2| |380|07-MAR-2026|0|0|0|0|0|0|400|75|0|0|07-MAR-2026|0|6|01-JAN-1970|0|0|380|0| |0|||0|6200000072|10|0|0|1|202547|CONSTRAINED|CONSTRAINED|CONSTRAINED_202547_2025-11-20_0656|BY_IF
100000002011|VF|2| |381|28-FEB-2026|0|0|0|0|0|0|400|75|0|0|28-FEB-2026|0|6|01-JAN-1970|0|0|381|0| |0|||0|6200000072|10|0|0|1|202547|CONSTRAINED|CONSTRAINED|CONSTRAINED_202547_2025-11-20_0656|BY_IF
100000002011|VF|2| |382|18-JUL-2026|0|0|0|0|0|0|400|75|0|0|18-JUL-2026|0|6|01-JAN-1970|0|0|382|0| |0|||0|6200000072|10|0|0|1|202547|CONSTRAINED|CONSTRAINED|CONSTRAINED_202547_2025-11-20_0656|BY_IF
100000002011|VF|2| |383|25-JUL-2026|0|0|0|0|0|0|400|75|0|0|25-JUL-2026|0|6|01-JAN-1970|0|0|383|0| |0|||0|6200000072|10|0|0|1|202547|CONSTRAINED|CONSTRAINED|CONSTRAINED_202547_2025-11-20_0656|BY_IF
100000002011|VF|2| |384|18-APR-2026|0|0|0|0|0|0|400|75|0|0|18-APR-2026|0|6|01-JAN-1970|0|0|384|0| |0|||0|6200000072|10|0|0|1|202547|CONSTRAINED|CONSTRAINED|CONSTRAINED_202547_2025-11-20_0656|BY_IF
100000002011|VF|2| |385|11-APR-2026|0|0|0|0|0|0|400|75|0|0|11-APR-2026|0|6|01-JAN-1970|0|0|385|0| |0|||0|6200000072|10|0|0|1|202547|CONSTRAINED|CONSTRAINED|CONSTRAINED_202547_2025-11-20_0656|BY_IF
100000002011|VF|2| |386|04-APR-2026|0|0|0|0|0|0|400|75|0|0|04-APR-2026|0|6|01-JAN-1970|0|0|386|0| |0|||0|6200000072|10|0|0|1|202547|CONSTRAINED|CONSTRAINED|CONSTRAINED_202547_2025-11-20_0656|BY_IF
100000002011|VF|2| |387|28-MAR-2026|0|0|0|0|0|0|400|75|0|0|28-MAR-2026|0|6|01-JAN-1970|0|0|387|0| |0|||0|6200000072|10|0|0|1|202547|CONSTRAINED|CONSTRAINED|CONSTRAINED_202547_2025-11-20_0656|BY_IF
100000002011|VF|2| |388|14-FEB-2026|0|0|0|0|0|0|400|75|0|0|14-FEB-2026|0|6|01-JAN-1970|0|0|388|0| |0|||0|6200000072|10|0|0|1|202547|CONSTRAINED|CONSTRAINED|CONSTRAINED_202547_2025-11-20_0656|BY_IF
100000002011|VF|2| |389|21-FEB-2026|0|0|0|0|0|0|400|75|0|0|21-FEB-2026|0|6|01-JAN-1970|0|0|389|0| |0|||0|6200000072|10|0|0|1|202547|CONSTRAINED|CONSTRAINED|CONSTRAINED_202547_2025-11-20_0656|BY_IF
100000002011|VF|2| |390|04-JUL-2026|0|0|0|0|0|0|400|75|0|0|04-JUL-2026|0|6|01-JAN-1970|0|0|390|0| |0|||0|6200000072|10|0|0|1|202547|CONSTRAINED|CONSTRAINED|CONSTRAINED_202547_2025-11-20_0656|BY_IF
100000002011|VF|2| |391|11-JUL-2026|0|0|0|0|0|0|400|75|0|0|11-JUL-2026|0|6|01-JAN-1970|0|0|391|0| |0|||0|6200000072|10|0|0|1|202547|CONSTRAINED|CONSTRAINED|CONSTRAINED_202547_2025-11-20_0656|BY_IF
100000002011|VF|2| |1020|05-SEP-2026|0|0|0|0|0|0|1200|75|0|0|05-SEP-2026|0|6|01-JAN-1970|0|0|1020|0| |0|||0|6200000072|13|0|0|1|202547|CONSTRAINED|CONSTRAINED|CONSTRAINED_202547_2025-11-20_0656|BY_IF
100000002011|VF|2| |1021|13-MAR-2027|0|0|0|0|0|0|1200|75|0|0|13-MAR-2027|0|6|01-JAN-1970|0|0|1021|0| |0|||0|6200000072|13|0|0|1|202547|CONSTRAINED|CONSTRAINED|CONSTRAINED_202547_2025-11-20_0656|BY_IF
100000002011|VF|2| |1022|29-MAY-2027|0|0|0|0|0|0|1200|75|0|0|29-MAY-2027|0|6|01-JAN-1970|0|0|1022|0| |0|||0|6200000072|13|0|0|1|202547|CONSTRAINED|CONSTRAINED|CONSTRAINED_202547_2025-11-20_0656|BY_IF
100000002011|VF|2| |1023|22-AUG-2026|0|0|0|0|0|0|1200|75|0|0|22-AUG-2026|0|6|01-JAN-1970|0|0|1023|0| |0|||0|6200000072|13|0|0|1|202547|CONSTRAINED|CONSTRAINED|CONSTRAINED_202547_2025-11-20_0656|BY_IF
100000002011|VF|2| |1024|30-JAN-2027|0|0|0|0|0|0|1200|75|0|0|30-JAN-2027|0|6|01-JAN-1970|0|0|1024|0| |0|||0|6200000072|13|0|0|1|202547|CONSTRAINED|CONSTRAINED|CONSTRAINED_202547_2025-11-20_0656|BY_IF
100000002011|VF|2| |1025|12-JUN-2027|0|0|0|0|0|0|1200|75|0|0|12-JUN-2027|0|6|01-JAN-1970|0|0|1025|0| |0|||0|6200000072|13|0|0|1|202547|CONSTRAINED|CONSTRAINED|CONSTRAINED_202547_2025-11-20_0656|BY_IF
100000002011|VF|2| |1026|03-OCT-2026|0|0|0|0|0|0|1200|75|0|0|03-OCT-2026|0|6|01-JAN-1970|0|0|1026|0| |0|||0|6200000072|13|0|0|1|202547|CONSTRAINED|CONSTRAINED|CONSTRAINED_202547_2025-11-20_0656|BY_IF
100000002011|VF|2| |1027|13-FEB-2027|0|0|0|0|0|0|1200|75|0|0|13-FEB-2027|0|6|01-JAN-1970|0|0|1027|0| |0|||0|6200000072|13|0|0|1|202547|CONSTRAINED|CONSTRAINED|CONSTRAINED_202547_2025-11-20_0656|BY_IF
100000002011|VF|2| |1028|26-JUN-2027|0|0|0|0|0|0|1200|75|0|0|26-JUN-2027|0|6|01-JAN-1970|0|0|1028|0| |0|||0|6200000072|13|0|0|1|202547|CONSTRAINED|CONSTRAINED|CONSTRAINED_202547_2025-11-20_0656|BY_IF
100000002011|VF|2| |1029|19-SEP-2026|0|0|0|0|0|0|1200|75|0|0|19-SEP-2026|0|6|01-JAN-1970|0|0|1029|0| |0|||0|6200000072|13|0|0|1|202547|CONSTRAINED|CONSTRAINED|CONSTRAINED_202547_2025-11-20_0656|BY_IF
100000002011|VF|2| |1030|27-FEB-2027|0|0|0|0|0|0|1200|75|0|0|27-FEB-2027|0|6|01-JAN-1970|0|0|1030|0| |0|||0|6200000072|13|0|0|1|202547|CONSTRAINED|CONSTRAINED|CONSTRAINED_202547_2025-11-20_0656|BY_IF
100000002011|VF|2| |1031|10-JUL-2027|0|0|0|0|0|0|1200|75|0|0|10-JUL-2027|0|6|01-JAN-1970|0|0|1031|0| |0|||0|6200000072|13|0|0|1|202547|CONSTRAINED|CONSTRAINED|CONSTRAINED_202547_2025-11-20_0656|BY_IF
100000002011|VF|2| |1032|08-AUG-2026|0|0|0|0|0|0|1200|75|0|0|08-AUG-2026|0|6|01-JAN-1970|0|0|1032|0| |0|||0|6200000072|13|0|0|1|202547|CONSTRAINED|CONSTRAINED|CONSTRAINED_202547_2025-11-20_0656|BY_IF
100000002011|VF|2| |1033|02-JAN-2027|0|0|0|0|0|0|1200|75|0|0|02-JAN-2027|0|6|01-JAN-1970|0|0|1033|0| |0|||0|6200000072|13|0|0|1|202547|CONSTRAINED|CONSTRAINED|CONSTRAINED_202547_2025-11-20_0656|BY_IF
100000002011|VF|2| |1034|15-MAY-2027|0|0|0|0|0|0|1200|75|0|0|15-MAY-2027|0|6|01-JAN-1970|0|0|1034|0| |0|||0|6200000072|13|0|0|1|202547|CONSTRAINED|CONSTRAINED|CONSTRAINED_202547_2025-11-20_0656|BY_IF
100000002011|VF|2| |1035|24-JUL-2027|0|0|0|0|0|0|1200|75|0|0|24-JUL-2027|0|6|01-JAN-1970|0|0|1035|0| |0|||0|6200000072|13|0|0|1|202547|CONSTRAINED|CONSTRAINED|CONSTRAINED_202547_2025-11-20_0656|BY_IF
100000002011|VF|2| |1036|21-NOV-2026|0|0|0|0|0|0|1200|75|0|0|21-NOV-2026|0|6|01-JAN-1970|0|0|1036|0| |0|||0|6200000072|13|0|0|1|202547|CONSTRAINED|CONSTRAINED|CONSTRAINED_202547_2025-11-20_0656|BY_IF
100000002011|VF|2| |1037|20-MAR-2027|0|0|0|0|0|0|1200|75|0|0|20-MAR-2027|0|6|01-JAN-1970|0|0|1037|0| |0|||0|6200000072|13|0|0|1|202547|CONSTRAINED|CONSTRAINED|CONSTRAINED_202547_2025-11-20_0656|BY_IF
100000002011|VF|2| |1038|07-NOV-2026|0|0|0|0|0|0|1200|75|0|0|07-NOV-2026|0|6|01-JAN-1970|0|0|1038|0| |0|||0|6200000072|13|0|0|1|202547|CONSTRAINED|CONSTRAINED|CONSTRAINED_202547_2025-11-20_0656|BY_IF
100000002011|VF|2| |1039|03-APR-2027|0|0|0|0|0|0|1200|75|0|0|03-APR-2027|0|6|01-JAN-1970|0|0|1039|0| |0|||0|6200000072|13|0|0|1|202547|CONSTRAINED|CONSTRAINED|CONSTRAINED_202547_2025-11-20_0656|BY_IF
100000002011|VF|2| |1040|19-DEC-2026|0|0|0|0|0|0|1200|75|0|0|19-DEC-2026|0|6|01-JAN-1970|0|0|1040|0| |0|||0|6200000072|13|0|0|1|202547|CONSTRAINED|CONSTRAINED|CONSTRAINED_202547_2025-11-20_0656|BY_IF
100000002011|VF|2| |1041|17-APR-2027|0|0|0|0|0|0|1200|75|0|0|17-APR-2027|0|6|01-JAN-1970|0|0|1041|0| |0|||0|6200000072|13|0|0|1|202547|CONSTRAINED|CONSTRAINED|CONSTRAINED_202547_2025-11-20_0656|BY_IF
100000002011|VF|2| |1042|05-DEC-2026|0|0|0|0|0|0|1200|75|0|0|05-DEC-2026|0|6|01-JAN-1970|0|0|1042|0| |0|||0|6200000072|13|0|0|1|202547|CONSTRAINED|CONSTRAINED|CONSTRAINED_202547_2025-11-20_0656|BY_IF
100000002011|VF|2| |1043|01-MAY-2027|0|0|0|0|0|0|1200|75|0|0|01-MAY-2027|0|6|01-JAN-1970|0|0|1043|0| |0|||0|6200000072|13|0|0|1|202547|CONSTRAINED|CONSTRAINED|CONSTRAINED_202547_2025-11-20_0656|BY_IF
100000002011|VF|2| |1044|24-OCT-2026|0|0|0|0|0|0|1200|75|0|0|24-OCT-2026|0|6|01-JAN-1970|0|0|1044|0| |0|||0|6200000072|13|0|0|1|202547|CONSTRAINED|CONSTRAINED|CONSTRAINED_202547_2025-11-20_0656|BY_IF
100000002011|VF|2| |1045|06-MAR-2027|0|0|0|0|0|0|1200|75|0|0|06-MAR-2027|0|6|01-JAN-1970|0|0|1045|0| |0|||0|6200000072|13|0|0|1|202547|CONSTRAINED|CONSTRAINED|CONSTRAINED_202547_2025-11-20_0656|BY_IF
100000002011|VF|2| |1046|05-JUN-2027|0|0|0|0|0|0|1200|75|0|0|05-JUN-2027|0|6|01-JAN-1970|0|0|1046|0| |0|||0|6200000072|13|0|0|1|202547|CONSTRAINED|CONSTRAINED|CONSTRAINED_202547_2025-11-20_0656|BY_IF
100000002011|VF|2| |1047|29-AUG-2026|0|0|0|0|0|0|1200|75|0|0|29-AUG-2026|0|6|01-JAN-1970|0|0|1047|0| |0|||0|6200000072|13|0|0|1|202547|CONSTRAINED|CONSTRAINED|CONSTRAINED_202547_2025-11-20_0656|BY_IF
100000002011|VF|2| |1048|23-JAN-2027|0|0|0|0|0|0|1200|75|0|0|23-JAN-2027|0|6|01-JAN-1970|0|0|1048|0| |0|||0|6200000072|13|0|0|1|202547|CONSTRAINED|CONSTRAINED|CONSTRAINED_202547_2025-11-20_0656|BY_IF
100000002011|VF|2| |1049|19-JUN-2027|0|0|0|0|0|0|1200|75|0|0|19-JUN-2027|0|6|01-JAN-1970|0|0|1049|0| |0|||0|6200000072|13|0|0|1|202547|CONSTRAINED|CONSTRAINED|CONSTRAINED_202547_2025-11-20_0656|BY_IF
100000002011|VF|2| |1050|10-OCT-2026|0|0|0|0|0|0|1200|75|0|0|10-OCT-2026|0|6|01-JAN-1970|0|0|1050|0| |0|||0|6200000072|13|0|0|1|202547|CONSTRAINED|CONSTRAINED|CONSTRAINED_202547_2025-11-20_0656|BY_IF
100000002011|VF|2| |1051|06-FEB-2027|0|0|0|0|0|0|1200|75|0|0|06-FEB-2027|0|6|01-JAN-1970|0|0|1051|0| |0|||0|6200000072|13|0|0|1|202547|CONSTRAINED|CONSTRAINED|CONSTRAINED_202547_2025-11-20_0656|BY_IF
100000002011|VF|2| |1052|03-JUL-2027|0|0|0|0|0|0|1200|75|0|0|03-JUL-2027|0|6|01-JAN-1970|0|0|1052|0| |0|||0|6200000072|13|0|0|1|202547|CONSTRAINED|CONSTRAINED|CONSTRAINED_202547_2025-11-20_0656|BY_IF
100000002011|VF|2| |1053|26-SEP-2026|0|0|0|0|0|0|1200|75|0|0|26-SEP-2026|0|6|01-JAN-1970|0|0|1053|0| |0|||0|6200000072|13|0|0|1|202547|CONSTRAINED|CONSTRAINED|CONSTRAINED_202547_2025-11-20_0656|BY_IF
100000002011|VF|2| |1054|20-FEB-2027|0|0|0|0|0|0|1200|75|0|0|20-FEB-2027|0|6|01-JAN-1970|0|0|1054|0| |0|||0|6200000072|13|0|0|1|202547|CONSTRAINED|CONSTRAINED|CONSTRAINED_202547_2025-11-20_0656|BY_IF
100000002011|VF|2| |1055|17-JUL-2027|0|0|0|0|0|0|1200|75|0|0|17-JUL-2027|0|6|01-JAN-1970|0|0|1055|0| |0|||0|6200000072|13|0|0|1|202547|CONSTRAINED|CONSTRAINED|CONSTRAINED_202547_2025-11-20_0656|BY_IF
100000002011|VF|2| |1056|15-AUG-2026|0|0|0|0|0|0|1200|75|0|0|15-AUG-2026|0|6|01-JAN-1970|0|0|1056|0| |0|||0|6200000072|13|0|0|1|202547|CONSTRAINED|CONSTRAINED|CONSTRAINED_202547_2025-11-20_0656|BY_IF
100000002011|VF|2| |1057|26-DEC-2026|0|0|0|0|0|0|1200|75|0|0|26-DEC-2026|0|6|01-JAN-1970|0|0|1057|0| |0|||0|6200000072|13|0|0|1|202547|CONSTRAINED|CONSTRAINED|CONSTRAINED_202547_2025-11-20_0656|BY_IF
100000002011|VF|2| |1058|22-MAY-2027|0|0|0|0|0|0|1200|75|0|0|22-MAY-2027|0|6|01-JAN-1970|0|0|1058|0| |0|||0|6200000072|13|0|0|1|202547|CONSTRAINED|CONSTRAINED|CONSTRAINED_202547_2025-11-20_0656|BY_IF
100000002011|VF|2| |1059|14-NOV-2026|0|0|0|0|0|0|1200|75|0|0|14-NOV-2026|0|6|01-JAN-1970|0|0|1059|0| |0|||0|6200000072|13|0|0|1|202547|CONSTRAINED|CONSTRAINED|CONSTRAINED_202547_2025-11-20_0656|BY_IF
100000002011|VF|2| |1060|27-MAR-2027|0|0|0|0|0|0|1200|75|0|0|27-MAR-2027|0|6|01-JAN-1970|0|0|1060|0| |0|||0|6200000072|13|0|0|1|202547|CONSTRAINED|CONSTRAINED|CONSTRAINED_202547_2025-11-20_0656|BY_IF
100000002011|VF|2| |1061|31-OCT-2026|0|0|0|0|0|0|1200|75|0|0|31-OCT-2026|0|6|01-JAN-1970|0|0|1061|0| |0|||0|6200000072|13|0|0|1|202547|CONSTRAINED|CONSTRAINED|CONSTRAINED_202547_2025-11-20_0656|BY_IF
100000002011|VF|2| |1062|10-APR-2027|0|0|0|0|0|0|1200|75|0|0|10-APR-2027|0|6|01-JAN-1970|0|0|1062|0| |0|||0|6200000072|13|0|0|1|202547|CONSTRAINED|CONSTRAINED|CONSTRAINED_202547_2025-11-20_0656|BY_IF
100000002011|VF|2| |1063|12-SEP-2026|0|0|0|0|0|0|1200|75|0|0|12-SEP-2026|0|6|01-JAN-1970|0|0|1063|0| |0|||0|6200000072|13|0|0|1|202547|CONSTRAINED|CONSTRAINED|CONSTRAINED_202547_2025-11-20_0656|BY_IF
100000002011|VF|2| |1064|09-JAN-2027|0|0|0|0|0|0|1200|75|0|0|09-JAN-2027|0|6|01-JAN-1970|0|0|1064|0| |0|||0|6200000072|13|0|0|1|202547|CONSTRAINED|CONSTRAINED|CONSTRAINED_202547_2025-11-20_0656|BY_IF
100000002011|VF|2| |1065|01-AUG-2026|0|0|0|0|0|0|1200|75|0|0|01-AUG-2026|0|6|01-JAN-1970|0|0|1065|0| |0|||0|6200000072|13|0|0|1|202547|CONSTRAINED|CONSTRAINED|CONSTRAINED_202547_2025-11-20_0656|BY_IF
100000002011|VF|2| |1066|12-DEC-2026|0|0|0|0|0|0|1200|75|0|0|12-DEC-2026|0|6|01-JAN-1970|0|0|1066|0| |0|||0|6200000072|13|0|0|1|202547|CONSTRAINED|CONSTRAINED|CONSTRAINED_202547_2025-11-20_0656|BY_IF
100000002011|VF|2| |1067|24-APR-2027|0|0|0|0|0|0|1200|75|0|0|24-APR-2027|0|6|01-JAN-1970|0|0|1067|0| |0|||0|6200000072|13|0|0|1|202547|CONSTRAINED|CONSTRAINED|CONSTRAINED_202547_2025-11-20_0656|BY_IF
100000002011|VF|2| |1068|28-NOV-2026|0|0|0|0|0|0|1200|75|0|0|28-NOV-2026|0|6|01-JAN-1970|0|0|1068|0| |0|||0|6200000072|13|0|0|1|202547|CONSTRAINED|CONSTRAINED|CONSTRAINED_202547_2025-11-20_0656|BY_IF
100000002011|VF|2| |1069|08-MAY-2027|0|0|0|0|0|0|1200|75|0|0|08-MAY-2027|0|6|01-JAN-1970|0|0|1069|0| |0|||0|6200000072|13|0|0|1|202547|CONSTRAINED|CONSTRAINED|CONSTRAINED_202547_2025-11-20_0656|BY_IF
100000002011|VF|2| |1070|17-OCT-2026|0|0|0|0|0|0|1200|75|0|0|17-OCT-2026|0|6|01-JAN-1970|0|0|1070|0| |0|||0|6200000072|13|0|0|1|202547|CONSTRAINED|CONSTRAINED|CONSTRAINED_202547_2025-11-20_0656|BY_IF
100000002011|VF|2| |1071|16-JAN-2027|0|0|0|0|0|0|1200|75|0|0|16-JAN-2027|0|6|01-JAN-1970|0|0|1071|0| |0|||0|6200000072|13|0|0|1|202547|CONSTRAINED|CONSTRAINED|CONSTRAINED_202547_2025-11-20_0656|BY_IF
100000002012|1017|1|1030001700_10_0001|0|14-AUG-2025|0|0|1030001700|1|0|120960|800|20|0|0|14-AUG-2025|20|1|01-JAN-1970|0|-1|0|0|6200000072|0|0|0|0|6200000072|0|8332|0|1|202547|CONSTRAINED|CONSTRAINED|CONSTRAINED_202547_2025-11-20_0656|BY_IF
100000002012|1017|1|1030001701_10_0001|0|13-AUG-2025|0|0|1030001701|1|0|120960|800|25|0|0|13-AUG-2025|25|1|01-JAN-1970|0|-1|0|0|6200000072|0|0|0|0|6200000072|0|8403|0|1|202547|CONSTRAINED|CONSTRAINED|CONSTRAINED_202547_2025-11-20_0656|BY_IF
100000002012|1017|1|1030001702_10_0001|0|24-SEP-2025|0|0|1030001702|1|0|120960|200|25|0|0|24-SEP-2025|25|1|01-JAN-1970|0|-1|0|0|6200000072|0|0|0|0|6200000072|0|8079|0|1|202547|CONSTRAINED|CONSTRAINED|CONSTRAINED_202547_2025-11-20_0656|BY_IF
100000002012|1017|1|1030001703_10_0001|0|23-JUL-2025|0|0|1030001703|1|0|120960|200|30|0|0|02-AUG-2025|30|3|01-JAN-1970|0|-1|0|0|6200000072|0|0|0|0|6200000072|0|7873|0|1|202547|CONSTRAINED|CONSTRAINED|CONSTRAINED_202547_2025-11-20_0656|BY_IF
100000002012|1017|1|1030001704_10_0001|0|16-AUG-2025|0|0|1030001704|1|0|120960|800|20|0|0|16-AUG-2025|20|1|01-JAN-1970|0|-1|0|0|6200000072|0|0|0|0|6200000072|0|8282|0|1|202547|CONSTRAINED|CONSTRAINED|CONSTRAINED_202547_2025-11-20_0656|BY_IF
100000002012|1017|1|1030001705_10_0001|0|12-AUG-2025|0|0|1030001705|1|0|120960|800|30|0|0|12-AUG-2025|30|1|01-JAN-1970|0|-1|0|0|6200000072|0|0|0|0|6200000072|0|8480|0|1|202547|CONSTRAINED|CONSTRAINED|CONSTRAINED_202547_2025-11-20_0656|BY_IF
100000002012|1017|1|1030001706_10_0001|0|11-AUG-2025|0|0|1030001706|1|0|120960|800|25|0|0|11-AUG-2025|25|1|01-JAN-1970|0|-1|0|0|6200000072|0|0|0|0|6200000072|0|8561|0|1|202547|CONSTRAINED|CONSTRAINED|CONSTRAINED_202547_2025-11-20_0656|BY_IF
100000002012|1017|1|1030001707_10_0001|0|11-AUG-2025|0|0|1030001707|1|0|120960|800|25|0|0|11-AUG-2025|25|1|01-JAN-1970|0|-1|0|0|6200000072|0|0|0|0|6200000072|0|8560|0|1|202547|CONSTRAINED|CONSTRAINED|CONSTRAINED_202547_2025-11-20_0656|BY_IF
100000002012|1017|1|1030001708_10_0001|0|24-JUL-2025|0|0|1030001708|1|0|120960|200|75|0|0|02-AUG-2025|75|3|01-JAN-1970|0|-1|0|0|6200000072|0|0|0|0|6200000072|0|9301|0|1|202547|CONSTRAINED|CONSTRAINED|CONSTRAINED_202547_2025-11-20_0656|BY_IF
100000002012|1017|1|1030001709_10_0001|0|12-AUG-2025|0|0|1030001709|1|0|120960|800|25|0|0|12-AUG-2025|25|1|01-JAN-1970|0|-1|0|0|6200000072|0|0|0|0|6200000072|0|8478|0|1|202547|CONSTRAINED|CONSTRAINED|CONSTRAINED_202547_2025-11-20_0656|BY_IF
100000002012|1017|1|1030001710_10_0001|0|12-AUG-2025|0|0|1030001710|1|0|120960|800|50|0|0|12-AUG-2025|50|1|01-JAN-1970|0|-1|0|0|6200000072|0|0|0|0|6200000072|0|8477|0|1|202547|CONSTRAINED|CONSTRAINED|CONSTRAINED_202547_2025-11-20_0656|BY_IF
100000002012|1017|1|1030001711_10_0001|0|30-AUG-2025|0|0|1030001711|1|0|120960|200|10|0|0|30-AUG-2025|10|1|01-JAN-1970|0|-1|0|0|6200000072|0|0|0|0|6200000072|0|8106|0|1|202547|CONSTRAINED|CONSTRAINED|CONSTRAINED_202547_2025-11-20_0656|BY_IF
100000002012|1017|1|1030001712_10_0001|0|24-SEP-2025|0|0|1030001712|1|0|120960|200|25|0|0|24-SEP-2025|25|1|01-JAN-1970|0|-1|0|0|6200000072|0|0|0|0|6200000072|0|8078|0|1|202547|CONSTRAINED|CONSTRAINED|CONSTRAINED_202547_2025-11-20_0656|BY_IF
100000002012|1017|1|1030001713_10_0001|0|12-AUG-2025|0|0|1030001713|1|0|120960|800|25|0|0|12-AUG-2025|25|1|01-JAN-1970|0|-1|0|0|6200000072|0|0|0|0|6200000072|0|8476|0|1|202547|CONSTRAINED|CONSTRAINED|CONSTRAINED_202547_2025-11-20_0656|BY_IF
100000002012|1017|1|1030001714_10_0001|0|23-JUL-2025|0|0|1030001714|1|0|120960|200|20|0|0|02-AUG-2025|20|3|01-JAN-1970|0|-1|0|0|6200000072|0|0|0|0|6200000072|0|7863|0|1|202547|CONSTRAINED|CONSTRAINED|CONSTRAINED_202547_2025-11-20_0656|BY_IF
100000002012|1017|1|1030001715_10_0001|0|17-AUG-2025|0|0|1030001715|1|0|120960|800|45|0|0|17-AUG-2025|45|1|01-JAN-1970|0|-1|0|0|6200000072|0|0|0|0|6200000072|0|8249|0|1|202547|CONSTRAINED|CONSTRAINED|CONSTRAINED_202547_2025-11-20_0656|BY_IF
100000002012|1017|1|1030001716_10_0001|0|18-AUG-2025|0|0|1030001716|1|0|120960|800|70|0|0|18-AUG-2025|70|1|01-JAN-1970|0|-1|0|0|6200000072|0|0|0|0|6200000072|0|8199|0|1|202547|CONSTRAINED|CONSTRAINED|CONSTRAINED_202547_2025-11-20_0656|BY_IF
100000002012|1017|1|1030001717_10_0001|0|14-AUG-2025|0|0|1030001717|1|0|120960|800|70|0|0|14-AUG-2025|70|1|01-JAN-1970|0|-1|0|0|6200000072|0|0|0|0|6200000072|0|8331|0|1|202547|CONSTRAINED|CONSTRAINED|CONSTRAINED_202547_2025-11-20_0656|BY_IF
100000002012|1017|1|1030001718_10_0001|0|11-AUG-2025|0|0|1030001718|1|0|120960|800|25|0|0|11-AUG-2025|25|1|01-JAN-1970|0|-1|0|0|6200000072|0|0|0|0|6200000072|0|8559|0|1|202547|CONSTRAINED|CONSTRAINED|CONSTRAINED_202547_2025-11-20_0656|BY_IF
100000002012|1017|1|1030001719_10_0001|0|18-AUG-2025|0|0|1030001719|1|0|120960|800|50|0|0|18-AUG-2025|50|1|01-JAN-1970|0|-1|0|0|6200000072|0|0|0|0|6200000072|0|8198|0|1|202547|CONSTRAINED|CONSTRAINED|CONSTRAINED_202547_2025-11-20_0656|BY_IF
100000002012|1017|1|1030001720_10_0001|0|22-JUL-2025|0|0|1030001720|1|0|120960|200|20|0|0|02-AUG-2025|20|3|01-JAN-1970|0|-1|0|0|6200000072|0|0|0|0|6200000072|0|8540|0|1|202547|CONSTRAINED|CONSTRAINED|CONSTRAINED_202547_2025-11-20_0656|BY_IF
100000002012|1017|1|1030001721_10_0001|0|23-JUL-2025|0|0|1030001721|1|0|120960|200|25|0|0|02-AUG-2025|25|3|01-JAN-1970|0|-1|0|0|6200000072|0|0|0|0|6200000072|0|7852|0|1|202547|CONSTRAINED|CONSTRAINED|CONSTRAINED_202547_2025-11-20_0656|BY_IF
100000002012|1017|1|1030001722_10_0001|0|13-AUG-2025|0|0|1030001722|1|0|120960|800|45|0|0|13-AUG-2025|45|1|01-JAN-1970|0|-1|0|0|6200000072|0|0|0|0|6200000072|0|8402|0|1|202547|CONSTRAINED|CONSTRAINED|CONSTRAINED_202547_2025-11-20_0656|BY_IF
100000002012|1017|1|1030001723_10_0001|0|23-JUL-2025|0|0|1030001723|1|0|120960|200|25|0|0|02-AUG-2025|25|3|01-JAN-1970|0|-1|0|0|6200000072|0|0|0|0|6200000072|0|7842|0|1|202547|CONSTRAINED|CONSTRAINED|CONSTRAINED_202547_2025-11-20_0656|BY_IF
100000002012|1017|1|1030001724_10_0001|0|09-AUG-2025|0|0|1030001724|1|0|120960|200|12|0|0|09-AUG-2025|12|1|01-JAN-1970|0|-1|0|0|6200000072|0|0|0|0|6200000072|0|8955|0|1|202547|CONSTRAINED|CONSTRAINED|CONSTRAINED_202547_2025-11-20_0656|BY_IF
100000002012|1017|1|1030001725_10_0001|0|23-JUL-2025|0|0|1030001725|1|0|120960|200|20|0|0|02-AUG-2025|20|3|01-JAN-1970|0|-1|0|0|6200000072|0|0|0|0|6200000072|0|7831|0|1|202547|CONSTRAINED|CONSTRAINED|CONSTRAINED_202547_2025-11-20_0656|BY_IF
100000002012|1017|1|1030001726_10_0001|0|23-JUL-2025|0|0|1030001726|1|0|120960|200|20|0|0|02-AUG-2025|20|3|01-JAN-1970|0|-1|0|0|6200000072|0|0|0|0|6200000072|0|7821|0|1|202547|CONSTRAINED|CONSTRAINED|CONSTRAINED_202547_2025-11-20_0656|BY_IF
100000002012|1017|1|1030001727_10_0001|0|18-AUG-2025|0|0|1030001727|1|0|120960|800|25|0|0|18-AUG-2025|25|1|01-JAN-1970|0|-1|0|0|6200000072|0|0|0|0|6200000072|0|8197|0|1|202547|CONSTRAINED|CONSTRAINED|CONSTRAINED_202547_2025-11-20_0656|BY_IF
100000002012|1017|1|1030001728_10_0001|0|13-AUG-2025|0|0|1030001728|1|0|120960|800|25|0|0|13-AUG-2025|25|1|01-JAN-1970|0|-1|0|0|6200000072|0|0|0|0|6200000072|0|8401|0|1|202547|CONSTRAINED|CONSTRAINED|CONSTRAINED_202547_2025-11-20_0656|BY_IF
100000002012|1017|1|1030001729_10_0001|0|11-AUG-2025|0|0|1030001729|1|0|120960|800|65|0|0|11-AUG-2025|65|1|01-JAN-1970|0|-1|0|0|6200000072|0|0|0|0|6200000072|0|8558|0|1|202547|CONSTRAINED|CONSTRAINED|CONSTRAINED_202547_2025-11-20_0656|BY_IF
100000002012|1017|1|1030001730_10_0001|0|12-AUG-2025|0|0|1030001730|1|0|120960|200|18|0|0|12-AUG-2025|18|1|01-JAN-1970|0|-1|0|0|6200000072|0|0|0|0|6200000072|0|8475|0|1|202547|CONSTRAINED|CONSTRAINED|CONSTRAINED_202547_2025-11-20_0656|BY_IF
100000002012|1017|1|1030001731_10_0001|0|16-AUG-2025|0|0|1030001731|1|0|120960|200|20|0|0|16-AUG-2025|20|1|01-JAN-1970|0|-1|0|0|6200000072|0|0|0|0|6200000072|0|8281|0|1|202547|CONSTRAINED|CONSTRAINED|CONSTRAINED_202547_2025-11-20_0656|BY_IF
100000002012|1017|1|1030001732_10_0001|0|14-AUG-2025|0|0|1030001732|1|0|120960|200|65|0|0|14-AUG-2025|65|1|01-JAN-1970|0|-1|0|0|6200000072|0|0|0|0|6200000072|0|8330|0|1|202547|CONSTRAINED|CONSTRAINED|CONSTRAINED_202547_2025-11-20_0656|BY_IF
100000002012|1017|1|1030001733_10_0001|0|18-AUG-2025|0|0|1030001733|1|0|120960|800|25|0|0|18-AUG-2025|25|1|01-JAN-1970|0|-1|0|0|6200000072|0|0|0|0|6200000072|0|8196|0|1|202547|CONSTRAINED|CONSTRAINED|CONSTRAINED_202547_2025-11-20_0656|BY_IF
100000002012|1017|1|1030001734_10_0001|0|23-JUL-2025|0|0|1030001734|1|0|120960|200|25|0|0|02-AUG-2025|25|3|01-JAN-1970|0|-1|0|0|6200000072|0|0|0|0|6200000072|0|7810|0|1|202547|CONSTRAINED|CONSTRAINED|CONSTRAINED_202547_2025-11-20_0656|BY_IF
100000002012|1017|1|1030001735_10_0001|0|23-AUG-2025|0|0|1030001735|1|0|120960|800|35|0|0|23-AUG-2025|35|1|01-JAN-1970|0|-1|0|0|6200000072|0|0|0|0|6200000072|0|8133|0|1|202547|CONSTRAINED|CONSTRAINED|CONSTRAINED_202547_2025-11-20_0656|BY_IF
100000002012|1017|1|1030001736_10_0001|0|14-AUG-2025|0|0|1030001736|1|0|120960|200|20|0|0|14-AUG-2025|20|1|01-JAN-1970|0|-1|0|0|6200000072|0|0|0|0|6200000072|0|8329|0|1|202547|CONSTRAINED|CONSTRAINED|CONSTRAINED_202547_2025-11-20_0656|BY_IF
100000002012|1017|1|1030001737_10_0001|0|13-AUG-2025|0|0|1030001737|1|0|120960|200|35|0|0|13-AUG-2025|35|1|01-JAN-1970|0|-1|0|0|6200000072|0|0|0|0|6200000072|0|8400|0|1|202547|CONSTRAINED|CONSTRAINED|CONSTRAINED_202547_2025-11-20_0656|BY_IF
100000002012|1017|1|1030001738_10_0001|0|23-AUG-2025|0|0|1030001738|1|0|120960|800|70|0|0|23-AUG-2025|70|1|01-JAN-1970|0|-1|0|0|6200000072|0|0|0|0|6200000072|0|8132|0|1|202547|CONSTRAINED|CONSTRAINED|CONSTRAINED_202547_2025-11-20_0656|BY_IF
100000002012|1017|1|1030001739_10_0001|0|20-AUG-2025|0|0|1030001739|1|0|120960|800|12|0|0|20-AUG-2025|12|1|01-JAN-1970|0|-1|0|0|6200000072|0|0|0|0|6200000072|0|8157|0|1|202547|CONSTRAINED|CONSTRAINED|CONSTRAINED_202547_2025-11-20_0656|BY_IF
100000002012|1017|1|1030001740_10_0001|0|17-AUG-2025|0|0|1030001740|1|0|120960|800|25|0|0|17-AUG-2025|25|1|01-JAN-1970|0|-1|0|0|6200000072|0|0|0|0|6200000072|0|8248|0|1|202547|CONSTRAINED|CONSTRAINED|CONSTRAINED_202547_2025-11-20_0656|BY_IF
100000002012|1017|1|1030001741_10_0001|0|21-JUL-2025|0|0|1030001741|1|0|120960|200|25|0|0|02-AUG-2025|25|3|01-JAN-1970|0|-1|0|0|6200000072|0|0|0|0|6200000072|0|8001|0|1|202547|CONSTRAINED|CONSTRAINED|CONSTRAINED_202547_2025-11-20_0656|BY_IF
100000002012|1017|1|1033500014_10_002|0|28-JUL-2025|0|0|1033500014|1|0|120960|200|75|0|0|02-AUG-2025|75|3|01-JAN-1970|0|-1|0|0|6200000072|0|0|0|0|6200000072|0|9121|0|1|202547|CONSTRAINED|CONSTRAINED|CONSTRAINED_202547_2025-11-20_0656|BY_IF
100000002012|1017|1|1033500014_10_002-1|0|28-JUL-2025|0|0|1033500014|1|0|120960|200|25|0|0|28-JUL-2025|0|6|01-JAN-1970|0|0|0|0|6200000072|0|||0|6200000072|0|0|0|3|202547|CONSTRAINED|CONSTRAINED|CONSTRAINED_202547_2025-11-20_0656|BY_IF
100000002012|1017|2| |468|13-DEC-2025|0|0|0|0|0|0|400|75|0|0|13-DEC-2025|0|6|01-JAN-1970|0|0|468|0| |0|||0|6200000072|10|0|0|1|202547|CONSTRAINED|CONSTRAINED|CONSTRAINED_202547_2025-11-20_0656|BY_IF
100000002012|1017|2| |469|27-DEC-2025|0|0|0|0|0|0|400|75|0|0|27-DEC-2025|0|6|01-JAN-1970|0|0|469|0| |0|||0|6200000072|10|0|0|1|202547|CONSTRAINED|CONSTRAINED|CONSTRAINED_202547_2025-11-20_0656|BY_IF
100000002012|1017|2| |470|10-JAN-2026|0|0|0|0|0|0|400|75|0|0|10-JAN-2026|0|6|01-JAN-1970|0|0|470|0| |0|||0|6200000072|10|0|0|1|202547|CONSTRAINED|CONSTRAINED|CONSTRAINED_202547_2025-11-20_0656|BY_IF
100000002012|1017|2| |471|06-DEC-2025|0|0|0|0|0|0|400|49|0|0|06-DEC-2025|0|6|01-JAN-1970|0|0|471|0| |0|||0|6200000072|10|0|0|1|202547|CONSTRAINED|CONSTRAINED|CONSTRAINED_202547_2025-11-20_0656|BY_IF
100000002012|1017|2| |472|20-DEC-2025|0|0|0|0|0|0|400|75|0|0|20-DEC-2025|0|6|01-JAN-1970|0|0|472|0| |0|||0|6200000072|10|0|0|1|202547|CONSTRAINED|CONSTRAINED|CONSTRAINED_202547_2025-11-20_0656|BY_IF
100000002012|1017|2| |473|03-JAN-2026|0|0|0|0|0|0|400|75|0|0|03-JAN-2026|0|6|01-JAN-1970|0|0|473|0| |0|||0|6200000072|10|0|0|1|202547|CONSTRAINED|CONSTRAINED|CONSTRAINED_202547_2025-11-20_0656|BY_IF
100000002012|VF|2| |88|09-MAY-2026|0|0|0|0|0|0|400|75|0|0|09-MAY-2026|0|6|01-JAN-1970|0|0|88|0| |0|||0|6200000072|10|0|0|1|202547|CONSTRAINED|CONSTRAINED|CONSTRAINED_202547_2025-11-20_0656|BY_IF
100000002012|VF|2| |89|02-MAY-2026|0|0|0|0|0|0|400|75|0|0|02-MAY-2026|0|6|01-JAN-1970|0|0|89|0| |0|||0|6200000072|10|0|0|1|202547|CONSTRAINED|CONSTRAINED|CONSTRAINED_202547_2025-11-20_0656|BY_IF
100000002012|VF|2| |90|06-JUN-2026|0|0|0|0|0|0|400|75|0|0|06-JUN-2026|0|6|01-JAN-1970|0|0|90|0| |0|||0|6200000072|10|0|0|1|202547|CONSTRAINED|CONSTRAINED|CONSTRAINED_202547_2025-11-20_0656|BY_IF
100000002012|VF|2| |91|30-MAY-2026|0|0|0|0|0|0|400|75|0|0|30-MAY-2026|0|6|01-JAN-1970|0|0|91|0| |0|||0|6200000072|10|0|0|1|202547|CONSTRAINED|CONSTRAINED|CONSTRAINED_202547_2025-11-20_0656|BY_IF
100000002012|VF|2| |92|22-NOV-2025|0|0|0|0|0|0|510|38|0|0|22-NOV-2025|0|6|01-JAN-1970|0|0|92|0| |0|||0|6200000072|11|0|0|1|202547|CONSTRAINED|CONSTRAINED|CONSTRAINED_202547_2025-11-20_0656|BY_IF
100000002012|VF|2| |93|17-JAN-2026|0|0|0|0|0|0|400|75|0|0|17-JAN-2026|0|6|01-JAN-1970|0|0|93|0| |0|||0|6200000072|10|0|0|1|202547|CONSTRAINED|CONSTRAINED|CONSTRAINED_202547_2025-11-20_0656|BY_IF
100000002012|VF|2| |94|23-MAY-2026|0|0|0|0|0|0|400|75|0|0|23-MAY-2026|0|6|01-JAN-1970|0|0|94|0| |0|||0|6200000072|10|0|0|1|202547|CONSTRAINED|CONSTRAINED|CONSTRAINED_202547_2025-11-20_0656|BY_IF
100000002012|VF|2| |95|16-MAY-2026|0|0|0|0|0|0|400|75|0|0|16-MAY-2026|0|6|01-JAN-1970|0|0|95|0| |0|||0|6200000072|10|0|0|1|202547|CONSTRAINED|CONSTRAINED|CONSTRAINED_202547_2025-11-20_0656|BY_IF
100000002012|VF|2| |96|25-APR-2026|0|0|0|0|0|0|400|75|0|0|25-APR-2026|0|6|01-JAN-1970|0|0|96|0| |0|||0|6200000072|10|0|0|1|202547|CONSTRAINED|CONSTRAINED|CONSTRAINED_202547_2025-11-20_0656|BY_IF
100000002012|VF|2| |97|18-APR-2026|0|0|0|0|0|0|400|75|0|0|18-APR-2026|0|6|01-JAN-1970|0|0|97|0| |0|||0|6200000072|10|0|0|1|202547|CONSTRAINED|CONSTRAINED|CONSTRAINED_202547_2025-11-20_0656|BY_IF
100000002012|VF|2| |98|11-APR-2026|0|0|0|0|0|0|400|75|0|0|11-APR-2026|0|6|01-JAN-1970|0|0|98|0| |0|||0|6200000072|10|0|0|1|202547|CONSTRAINED|CONSTRAINED|CONSTRAINED_202547_2025-11-20_0656|BY_IF
100000002012|VF|2| |99|04-APR-2026|0|0|0|0|0|0|400|75|0|0|04-APR-2026|0|6|01-JAN-1970|0|0|99|0| |0|||0|6200000072|10|0|0|1|202547|CONSTRAINED|CONSTRAINED|CONSTRAINED_202547_2025-11-20_0656|BY_IF
100000002012|VF|2| |100|21-FEB-2026|0|0|0|0|0|0|400|75|0|0|21-FEB-2026|0|6|01-JAN-1970|0|0|100|0| |0|||0|6200000072|10|0|0|1|202547|CONSTRAINED|CONSTRAINED|CONSTRAINED_202547_2025-11-20_0656|BY_IF
100000002012|VF|2| |101|28-FEB-2026|0|0|0|0|0|0|400|75|0|0|28-FEB-2026|0|6|01-JAN-1970|0|0|101|0| |0|||0|6200000072|10|0|0|1|202547|CONSTRAINED|CONSTRAINED|CONSTRAINED_202547_2025-11-20_0656|BY_IF
100000002012|VF|2| |102|11-JUL-2026|0|0|0|0|0|0|400|75|0|0|11-JUL-2026|0|6|01-JAN-1970|0|0|102|0| |0|||0|6200000072|10|0|0|1|202547|CONSTRAINED|CONSTRAINED|CONSTRAINED_202547_2025-11-20_0656|BY_IF
100000002012|VF|2| |103|18-JUL-2026|0|0|0|0|0|0|400|75|0|0|18-JUL-2026|0|6|01-JAN-1970|0|0|103|0| |0|||0|6200000072|10|0|0|1|202547|CONSTRAINED|CONSTRAINED|CONSTRAINED_202547_2025-11-20_0656|BY_IF
100000002012|VF|2| |104|28-MAR-2026|0|0|0|0|0|0|400|75|0|0|28-MAR-2026|0|6|01-JAN-1970|0|0|104|0| |0|||0|6200000072|10|0|0|1|202547|CONSTRAINED|CONSTRAINED|CONSTRAINED_202547_2025-11-20_0656|BY_IF
100000002012|VF|2| |105|21-MAR-2026|0|0|0|0|0|0|400|75|0|0|21-MAR-2026|0|6|01-JAN-1970|0|0|105|0| |0|||0|6200000072|10|0|0|1|202547|CONSTRAINED|CONSTRAINED|CONSTRAINED_202547_2025-11-20_0656|BY_IF
100000002012|VF|2| |106|25-JUL-2026|0|0|0|0|0|0|400|75|0|0|25-JUL-2026|0|6|01-JAN-1970|0|0|106|0| |0|||0|6200000072|10|0|0|1|202547|CONSTRAINED|CONSTRAINED|CONSTRAINED_202547_2025-11-20_0656|BY_IF
100000002012|VF|2| |107|14-MAR-2026|0|0|0|0|0|0|400|75|0|0|14-MAR-2026|0|6|01-JAN-1970|0|0|107|0| |0|||0|6200000072|10|0|0|1|202547|CONSTRAINED|CONSTRAINED|CONSTRAINED_202547_2025-11-20_0656|BY_IF
100000002012|VF|2| |108|07-MAR-2026|0|0|0|0|0|0|400|75|0|0|07-MAR-2026|0|6|01-JAN-1970|0|0|108|0| |0|||0|6200000072|10|0|0|1|202547|CONSTRAINED|CONSTRAINED|CONSTRAINED_202547_2025-11-20_0656|BY_IF
100000002012|VF|2| |109|07-FEB-2026|0|0|0|0|0|0|400|75|0|0|07-FEB-2026|0|6|01-JAN-1970|0|0|109|0| |0|||0|6200000072|10|0|0|1|202547|CONSTRAINED|CONSTRAINED|CONSTRAINED_202547_2025-11-20_0656|BY_IF
100000002012|VF|2| |110|14-FEB-2026|0|0|0|0|0|0|400|75|0|0|14-FEB-2026|0|6|01-JAN-1970|0|0|110|0| |0|||0|6200000072|10|0|0|1|202547|CONSTRAINED|CONSTRAINED|CONSTRAINED_202547_2025-11-20_0656|BY_IF
100000002012|VF|2| |111|27-JUN-2026|0|0|0|0|0|0|400|75|0|0|27-JUN-2026|0|6|01-JAN-1970|0|0|111|0| |0|||0|6200000072|10|0|0|1|202547|CONSTRAINED|CONSTRAINED|CONSTRAINED_202547_2025-11-20_0656|BY_IF
100000002012|VF|2| |112|04-JUL-2026|0|0|0|0|0|0|400|75|0|0|04-JUL-2026|0|6|01-JAN-1970|0|0|112|0| |0|||0|6200000072|10|0|0|1|202547|CONSTRAINED|CONSTRAINED|CONSTRAINED_202547_2025-11-20_0656|BY_IF
100000002012|VF|2| |113|20-JUN-2026|0|0|0|0|0|0|400|75|0|0|20-JUN-2026|0|6|01-JAN-1970|0|0|113|0| |0|||0|6200000072|10|0|0|1|202547|CONSTRAINED|CONSTRAINED|CONSTRAINED_202547_2025-11-20_0656|BY_IF
100000002012|VF|2| |114|13-JUN-2026|0|0|0|0|0|0|400|75|0|0|13-JUN-2026|0|6|01-JAN-1970|0|0|114|0| |0|||0|6200000072|10|0|0|1|202547|CONSTRAINED|CONSTRAINED|CONSTRAINED_202547_2025-11-20_0656|BY_IF
100000002012|VF|2| |115|24-JAN-2026|0|0|0|0|0|0|400|75|0|0|24-JAN-2026|0|6|01-JAN-1970|0|0|115|0| |0|||0|6200000072|10|0|0|1|202547|CONSTRAINED|CONSTRAINED|CONSTRAINED_202547_2025-11-20_0656|BY_IF
100000002012|VF|2| |116|31-JAN-2026|0|0|0|0|0|0|400|75|0|0|31-JAN-2026|0|6|01-JAN-1970|0|0|116|0| |0|||0|6200000072|10|0|0|1|202547|CONSTRAINED|CONSTRAINED|CONSTRAINED_202547_2025-11-20_0656|BY_IF
100000002012|VF|2| |1072|10-JUL-2027|0|0|0|0|0|0|1200|75|0|0|10-JUL-2027|0|6|01-JAN-1970|0|0|1072|0| |0|||0|6200000072|13|0|0|1|202547|CONSTRAINED|CONSTRAINED|CONSTRAINED_202547_2025-11-20_0656|BY_IF
100000002012|VF|2| |1073|05-SEP-2026|0|0|0|0|0|0|1200|75|0|0|05-SEP-2026|0|6|01-JAN-1970|0|0|1073|0| |0|||0|6200000072|13|0|0|1|202547|CONSTRAINED|CONSTRAINED|CONSTRAINED_202547_2025-11-20_0656|BY_IF
100000002012|VF|2| |1074|16-JAN-2027|0|0|0|0|0|0|1200|75|0|0|16-JAN-2027|0|6|01-JAN-1970|0|0|1074|0| |0|||0|6200000072|13|0|0|1|202547|CONSTRAINED|CONSTRAINED|CONSTRAINED_202547_2025-11-20_0656|BY_IF
100000002012|VF|2| |1075|29-MAY-2027|0|0|0|0|0|0|1200|75|0|0|29-MAY-2027|0|6|01-JAN-1970|0|0|1075|0| |0|||0|6200000072|13|0|0|1|202547|CONSTRAINED|CONSTRAINED|CONSTRAINED_202547_2025-11-20_0656|BY_IF
100000002012|VF|2| |1076|22-AUG-2026|0|0|0|0|0|0|1200|75|0|0|22-AUG-2026|0|6|01-JAN-1970|0|0|1076|0| |0|||0|6200000072|13|0|0|1|202547|CONSTRAINED|CONSTRAINED|CONSTRAINED_202547_2025-11-20_0656|BY_IF
100000002012|VF|2| |1077|30-JAN-2027|0|0|0|0|0|0|1200|75|0|0|30-JAN-2027|0|6|01-JAN-1970|0|0|1077|0| |0|||0|6200000072|13|0|0|1|202547|CONSTRAINED|CONSTRAINED|CONSTRAINED_202547_2025-11-20_0656|BY_IF
100000002012|VF|2| |1078|12-JUN-2027|0|0|0|0|0|0|1200|75|0|0|12-JUN-2027|0|6|01-JAN-1970|0|0|1078|0| |0|||0|6200000072|13|0|0|1|202547|CONSTRAINED|CONSTRAINED|CONSTRAINED_202547_2025-11-20_0656|BY_IF
100000002012|VF|2| |1079|08-AUG-2026|0|0|0|0|0|0|1200|75|0|0|08-AUG-2026|0|6|01-JAN-1970|0|0|1079|0| |0|||0|6200000072|13|0|0|1|202547|CONSTRAINED|CONSTRAINED|CONSTRAINED_202547_2025-11-20_0656|BY_IF
100000002012|VF|2| |1080|02-JAN-2027|0|0|0|0|0|0|1200|75|0|0|02-JAN-2027|0|6|01-JAN-1970|0|0|1080|0| |0|||0|6200000072|13|0|0|1|202547|CONSTRAINED|CONSTRAINED|CONSTRAINED_202547_2025-11-20_0656|BY_IF
100000002012|VF|2| |1081|15-MAY-2027|0|0|0|0|0|0|1200|75|0|0|15-MAY-2027|0|6|01-JAN-1970|0|0|1081|0| |0|||0|6200000072|13|0|0|1|202547|CONSTRAINED|CONSTRAINED|CONSTRAINED_202547_2025-11-20_0656|BY_IF
100000002012|VF|2| |1082|19-DEC-2026|0|0|0|0|0|0|1200|75|0|0|19-DEC-2026|0|6|01-JAN-1970|0|0|1082|0| |0|||0|6200000072|13|0|0|1|202547|CONSTRAINED|CONSTRAINED|CONSTRAINED_202547_2025-11-20_0656|BY_IF
100000002012|VF|2| |1083|17-APR-2027|0|0|0|0|0|0|1200|75|0|0|17-APR-2027|0|6|01-JAN-1970|0|0|1083|0| |0|||0|6200000072|13|0|0|1|202547|CONSTRAINED|CONSTRAINED|CONSTRAINED_202547_2025-11-20_0656|BY_IF
100000002012|VF|2| |1084|05-DEC-2026|0|0|0|0|0|0|1200|75|0|0|05-DEC-2026|0|6|01-JAN-1970|0|0|1084|0| |0|||0|6200000072|13|0|0|1|202547|CONSTRAINED|CONSTRAINED|CONSTRAINED_202547_2025-11-20_0656|BY_IF
100000002012|VF|2| |1085|01-MAY-2027|0|0|0|0|0|0|1200|75|0|0|01-MAY-2027|0|6|01-JAN-1970|0|0|1085|0| |0|||0|6200000072|13|0|0|1|202547|CONSTRAINED|CONSTRAINED|CONSTRAINED_202547_2025-11-20_0656|BY_IF
100000002012|VF|2| |1086|14-NOV-2026|0|0|0|0|0|0|1200|75|0|0|14-NOV-2026|0|6|01-JAN-1970|0|0|1086|0| |0|||0|6200000072|13|0|0|1|202547|CONSTRAINED|CONSTRAINED|CONSTRAINED_202547_2025-11-20_0656|BY_IF
100000002012|VF|2| |1087|27-MAR-2027|0|0|0|0|0|0|1200|75|0|0|27-MAR-2027|0|6|01-JAN-1970|0|0|1087|0| |0|||0|6200000072|13|0|0|1|202547|CONSTRAINED|CONSTRAINED|CONSTRAINED_202547_2025-11-20_0656|BY_IF
100000002012|VF|2| |1088|31-OCT-2026|0|0|0|0|0|0|1200|75|0|0|31-OCT-2026|0|6|01-JAN-1970|0|0|1088|0| |0|||0|6200000072|13|0|0|1|202547|CONSTRAINED|CONSTRAINED|CONSTRAINED_202547_2025-11-20_0656|BY_IF
100000002012|VF|2| |1089|10-APR-2027|0|0|0|0|0|0|1200|75|0|0|10-APR-2027|0|6|01-JAN-1970|0|0|1089|0| |0|||0|6200000072|13|0|0|1|202547|CONSTRAINED|CONSTRAINED|CONSTRAINED_202547_2025-11-20_0656|BY_IF
100000002012|VF|2| |1090|17-OCT-2026|0|0|0|0|0|0|1200|75|0|0|17-OCT-2026|0|6|01-JAN-1970|0|0|1090|0| |0|||0|6200000072|13|0|0|1|202547|CONSTRAINED|CONSTRAINED|CONSTRAINED_202547_2025-11-20_0656|BY_IF
100000002012|VF|2| |1091|13-MAR-2027|0|0|0|0|0|0|1200|75|0|0|13-MAR-2027|0|6|01-JAN-1970|0|0|1091|0| |0|||0|6200000072|13|0|0|1|202547|CONSTRAINED|CONSTRAINED|CONSTRAINED_202547_2025-11-20_0656|BY_IF
100000002012|VF|2| |1092|10-OCT-2026|0|0|0|0|0|0|1200|75|0|0|10-OCT-2026|0|6|01-JAN-1970|0|0|1092|0| |0|||0|6200000072|13|0|0|1|202547|CONSTRAINED|CONSTRAINED|CONSTRAINED_202547_2025-11-20_0656|BY_IF
100000002012|VF|2| |1093|06-FEB-2027|0|0|0|0|0|0|1200|75|0|0|06-FEB-2027|0|6|01-JAN-1970|0|0|1093|0| |0|||0|6200000072|13|0|0|1|202547|CONSTRAINED|CONSTRAINED|CONSTRAINED_202547_2025-11-20_0656|BY_IF
100000002012|VF|2| |1094|03-JUL-2027|0|0|0|0|0|0|1200|75|0|0|03-JUL-2027|0|6|01-JAN-1970|0|0|1094|0| |0|||0|6200000072|13|0|0|1|202547|CONSTRAINED|CONSTRAINED|CONSTRAINED_202547_2025-11-20_0656|BY_IF
100000002012|VF|2| |1095|26-SEP-2026|0|0|0|0|0|0|1200|75|0|0|26-SEP-2026|0|6|01-JAN-1970|0|0|1095|0| |0|||0|6200000072|13|0|0|1|202547|CONSTRAINED|CONSTRAINED|CONSTRAINED_202547_2025-11-20_0656|BY_IF
100000002012|VF|2| |1096|20-FEB-2027|0|0|0|0|0|0|1200|75|0|0|20-FEB-2027|0|6|01-JAN-1970|0|0|1096|0| |0|||0|6200000072|13|0|0|1|202547|CONSTRAINED|CONSTRAINED|CONSTRAINED_202547_2025-11-20_0656|BY_IF
100000002012|VF|2| |1097|17-JUL-2027|0|0|0|0|0|0|1200|75|0|0|17-JUL-2027|0|6|01-JAN-1970|0|0|1097|0| |0|||0|6200000072|13|0|0|1|202547|CONSTRAINED|CONSTRAINED|CONSTRAINED_202547_2025-11-20_0656|BY_IF
100000002012|VF|2| |1098|12-SEP-2026|0|0|0|0|0|0|1200|75|0|0|12-SEP-2026|0|6|01-JAN-1970|0|0|1098|0| |0|||0|6200000072|13|0|0|1|202547|CONSTRAINED|CONSTRAINED|CONSTRAINED_202547_2025-11-20_0656|BY_IF
100000002012|VF|2| |1099|09-JAN-2027|0|0|0|0|0|0|1200|75|0|0|09-JAN-2027|0|6|01-JAN-1970|0|0|1099|0| |0|||0|6200000072|13|0|0|1|202547|CONSTRAINED|CONSTRAINED|CONSTRAINED_202547_2025-11-20_0656|BY_IF
100000002012|VF|2| |1100|05-JUN-2027|0|0|0|0|0|0|1200|75|0|0|05-JUN-2027|0|6|01-JAN-1970|0|0|1100|0| |0|||0|6200000072|13|0|0|1|202547|CONSTRAINED|CONSTRAINED|CONSTRAINED_202547_2025-11-20_0656|BY_IF
100000002012|VF|2| |1101|29-AUG-2026|0|0|0|0|0|0|1200|75|0|0|29-AUG-2026|0|6|01-JAN-1970|0|0|1101|0| |0|||0|6200000072|13|0|0|1|202547|CONSTRAINED|CONSTRAINED|CONSTRAINED_202547_2025-11-20_0656|BY_IF
100000002012|VF|2| |1102|23-JAN-2027|0|0|0|0|0|0|1200|75|0|0|23-JAN-2027|0|6|01-JAN-1970|0|0|1102|0| |0|||0|6200000072|13|0|0|1|202547|CONSTRAINED|CONSTRAINED|CONSTRAINED_202547_2025-11-20_0656|BY_IF
100000002012|VF|2| |1103|19-JUN-2027|0|0|0|0|0|0|1200|75|0|0|19-JUN-2027|0|6|01-JAN-1970|0|0|1103|0| |0|||0|6200000072|13|0|0|1|202547|CONSTRAINED|CONSTRAINED|CONSTRAINED_202547_2025-11-20_0656|BY_IF
100000002012|VF|2| |1104|15-AUG-2026|0|0|0|0|0|0|1200|75|0|0|15-AUG-2026|0|6|01-JAN-1970|0|0|1104|0| |0|||0|6200000072|13|0|0|1|202547|CONSTRAINED|CONSTRAINED|CONSTRAINED_202547_2025-11-20_0656|BY_IF
100000002012|VF|2| |1105|26-DEC-2026|0|0|0|0|0|0|1200|75|0|0|26-DEC-2026|0|6|01-JAN-1970|0|0|1105|0| |0|||0|6200000072|13|0|0|1|202547|CONSTRAINED|CONSTRAINED|CONSTRAINED_202547_2025-11-20_0656|BY_IF
100000002012|VF|2| |1106|22-MAY-2027|0|0|0|0|0|0|1200|75|0|0|22-MAY-2027|0|6|01-JAN-1970|0|0|1106|0| |0|||0|6200000072|13|0|0|1|202547|CONSTRAINED|CONSTRAINED|CONSTRAINED_202547_2025-11-20_0656|BY_IF
100000002012|VF|2| |1107|01-AUG-2026|0|0|0|0|0|0|1200|75|0|0|01-AUG-2026|0|6|01-JAN-1970|0|0|1107|0| |0|||0|6200000072|13|0|0|1|202547|CONSTRAINED|CONSTRAINED|CONSTRAINED_202547_2025-11-20_0656|BY_IF
100000002012|VF|2| |1108|12-DEC-2026|0|0|0|0|0|0|1200|75|0|0|12-DEC-2026|0|6|01-JAN-1970|0|0|1108|0| |0|||0|6200000072|13|0|0|1|202547|CONSTRAINED|CONSTRAINED|CONSTRAINED_202547_2025-11-20_0656|BY_IF
100000002012|VF|2| |1109|24-APR-2027|0|0|0|0|0|0|1200|75|0|0|24-APR-2027|0|6|01-JAN-1970|0|0|1109|0| |0|||0|6200000072|13|0|0|1|202547|CONSTRAINED|CONSTRAINED|CONSTRAINED_202547_2025-11-20_0656|BY_IF
100000002012|VF|2| |1110|28-NOV-2026|0|0|0|0|0|0|1200|75|0|0|28-NOV-2026|0|6|01-JAN-1970|0|0|1110|0| |0|||0|6200000072|13|0|0|1|202547|CONSTRAINED|CONSTRAINED|CONSTRAINED_202547_2025-11-20_0656|BY_IF
100000002012|VF|2| |1111|08-MAY-2027|0|0|0|0|0|0|1200|75|0|0|08-MAY-2027|0|6|01-JAN-1970|0|0|1111|0| |0|||0|6200000072|13|0|0|1|202547|CONSTRAINED|CONSTRAINED|CONSTRAINED_202547_2025-11-20_0656|BY_IF
100000002012|VF|2| |1112|21-NOV-2026|0|0|0|0|0|0|1200|75|0|0|21-NOV-2026|0|6|01-JAN-1970|0|0|1112|0| |0|||0|6200000072|13|0|0|1|202547|CONSTRAINED|CONSTRAINED|CONSTRAINED_202547_2025-11-20_0656|BY_IF
100000002012|VF|2| |1113|20-MAR-2027|0|0|0|0|0|0|1200|75|0|0|20-MAR-2027|0|6|01-JAN-1970|0|0|1113|0| |0|||0|6200000072|13|0|0|1|202547|CONSTRAINED|CONSTRAINED|CONSTRAINED_202547_2025-11-20_0656|BY_IF
100000002012|VF|2| |1114|07-NOV-2026|0|0|0|0|0|0|1200|75|0|0|07-NOV-2026|0|6|01-JAN-1970|0|0|1114|0| |0|||0|6200000072|13|0|0|1|202547|CONSTRAINED|CONSTRAINED|CONSTRAINED_202547_2025-11-20_0656|BY_IF
100000002012|VF|2| |1115|03-APR-2027|0|0|0|0|0|0|1200|75|0|0|03-APR-2027|0|6|01-JAN-1970|0|0|1115|0| |0|||0|6200000072|13|0|0|1|202547|CONSTRAINED|CONSTRAINED|CONSTRAINED_202547_2025-11-20_0656|BY_IF
100000002012|VF|2| |1116|24-OCT-2026|0|0|0|0|0|0|1200|75|0|0|24-OCT-2026|0|6|01-JAN-1970|0|0|1116|0| |0|||0|6200000072|13|0|0|1|202547|CONSTRAINED|CONSTRAINED|CONSTRAINED_202547_2025-11-20_0656|BY_IF
100000002012|VF|2| |1117|06-MAR-2027|0|0|0|0|0|0|1200|75|0|0|06-MAR-2027|0|6|01-JAN-1970|0|0|1117|0| |0|||0|6200000072|13|0|0|1|202547|CONSTRAINED|CONSTRAINED|CONSTRAINED_202547_2025-11-20_0656|BY_IF
100000002012|VF|2| |1118|03-OCT-2026|0|0|0|0|0|0|1200|75|0|0|03-OCT-2026|0|6|01-JAN-1970|0|0|1118|0| |0|||0|6200000072|13|0|0|1|202547|CONSTRAINED|CONSTRAINED|CONSTRAINED_202547_2025-11-20_0656|BY_IF
100000002012|VF|2| |1119|13-FEB-2027|0|0|0|0|0|0|1200|75|0|0|13-FEB-2027|0|6|01-JAN-1970|0|0|1119|0| |0|||0|6200000072|13|0|0|1|202547|CONSTRAINED|CONSTRAINED|CONSTRAINED_202547_2025-11-20_0656|BY_IF
100000002012|VF|2| |1120|26-JUN-2027|0|0|0|0|0|0|1200|75|0|0|26-JUN-2027|0|6|01-JAN-1970|0|0|1120|0| |0|||0|6200000072|13|0|0|1|202547|CONSTRAINED|CONSTRAINED|CONSTRAINED_202547_2025-11-20_0656|BY_IF
100000002012|VF|2| |1121|24-JUL-2027|0|0|0|0|0|0|1200|75|0|0|24-JUL-2027|0|6|01-JAN-1970|0|0|1121|0| |0|||0|6200000072|13|0|0|1|202547|CONSTRAINED|CONSTRAINED|CONSTRAINED_202547_2025-11-20_0656|BY_IF
100000002012|VF|2| |1122|19-SEP-2026|0|0|0|0|0|0|1200|75|0|0|19-SEP-2026|0|6|01-JAN-1970|0|0|1122|0| |0|||0|6200000072|13|0|0|1|202547|CONSTRAINED|CONSTRAINED|CONSTRAINED_202547_2025-11-20_0656|BY_IF
100000002012|VF|2| |1123|27-FEB-2027|0|0|0|0|0|0|1200|75|0|0|27-FEB-2027|0|6|01-JAN-1970|0|0|1123|0| |0|||0|6200000072|13|0|0|1|202547|CONSTRAINED|CONSTRAINED|CONSTRAINED_202547_2025-11-20_0656|BY_IF
100000002013|1006|1|1030001600_10_0001|0|14-AUG-2025|0|0|1030001600|1|0|120960|800|20|0|0|14-AUG-2025|20|1|01-JAN-1970|0|-1|0|0|6200000072|0|0|0|0|6200000072|0|8328|0|1|202547|CONSTRAINED|CONSTRAINED|CONSTRAINED_202547_2025-11-20_0656|BY_IF
100000002013|1006|1|1030001601_10_0001|0|13-AUG-2025|0|0|1030001601|1|0|120960|800|25|0|0|13-AUG-2025|25|1|01-JAN-1970|0|-1|0|0|6200000072|0|0|0|0|6200000072|0|8397|0|1|202547|CONSTRAINED|CONSTRAINED|CONSTRAINED_202547_2025-11-20_0656|BY_IF
100000002013|1006|1|1030001602_10_0001|0|24-SEP-2025|0|0|1030001602|1|0|120960|200|25|0|0|24-SEP-2025|25|1|01-JAN-1970|0|-1|0|0|6200000072|0|0|0|0|6200000072|0|8077|0|1|202547|CONSTRAINED|CONSTRAINED|CONSTRAINED_202547_2025-11-20_0656|BY_IF
100000002013|1006|1|1030001603_10_0001|0|23-JUL-2025|0|0|1030001603|1|0|120960|200|30|0|0|26-JUL-2025|30|3|01-JAN-1970|0|-1|0|0|6200000072|0|0|0|0|6200000072|0|7800|0|1|202547|CONSTRAINED|CONSTRAINED|CONSTRAINED_202547_2025-11-20_0656|BY_IF
100000002013|1006|1|1030001604_10_0001|0|16-AUG-2025|0|0|1030001604|1|0|120960|800|20|0|0|16-AUG-2025|20|1|01-JAN-1970|0|-1|0|0|6200000072|0|0|0|0|6200000072|0|8280|0|1|202547|CONSTRAINED|CONSTRAINED|CONSTRAINED_202547_2025-11-20_0656|BY_IF
100000002013|1006|1|1030001605_10_0001|0|12-AUG-2025|0|0|1030001605|1|0|120960|800|30|0|0|12-AUG-2025|30|1|01-JAN-1970|0|-1|0|0|6200000072|0|0|0|0|6200000072|0|8474|0|1|202547|CONSTRAINED|CONSTRAINED|CONSTRAINED_202547_2025-11-20_0656|BY_IF
100000002013|1006|1|1030001606_10_0001|0|11-AUG-2025|0|0|1030001606|1|0|120960|800|25|0|0|11-AUG-2025|25|1|01-JAN-1970|0|-1|0|0|6200000072|0|0|0|0|6200000072|0|8557|0|1|202547|CONSTRAINED|CONSTRAINED|CONSTRAINED_202547_2025-11-20_0656|BY_IF
100000002013|1006|1|1030001607_10_0001|0|11-AUG-2025|0|0|1030001607|1|0|120960|800|25|0|0|11-AUG-2025|25|1|01-JAN-1970|0|-1|0|0|6200000072|0|0|0|0|6200000072|0|8556|0|1|202547|CONSTRAINED|CONSTRAINED|CONSTRAINED_202547_2025-11-20_0656|BY_IF
100000002013|1006|1|1030001608_10_0001|0|24-JUL-2025|0|0|1030001608|1|0|120960|200|75|0|0|26-JUL-2025|75|3|01-JAN-1970|0|-1|0|0|6200000072|0|0|0|0|6200000072|0|9290|0|1|202547|CONSTRAINED|CONSTRAINED|CONSTRAINED_202547_2025-11-20_0656|BY_IF
100000002013|1006|1|1030001609_10_0001|0|12-AUG-2025|0|0|1030001609|1|0|120960|800|25|0|0|12-AUG-2025|25|1|01-JAN-1970|0|-1|0|0|6200000072|0|0|0|0|6200000072|0|8473|0|1|202547|CONSTRAINED|CONSTRAINED|CONSTRAINED_202547_2025-11-20_0656|BY_IF
100000002013|1006|1|1030001610_10_0001|0|12-AUG-2025|0|0|1030001610|1|0|120960|800|50|0|0|12-AUG-2025|50|1|01-JAN-1970|0|-1|0|0|6200000072|0|0|0|0|6200000072|0|8472|0|1|202547|CONSTRAINED|CONSTRAINED|CONSTRAINED_202547_2025-11-20_0656|BY_IF
100000002013|1006|1|1030001611_10_0001|0|30-AUG-2025|0|0|1030001611|1|0|120960|200|10|0|0|30-AUG-2025|10|1|01-JAN-1970|0|-1|0|0|6200000072|0|0|0|0|6200000072|0|8105|0|1|202547|CONSTRAINED|CONSTRAINED|CONSTRAINED_202547_2025-11-20_0656|BY_IF
100000002013|1006|1|1030001612_10_0001|0|24-SEP-2025|0|0|1030001612|1|0|120960|200|25|0|0|24-SEP-2025|25|1|01-JAN-1970|0|-1|0|0|6200000072|0|0|0|0|6200000072|0|8076|0|1|202547|CONSTRAINED|CONSTRAINED|CONSTRAINED_202547_2025-11-20_0656|BY_IF
100000002013|1006|1|1030001613_10_0001|0|12-AUG-2025|0|0|1030001613|1|0|120960|800|25|0|0|12-AUG-2025|25|1|01-JAN-1970|0|-1|0|0|6200000072|0|0|0|0|6200000072|0|8471|0|1|202547|CONSTRAINED|CONSTRAINED|CONSTRAINED_202547_2025-11-20_0656|BY_IF
100000002013|1006|1|1030001614_10_0001|0|23-JUL-2025|0|0|1030001614|1|0|120960|200|20|0|0|26-JUL-2025|20|3|01-JAN-1970|0|-1|0|0|6200000072|0|0|0|0|6200000072|0|9967|0|1|202547|CONSTRAINED|CONSTRAINED|CONSTRAINED_202547_2025-11-20_0656|BY_IF
100000002013|1006|1|1030001615_10_0001|0|17-AUG-2025|0|0|1030001615|1|0|120960|800|45|0|0|17-AUG-2025|45|1|01-JAN-1970|0|-1|0|0|6200000072|0|0|0|0|6200000072|0|8247|0|1|202547|CONSTRAINED|CONSTRAINED|CONSTRAINED_202547_2025-11-20_0656|BY_IF
100000002013|1006|1|1030001616_10_0001|0|18-AUG-2025|0|0|1030001616|1|0|120960|800|70|0|0|18-AUG-2025|70|1|01-JAN-1970|0|-1|0|0|6200000072|0|0|0|0|6200000072|0|8195|0|1|202547|CONSTRAINED|CONSTRAINED|CONSTRAINED_202547_2025-11-20_0656|BY_IF
100000002013|1006|1|1030001617_10_0001|0|14-AUG-2025|0|0|1030001617|1|0|120960|800|70|0|0|14-AUG-2025|70|1|01-JAN-1970|0|-1|0|0|6200000072|0|0|0|0|6200000072|0|8327|0|1|202547|CONSTRAINED|CONSTRAINED|CONSTRAINED_202547_2025-11-20_0656|BY_IF
100000002013|1006|1|1030001618_10_0001|0|11-AUG-2025|0|0|1030001618|1|0|120960|800|25|0|0|11-AUG-2025|25|1|01-JAN-1970|0|-1|0|0|6200000072|0|0|0|0|6200000072|0|8555|0|1|202547|CONSTRAINED|CONSTRAINED|CONSTRAINED_202547_2025-11-20_0656|BY_IF
100000002013|1006|1|1030001619_10_0001|0|18-AUG-2025|0|0|1030001619|1|0|120960|800|50|0|0|18-AUG-2025|50|1|01-JAN-1970|0|-1|0|0|6200000072|0|0|0|0|6200000072|0|8194|0|1|202547|CONSTRAINED|CONSTRAINED|CONSTRAINED_202547_2025-11-20_0656|BY_IF
100000002013|1006|1|1030001620_10_0001|0|22-JUL-2025|0|0|1030001620|1|0|120960|200|20|0|0|26-JUL-2025|20|3|01-JAN-1970|0|-1|0|0|6200000072|0|0|0|0|6200000072|0|8531|0|1|202547|CONSTRAINED|CONSTRAINED|CONSTRAINED_202547_2025-11-20_0656|BY_IF
100000002013|1006|1|1030001621_10_0001|0|23-JUL-2025|0|0|1030001621|1|0|120960|200|25|0|0|26-JUL-2025|25|3|01-JAN-1970|0|-1|0|0|6200000072|0|0|0|0|6200000072|0|9957|0|1|202547|CONSTRAINED|CONSTRAINED|CONSTRAINED_202547_2025-11-20_0656|BY_IF
100000002013|1006|1|1030001622_10_0001|0|13-AUG-2025|0|0|1030001622|1|0|120960|800|45|0|0|13-AUG-2025|45|1|01-JAN-1970|0|-1|0|0|6200000072|0|0|0|0|6200000072|0|8396|0|1|202547|CONSTRAINED|CONSTRAINED|CONSTRAINED_202547_2025-11-20_0656|BY_IF
100000002013|1006|1|1030001623_10_0001|0|23-JUL-2025|0|0|1030001623|1|0|120960|200|25|0|0|26-JUL-2025|25|3|01-JAN-1970|0|-1|0|0|6200000072|0|0|0|0|6200000072|0|9946|0|1|202547|CONSTRAINED|CONSTRAINED|CONSTRAINED_202547_2025-11-20_0656|BY_IF
100000002013|1006|1|1030001624_10_0001|0|09-AUG-2025|0|0|1030001624|1|0|120960|200|12|0|0|09-AUG-2025|12|1|01-JAN-1970|0|-1|0|0|6200000072|0|0|0|0|6200000072|0|8945|0|1|202547|CONSTRAINED|CONSTRAINED|CONSTRAINED_202547_2025-11-20_0656|BY_IF
100000002013|1006|1|1030001625_10_0001|0|23-JUL-2025|0|0|1030001625|1|0|120960|200|20|0|0|26-JUL-2025|20|3|01-JAN-1970|0|-1|0|0|6200000072|0|0|0|0|6200000072|0|9936|0|1|202547|CONSTRAINED|CONSTRAINED|CONSTRAINED_202547_2025-11-20_0656|BY_IF
100000002013|1006|1|1030001626_10_0001|0|23-JUL-2025|0|0|1030001626|1|0|120960|200|20|0|0|26-JUL-2025|20|3|01-JAN-1970|0|-1|0|0|6200000072|0|0|0|0|6200000072|0|9925|0|1|202547|CONSTRAINED|CONSTRAINED|CONSTRAINED_202547_2025-11-20_0656|BY_IF
100000002013|1006|1|1030001627_10_0001|0|18-AUG-2025|0|0|1030001627|1|0|120960|800|25|0|0|18-AUG-2025|25|1|01-JAN-1970|0|-1|0|0|6200000072|0|0|0|0|6200000072|0|8193|0|1|202547|CONSTRAINED|CONSTRAINED|CONSTRAINED_202547_2025-11-20_0656|BY_IF
100000002013|1006|1|1030001628_10_0001|0|13-AUG-2025|0|0|1030001628|1|0|120960|800|25|0|0|13-AUG-2025|25|1|01-JAN-1970|0|-1|0|0|6200000072|0|0|0|0|6200000072|0|8395|0|1|202547|CONSTRAINED|CONSTRAINED|CONSTRAINED_202547_2025-11-20_0656|BY_IF
100000002013|1006|1|1030001629_10_0001|0|11-AUG-2025|0|0|1030001629|1|0|120960|800|65|0|0|11-AUG-2025|65|1|01-JAN-1970|0|-1|0|0|6200000072|0|0|0|0|6200000072|0|8554|0|1|202547|CONSTRAINED|CONSTRAINED|CONSTRAINED_202547_2025-11-20_0656|BY_IF
100000002013|1006|1|1030001630_10_0001|0|12-AUG-2025|0|0|1030001630|1|0|120960|800|18|0|0|12-AUG-2025|18|1|01-JAN-1970|0|-1|0|0|6200000072|0|0|0|0|6200000072|0|8470|0|1|202547|CONSTRAINED|CONSTRAINED|CONSTRAINED_202547_2025-11-20_0656|BY_IF
100000002013|1006|1|1030001631_10_0001|0|16-AUG-2025|0|0|1030001631|1|0|120960|800|20|0|0|16-AUG-2025|20|1|01-JAN-1970|0|-1|0|0|6200000072|0|0|0|0|6200000072|0|8279|0|1|202547|CONSTRAINED|CONSTRAINED|CONSTRAINED_202547_2025-11-20_0656|BY_IF
100000002013|1006|1|1030001632_10_0001|0|14-AUG-2025|0|0|1030001632|1|0|120960|800|65|0|0|14-AUG-2025|65|1|01-JAN-1970|0|-1|0|0|6200000072|0|0|0|0|6200000072|0|8325|0|1|202547|CONSTRAINED|CONSTRAINED|CONSTRAINED_202547_2025-11-20_0656|BY_IF
100000002013|1006|1|1030001633_10_0001|0|18-AUG-2025|0|0|1030001633|1|0|120960|800|25|0|0|18-AUG-2025|25|1|01-JAN-1970|0|-1|0|0|6200000072|0|0|0|0|6200000072|0|8192|0|1|202547|CONSTRAINED|CONSTRAINED|CONSTRAINED_202547_2025-11-20_0656|BY_IF
100000002013|1006|1|1030001634_10_0001|0|23-JUL-2025|0|0|1030001634|1|0|120960|200|25|0|0|26-JUL-2025|25|3|01-JAN-1970|0|-1|0|0|6200000072|0|0|0|0|6200000072|0|9915|0|1|202547|CONSTRAINED|CONSTRAINED|CONSTRAINED_202547_2025-11-20_0656|BY_IF
100000002013|1006|1|1030001635_10_0001|0|23-AUG-2025|0|0|1030001635|1|0|120960|800|35|0|0|23-AUG-2025|35|1|01-JAN-1970|0|-1|0|0|6200000072|0|0|0|0|6200000072|0|8131|0|1|202547|CONSTRAINED|CONSTRAINED|CONSTRAINED_202547_2025-11-20_0656|BY_IF
100000002013|1006|1|1030001636_10_0001|0|14-AUG-2025|0|0|1030001636|1|0|120960|800|20|0|0|14-AUG-2025|20|1|01-JAN-1970|0|-1|0|0|6200000072|0|0|0|0|6200000072|0|8324|0|1|202547|CONSTRAINED|CONSTRAINED|CONSTRAINED_202547_2025-11-20_0656|BY_IF
100000002013|1006|1|1030001637_10_0001|0|13-AUG-2025|0|0|1030001637|1|0|120960|800|35|0|0|13-AUG-2025|35|1|01-JAN-1970|0|-1|0|0|6200000072|0|0|0|0|6200000072|0|8394|0|1|202547|CONSTRAINED|CONSTRAINED|CONSTRAINED_202547_2025-11-20_0656|BY_IF
100000002013|1006|1|1030001638_10_0001|0|23-AUG-2025|0|0|1030001638|1|0|120960|800|70|0|0|23-AUG-2025|70|1|01-JAN-1970|0|-1|0|0|6200000072|0|0|0|0|6200000072|0|8130|0|1|202547|CONSTRAINED|CONSTRAINED|CONSTRAINED_202547_2025-11-20_0656|BY_IF
100000002013|1006|1|1030001639_10_0001|0|20-AUG-2025|0|0|1030001639|1|0|120960|800|12|0|0|20-AUG-2025|12|1|01-JAN-1970|0|-1|0|0|6200000072|0|0|0|0|6200000072|0|8156|0|1|202547|CONSTRAINED|CONSTRAINED|CONSTRAINED_202547_2025-11-20_0656|BY_IF
100000002013|1006|1|1030001640_10_0001|0|17-AUG-2025|0|0|1030001640|1|0|120960|800|25|0|0|17-AUG-2025|25|1|01-JAN-1970|0|-1|0|0|6200000072|0|0|0|0|6200000072|0|8246|0|1|202547|CONSTRAINED|CONSTRAINED|CONSTRAINED_202547_2025-11-20_0656|BY_IF
100000002013|1006|1|1030001641_10_0001|0|21-JUL-2025|0|0|1030001641|1|0|120960|200|25|0|0|26-JUL-2025|25|3|01-JAN-1970|0|-1|0|0|6200000072|0|0|0|0|6200000072|0|7895|0|1|202547|CONSTRAINED|CONSTRAINED|CONSTRAINED_202547_2025-11-20_0656|BY_IF
100000002013|1006|1|1033500013_10_002|0|28-JUL-2025|0|0|1033500013|1|0|120960|200|60|0|0|28-JUL-2025|60|1|01-JAN-1970|0|-1|0|0|6200000072|0|0|0|0|6200000072|0|9111|0|1|202547|CONSTRAINED|CONSTRAINED|CONSTRAINED_202547_2025-11-20_0656|BY_IF
100000002013|1006|1|1033500013_10_002-1|0|28-JUL-2025|0|0|1033500013|1|0|120960|200|40|0|0|28-JUL-2025|0|6|01-JAN-1970|0|0|0|0|6200000072|0|||0|6200000072|0|0|0|3|202547|CONSTRAINED|CONSTRAINED|CONSTRAINED_202547_2025-11-20_0656|BY_IF
100000002013|1006|2| |392|06-DEC-2025|0|0|0|0|0|0|400|49|0|0|06-DEC-2025|0|6|01-JAN-1970|0|0|392|0| |0|||0|6200000072|10|0|0|1|202547|CONSTRAINED|CONSTRAINED|CONSTRAINED_202547_2025-11-20_0656|BY_IF
100000002013|1006|2| |393|20-DEC-2025|0|0|0|0|0|0|400|75|0|0|20-DEC-2025|0|6|01-JAN-1970|0|0|393|0| |0|||0|6200000072|10|0|0|1|202547|CONSTRAINED|CONSTRAINED|CONSTRAINED_202547_2025-11-20_0656|BY_IF
100000002013|1006|2| |394|03-JAN-2026|0|0|0|0|0|0|400|75|0|0|03-JAN-2026|0|6|01-JAN-1970|0|0|394|0| |0|||0|6200000072|10|0|0|1|202547|CONSTRAINED|CONSTRAINED|CONSTRAINED_202547_2025-11-20_0656|BY_IF
100000002013|1006|2| |395|13-DEC-2025|0|0|0|0|0|0|400|75|0|0|13-DEC-2025|0|6|01-JAN-1970|0|0|395|0| |0|||0|6200000072|10|0|0|1|202547|CONSTRAINED|CONSTRAINED|CONSTRAINED_202547_2025-11-20_0656|BY_IF
100000002013|1006|2| |396|27-DEC-2025|0|0|0|0|0|0|400|75|0|0|27-DEC-2025|0|6|01-JAN-1970|0|0|396|0| |0|||0|6200000072|10|0|0|1|202547|CONSTRAINED|CONSTRAINED|CONSTRAINED_202547_2025-11-20_0656|BY_IF
100000002013|1006|2| |397|10-JAN-2026|0|0|0|0|0|0|400|75|0|0|10-JAN-2026|0|6|01-JAN-1970|0|0|397|0| |0|||0|6200000072|10|0|0|1|202547|CONSTRAINED|CONSTRAINED|CONSTRAINED_202547_2025-11-20_0656|BY_IF
100000002013|VF|2| |398|02-MAY-2026|0|0|0|0|0|0|400|75|0|0|02-MAY-2026|0|6|01-JAN-1970|0|0|398|0| |0|||0|6200000072|10|0|0|1|202547|CONSTRAINED|CONSTRAINED|CONSTRAINED_202547_2025-11-20_0656|BY_IF
100000002013|VF|2| |399|25-APR-2026|0|0|0|0|0|0|400|75|0|0|25-APR-2026|0|6|01-JAN-1970|0|0|399|0| |0|||0|6200000072|10|0|0|1|202547|CONSTRAINED|CONSTRAINED|CONSTRAINED_202547_2025-11-20_0656|BY_IF
100000002013|VF|2| |400|14-FEB-2026|0|0|0|0|0|0|400|75|0|0|14-FEB-2026|0|6|01-JAN-1970|0|0|400|0| |0|||0|6200000072|10|0|0|1|202547|CONSTRAINED|CONSTRAINED|CONSTRAINED_202547_2025-11-20_0656|BY_IF
100000002013|VF|2| |401|21-FEB-2026|0|0|0|0|0|0|400|75|0|0|21-FEB-2026|0|6|01-JAN-1970|0|0|401|0| |0|||0|6200000072|10|0|0|1|202547|CONSTRAINED|CONSTRAINED|CONSTRAINED_202547_2025-11-20_0656|BY_IF
100000002013|VF|2| |402|18-JUL-2026|0|0|0|0|0|0|400|75|0|0|18-JUL-2026|0|6|01-JAN-1970|0|0|402|0| |0|||0|6200000072|10|0|0|1|202547|CONSTRAINED|CONSTRAINED|CONSTRAINED_202547_2025-11-20_0656|BY_IF
100000002013|VF|2| |403|25-JUL-2026|0|0|0|0|0|0|400|75|0|0|25-JUL-2026|0|6|01-JAN-1970|0|0|403|0| |0|||0|6200000072|10|0|0|1|202547|CONSTRAINED|CONSTRAINED|CONSTRAINED_202547_2025-11-20_0656|BY_IF
100000002013|VF|2| |404|22-NOV-2025|0|0|0|0|0|0|510|38|0|0|22-NOV-2025|0|6|01-JAN-1970|0|0|404|0| |0|||0|6200000072|11|0|0|1|202547|CONSTRAINED|CONSTRAINED|CONSTRAINED_202547_2025-11-20_0656|BY_IF
100000002013|VF|2| |405|17-JAN-2026|0|0|0|0|0|0|400|75|0|0|17-JAN-2026|0|6|01-JAN-1970|0|0|405|0| |0|||0|6200000072|10|0|0|1|202547|CONSTRAINED|CONSTRAINED|CONSTRAINED_202547_2025-11-20_0656|BY_IF
100000002013|VF|2| |406|24-JAN-2026|0|0|0|0|0|0|400|75|0|0|24-JAN-2026|0|6|01-JAN-1970|0|0|406|0| |0|||0|6200000072|10|0|0|1|202547|CONSTRAINED|CONSTRAINED|CONSTRAINED_202547_2025-11-20_0656|BY_IF
100000002013|VF|2| |407|31-JAN-2026|0|0|0|0|0|0|400|75|0|0|31-JAN-2026|0|6|01-JAN-1970|0|0|407|0| |0|||0|6200000072|10|0|0|1|202547|CONSTRAINED|CONSTRAINED|CONSTRAINED_202547_2025-11-20_0656|BY_IF
100000002013|VF|2| |408|07-FEB-2026|0|0|0|0|0|0|400|75|0|0|07-FEB-2026|0|6|01-JAN-1970|0|0|408|0| |0|||0|6200000072|10|0|0|1|202547|CONSTRAINED|CONSTRAINED|CONSTRAINED_202547_2025-11-20_0656|BY_IF
100000002013|VF|2| |409|04-JUL-2026|0|0|0|0|0|0|400|75|0|0|04-JUL-2026|0|6|01-JAN-1970|0|0|409|0| |0|||0|6200000072|10|0|0|1|202547|CONSTRAINED|CONSTRAINED|CONSTRAINED_202547_2025-11-20_0656|BY_IF
100000002013|VF|2| |410|11-JUL-2026|0|0|0|0|0|0|400|75|0|0|11-JUL-2026|0|6|01-JAN-1970|0|0|410|0| |0|||0|6200000072|10|0|0|1|202547|CONSTRAINED|CONSTRAINED|CONSTRAINED_202547_2025-11-20_0656|BY_IF
100000002013|VF|2| |411|16-MAY-2026|0|0|0|0|0|0|400|75|0|0|16-MAY-2026|0|6|01-JAN-1970|0|0|411|0| |0|||0|6200000072|10|0|0|1|202547|CONSTRAINED|CONSTRAINED|CONSTRAINED_202547_2025-11-20_0656|BY_IF
100000002013|VF|2| |412|09-MAY-2026|0|0|0|0|0|0|400|75|0|0|09-MAY-2026|0|6|01-JAN-1970|0|0|412|0| |0|||0|6200000072|10|0|0|1|202547|CONSTRAINED|CONSTRAINED|CONSTRAINED_202547_2025-11-20_0656|BY_IF
100000002013|VF|2| |413|07-MAR-2026|0|0|0|0|0|0|400|75|0|0|07-MAR-2026|0|6|01-JAN-1970|0|0|413|0| |0|||0|6200000072|10|0|0|1|202547|CONSTRAINED|CONSTRAINED|CONSTRAINED_202547_2025-11-20_0656|BY_IF
100000002013|VF|2| |414|28-FEB-2026|0|0|0|0|0|0|400|75|0|0|28-FEB-2026|0|6|01-JAN-1970|0|0|414|0| |0|||0|6200000072|10|0|0|1|202547|CONSTRAINED|CONSTRAINED|CONSTRAINED_202547_2025-11-20_0656|BY_IF
100000002013|VF|2| |415|30-MAY-2026|0|0|0|0|0|0|400|75|0|0|30-MAY-2026|0|6|01-JAN-1970|0|0|415|0| |0|||0|6200000072|10|0|0|1|202547|CONSTRAINED|CONSTRAINED|CONSTRAINED_202547_2025-11-20_0656|BY_IF
100000002013|VF|2| |416|23-MAY-2026|0|0|0|0|0|0|400|75|0|0|23-MAY-2026|0|6|01-JAN-1970|0|0|416|0| |0|||0|6200000072|10|0|0|1|202547|CONSTRAINED|CONSTRAINED|CONSTRAINED_202547_2025-11-20_0656|BY_IF
100000002013|VF|2| |417|21-MAR-2026|0|0|0|0|0|0|400|75|0|0|21-MAR-2026|0|6|01-JAN-1970|0|0|417|0| |0|||0|6200000072|10|0|0|1|202547|CONSTRAINED|CONSTRAINED|CONSTRAINED_202547_2025-11-20_0656|BY_IF
100000002013|VF|2| |418|14-MAR-2026|0|0|0|0|0|0|400|75|0|0|14-MAR-2026|0|6|01-JAN-1970|0|0|418|0| |0|||0|6200000072|10|0|0|1|202547|CONSTRAINED|CONSTRAINED|CONSTRAINED_202547_2025-11-20_0656|BY_IF
100000002013|VF|2| |419|13-JUN-2026|0|0|0|0|0|0|400|75|0|0|13-JUN-2026|0|6|01-JAN-1970|0|0|419|0| |0|||0|6200000072|10|0|0|1|202547|CONSTRAINED|CONSTRAINED|CONSTRAINED_202547_2025-11-20_0656|BY_IF
100000002013|VF|2| |420|06-JUN-2026|0|0|0|0|0|0|400|75|0|0|06-JUN-2026|0|6|01-JAN-1970|0|0|420|0| |0|||0|6200000072|10|0|0|1|202547|CONSTRAINED|CONSTRAINED|CONSTRAINED_202547_2025-11-20_0656|BY_IF
100000002013|VF|2| |421|04-APR-2026|0|0|0|0|0|0|400|75|0|0|04-APR-2026|0|6|01-JAN-1970|0|0|421|0| |0|||0|6200000072|10|0|0|1|202547|CONSTRAINED|CONSTRAINED|CONSTRAINED_202547_2025-11-20_0656|BY_IF
100000002013|VF|2| |422|28-MAR-2026|0|0|0|0|0|0|400|75|0|0|28-MAR-2026|0|6|01-JAN-1970|0|0|422|0| |0|||0|6200000072|10|0|0|1|202547|CONSTRAINED|CONSTRAINED|CONSTRAINED_202547_2025-11-20_0656|BY_IF
100000002013|VF|2| |423|20-JUN-2026|0|0|0|0|0|0|400|75|0|0|20-JUN-2026|0|6|01-JAN-1970|0|0|423|0| |0|||0|6200000072|10|0|0|1|202547|CONSTRAINED|CONSTRAINED|CONSTRAINED_202547_2025-11-20_0656|BY_IF
100000002013|VF|2| |424|18-APR-2026|0|0|0|0|0|0|400|75|0|0|18-APR-2026|0|6|01-JAN-1970|0|0|424|0| |0|||0|6200000072|10|0|0|1|202547|CONSTRAINED|CONSTRAINED|CONSTRAINED_202547_2025-11-20_0656|BY_IF
100000002013|VF|2| |425|11-APR-2026|0|0|0|0|0|0|400|75|0|0|11-APR-2026|0|6|01-JAN-1970|0|0|425|0| |0|||0|6200000072|10|0|0|1|202547|CONSTRAINED|CONSTRAINED|CONSTRAINED_202547_2025-11-20_0656|BY_IF
100000002013|VF|2| |426|27-JUN-2026|0|0|0|0|0|0|400|75|0|0|27-JUN-2026|0|6|01-JAN-1970|0|0|426|0| |0|||0|6200000072|10|0|0|1|202547|CONSTRAINED|CONSTRAINED|CONSTRAINED_202547_2025-11-20_0656|BY_IF
100000002013|VF|2| |1124|22-AUG-2026|0|0|0|0|0|0|1200|75|0|0|22-AUG-2026|0|6|01-JAN-1970|0|0|1124|0| |0|||0|6200000072|13|0|0|1|202547|CONSTRAINED|CONSTRAINED|CONSTRAINED_202547_2025-11-20_0656|BY_IF
100000002013|VF|2| |1125|30-JAN-2027|0|0|0|0|0|0|1200|75|0|0|30-JAN-2027|0|6|01-JAN-1970|0|0|1125|0| |0|||0|6200000072|13|0|0|1|202547|CONSTRAINED|CONSTRAINED|CONSTRAINED_202547_2025-11-20_0656|BY_IF
100000002013|VF|2| |1126|12-JUN-2027|0|0|0|0|0|0|1200|75|0|0|12-JUN-2027|0|6|01-JAN-1970|0|0|1126|0| |0|||0|6200000072|13|0|0|1|202547|CONSTRAINED|CONSTRAINED|CONSTRAINED_202547_2025-11-20_0656|BY_IF
100000002013|VF|2| |1127|05-SEP-2026|0|0|0|0|0|0|1200|75|0|0|05-SEP-2026|0|6|01-JAN-1970|0|0|1127|0| |0|||0|6200000072|13|0|0|1|202547|CONSTRAINED|CONSTRAINED|CONSTRAINED_202547_2025-11-20_0656|BY_IF
100000002013|VF|2| |1128|16-JAN-2027|0|0|0|0|0|0|1200|75|0|0|16-JAN-2027|0|6|01-JAN-1970|0|0|1128|0| |0|||0|6200000072|13|0|0|1|202547|CONSTRAINED|CONSTRAINED|CONSTRAINED_202547_2025-11-20_0656|BY_IF
100000002013|VF|2| |1129|29-MAY-2027|0|0|0|0|0|0|1200|75|0|0|29-MAY-2027|0|6|01-JAN-1970|0|0|1129|0| |0|||0|6200000072|13|0|0|1|202547|CONSTRAINED|CONSTRAINED|CONSTRAINED_202547_2025-11-20_0656|BY_IF
100000002013|VF|2| |1130|19-SEP-2026|0|0|0|0|0|0|1200|75|0|0|19-SEP-2026|0|6|01-JAN-1970|0|0|1130|0| |0|||0|6200000072|13|0|0|1|202547|CONSTRAINED|CONSTRAINED|CONSTRAINED_202547_2025-11-20_0656|BY_IF
100000002013|VF|2| |1131|27-FEB-2027|0|0|0|0|0|0|1200|75|0|0|27-FEB-2027|0|6|01-JAN-1970|0|0|1131|0| |0|||0|6200000072|13|0|0|1|202547|CONSTRAINED|CONSTRAINED|CONSTRAINED_202547_2025-11-20_0656|BY_IF
100000002013|VF|2| |1132|10-JUL-2027|0|0|0|0|0|0|1200|75|0|0|10-JUL-2027|0|6|01-JAN-1970|0|0|1132|0| |0|||0|6200000072|13|0|0|1|202547|CONSTRAINED|CONSTRAINED|CONSTRAINED_202547_2025-11-20_0656|BY_IF
100000002013|VF|2| |1133|03-OCT-2026|0|0|0|0|0|0|1200|75|0|0|03-OCT-2026|0|6|01-JAN-1970|0|0|1133|0| |0|||0|6200000072|13|0|0|1|202547|CONSTRAINED|CONSTRAINED|CONSTRAINED_202547_2025-11-20_0656|BY_IF
100000002013|VF|2| |1134|13-FEB-2027|0|0|0|0|0|0|1200|75|0|0|13-FEB-2027|0|6|01-JAN-1970|0|0|1134|0| |0|||0|6200000072|13|0|0|1|202547|CONSTRAINED|CONSTRAINED|CONSTRAINED_202547_2025-11-20_0656|BY_IF
100000002013|VF|2| |1135|26-JUN-2027|0|0|0|0|0|0|1200|75|0|0|26-JUN-2027|0|6|01-JAN-1970|0|0|1135|0| |0|||0|6200000072|13|0|0|1|202547|CONSTRAINED|CONSTRAINED|CONSTRAINED_202547_2025-11-20_0656|BY_IF
100000002013|VF|2| |1136|06-MAR-2027|0|0|0|0|0|0|1200|75|0|0|06-MAR-2027|0|6|01-JAN-1970|0|0|1136|0| |0|||0|6200000072|13|0|0|1|202547|CONSTRAINED|CONSTRAINED|CONSTRAINED_202547_2025-11-20_0656|BY_IF
100000002013|VF|2| |1137|24-OCT-2026|0|0|0|0|0|0|1200|75|0|0|24-OCT-2026|0|6|01-JAN-1970|0|0|1137|0| |0|||0|6200000072|13|0|0|1|202547|CONSTRAINED|CONSTRAINED|CONSTRAINED_202547_2025-11-20_0656|BY_IF
100000002013|VF|2| |1138|07-NOV-2026|0|0|0|0|0|0|1200|75|0|0|07-NOV-2026|0|6|01-JAN-1970|0|0|1138|0| |0|||0|6200000072|13|0|0|1|202547|CONSTRAINED|CONSTRAINED|CONSTRAINED_202547_2025-11-20_0656|BY_IF
100000002013|VF|2| |1139|03-APR-2027|0|0|0|0|0|0|1200|75|0|0|03-APR-2027|0|6|01-JAN-1970|0|0|1139|0| |0|||0|6200000072|13|0|0|1|202547|CONSTRAINED|CONSTRAINED|CONSTRAINED_202547_2025-11-20_0656|BY_IF
100000002013|VF|2| |1140|21-NOV-2026|0|0|0|0|0|0|1200|75|0|0|21-NOV-2026|0|6|01-JAN-1970|0|0|1140|0| |0|||0|6200000072|13|0|0|1|202547|CONSTRAINED|CONSTRAINED|CONSTRAINED_202547_2025-11-20_0656|BY_IF
100000002013|VF|2| |1141|20-MAR-2027|0|0|0|0|0|0|1200|75|0|0|20-MAR-2027|0|6|01-JAN-1970|0|0|1141|0| |0|||0|6200000072|13|0|0|1|202547|CONSTRAINED|CONSTRAINED|CONSTRAINED_202547_2025-11-20_0656|BY_IF
100000002013|VF|2| |1142|05-DEC-2026|0|0|0|0|0|0|1200|75|0|0|05-DEC-2026|0|6|01-JAN-1970|0|0|1142|0| |0|||0|6200000072|13|0|0|1|202547|CONSTRAINED|CONSTRAINED|CONSTRAINED_202547_2025-11-20_0656|BY_IF
100000002013|VF|2| |1143|01-MAY-2027|0|0|0|0|0|0|1200|75|0|0|01-MAY-2027|0|6|01-JAN-1970|0|0|1143|0| |0|||0|6200000072|13|0|0|1|202547|CONSTRAINED|CONSTRAINED|CONSTRAINED_202547_2025-11-20_0656|BY_IF
100000002013|VF|2| |1144|19-DEC-2026|0|0|0|0|0|0|1200|75|0|0|19-DEC-2026|0|6|01-JAN-1970|0|0|1144|0| |0|||0|6200000072|13|0|0|1|202547|CONSTRAINED|CONSTRAINED|CONSTRAINED_202547_2025-11-20_0656|BY_IF
100000002013|VF|2| |1145|17-APR-2027|0|0|0|0|0|0|1200|75|0|0|17-APR-2027|0|6|01-JAN-1970|0|0|1145|0| |0|||0|6200000072|13|0|0|1|202547|CONSTRAINED|CONSTRAINED|CONSTRAINED_202547_2025-11-20_0656|BY_IF
100000002013|VF|2| |1146|02-JAN-2027|0|0|0|0|0|0|1200|75|0|0|02-JAN-2027|0|6|01-JAN-1970|0|0|1146|0| |0|||0|6200000072|13|0|0|1|202547|CONSTRAINED|CONSTRAINED|CONSTRAINED_202547_2025-11-20_0656|BY_IF
100000002013|VF|2| |1147|15-MAY-2027|0|0|0|0|0|0|1200|75|0|0|15-MAY-2027|0|6|01-JAN-1970|0|0|1147|0| |0|||0|6200000072|13|0|0|1|202547|CONSTRAINED|CONSTRAINED|CONSTRAINED_202547_2025-11-20_0656|BY_IF
100000002013|VF|2| |1148|24-JUL-2027|0|0|0|0|0|0|1200|75|0|0|24-JUL-2027|0|6|01-JAN-1970|0|0|1148|0| |0|||0|6200000072|13|0|0|1|202547|CONSTRAINED|CONSTRAINED|CONSTRAINED_202547_2025-11-20_0656|BY_IF
100000002013|VF|2| |1149|08-AUG-2026|0|0|0|0|0|0|1200|75|0|0|08-AUG-2026|0|6|01-JAN-1970|0|0|1149|0| |0|||0|6200000072|13|0|0|1|202547|CONSTRAINED|CONSTRAINED|CONSTRAINED_202547_2025-11-20_0656|BY_IF
100000002013|VF|2| |1150|29-AUG-2026|0|0|0|0|0|0|1200|75|0|0|29-AUG-2026|0|6|01-JAN-1970|0|0|1150|0| |0|||0|6200000072|13|0|0|1|202547|CONSTRAINED|CONSTRAINED|CONSTRAINED_202547_2025-11-20_0656|BY_IF
100000002013|VF|2| |1151|23-JAN-2027|0|0|0|0|0|0|1200|75|0|0|23-JAN-2027|0|6|01-JAN-1970|0|0|1151|0| |0|||0|6200000072|13|0|0|1|202547|CONSTRAINED|CONSTRAINED|CONSTRAINED_202547_2025-11-20_0656|BY_IF
100000002013|VF|2| |1152|19-JUN-2027|0|0|0|0|0|0|1200|75|0|0|19-JUN-2027|0|6|01-JAN-1970|0|0|1152|0| |0|||0|6200000072|13|0|0|1|202547|CONSTRAINED|CONSTRAINED|CONSTRAINED_202547_2025-11-20_0656|BY_IF
100000002013|VF|2| |1153|12-SEP-2026|0|0|0|0|0|0|1200|75|0|0|12-SEP-2026|0|6|01-JAN-1970|0|0|1153|0| |0|||0|6200000072|13|0|0|1|202547|CONSTRAINED|CONSTRAINED|CONSTRAINED_202547_2025-11-20_0656|BY_IF
100000002013|VF|2| |1154|09-JAN-2027|0|0|0|0|0|0|1200|75|0|0|09-JAN-2027|0|6|01-JAN-1970|0|0|1154|0| |0|||0|6200000072|13|0|0|1|202547|CONSTRAINED|CONSTRAINED|CONSTRAINED_202547_2025-11-20_0656|BY_IF
100000002013|VF|2| |1155|05-JUN-2027|0|0|0|0|0|0|1200|75|0|0|05-JUN-2027|0|6|01-JAN-1970|0|0|1155|0| |0|||0|6200000072|13|0|0|1|202547|CONSTRAINED|CONSTRAINED|CONSTRAINED_202547_2025-11-20_0656|BY_IF
100000002013|VF|2| |1156|26-SEP-2026|0|0|0|0|0|0|1200|75|0|0|26-SEP-2026|0|6|01-JAN-1970|0|0|1156|0| |0|||0|6200000072|13|0|0|1|202547|CONSTRAINED|CONSTRAINED|CONSTRAINED_202547_2025-11-20_0656|BY_IF
100000002013|VF|2| |1157|10-OCT-2026|0|0|0|0|0|0|1200|75|0|0|10-OCT-2026|0|6|01-JAN-1970|0|0|1157|0| |0|||0|6200000072|13|0|0|1|202547|CONSTRAINED|CONSTRAINED|CONSTRAINED_202547_2025-11-20_0656|BY_IF
100000002013|VF|2| |1158|06-FEB-2027|0|0|0|0|0|0|1200|75|0|0|06-FEB-2027|0|6|01-JAN-1970|0|0|1158|0| |0|||0|6200000072|13|0|0|1|202547|CONSTRAINED|CONSTRAINED|CONSTRAINED_202547_2025-11-20_0656|BY_IF
100000002013|VF|2| |1159|03-JUL-2027|0|0|0|0|0|0|1200|75|0|0|03-JUL-2027|0|6|01-JAN-1970|0|0|1159|0| |0|||0|6200000072|13|0|0|1|202547|CONSTRAINED|CONSTRAINED|CONSTRAINED_202547_2025-11-20_0656|BY_IF
100000002013|VF|2| |1160|13-MAR-2027|0|0|0|0|0|0|1200|75|0|0|13-MAR-2027|0|6|01-JAN-1970|0|0|1160|0| |0|||0|6200000072|13|0|0|1|202547|CONSTRAINED|CONSTRAINED|CONSTRAINED_202547_2025-11-20_0656|BY_IF
100000002013|VF|2| |1161|17-OCT-2026|0|0|0|0|0|0|1200|75|0|0|17-OCT-2026|0|6|01-JAN-1970|0|0|1161|0| |0|||0|6200000072|13|0|0|1|202547|CONSTRAINED|CONSTRAINED|CONSTRAINED_202547_2025-11-20_0656|BY_IF
100000002013|VF|2| |1162|31-OCT-2026|0|0|0|0|0|0|1200|75|0|0|31-OCT-2026|0|6|01-JAN-1970|0|0|1162|0| |0|||0|6200000072|13|0|0|1|202547|CONSTRAINED|CONSTRAINED|CONSTRAINED_202547_2025-11-20_0656|BY_IF
100000002013|VF|2| |1163|10-APR-2027|0|0|0|0|0|0|1200|75|0|0|10-APR-2027|0|6|01-JAN-1970|0|0|1163|0| |0|||0|6200000072|13|0|0|1|202547|CONSTRAINED|CONSTRAINED|CONSTRAINED_202547_2025-11-20_0656|BY_IF
100000002013|VF|2| |1164|14-NOV-2026|0|0|0|0|0|0|1200|75|0|0|14-NOV-2026|0|6|01-JAN-1970|0|0|1164|0| |0|||0|6200000072|13|0|0|1|202547|CONSTRAINED|CONSTRAINED|CONSTRAINED_202547_2025-11-20_0656|BY_IF
100000002013|VF|2| |1165|27-MAR-2027|0|0|0|0|0|0|1200|75|0|0|27-MAR-2027|0|6|01-JAN-1970|0|0|1165|0| |0|||0|6200000072|13|0|0|1|202547|CONSTRAINED|CONSTRAINED|CONSTRAINED_202547_2025-11-20_0656|BY_IF
100000002013|VF|2| |1166|28-NOV-2026|0|0|0|0|0|0|1200|75|0|0|28-NOV-2026|0|6|01-JAN-1970|0|0|1166|0| |0|||0|6200000072|13|0|0|1|202547|CONSTRAINED|CONSTRAINED|CONSTRAINED_202547_2025-11-20_0656|BY_IF
100000002013|VF|2| |1167|08-MAY-2027|0|0|0|0|0|0|1200|75|0|0|08-MAY-2027|0|6|01-JAN-1970|0|0|1167|0| |0|||0|6200000072|13|0|0|1|202547|CONSTRAINED|CONSTRAINED|CONSTRAINED_202547_2025-11-20_0656|BY_IF
100000002013|VF|2| |1168|01-AUG-2026|0|0|0|0|0|0|1200|75|0|0|01-AUG-2026|0|6|01-JAN-1970|0|0|1168|0| |0|||0|6200000072|13|0|0|1|202547|CONSTRAINED|CONSTRAINED|CONSTRAINED_202547_2025-11-20_0656|BY_IF
100000002013|VF|2| |1169|12-DEC-2026|0|0|0|0|0|0|1200|75|0|0|12-DEC-2026|0|6|01-JAN-1970|0|0|1169|0| |0|||0|6200000072|13|0|0|1|202547|CONSTRAINED|CONSTRAINED|CONSTRAINED_202547_2025-11-20_0656|BY_IF
100000002013|VF|2| |1170|24-APR-2027|0|0|0|0|0|0|1200|75|0|0|24-APR-2027|0|6|01-JAN-1970|0|0|1170|0| |0|||0|6200000072|13|0|0|1|202547|CONSTRAINED|CONSTRAINED|CONSTRAINED_202547_2025-11-20_0656|BY_IF
100000002013|VF|2| |1171|26-DEC-2026|0|0|0|0|0|0|1200|75|0|0|26-DEC-2026|0|6|01-JAN-1970|0|0|1171|0| |0|||0|6200000072|13|0|0|1|202547|CONSTRAINED|CONSTRAINED|CONSTRAINED_202547_2025-11-20_0656|BY_IF
100000002013|VF|2| |1172|22-MAY-2027|0|0|0|0|0|0|1200|75|0|0|22-MAY-2027|0|6|01-JAN-1970|0|0|1172|0| |0|||0|6200000072|13|0|0|1|202547|CONSTRAINED|CONSTRAINED|CONSTRAINED_202547_2025-11-20_0656|BY_IF
100000002013|VF|2| |1173|15-AUG-2026|0|0|0|0|0|0|1200|75|0|0|15-AUG-2026|0|6|01-JAN-1970|0|0|1173|0| |0|||0|6200000072|13|0|0|1|202547|CONSTRAINED|CONSTRAINED|CONSTRAINED_202547_2025-11-20_0656|BY_IF
100000002013|VF|2| |1174|20-FEB-2027|0|0|0|0|0|0|1200|75|0|0|20-FEB-2027|0|6|01-JAN-1970|0|0|1174|0| |0|||0|6200000072|13|0|0|1|202547|CONSTRAINED|CONSTRAINED|CONSTRAINED_202547_2025-11-20_0656|BY_IF
100000002013|VF|2| |1175|17-JUL-2027|0|0|0|0|0|0|1200|75|0|0|17-JUL-2027|0|6|01-JAN-1970|0|0|1175|0| |0|||0|6200000072|13|0|0|1|202547|CONSTRAINED|CONSTRAINED|CONSTRAINED_202547_2025-11-20_0656|BY_IF
100000002014|1006|1|1030001800_10_0001|0|14-AUG-2025|0|0|1030001800|1|0|120960|800|20|0|0|14-AUG-2025|20|1|01-JAN-1970|0|-1|0|0|6200000072|0|0|0|0|6200000072|0|8323|0|1|202547|CONSTRAINED|CONSTRAINED|CONSTRAINED_202547_2025-11-20_0656|BY_IF
100000002014|1006|1|1030001801_10_0001|0|13-AUG-2025|0|0|1030001801|1|0|120960|800|25|0|0|13-AUG-2025|25|1|01-JAN-1970|0|-1|0|0|6200000072|0|0|0|0|6200000072|0|8393|0|1|202547|CONSTRAINED|CONSTRAINED|CONSTRAINED_202547_2025-11-20_0656|BY_IF
100000002014|1006|1|1030001802_10_0001|0|24-SEP-2025|0|0|1030001802|1|0|120960|200|25|0|0|24-SEP-2025|25|1|01-JAN-1970|0|-1|0|0|6200000072|0|0|0|0|6200000072|0|8075|0|1|202547|CONSTRAINED|CONSTRAINED|CONSTRAINED_202547_2025-11-20_0656|BY_IF
100000002014|1006|1|1030001803_10_0001|0|23-JUL-2025|0|0|1030001803|1|0|120960|200|30|0|0|26-JUL-2025|30|3|01-JAN-1970|0|-1|0|0|6200000072|0|0|0|0|6200000072|0|9905|0|1|202547|CONSTRAINED|CONSTRAINED|CONSTRAINED_202547_2025-11-20_0656|BY_IF
100000002014|1006|1|1030001804_10_0001|0|16-AUG-2025|0|0|1030001804|1|0|120960|800|20|0|0|16-AUG-2025|20|1|01-JAN-1970|0|-1|0|0|6200000072|0|0|0|0|6200000072|0|8278|0|1|202547|CONSTRAINED|CONSTRAINED|CONSTRAINED_202547_2025-11-20_0656|BY_IF
100000002014|1006|1|1030001805_10_0001|0|12-AUG-2025|0|0|1030001805|1|0|120960|800|30|0|0|12-AUG-2025|30|1|01-JAN-1970|0|-1|0|0|6200000072|0|0|0|0|6200000072|0|8469|0|1|202547|CONSTRAINED|CONSTRAINED|CONSTRAINED_202547_2025-11-20_0656|BY_IF
100000002014|1006|1|1030001806_10_0001|0|11-AUG-2025|0|0|1030001806|1|0|120960|800|25|0|0|11-AUG-2025|25|1|01-JAN-1970|0|-1|0|0|6200000072|0|0|0|0|6200000072|0|8553|0|1|202547|CONSTRAINED|CONSTRAINED|CONSTRAINED_202547_2025-11-20_0656|BY_IF
100000002014|1006|1|1030001807_10_0001|0|11-AUG-2025|0|0|1030001807|1|0|120960|800|25|0|0|11-AUG-2025|25|1|01-JAN-1970|0|-1|0|0|6200000072|0|0|0|0|6200000072|0|8552|0|1|202547|CONSTRAINED|CONSTRAINED|CONSTRAINED_202547_2025-11-20_0656|BY_IF
100000002014|1006|1|1030001808_10_0001|0|24-JUL-2025|0|0|1030001808|1|0|120960|200|75|0|0|26-JUL-2025|75|3|01-JAN-1970|0|-1|0|0|6200000072|0|0|0|0|6200000072|0|9280|0|1|202547|CONSTRAINED|CONSTRAINED|CONSTRAINED_202547_2025-11-20_0656|BY_IF
100000002014|1006|1|1030001809_10_0001|0|12-AUG-2025|0|0|1030001809|1|0|120960|800|25|0|0|12-AUG-2025|25|1|01-JAN-1970|0|-1|0|0|6200000072|0|0|0|0|6200000072|0|8468|0|1|202547|CONSTRAINED|CONSTRAINED|CONSTRAINED_202547_2025-11-20_0656|BY_IF
100000002014|1006|1|1030001810_10_0001|0|12-AUG-2025|0|0|1030001810|1|0|120960|800|50|0|0|12-AUG-2025|50|1|01-JAN-1970|0|-1|0|0|6200000072|0|0|0|0|6200000072|0|8467|0|1|202547|CONSTRAINED|CONSTRAINED|CONSTRAINED_202547_2025-11-20_0656|BY_IF
100000002014|1006|1|1030001811_10_0001|0|30-AUG-2025|0|0|1030001811|1|0|120960|200|10|0|0|30-AUG-2025|10|1|01-JAN-1970|0|-1|0|0|6200000072|0|0|0|0|6200000072|0|8104|0|1|202547|CONSTRAINED|CONSTRAINED|CONSTRAINED_202547_2025-11-20_0656|BY_IF
100000002014|1006|1|1030001812_10_0001|0|24-SEP-2025|0|0|1030001812|1|0|120960|200|25|0|0|24-SEP-2025|25|1|01-JAN-1970|0|-1|0|0|6200000072|0|0|0|0|6200000072|0|8074|0|1|202547|CONSTRAINED|CONSTRAINED|CONSTRAINED_202547_2025-11-20_0656|BY_IF
100000002014|1006|1|1030001813_10_0001|0|12-AUG-2025|0|0|1030001813|1|0|120960|800|25|0|0|12-AUG-2025|25|1|01-JAN-1970|0|-1|0|0|6200000072|0|0|0|0|6200000072|0|8466|0|1|202547|CONSTRAINED|CONSTRAINED|CONSTRAINED_202547_2025-11-20_0656|BY_IF
100000002014|1006|1|1030001814_10_0001|0|23-JUL-2025|0|0|1030001814|1|0|120960|200|20|0|0|26-JUL-2025|20|3|01-JAN-1970|0|-1|0|0|6200000072|0|0|0|0|6200000072|0|9894|0|1|202547|CONSTRAINED|CONSTRAINED|CONSTRAINED_202547_2025-11-20_0656|BY_IF
100000002014|1006|1|1030001815_10_0001|0|17-AUG-2025|0|0|1030001815|1|0|120960|800|45|0|0|17-AUG-2025|45|1|01-JAN-1970|0|-1|0|0|6200000072|0|0|0|0|6200000072|0|8245|0|1|202547|CONSTRAINED|CONSTRAINED|CONSTRAINED_202547_2025-11-20_0656|BY_IF
100000002014|1006|1|1030001816_10_0001|0|18-AUG-2025|0|0|1030001816|1|0|120960|800|70|0|0|18-AUG-2025|70|1|01-JAN-1970|0|-1|0|0|6200000072|0|0|0|0|6200000072|0|8191|0|1|202547|CONSTRAINED|CONSTRAINED|CONSTRAINED_202547_2025-11-20_0656|BY_IF
100000002014|1006|1|1030001817_10_0001|0|14-AUG-2025|0|0|1030001817|1|0|120960|800|70|0|0|14-AUG-2025|70|1|01-JAN-1970|0|-1|0|0|6200000072|0|0|0|0|6200000072|0|8322|0|1|202547|CONSTRAINED|CONSTRAINED|CONSTRAINED_202547_2025-11-20_0656|BY_IF
100000002014|1006|1|1030001818_10_0001|0|11-AUG-2025|0|0|1030001818|1|0|120960|800|25|0|0|11-AUG-2025|25|1|01-JAN-1970|0|-1|0|0|6200000072|0|0|0|0|6200000072|0|8550|0|1|202547|CONSTRAINED|CONSTRAINED|CONSTRAINED_202547_2025-11-20_0656|BY_IF
100000002014|1006|1|1030001819_10_0001|0|18-AUG-2025|0|0|1030001819|1|0|120960|800|50|0|0|18-AUG-2025|50|1|01-JAN-1970|0|-1|0|0|6200000072|0|0|0|0|6200000072|0|8190|0|1|202547|CONSTRAINED|CONSTRAINED|CONSTRAINED_202547_2025-11-20_0656|BY_IF
100000002014|1006|1|1030001820_10_0001|0|22-JUL-2025|0|0|1030001820|1|0|120960|200|20|0|0|26-JUL-2025|20|3|01-JAN-1970|0|-1|0|0|6200000072|0|0|0|0|6200000072|0|8522|0|1|202547|CONSTRAINED|CONSTRAINED|CONSTRAINED_202547_2025-11-20_0656|BY_IF
100000002014|1006|1|1030001821_10_0001|0|23-JUL-2025|0|0|1030001821|1|0|120960|200|25|0|0|26-JUL-2025|25|3|01-JAN-1970|0|-1|0|0|6200000072|0|0|0|0|6200000072|0|9884|0|1|202547|CONSTRAINED|CONSTRAINED|CONSTRAINED_202547_2025-11-20_0656|BY_IF
100000002014|1006|1|1030001822_10_0001|0|13-AUG-2025|0|0|1030001822|1|0|120960|200|45|0|0|13-AUG-2025|45|1|01-JAN-1970|0|-1|0|0|6200000072|0|0|0|0|6200000072|0|8392|0|1|202547|CONSTRAINED|CONSTRAINED|CONSTRAINED_202547_2025-11-20_0656|BY_IF
100000002014|1006|1|1033500015_10_002|0|28-JUL-2025|0|0|1033500015|1|0|120960|200|90|0|0|28-JUL-2025|90|1|01-JAN-1970|0|-1|0|0|6200000072|0|0|0|0|6200000072|0|9100|0|1|202547|CONSTRAINED|CONSTRAINED|CONSTRAINED_202547_2025-11-20_0656|BY_IF
100000002014|1006|1|1033500015_10_002-1|0|28-JUL-2025|0|0|1033500015|1|0|120960|200|10|0|0|28-JUL-2025|0|6|01-JAN-1970|0|0|0|0|6200000072|0|||0|6200000072|0|0|0|3|202547|CONSTRAINED|CONSTRAINED|CONSTRAINED_202547_2025-11-20_0656|BY_IF
100000002014|1006|2| |427|06-DEC-2025|0|0|0|0|0|0|400|49|0|0|06-DEC-2025|0|6|01-JAN-1970|0|0|427|0| |0|||0|6200000072|10|0|0|1|202547|CONSTRAINED|CONSTRAINED|CONSTRAINED_202547_2025-11-20_0656|BY_IF
100000002014|1006|2| |428|20-DEC-2025|0|0|0|0|0|0|400|75|0|0|20-DEC-2025|0|6|01-JAN-1970|0|0|428|0| |0|||0|6200000072|10|0|0|1|202547|CONSTRAINED|CONSTRAINED|CONSTRAINED_202547_2025-11-20_0656|BY_IF
100000002014|1006|2| |429|03-JAN-2026|0|0|0|0|0|0|400|75|0|0|03-JAN-2026|0|6|01-JAN-1970|0|0|429|0| |0|||0|6200000072|10|0|0|1|202547|CONSTRAINED|CONSTRAINED|CONSTRAINED_202547_2025-11-20_0656|BY_IF
100000002014|1006|2| |430|13-DEC-2025|0|0|0|0|0|0|400|75|0|0|13-DEC-2025|0|6|01-JAN-1970|0|0|430|0| |0|||0|6200000072|10|0|0|1|202547|CONSTRAINED|CONSTRAINED|CONSTRAINED_202547_2025-11-20_0656|BY_IF
100000002014|1006|2| |431|27-DEC-2025|0|0|0|0|0|0|400|75|0|0|27-DEC-2025|0|6|01-JAN-1970|0|0|431|0| |0|||0|6200000072|10|0|0|1|202547|CONSTRAINED|CONSTRAINED|CONSTRAINED_202547_2025-11-20_0656|BY_IF
100000002014|1006|2| |432|10-JAN-2026|0|0|0|0|0|0|400|75|0|0|10-JAN-2026|0|6|01-JAN-1970|0|0|432|0| |0|||0|6200000072|10|0|0|1|202547|CONSTRAINED|CONSTRAINED|CONSTRAINED_202547_2025-11-20_0656|BY_IF
100000002014|1020|1|1030001823_10_0001|0|23-JUL-2025|0|0|1030001823|1|0|120960|200|25|0|0|02-AUG-2025|25|3|01-JAN-1970|0|-1|0|0|6200000072|0|0|0|0|6200000072|0|9873|0|1|202547|CONSTRAINED|CONSTRAINED|CONSTRAINED_202547_2025-11-20_0656|BY_IF
100000002014|1020|1|1030001824_10_0001|0|09-AUG-2025|0|0|1030001824|1|0|120960|200|12|0|0|09-AUG-2025|12|1|01-JAN-1970|0|-1|0|0|6200000072|0|0|0|0|6200000072|0|8934|0|1|202547|CONSTRAINED|CONSTRAINED|CONSTRAINED_202547_2025-11-20_0656|BY_IF
100000002014|1020|1|1030001825_10_0001|0|23-JUL-2025|0|0|1030001825|1|0|120960|200|20|0|0|02-AUG-2025|20|3|01-JAN-1970|0|-1|0|0|6200000072|0|0|0|0|6200000072|0|9862|0|1|202547|CONSTRAINED|CONSTRAINED|CONSTRAINED_202547_2025-11-20_0656|BY_IF
100000002014|1020|1|1030001826_10_0001|0|23-JUL-2025|0|0|1030001826|1|0|120960|200|20|0|0|02-AUG-2025|20|3|01-JAN-1970|0|-1|0|0|6200000072|0|0|0|0|6200000072|0|9851|0|1|202547|CONSTRAINED|CONSTRAINED|CONSTRAINED_202547_2025-11-20_0656|BY_IF
100000002014|1020|1|1030001827_10_0001|0|18-AUG-2025|0|0|1030001827|1|0|120960|800|25|0|0|18-AUG-2025|25|1|01-JAN-1970|0|-1|0|0|6200000072|0|0|0|0|6200000072|0|8188|0|1|202547|CONSTRAINED|CONSTRAINED|CONSTRAINED_202547_2025-11-20_0656|BY_IF
100000002014|1020|1|1030001828_10_0001|0|13-AUG-2025|0|0|1030001828|1|0|120960|800|25|0|0|13-AUG-2025|25|1|01-JAN-1970|0|-1|0|0|6200000072|0|0|0|0|6200000072|0|8391|0|1|202547|CONSTRAINED|CONSTRAINED|CONSTRAINED_202547_2025-11-20_0656|BY_IF
100000002014|1020|1|1030001829_10_0001|0|11-AUG-2025|0|0|1030001829|1|0|120960|800|65|0|0|11-AUG-2025|65|1|01-JAN-1970|0|-1|0|0|6200000072|0|0|0|0|6200000072|0|8549|0|1|202547|CONSTRAINED|CONSTRAINED|CONSTRAINED_202547_2025-11-20_0656|BY_IF
100000002014|1020|1|1030001830_10_0001|0|12-AUG-2025|0|0|1030001830|1|0|120960|800|18|0|0|12-AUG-2025|18|1|01-JAN-1970|0|-1|0|0|6200000072|0|0|0|0|6200000072|0|8465|0|1|202547|CONSTRAINED|CONSTRAINED|CONSTRAINED_202547_2025-11-20_0656|BY_IF
100000002014|1020|1|1030001831_10_0001|0|16-AUG-2025|0|0|1030001831|1|0|120960|200|20|0|0|16-AUG-2025|20|1|01-JAN-1970|0|-1|0|0|6200000072|0|0|0|0|6200000072|0|8277|0|1|202547|CONSTRAINED|CONSTRAINED|CONSTRAINED_202547_2025-11-20_0656|BY_IF
100000002014|1020|1|1030001832_10_0001|0|14-AUG-2025|0|0|1030001832|1|0|120960|200|65|0|0|14-AUG-2025|65|1|01-JAN-1970|0|-1|0|0|6200000072|0|0|0|0|6200000072|0|8321|0|1|202547|CONSTRAINED|CONSTRAINED|CONSTRAINED_202547_2025-11-20_0656|BY_IF
100000002014|1020|1|1030001833_10_0001|0|18-AUG-2025|0|0|1030001833|1|0|120960|800|25|0|0|18-AUG-2025|25|1|01-JAN-1970|0|-1|0|0|6200000072|0|0|0|0|6200000072|0|8187|0|1|202547|CONSTRAINED|CONSTRAINED|CONSTRAINED_202547_2025-11-20_0656|BY_IF
100000002014|1020|1|1030001834_10_0001|0|23-JUL-2025|0|0|1030001834|1|0|120960|200|25|0|0|02-AUG-2025|25|3|01-JAN-1970|0|-1|0|0|6200000072|0|0|0|0|6200000072|0|9841|0|1|202547|CONSTRAINED|CONSTRAINED|CONSTRAINED_202547_2025-11-20_0656|BY_IF
100000002014|1020|1|1030001835_10_0001|0|23-AUG-2025|0|0|1030001835|1|0|120960|800|35|0|0|23-AUG-2025|35|1|01-JAN-1970|0|-1|0|0|6200000072|0|0|0|0|6200000072|0|8128|0|1|202547|CONSTRAINED|CONSTRAINED|CONSTRAINED_202547_2025-11-20_0656|BY_IF
100000002014|1020|1|1030001836_10_0001|0|14-AUG-2025|0|0|1030001836|1|0|120960|200|20|0|0|14-AUG-2025|20|1|01-JAN-1970|0|-1|0|0|6200000072|0|0|0|0|6200000072|0|8320|0|1|202547|CONSTRAINED|CONSTRAINED|CONSTRAINED_202547_2025-11-20_0656|BY_IF
100000002014|1020|1|1030001837_10_0001|0|13-AUG-2025|0|0|1030001837|1|0|120960|200|35|0|0|13-AUG-2025|35|1|01-JAN-1970|0|-1|0|0|6200000072|0|0|0|0|6200000072|0|8390|0|1|202547|CONSTRAINED|CONSTRAINED|CONSTRAINED_202547_2025-11-20_0656|BY_IF
100000002014|1020|1|1030001838_10_0001|0|23-AUG-2025|0|0|1030001838|1|0|120960|800|70|0|0|23-AUG-2025|70|1|01-JAN-1970|0|-1|0|0|6200000072|0|0|0|0|6200000072|0|8127|0|1|202547|CONSTRAINED|CONSTRAINED|CONSTRAINED_202547_2025-11-20_0656|BY_IF
100000002014|1020|1|1030001839_10_0001|0|20-AUG-2025|0|0|1030001839|1|0|120960|800|12|0|0|20-AUG-2025|12|1|01-JAN-1970|0|-1|0|0|6200000072|0|0|0|0|6200000072|0|8155|0|1|202547|CONSTRAINED|CONSTRAINED|CONSTRAINED_202547_2025-11-20_0656|BY_IF
100000002014|1020|1|1030001840_10_0001|0|17-AUG-2025|0|0|1030001840|1|0|120960|800|25|0|0|17-AUG-2025|25|1|01-JAN-1970|0|-1|0|0|6200000072|0|0|0|0|6200000072|0|8244|0|1|202547|CONSTRAINED|CONSTRAINED|CONSTRAINED_202547_2025-11-20_0656|BY_IF
100000002014|1020|1|1030001841_10_0001|0|21-JUL-2025|0|0|1030001841|1|0|120960|200|25|0|0|02-AUG-2025|25|3|01-JAN-1970|0|-1|0|0|6200000072|0|0|0|0|6200000072|0|9968|0|1|202547|CONSTRAINED|CONSTRAINED|CONSTRAINED_202547_2025-11-20_0656|BY_IF
100000002014|VF|2| |5|21-MAR-2026|0|0|0|0|0|0|400|75|0|0|21-MAR-2026|0|6|01-JAN-1970|0|0|5|0| |0|||0|6200000072|10|0|0|1|202547|CONSTRAINED|CONSTRAINED|CONSTRAINED_202547_2025-11-20_0656|BY_IF
100000002014|VF|2| |6|07-MAR-2026|0|0|0|0|0|0|400|75|0|0|07-MAR-2026|0|6|01-JAN-1970|0|0|6|0| |0|||0|6200000072|10|0|0|1|202547|CONSTRAINED|CONSTRAINED|CONSTRAINED_202547_2025-11-20_0656|BY_IF
100000002014|VF|2| |7|09-MAY-2026|0|0|0|0|0|0|400|75|0|0|09-MAY-2026|0|6|01-JAN-1970|0|0|7|0| |0|||0|6200000072|10|0|0|1|202547|CONSTRAINED|CONSTRAINED|CONSTRAINED_202547_2025-11-20_0656|BY_IF
100000002014|VF|2| |8|25-APR-2026|0|0|0|0|0|0|400|75|0|0|25-APR-2026|0|6|01-JAN-1970|0|0|8|0| |0|||0|6200000072|10|0|0|1|202547|CONSTRAINED|CONSTRAINED|CONSTRAINED_202547_2025-11-20_0656|BY_IF
100000002014|VF|2| |9|18-APR-2026|0|0|0|0|0|0|400|75|0|0|18-APR-2026|0|6|01-JAN-1970|0|0|9|0| |0|||0|6200000072|10|0|0|1|202547|CONSTRAINED|CONSTRAINED|CONSTRAINED_202547_2025-11-20_0656|BY_IF
100000002014|VF|2| |10|04-APR-2026|0|0|0|0|0|0|400|75|0|0|04-APR-2026|0|6|01-JAN-1970|0|0|10|0| |0|||0|6200000072|10|0|0|1|202547|CONSTRAINED|CONSTRAINED|CONSTRAINED_202547_2025-11-20_0656|BY_IF
100000002014|VF|2| |11|06-JUN-2026|0|0|0|0|0|0|400|75|0|0|06-JUN-2026|0|6|01-JAN-1970|0|0|11|0| |0|||0|6200000072|10|0|0|1|202547|CONSTRAINED|CONSTRAINED|CONSTRAINED_202547_2025-11-20_0656|BY_IF
100000002014|VF|2| |12|23-MAY-2026|0|0|0|0|0|0|400|75|0|0|23-MAY-2026|0|6|01-JAN-1970|0|0|12|0| |0|||0|6200000072|10|0|0|1|202547|CONSTRAINED|CONSTRAINED|CONSTRAINED_202547_2025-11-20_0656|BY_IF
100000002014|VF|2| |13|20-JUN-2026|0|0|0|0|0|0|400|75|0|0|20-JUN-2026|0|6|01-JAN-1970|0|0|13|0| |0|||0|6200000072|10|0|0|1|202547|CONSTRAINED|CONSTRAINED|CONSTRAINED_202547_2025-11-20_0656|BY_IF
100000002014|VF|2| |14|21-FEB-2026|0|0|0|0|0|0|400|75|0|0|21-FEB-2026|0|6|01-JAN-1970|0|0|14|0| |0|||0|6200000072|10|0|0|1|202547|CONSTRAINED|CONSTRAINED|CONSTRAINED_202547_2025-11-20_0656|BY_IF
100000002014|VF|2| |15|25-JUL-2026|0|0|0|0|0|0|400|75|0|0|25-JUL-2026|0|6|01-JAN-1970|0|0|15|0| |0|||0|6200000072|10|0|0|1|202547|CONSTRAINED|CONSTRAINED|CONSTRAINED_202547_2025-11-20_0656|BY_IF
100000002014|VF|2| |16|22-NOV-2025|0|0|0|0|0|0|510|38|0|0|22-NOV-2025|0|6|01-JAN-1970|0|0|16|0| |0|||0|6200000072|11|0|0|1|202547|CONSTRAINED|CONSTRAINED|CONSTRAINED_202547_2025-11-20_0656|BY_IF
100000002014|VF|2| |17|24-JAN-2026|0|0|0|0|0|0|400|75|0|0|24-JAN-2026|0|6|01-JAN-1970|0|0|17|0| |0|||0|6200000072|10|0|0|1|202547|CONSTRAINED|CONSTRAINED|CONSTRAINED_202547_2025-11-20_0656|BY_IF
100000002014|VF|2| |18|07-FEB-2026|0|0|0|0|0|0|400|75|0|0|07-FEB-2026|0|6|01-JAN-1970|0|0|18|0| |0|||0|6200000072|10|0|0|1|202547|CONSTRAINED|CONSTRAINED|CONSTRAINED_202547_2025-11-20_0656|BY_IF
100000002014|VF|2| |19|11-JUL-2026|0|0|0|0|0|0|400|75|0|0|11-JUL-2026|0|6|01-JAN-1970|0|0|19|0| |0|||0|6200000072|10|0|0|1|202547|CONSTRAINED|CONSTRAINED|CONSTRAINED_202547_2025-11-20_0656|BY_IF
100000002014|VF|2| |20|28-MAR-2026|0|0|0|0|0|0|400|75|0|0|28-MAR-2026|0|6|01-JAN-1970|0|0|20|0| |0|||0|6200000072|10|0|0|1|202547|CONSTRAINED|CONSTRAINED|CONSTRAINED_202547_2025-11-20_0656|BY_IF
100000002014|VF|2| |21|14-MAR-2026|0|0|0|0|0|0|400|75|0|0|14-MAR-2026|0|6|01-JAN-1970|0|0|21|0| |0|||0|6200000072|10|0|0|1|202547|CONSTRAINED|CONSTRAINED|CONSTRAINED_202547_2025-11-20_0656|BY_IF
100000002014|VF|2| |22|02-MAY-2026|0|0|0|0|0|0|400|75|0|0|02-MAY-2026|0|6|01-JAN-1970|0|0|22|0| |0|||0|6200000072|10|0|0|1|202547|CONSTRAINED|CONSTRAINED|CONSTRAINED_202547_2025-11-20_0656|BY_IF
100000002014|VF|2| |23|11-APR-2026|0|0|0|0|0|0|400|75|0|0|11-APR-2026|0|6|01-JAN-1970|0|0|23|0| |0|||0|6200000072|10|0|0|1|202547|CONSTRAINED|CONSTRAINED|CONSTRAINED_202547_2025-11-20_0656|BY_IF
100000002014|VF|2| |24|30-MAY-2026|0|0|0|0|0|0|400|75|0|0|30-MAY-2026|0|6|01-JAN-1970|0|0|24|0| |0|||0|6200000072|10|0|0|1|202547|CONSTRAINED|CONSTRAINED|CONSTRAINED_202547_2025-11-20_0656|BY_IF
100000002014|VF|2| |25|16-MAY-2026|0|0|0|0|0|0|400|75|0|0|16-MAY-2026|0|6|01-JAN-1970|0|0|25|0| |0|||0|6200000072|10|0|0|1|202547|CONSTRAINED|CONSTRAINED|CONSTRAINED_202547_2025-11-20_0656|BY_IF
100000002014|VF|2| |26|13-JUN-2026|0|0|0|0|0|0|400|75|0|0|13-JUN-2026|0|6|01-JAN-1970|0|0|26|0| |0|||0|6200000072|10|0|0|1|202547|CONSTRAINED|CONSTRAINED|CONSTRAINED_202547_2025-11-20_0656|BY_IF
100000002014|VF|2| |27|14-FEB-2026|0|0|0|0|0|0|400|75|0|0|14-FEB-2026|0|6|01-JAN-1970|0|0|27|0| |0|||0|6200000072|10|0|0|1|202547|CONSTRAINED|CONSTRAINED|CONSTRAINED_202547_2025-11-20_0656|BY_IF
100000002014|VF|2| |28|28-FEB-2026|0|0|0|0|0|0|400|75|0|0|28-FEB-2026|0|6|01-JAN-1970|0|0|28|0| |0|||0|6200000072|10|0|0|1|202547|CONSTRAINED|CONSTRAINED|CONSTRAINED_202547_2025-11-20_0656|BY_IF
100000002014|VF|2| |29|27-JUN-2026|0|0|0|0|0|0|400|75|0|0|27-JUN-2026|0|6|01-JAN-1970|0|0|29|0| |0|||0|6200000072|10|0|0|1|202547|CONSTRAINED|CONSTRAINED|CONSTRAINED_202547_2025-11-20_0656|BY_IF
100000002014|VF|2| |30|17-JAN-2026|0|0|0|0|0|0|400|75|0|0|17-JAN-2026|0|6|01-JAN-1970|0|0|30|0| |0|||0|6200000072|10|0|0|1|202547|CONSTRAINED|CONSTRAINED|CONSTRAINED_202547_2025-11-20_0656|BY_IF
100000002014|VF|2| |31|31-JAN-2026|0|0|0|0|0|0|400|75|0|0|31-JAN-2026|0|6|01-JAN-1970|0|0|31|0| |0|||0|6200000072|10|0|0|1|202547|CONSTRAINED|CONSTRAINED|CONSTRAINED_202547_2025-11-20_0656|BY_IF
100000002014|VF|2| |32|04-JUL-2026|0|0|0|0|0|0|400|75|0|0|04-JUL-2026|0|6|01-JAN-1970|0|0|32|0| |0|||0|6200000072|10|0|0|1|202547|CONSTRAINED|CONSTRAINED|CONSTRAINED_202547_2025-11-20_0656|BY_IF
100000002014|VF|2| |33|18-JUL-2026|0|0|0|0|0|0|400|75|0|0|18-JUL-2026|0|6|01-JAN-1970|0|0|33|0| |0|||0|6200000072|10|0|0|1|202547|CONSTRAINED|CONSTRAINED|CONSTRAINED_202547_2025-11-20_0656|BY_IF
100000002014|VF|2| |1176|03-OCT-2026|0|0|0|0|0|0|1200|75|0|0|03-OCT-2026|0|6|01-JAN-1970|0|0|1176|0| |0|||0|6200000072|13|0|0|1|202547|CONSTRAINED|CONSTRAINED|CONSTRAINED_202547_2025-11-20_0656|BY_IF
100000002014|VF|2| |1177|10-APR-2027|0|0|0|0|0|0|1200|75|0|0|10-APR-2027|0|6|01-JAN-1970|0|0|1177|0| |0|||0|6200000072|13|0|0|1|202547|CONSTRAINED|CONSTRAINED|CONSTRAINED_202547_2025-11-20_0656|BY_IF
100000002014|VF|2| |1178|26-JUN-2027|0|0|0|0|0|0|1200|75|0|0|26-JUN-2027|0|6|01-JAN-1970|0|0|1178|0| |0|||0|6200000072|13|0|0|1|202547|CONSTRAINED|CONSTRAINED|CONSTRAINED_202547_2025-11-20_0656|BY_IF
100000002014|VF|2| |1179|19-SEP-2026|0|0|0|0|0|0|1200|75|0|0|19-SEP-2026|0|6|01-JAN-1970|0|0|1179|0| |0|||0|6200000072|13|0|0|1|202547|CONSTRAINED|CONSTRAINED|CONSTRAINED_202547_2025-11-20_0656|BY_IF
100000002014|VF|2| |1180|27-FEB-2027|0|0|0|0|0|0|1200|75|0|0|27-FEB-2027|0|6|01-JAN-1970|0|0|1180|0| |0|||0|6200000072|13|0|0|1|202547|CONSTRAINED|CONSTRAINED|CONSTRAINED_202547_2025-11-20_0656|BY_IF
100000002014|VF|2| |1181|10-JUL-2027|0|0|0|0|0|0|1200|75|0|0|10-JUL-2027|0|6|01-JAN-1970|0|0|1181|0| |0|||0|6200000072|13|0|0|1|202547|CONSTRAINED|CONSTRAINED|CONSTRAINED_202547_2025-11-20_0656|BY_IF
100000002014|VF|2| |1182|08-AUG-2026|0|0|0|0|0|0|1200|75|0|0|08-AUG-2026|0|6|01-JAN-1970|0|0|1182|0| |0|||0|6200000072|13|0|0|1|202547|CONSTRAINED|CONSTRAINED|CONSTRAINED_202547_2025-11-20_0656|BY_IF
100000002014|VF|2| |1183|02-JAN-2027|0|0|0|0|0|0|1200|75|0|0|02-JAN-2027|0|6|01-JAN-1970|0|0|1183|0| |0|||0|6200000072|13|0|0|1|202547|CONSTRAINED|CONSTRAINED|CONSTRAINED_202547_2025-11-20_0656|BY_IF
100000002014|VF|2| |1184|15-MAY-2027|0|0|0|0|0|0|1200|75|0|0|15-MAY-2027|0|6|01-JAN-1970|0|0|1184|0| |0|||0|6200000072|13|0|0|1|202547|CONSTRAINED|CONSTRAINED|CONSTRAINED_202547_2025-11-20_0656|BY_IF
100000002014|VF|2| |1185|24-JUL-2027|0|0|0|0|0|0|1200|75|0|0|24-JUL-2027|0|6|01-JAN-1970|0|0|1185|0| |0|||0|6200000072|13|0|0|1|202547|CONSTRAINED|CONSTRAINED|CONSTRAINED_202547_2025-11-20_0656|BY_IF
100000002014|VF|2| |1186|05-SEP-2026|0|0|0|0|0|0|1200|75|0|0|05-SEP-2026|0|6|01-JAN-1970|0|0|1186|0| |0|||0|6200000072|13|0|0|1|202547|CONSTRAINED|CONSTRAINED|CONSTRAINED_202547_2025-11-20_0656|BY_IF
100000002014|VF|2| |1187|16-JAN-2027|0|0|0|0|0|0|1200|75|0|0|16-JAN-2027|0|6|01-JAN-1970|0|0|1187|0| |0|||0|6200000072|13|0|0|1|202547|CONSTRAINED|CONSTRAINED|CONSTRAINED_202547_2025-11-20_0656|BY_IF
100000002014|VF|2| |1188|29-MAY-2027|0|0|0|0|0|0|1200|75|0|0|29-MAY-2027|0|6|01-JAN-1970|0|0|1188|0| |0|||0|6200000072|13|0|0|1|202547|CONSTRAINED|CONSTRAINED|CONSTRAINED_202547_2025-11-20_0656|BY_IF
100000002014|VF|2| |1189|22-AUG-2026|0|0|0|0|0|0|1200|75|0|0|22-AUG-2026|0|6|01-JAN-1970|0|0|1189|0| |0|||0|6200000072|13|0|0|1|202547|CONSTRAINED|CONSTRAINED|CONSTRAINED_202547_2025-11-20_0656|BY_IF
100000002014|VF|2| |1190|30-JAN-2027|0|0|0|0|0|0|1200|75|0|0|30-JAN-2027|0|6|01-JAN-1970|0|0|1190|0| |0|||0|6200000072|13|0|0|1|202547|CONSTRAINED|CONSTRAINED|CONSTRAINED_202547_2025-11-20_0656|BY_IF
100000002014|VF|2| |1191|12-JUN-2027|0|0|0|0|0|0|1200|75|0|0|12-JUN-2027|0|6|01-JAN-1970|0|0|1191|0| |0|||0|6200000072|13|0|0|1|202547|CONSTRAINED|CONSTRAINED|CONSTRAINED_202547_2025-11-20_0656|BY_IF
100000002014|VF|2| |1192|19-DEC-2026|0|0|0|0|0|0|1200|75|0|0|19-DEC-2026|0|6|01-JAN-1970|0|0|1192|0| |0|||0|6200000072|13|0|0|1|202547|CONSTRAINED|CONSTRAINED|CONSTRAINED_202547_2025-11-20_0656|BY_IF
100000002014|VF|2| |1193|17-APR-2027|0|0|0|0|0|0|1200|75|0|0|17-APR-2027|0|6|01-JAN-1970|0|0|1193|0| |0|||0|6200000072|13|0|0|1|202547|CONSTRAINED|CONSTRAINED|CONSTRAINED_202547_2025-11-20_0656|BY_IF
100000002014|VF|2| |1194|05-DEC-2026|0|0|0|0|0|0|1200|75|0|0|05-DEC-2026|0|6|01-JAN-1970|0|0|1194|0| |0|||0|6200000072|13|0|0|1|202547|CONSTRAINED|CONSTRAINED|CONSTRAINED_202547_2025-11-20_0656|BY_IF
100000002014|VF|2| |1195|01-MAY-2027|0|0|0|0|0|0|1200|75|0|0|01-MAY-2027|0|6|01-JAN-1970|0|0|1195|0| |0|||0|6200000072|13|0|0|1|202547|CONSTRAINED|CONSTRAINED|CONSTRAINED_202547_2025-11-20_0656|BY_IF
100000002014|VF|2| |1196|24-OCT-2026|0|0|0|0|0|0|1200|75|0|0|24-OCT-2026|0|6|01-JAN-1970|0|0|1196|0| |0|||0|6200000072|13|0|0|1|202547|CONSTRAINED|CONSTRAINED|CONSTRAINED_202547_2025-11-20_0656|BY_IF
100000002014|VF|2| |1197|06-MAR-2027|0|0|0|0|0|0|1200|75|0|0|06-MAR-2027|0|6|01-JAN-1970|0|0|1197|0| |0|||0|6200000072|13|0|0|1|202547|CONSTRAINED|CONSTRAINED|CONSTRAINED_202547_2025-11-20_0656|BY_IF
100000002014|VF|2| |1198|21-NOV-2026|0|0|0|0|0|0|1200|75|0|0|21-NOV-2026|0|6|01-JAN-1970|0|0|1198|0| |0|||0|6200000072|13|0|0|1|202547|CONSTRAINED|CONSTRAINED|CONSTRAINED_202547_2025-11-20_0656|BY_IF
100000002014|VF|2| |1199|20-MAR-2027|0|0|0|0|0|0|1200|75|0|0|20-MAR-2027|0|6|01-JAN-1970|0|0|1199|0| |0|||0|6200000072|13|0|0|1|202547|CONSTRAINED|CONSTRAINED|CONSTRAINED_202547_2025-11-20_0656|BY_IF
100000002014|VF|2| |1200|07-NOV-2026|0|0|0|0|0|0|1200|75|0|0|07-NOV-2026|0|6|01-JAN-1970|0|0|1200|0| |0|||0|6200000072|13|0|0|1|202547|CONSTRAINED|CONSTRAINED|CONSTRAINED_202547_2025-11-20_0656|BY_IF
100000002014|VF|2| |1201|03-APR-2027|0|0|0|0|0|0|1200|75|0|0|03-APR-2027|0|6|01-JAN-1970|0|0|1201|0| |0|||0|6200000072|13|0|0|1|202547|CONSTRAINED|CONSTRAINED|CONSTRAINED_202547_2025-11-20_0656|BY_IF
100000002014|VF|2| |1202|10-OCT-2026|0|0|0|0|0|0|1200|75|0|0|10-OCT-2026|0|6|01-JAN-1970|0|0|1202|0| |0|||0|6200000072|13|0|0|1|202547|CONSTRAINED|CONSTRAINED|CONSTRAINED_202547_2025-11-20_0656|BY_IF
100000002014|VF|2| |1203|06-FEB-2027|0|0|0|0|0|0|1200|75|0|0|06-FEB-2027|0|6|01-JAN-1970|0|0|1203|0| |0|||0|6200000072|13|0|0|1|202547|CONSTRAINED|CONSTRAINED|CONSTRAINED_202547_2025-11-20_0656|BY_IF
100000002014|VF|2| |1204|03-JUL-2027|0|0|0|0|0|0|1200|75|0|0|03-JUL-2027|0|6|01-JAN-1970|0|0|1204|0| |0|||0|6200000072|13|0|0|1|202547|CONSTRAINED|CONSTRAINED|CONSTRAINED_202547_2025-11-20_0656|BY_IF
100000002014|VF|2| |1205|26-SEP-2026|0|0|0|0|0|0|1200|75|0|0|26-SEP-2026|0|6|01-JAN-1970|0|0|1205|0| |0|||0|6200000072|13|0|0|1|202547|CONSTRAINED|CONSTRAINED|CONSTRAINED_202547_2025-11-20_0656|BY_IF
100000002014|VF|2| |1206|20-FEB-2027|0|0|0|0|0|0|1200|75|0|0|20-FEB-2027|0|6|01-JAN-1970|0|0|1206|0| |0|||0|6200000072|13|0|0|1|202547|CONSTRAINED|CONSTRAINED|CONSTRAINED_202547_2025-11-20_0656|BY_IF
100000002014|VF|2| |1207|17-JUL-2027|0|0|0|0|0|0|1200|75|0|0|17-JUL-2027|0|6|01-JAN-1970|0|0|1207|0| |0|||0|6200000072|13|0|0|1|202547|CONSTRAINED|CONSTRAINED|CONSTRAINED_202547_2025-11-20_0656|BY_IF
100000002014|VF|2| |1208|15-AUG-2026|0|0|0|0|0|0|1200|75|0|0|15-AUG-2026|0|6|01-JAN-1970|0|0|1208|0| |0|||0|6200000072|13|0|0|1|202547|CONSTRAINED|CONSTRAINED|CONSTRAINED_202547_2025-11-20_0656|BY_IF
100000002014|VF|2| |1209|26-DEC-2026|0|0|0|0|0|0|1200|75|0|0|26-DEC-2026|0|6|01-JAN-1970|0|0|1209|0| |0|||0|6200000072|13|0|0|1|202547|CONSTRAINED|CONSTRAINED|CONSTRAINED_202547_2025-11-20_0656|BY_IF
100000002014|VF|2| |1210|22-MAY-2027|0|0|0|0|0|0|1200|75|0|0|22-MAY-2027|0|6|01-JAN-1970|0|0|1210|0| |0|||0|6200000072|13|0|0|1|202547|CONSTRAINED|CONSTRAINED|CONSTRAINED_202547_2025-11-20_0656|BY_IF
100000002014|VF|2| |1211|12-SEP-2026|0|0|0|0|0|0|1200|75|0|0|12-SEP-2026|0|6|01-JAN-1970|0|0|1211|0| |0|||0|6200000072|13|0|0|1|202547|CONSTRAINED|CONSTRAINED|CONSTRAINED_202547_2025-11-20_0656|BY_IF
100000002014|VF|2| |1212|09-JAN-2027|0|0|0|0|0|0|1200|75|0|0|09-JAN-2027|0|6|01-JAN-1970|0|0|1212|0| |0|||0|6200000072|13|0|0|1|202547|CONSTRAINED|CONSTRAINED|CONSTRAINED_202547_2025-11-20_0656|BY_IF
100000002014|VF|2| |1213|05-JUN-2027|0|0|0|0|0|0|1200|75|0|0|05-JUN-2027|0|6|01-JAN-1970|0|0|1213|0| |0|||0|6200000072|13|0|0|1|202547|CONSTRAINED|CONSTRAINED|CONSTRAINED_202547_2025-11-20_0656|BY_IF
100000002014|VF|2| |1214|29-AUG-2026|0|0|0|0|0|0|1200|75|0|0|29-AUG-2026|0|6|01-JAN-1970|0|0|1214|0| |0|||0|6200000072|13|0|0|1|202547|CONSTRAINED|CONSTRAINED|CONSTRAINED_202547_2025-11-20_0656|BY_IF
100000002014|VF|2| |1215|23-JAN-2027|0|0|0|0|0|0|1200|75|0|0|23-JAN-2027|0|6|01-JAN-1970|0|0|1215|0| |0|||0|6200000072|13|0|0|1|202547|CONSTRAINED|CONSTRAINED|CONSTRAINED_202547_2025-11-20_0656|BY_IF
100000002014|VF|2| |1216|19-JUN-2027|0|0|0|0|0|0|1200|75|0|0|19-JUN-2027|0|6|01-JAN-1970|0|0|1216|0| |0|||0|6200000072|13|0|0|1|202547|CONSTRAINED|CONSTRAINED|CONSTRAINED_202547_2025-11-20_0656|BY_IF
100000002014|VF|2| |1217|01-AUG-2026|0|0|0|0|0|0|1200|75|0|0|01-AUG-2026|0|6|01-JAN-1970|0|0|1217|0| |0|||0|6200000072|13|0|0|1|202547|CONSTRAINED|CONSTRAINED|CONSTRAINED_202547_2025-11-20_0656|BY_IF
100000002014|VF|2| |1218|12-DEC-2026|0|0|0|0|0|0|1200|75|0|0|12-DEC-2026|0|6|01-JAN-1970|0|0|1218|0| |0|||0|6200000072|13|0|0|1|202547|CONSTRAINED|CONSTRAINED|CONSTRAINED_202547_2025-11-20_0656|BY_IF
100000002014|VF|2| |1219|24-APR-2027|0|0|0|0|0|0|1200|75|0|0|24-APR-2027|0|6|01-JAN-1970|0|0|1219|0| |0|||0|6200000072|13|0|0|1|202547|CONSTRAINED|CONSTRAINED|CONSTRAINED_202547_2025-11-20_0656|BY_IF
100000002014|VF|2| |1220|28-NOV-2026|0|0|0|0|0|0|1200|75|0|0|28-NOV-2026|0|6|01-JAN-1970|0|0|1220|0| |0|||0|6200000072|13|0|0|1|202547|CONSTRAINED|CONSTRAINED|CONSTRAINED_202547_2025-11-20_0656|BY_IF
100000002014|VF|2| |1221|08-MAY-2027|0|0|0|0|0|0|1200|75|0|0|08-MAY-2027|0|6|01-JAN-1970|0|0|1221|0| |0|||0|6200000072|13|0|0|1|202547|CONSTRAINED|CONSTRAINED|CONSTRAINED_202547_2025-11-20_0656|BY_IF
100000002014|VF|2| |1222|17-OCT-2026|0|0|0|0|0|0|1200|75|0|0|17-OCT-2026|0|6|01-JAN-1970|0|0|1222|0| |0|||0|6200000072|13|0|0|1|202547|CONSTRAINED|CONSTRAINED|CONSTRAINED_202547_2025-11-20_0656|BY_IF
100000002014|VF|2| |1223|13-MAR-2027|0|0|0|0|0|0|1200|75|0|0|13-MAR-2027|0|6|01-JAN-1970|0|0|1223|0| |0|||0|6200000072|13|0|0|1|202547|CONSTRAINED|CONSTRAINED|CONSTRAINED_202547_2025-11-20_0656|BY_IF
100000002014|VF|2| |1224|14-NOV-2026|0|0|0|0|0|0|1200|75|0|0|14-NOV-2026|0|6|01-JAN-1970|0|0|1224|0| |0|||0|6200000072|13|0|0|1|202547|CONSTRAINED|CONSTRAINED|CONSTRAINED_202547_2025-11-20_0656|BY_IF
100000002014|VF|2| |1225|27-MAR-2027|0|0|0|0|0|0|1200|75|0|0|27-MAR-2027|0|6|01-JAN-1970|0|0|1225|0| |0|||0|6200000072|13|0|0|1|202547|CONSTRAINED|CONSTRAINED|CONSTRAINED_202547_2025-11-20_0656|BY_IF
100000002014|VF|2| |1226|31-OCT-2026|0|0|0|0|0|0|1200|75|0|0|31-OCT-2026|0|6|01-JAN-1970|0|0|1226|0| |0|||0|6200000072|13|0|0|1|202547|CONSTRAINED|CONSTRAINED|CONSTRAINED_202547_2025-11-20_0656|BY_IF
100000002014|VF|2| |1227|13-FEB-2027|0|0|0|0|0|0|1200|75|0|0|13-FEB-2027|0|6|01-JAN-1970|0|0|1227|0| |0|||0|6200000072|13|0|0|1|202547|CONSTRAINED|CONSTRAINED|CONSTRAINED_202547_2025-11-20_0656|BY_IF
100000002015|1006|1|1010002210_10_001|0|14-AUG-2025|0|0|1010002210|1|0|120960|800|20|0|0|14-AUG-2025|20|1|01-JAN-1970|0|-1|0|0|6200000072|0|0|0|0|6200000072|0|8319|0|1|202547|CONSTRAINED|CONSTRAINED|CONSTRAINED_202547_2025-11-20_0656|BY_IF
100000002015|1006|1|1010002211_10_001|0|13-AUG-2025|0|0|1010002211|1|0|120960|800|25|0|0|13-AUG-2025|25|1|01-JAN-1970|0|-1|0|0|6200000072|0|0|0|0|6200000072|0|8389|0|1|202547|CONSTRAINED|CONSTRAINED|CONSTRAINED_202547_2025-11-20_0656|BY_IF
100000002015|1006|1|1010002212_10_001|0|24-SEP-2025|0|0|1010002212|1|0|120960|200|25|0|0|24-SEP-2025|25|1|01-JAN-1970|0|-1|0|0|6200000072|0|0|0|0|6200000072|0|8073|0|1|202547|CONSTRAINED|CONSTRAINED|CONSTRAINED_202547_2025-11-20_0656|BY_IF
100000002015|1006|1|1010002213_10_001|0|23-JUL-2025|0|0|1010002213|1|0|120960|200|30|0|0|26-JUL-2025|30|3|01-JAN-1970|0|-1|0|0|6200000072|0|0|0|0|6200000072|0|9830|0|1|202547|CONSTRAINED|CONSTRAINED|CONSTRAINED_202547_2025-11-20_0656|BY_IF
100000002015|1006|1|1010002214_10_001|0|16-AUG-2025|0|0|1010002214|1|0|120960|800|20|0|0|16-AUG-2025|20|1|01-JAN-1970|0|-1|0|0|6200000072|0|0|0|0|6200000072|0|8276|0|1|202547|CONSTRAINED|CONSTRAINED|CONSTRAINED_202547_2025-11-20_0656|BY_IF
100000002015|1006|1|1010002215_10_001|0|12-AUG-2025|0|0|1010002215|1|0|120960|800|30|0|0|12-AUG-2025|30|1|01-JAN-1970|0|-1|0|0|6200000072|0|0|0|0|6200000072|0|8464|0|1|202547|CONSTRAINED|CONSTRAINED|CONSTRAINED_202547_2025-11-20_0656|BY_IF
100000002015|1006|1|1010002216_10_001|0|11-AUG-2025|0|0|1010002216|1|0|120960|800|25|0|0|11-AUG-2025|25|1|01-JAN-1970|0|-1|0|0|6200000072|0|0|0|0|6200000072|0|8548|0|1|202547|CONSTRAINED|CONSTRAINED|CONSTRAINED_202547_2025-11-20_0656|BY_IF
100000002015|1006|1|1010002217_10_001|0|11-AUG-2025|0|0|1010002217|1|0|120960|800|25|0|0|11-AUG-2025|25|1|01-JAN-1970|0|-1|0|0|6200000072|0|0|0|0|6200000072|0|8547|0|1|202547|CONSTRAINED|CONSTRAINED|CONSTRAINED_202547_2025-11-20_0656|BY_IF
100000002015|1006|1|1010002218_10_001|0|24-JUL-2025|0|0|1010002218|1|0|120960|200|75|0|0|26-JUL-2025|75|3|01-JAN-1970|0|-1|0|0|6200000072|0|0|0|0|6200000072|0|9269|0|1|202547|CONSTRAINED|CONSTRAINED|CONSTRAINED_202547_2025-11-20_0656|BY_IF
100000002015|1006|1|1010002219_10_001|0|12-AUG-2025|0|0|1010002219|1|0|120960|200|25|0|0|12-AUG-2025|25|1|01-JAN-1970|0|-1|0|0|6200000072|0|0|0|0|6200000072|0|8463|0|1|202547|CONSTRAINED|CONSTRAINED|CONSTRAINED_202547_2025-11-20_0656|BY_IF
100000002015|1006|1|1010002220_10_001|0|12-AUG-2025|0|0|1010002220|1|0|120960|200|50|0|0|12-AUG-2025|50|1|01-JAN-1970|0|-1|0|0|6200000072|0|0|0|0|6200000072|0|8462|0|1|202547|CONSTRAINED|CONSTRAINED|CONSTRAINED_202547_2025-11-20_0656|BY_IF
100000002015|1006|1|1010002221_10_001|0|30-AUG-2025|0|0|1010002221|1|0|120960|200|10|0|0|30-AUG-2025|10|1|01-JAN-1970|0|-1|0|0|6200000072|0|0|0|0|6200000072|0|8103|0|1|202547|CONSTRAINED|CONSTRAINED|CONSTRAINED_202547_2025-11-20_0656|BY_IF
100000002015|1006|1|1010002222_10_001|0|24-SEP-2025|0|0|1010002222|1|0|120960|200|25|0|0|24-SEP-2025|25|1|01-JAN-1970|0|-1|0|0|6200000072|0|0|0|0|6200000072|0|8072|0|1|202547|CONSTRAINED|CONSTRAINED|CONSTRAINED_202547_2025-11-20_0656|BY_IF
100000002015|1006|1|1010002223_10_001|0|12-AUG-2025|0|0|1010002223|1|0|120960|200|25|0|0|12-AUG-2025|25|1|01-JAN-1970|0|-1|0|0|6200000072|0|0|0|0|6200000072|0|8461|0|1|202547|CONSTRAINED|CONSTRAINED|CONSTRAINED_202547_2025-11-20_0656|BY_IF
100000002015|1006|1|1010002224_10_001|0|23-JUL-2025|0|0|1010002224|1|0|120960|200|20|0|0|26-JUL-2025|20|3|01-JAN-1970|0|-1|0|0|6200000072|0|0|0|0|6200000072|0|9820|0|1|202547|CONSTRAINED|CONSTRAINED|CONSTRAINED_202547_2025-11-20_0656|BY_IF
100000002015|1006|1|1010002225_10_001|0|17-AUG-2025|0|0|1010002225|1|0|120960|800|45|0|0|17-AUG-2025|45|1|01-JAN-1970|0|-1|0|0|6200000072|0|0|0|0|6200000072|0|8243|0|1|202547|CONSTRAINED|CONSTRAINED|CONSTRAINED_202547_2025-11-20_0656|BY_IF
100000002015|1006|1|1010002226_10_001|0|18-AUG-2025|0|0|1010002226|1|0|120960|800|70|0|0|18-AUG-2025|70|1|01-JAN-1970|0|-1|0|0|6200000072|0|0|0|0|6200000072|0|8186|0|1|202547|CONSTRAINED|CONSTRAINED|CONSTRAINED_202547_2025-11-20_0656|BY_IF
100000002015|1006|1|1010002227_10_001|0|14-AUG-2025|0|0|1010002227|1|0|120960|200|70|0|0|14-AUG-2025|70|1|01-JAN-1970|0|-1|0|0|6200000072|0|0|0|0|6200000072|0|8318|0|1|202547|CONSTRAINED|CONSTRAINED|CONSTRAINED_202547_2025-11-20_0656|BY_IF
100000002015|1006|1|1010002228_10_001|0|11-AUG-2025|0|0|1010002228|1|0|120960|800|25|0|0|11-AUG-2025|25|1|01-JAN-1970|0|-1|0|0|6200000072|0|0|0|0|6200000072|0|8546|0|1|202547|CONSTRAINED|CONSTRAINED|CONSTRAINED_202547_2025-11-20_0656|BY_IF
100000002015|1006|1|1010002229_10_001|0|18-AUG-2025|0|0|1010002229|1|0|120960|800|50|0|0|18-AUG-2025|50|1|01-JAN-1970|0|-1|0|0|6200000072|0|0|0|0|6200000072|0|8185|0|1|202547|CONSTRAINED|CONSTRAINED|CONSTRAINED_202547_2025-11-20_0656|BY_IF
100000002015|1006|1|1010002230_10_001|0|22-JUL-2025|0|0|1010002230|1|0|120960|200|20|0|0|26-JUL-2025|20|3|01-JAN-1970|0|-1|0|0|6200000072|0|0|0|0|6200000072|0|8509|0|1|202547|CONSTRAINED|CONSTRAINED|CONSTRAINED_202547_2025-11-20_0656|BY_IF
100000002015|1006|1|1010002231_10_001|0|23-JUL-2025|0|0|1010002231|1|0|120960|200|25|0|0|26-JUL-2025|25|3|01-JAN-1970|0|-1|0|0|6200000072|0|0|0|0|6200000072|0|9809|0|1|202547|CONSTRAINED|CONSTRAINED|CONSTRAINED_202547_2025-11-20_0656|BY_IF
100000002015|1006|1|1010002232_10_001|0|13-AUG-2025|0|0|1010002232|1|0|120960|800|45|0|0|13-AUG-2025|45|1|01-JAN-1970|0|-1|0|0|6200000072|0|0|0|0|6200000072|0|8388|0|1|202547|CONSTRAINED|CONSTRAINED|CONSTRAINED_202547_2025-11-20_0656|BY_IF
100000002015|1006|1|1010002233_10_001|0|23-JUL-2025|0|0|1010002233|1|0|120960|200|25|0|0|26-JUL-2025|25|3|01-JAN-1970|0|-1|0|0|6200000072|0|0|0|0|6200000072|0|9799|0|1|202547|CONSTRAINED|CONSTRAINED|CONSTRAINED_202547_2025-11-20_0656|BY_IF
100000002015|1006|1|1010002234_10_001|0|09-AUG-2025|0|0|1010002234|1|0|120960|200|12|0|0|09-AUG-2025|12|1|01-JAN-1970|0|-1|0|0|6200000072|0|0|0|0|6200000072|0|8923|0|1|202547|CONSTRAINED|CONSTRAINED|CONSTRAINED_202547_2025-11-20_0656|BY_IF
100000002015|1006|1|1010002235_10_001|0|23-JUL-2025|0|0|1010002235|1|0|120960|200|20|0|0|26-JUL-2025|20|3|01-JAN-1970|0|-1|0|0|6200000072|0|0|0|0|6200000072|0|9788|0|1|202547|CONSTRAINED|CONSTRAINED|CONSTRAINED_202547_2025-11-20_0656|BY_IF
100000002015|1006|1|1010002236_10_001|0|23-JUL-2025|0|0|1010002236|1|0|120960|200|20|0|0|26-JUL-2025|20|3|01-JAN-1970|0|-1|0|0|6200000072|0|0|0|0|6200000072|0|9778|0|1|202547|CONSTRAINED|CONSTRAINED|CONSTRAINED_202547_2025-11-20_0656|BY_IF
100000002015|1006|1|1010002237_10_001|0|18-AUG-2025|0|0|1010002237|1|0|120960|800|25|0|0|18-AUG-2025|25|1|01-JAN-1970|0|-1|0|0|6200000072|0|0|0|0|6200000072|0|8184|0|1|202547|CONSTRAINED|CONSTRAINED|CONSTRAINED_202547_2025-11-20_0656|BY_IF
100000002015|1006|1|1010002238_10_001|0|13-AUG-2025|0|0|1010002238|1|0|120960|800|25|0|0|13-AUG-2025|25|1|01-JAN-1970|0|-1|0|0|6200000072|0|0|0|0|6200000072|0|8386|0|1|202547|CONSTRAINED|CONSTRAINED|CONSTRAINED_202547_2025-11-20_0656|BY_IF
100000002015|1006|1|1010002239_10_001|0|11-AUG-2025|0|0|1010002239|1|0|120960|800|65|0|0|11-AUG-2025|65|1|01-JAN-1970|0|-1|0|0|6200000072|0|0|0|0|6200000072|0|8545|0|1|202547|CONSTRAINED|CONSTRAINED|CONSTRAINED_202547_2025-11-20_0656|BY_IF
100000002015|1006|1|1010002240_10_001|0|12-AUG-2025|0|0|1010002240|1|0|120960|800|18|0|0|12-AUG-2025|18|1|01-JAN-1970|0|-1|0|0|6200000072|0|0|0|0|6200000072|0|8460|0|1|202547|CONSTRAINED|CONSTRAINED|CONSTRAINED_202547_2025-11-20_0656|BY_IF
100000002015|1006|1|1010002241_10_001|0|16-AUG-2025|0|0|1010002241|1|0|120960|800|20|0|0|16-AUG-2025|20|1|01-JAN-1970|0|-1|0|0|6200000072|0|0|0|0|6200000072|0|8275|0|1|202547|CONSTRAINED|CONSTRAINED|CONSTRAINED_202547_2025-11-20_0656|BY_IF
100000002015|1006|1|1010002242_10_001|0|14-AUG-2025|0|0|1010002242|1|0|120960|800|65|0|0|14-AUG-2025|65|1|01-JAN-1970|0|-1|0|0|6200000072|0|0|0|0|6200000072|0|8317|0|1|202547|CONSTRAINED|CONSTRAINED|CONSTRAINED_202547_2025-11-20_0656|BY_IF
100000002015|1006|1|1010002243_10_001|0|18-AUG-2025|0|0|1010002243|1|0|120960|800|25|0|0|18-AUG-2025|25|1|01-JAN-1970|0|-1|0|0|6200000072|0|0|0|0|6200000072|0|8183|0|1|202547|CONSTRAINED|CONSTRAINED|CONSTRAINED_202547_2025-11-20_0656|BY_IF
100000002015|1006|1|1010002244_10_001|0|23-JUL-2025|0|0|1010002244|1|0|120960|200|25|0|0|26-JUL-2025|25|3|01-JAN-1970|0|-1|0|0|6200000072|0|0|0|0|6200000072|0|9767|0|1|202547|CONSTRAINED|CONSTRAINED|CONSTRAINED_202547_2025-11-20_0656|BY_IF
100000002015|1006|1|1010002245_10_001|0|23-AUG-2025|0|0|1010002245|1|0|120960|800|35|0|0|23-AUG-2025|35|1|01-JAN-1970|0|-1|0|0|6200000072|0|0|0|0|6200000072|0|8126|0|1|202547|CONSTRAINED|CONSTRAINED|CONSTRAINED_202547_2025-11-20_0656|BY_IF
100000002015|1006|1|1010002246_10_001|0|14-AUG-2025|0|0|1010002246|1|0|120960|800|20|0|0|14-AUG-2025|20|1|01-JAN-1970|0|-1|0|0|6200000072|0|0|0|0|6200000072|0|8316|0|1|202547|CONSTRAINED|CONSTRAINED|CONSTRAINED_202547_2025-11-20_0656|BY_IF
100000002015|1006|1|1010002247_10_001|0|13-AUG-2025|0|0|1010002247|1|0|120960|800|35|0|0|13-AUG-2025|35|1|01-JAN-1970|0|-1|0|0|6200000072|0|0|0|0|6200000072|0|8385|0|1|202547|CONSTRAINED|CONSTRAINED|CONSTRAINED_202547_2025-11-20_0656|BY_IF
100000002015|1006|1|1010002248_10_001|0|23-AUG-2025|0|0|1010002248|1|0|120960|800|70|0|0|23-AUG-2025|70|1|01-JAN-1970|0|-1|0|0|6200000072|0|0|0|0|6200000072|0|8125|0|1|202547|CONSTRAINED|CONSTRAINED|CONSTRAINED_202547_2025-11-20_0656|BY_IF
100000002015|1006|1|1010002249_10_001|0|20-AUG-2025|0|0|1010002249|1|0|120960|800|12|0|0|20-AUG-2025|12|1|01-JAN-1970|0|-1|0|0|6200000072|0|0|0|0|6200000072|0|8154|0|1|202547|CONSTRAINED|CONSTRAINED|CONSTRAINED_202547_2025-11-20_0656|BY_IF
100000002015|1006|1|1010002250_10_001|0|17-AUG-2025|0|0|1010002250|1|0|120960|800|25|0|0|17-AUG-2025|25|1|01-JAN-1970|0|-1|0|0|6200000072|0|0|0|0|6200000072|0|8242|0|1|202547|CONSTRAINED|CONSTRAINED|CONSTRAINED_202547_2025-11-20_0656|BY_IF
100000002015|1006|1|1010002251_10_001|0|21-JUL-2025|0|0|1010002251|1|0|120960|200|25|0|0|26-JUL-2025|25|3|01-JAN-1970|0|-1|0|0|6200000072|0|0|0|0|6200000072|0|9863|0|1|202547|CONSTRAINED|CONSTRAINED|CONSTRAINED_202547_2025-11-20_0656|BY_IF
100000002015|1006|1|1033500016_10_002|0|28-JUL-2025|0|0|1033500016|1|0|120960|200|90|0|0|28-JUL-2025|90|1|01-JAN-1970|0|-1|0|0|6200000072|0|0|0|0|6200000072|0|9090|0|1|202547|CONSTRAINED|CONSTRAINED|CONSTRAINED_202547_2025-11-20_0656|BY_IF
100000002015|1006|1|1033500016_10_002-1|0|28-JUL-2025|0|0|1033500016|1|0|120960|200|10|0|0|28-JUL-2025|0|6|01-JAN-1970|0|0|0|0|6200000072|0|||0|6200000072|0|0|0|3|202547|CONSTRAINED|CONSTRAINED|CONSTRAINED_202547_2025-11-20_0656|BY_IF
100000002015|1006|2| |462|13-DEC-2025|0|0|0|0|0|0|400|75|0|0|13-DEC-2025|0|6|01-JAN-1970|0|0|462|0| |0|||0|6200000072|10|0|0|1|202547|CONSTRAINED|CONSTRAINED|CONSTRAINED_202547_2025-11-20_0656|BY_IF
100000002015|1006|2| |463|27-DEC-2025|0|0|0|0|0|0|400|75|0|0|07-FEB-2026|75|1|01-JAN-1970|0|-1|463|0| |0|0|0|0|6200000072|10|7850|0|1|202547|CONSTRAINED|CONSTRAINED|CONSTRAINED_202547_2025-11-20_0656|BY_IF
100000002015|1006|2| |464|10-JAN-2026|0|0|0|0|0|0|400|75|0|0|10-JAN-2026|0|6|01-JAN-1970|0|0|464|0| |0|||0|6200000072|10|0|0|1|202547|CONSTRAINED|CONSTRAINED|CONSTRAINED_202547_2025-11-20_0656|BY_IF
100000002015|1006|2| |465|06-DEC-2025|0|0|0|0|0|0|400|49|0|0|24-JAN-2026|75|1|01-JAN-1970|0|-1|465|0| |0|0|0|0|6200000072|10|7890|0|1|202547|CONSTRAINED|CONSTRAINED|CONSTRAINED_202547_2025-11-20_0656|BY_IF
100000002015|1006|2| |466|20-DEC-2025|0|0|0|0|0|0|400|75|0|0|20-DEC-2025|0|6|01-JAN-1970|0|0|466|0| |0|||0|6200000072|10|0|0|1|202547|CONSTRAINED|CONSTRAINED|CONSTRAINED_202547_2025-11-20_0656|BY_IF
100000002015|1006|2| |467|03-JAN-2026|0|0|0|0|0|0|400|75|0|0|11-JUL-2026|75|1|01-JAN-1970|0|-1|467|0| |0|0|0|0|6200000072|10|9586|0|1|202547|CONSTRAINED|CONSTRAINED|CONSTRAINED_202547_2025-11-20_0656|BY_IF
100000002015|VF|2| |321|13-JUN-2026|0|0|0|0|0|0|400|75|0|0|13-JUN-2026|0|6|01-JAN-1970|0|0|321|0| |0|||0|6200000072|10|0|0|1|202547|CONSTRAINED|CONSTRAINED|CONSTRAINED_202547_2025-11-20_0656|BY_IF
100000002015|VF|2| |322|06-JUN-2026|0|0|0|0|0|0|400|75|0|0|06-JUN-2026|0|6|01-JAN-1970|0|0|322|0| |0|||0|6200000072|10|0|0|1|202547|CONSTRAINED|CONSTRAINED|CONSTRAINED_202547_2025-11-20_0656|BY_IF
100000002015|VF|2| |323|17-JAN-2026|0|0|0|0|0|0|400|75|0|0|17-JAN-2026|0|6|01-JAN-1970|0|0|323|0| |0|||0|6200000072|10|0|0|1|202547|CONSTRAINED|CONSTRAINED|CONSTRAINED_202547_2025-11-20_0656|BY_IF
100000002015|VF|2| |324|24-JAN-2026|0|0|0|0|0|0|400|75|0|0|24-JAN-2026|0|6|01-JAN-1970|0|0|324|0| |0|||0|6200000072|10|0|0|1|202547|CONSTRAINED|CONSTRAINED|CONSTRAINED_202547_2025-11-20_0656|BY_IF
100000002015|VF|2| |325|07-MAR-2026|0|0|0|0|0|0|400|75|0|0|07-MAR-2026|0|6|01-JAN-1970|0|0|325|0| |0|||0|6200000072|10|0|0|1|202547|CONSTRAINED|CONSTRAINED|CONSTRAINED_202547_2025-11-20_0656|BY_IF
100000002015|VF|2| |326|28-FEB-2026|0|0|0|0|0|0|400|75|0|0|28-FEB-2026|0|6|01-JAN-1970|0|0|326|0| |0|||0|6200000072|10|0|0|1|202547|CONSTRAINED|CONSTRAINED|CONSTRAINED_202547_2025-11-20_0656|BY_IF
100000002015|VF|2| |327|18-JUL-2026|0|0|0|0|0|0|400|75|0|0|18-JUL-2026|0|6|01-JAN-1970|0|0|327|0| |0|||0|6200000072|10|0|0|1|202547|CONSTRAINED|CONSTRAINED|CONSTRAINED_202547_2025-11-20_0656|BY_IF
100000002015|VF|2| |328|25-JUL-2026|0|0|0|0|0|0|400|75|0|0|25-JUL-2026|0|6|01-JAN-1970|0|0|328|0| |0|||0|6200000072|10|0|0|1|202547|CONSTRAINED|CONSTRAINED|CONSTRAINED_202547_2025-11-20_0656|BY_IF
100000002015|VF|2| |329|21-MAR-2026|0|0|0|0|0|0|400|75|0|0|21-MAR-2026|0|6|01-JAN-1970|0|0|329|0| |0|||0|6200000072|10|0|0|1|202547|CONSTRAINED|CONSTRAINED|CONSTRAINED_202547_2025-11-20_0656|BY_IF
100000002015|VF|2| |330|14-MAR-2026|0|0|0|0|0|0|400|75|0|0|14-MAR-2026|0|6|01-JAN-1970|0|0|330|0| |0|||0|6200000072|10|0|0|1|202547|CONSTRAINED|CONSTRAINED|CONSTRAINED_202547_2025-11-20_0656|BY_IF
100000002015|VF|2| |331|20-JUN-2026|0|0|0|0|0|0|400|75|0|0|20-JUN-2026|0|6|01-JAN-1970|0|0|331|0| |0|||0|6200000072|10|0|0|1|202547|CONSTRAINED|CONSTRAINED|CONSTRAINED_202547_2025-11-20_0656|BY_IF
100000002015|VF|2| |332|31-JAN-2026|0|0|0|0|0|0|400|75|0|0|31-JAN-2026|0|6|01-JAN-1970|0|0|332|0| |0|||0|6200000072|10|0|0|1|202547|CONSTRAINED|CONSTRAINED|CONSTRAINED_202547_2025-11-20_0656|BY_IF
100000002015|VF|2| |333|07-FEB-2026|0|0|0|0|0|0|400|75|0|0|07-FEB-2026|0|6|01-JAN-1970|0|0|333|0| |0|||0|6200000072|10|0|0|1|202547|CONSTRAINED|CONSTRAINED|CONSTRAINED_202547_2025-11-20_0656|BY_IF
100000002015|VF|2| |334|27-JUN-2026|0|0|0|0|0|0|400|75|0|0|27-JUN-2026|0|6|01-JAN-1970|0|0|334|0| |0|||0|6200000072|10|0|0|1|202547|CONSTRAINED|CONSTRAINED|CONSTRAINED_202547_2025-11-20_0656|BY_IF
100000002015|VF|2| |335|14-FEB-2026|0|0|0|0|0|0|400|75|0|0|14-FEB-2026|0|6|01-JAN-1970|0|0|335|0| |0|||0|6200000072|10|0|0|1|202547|CONSTRAINED|CONSTRAINED|CONSTRAINED_202547_2025-11-20_0656|BY_IF
100000002015|VF|2| |336|21-FEB-2026|0|0|0|0|0|0|400|75|0|0|21-FEB-2026|0|6|01-JAN-1970|0|0|336|0| |0|||0|6200000072|10|0|0|1|202547|CONSTRAINED|CONSTRAINED|CONSTRAINED_202547_2025-11-20_0656|BY_IF
100000002015|VF|2| |337|04-JUL-2026|0|0|0|0|0|0|400|75|0|0|04-JUL-2026|0|6|01-JAN-1970|0|0|337|0| |0|||0|6200000072|10|0|0|1|202547|CONSTRAINED|CONSTRAINED|CONSTRAINED_202547_2025-11-20_0656|BY_IF
100000002015|VF|2| |338|11-JUL-2026|0|0|0|0|0|0|400|75|0|0|11-JUL-2026|0|6|01-JAN-1970|0|0|338|0| |0|||0|6200000072|10|0|0|1|202547|CONSTRAINED|CONSTRAINED|CONSTRAINED_202547_2025-11-20_0656|BY_IF
100000002015|VF|2| |339|04-APR-2026|0|0|0|0|0|0|400|75|0|0|04-APR-2026|0|6|01-JAN-1970|0|0|339|0| |0|||0|6200000072|10|0|0|1|202547|CONSTRAINED|CONSTRAINED|CONSTRAINED_202547_2025-11-20_0656|BY_IF
100000002015|VF|2| |340|28-MAR-2026|0|0|0|0|0|0|400|75|0|0|28-MAR-2026|0|6|01-JAN-1970|0|0|340|0| |0|||0|6200000072|10|0|0|1|202547|CONSTRAINED|CONSTRAINED|CONSTRAINED_202547_2025-11-20_0656|BY_IF
100000002015|VF|2| |341|16-MAY-2026|0|0|0|0|0|0|400|75|0|0|16-MAY-2026|0|6|01-JAN-1970|0|0|341|0| |0|||0|6200000072|10|0|0|1|202547|CONSTRAINED|CONSTRAINED|CONSTRAINED_202547_2025-11-20_0656|BY_IF
100000002015|VF|2| |342|09-MAY-2026|0|0|0|0|0|0|400|75|0|0|09-MAY-2026|0|6|01-JAN-1970|0|0|342|0| |0|||0|6200000072|10|0|0|1|202547|CONSTRAINED|CONSTRAINED|CONSTRAINED_202547_2025-11-20_0656|BY_IF
100000002015|VF|2| |343|22-NOV-2025|0|0|0|0|0|0|510|38|0|0|22-NOV-2025|0|6|01-JAN-1970|0|0|343|0| |0|||0|6200000072|11|0|0|1|202547|CONSTRAINED|CONSTRAINED|CONSTRAINED_202547_2025-11-20_0656|BY_IF
100000002015|VF|2| |344|30-MAY-2026|0|0|0|0|0|0|400|75|0|0|30-MAY-2026|0|6|01-JAN-1970|0|0|344|0| |0|||0|6200000072|10|0|0|1|202547|CONSTRAINED|CONSTRAINED|CONSTRAINED_202547_2025-11-20_0656|BY_IF
100000002015|VF|2| |345|23-MAY-2026|0|0|0|0|0|0|400|75|0|0|23-MAY-2026|0|6|01-JAN-1970|0|0|345|0| |0|||0|6200000072|10|0|0|1|202547|CONSTRAINED|CONSTRAINED|CONSTRAINED_202547_2025-11-20_0656|BY_IF
100000002015|VF|2| |346|18-APR-2026|0|0|0|0|0|0|400|75|0|0|18-APR-2026|0|6|01-JAN-1970|0|0|346|0| |0|||0|6200000072|10|0|0|1|202547|CONSTRAINED|CONSTRAINED|CONSTRAINED_202547_2025-11-20_0656|BY_IF
100000002015|VF|2| |347|11-APR-2026|0|0|0|0|0|0|400|75|0|0|11-APR-2026|0|6|01-JAN-1970|0|0|347|0| |0|||0|6200000072|10|0|0|1|202547|CONSTRAINED|CONSTRAINED|CONSTRAINED_202547_2025-11-20_0656|BY_IF
100000002015|VF|2| |348|02-MAY-2026|0|0|0|0|0|0|400|75|0|0|02-MAY-2026|0|6|01-JAN-1970|0|0|348|0| |0|||0|6200000072|10|0|0|1|202547|CONSTRAINED|CONSTRAINED|CONSTRAINED_202547_2025-11-20_0656|BY_IF
100000002015|VF|2| |349|25-APR-2026|0|0|0|0|0|0|400|75|0|0|25-APR-2026|0|6|01-JAN-1970|0|0|349|0| |0|||0|6200000072|10|0|0|1|202547|CONSTRAINED|CONSTRAINED|CONSTRAINED_202547_2025-11-20_0656|BY_IF
100000002015|VF|2| |1228|19-SEP-2026|0|0|0|0|0|0|1200|75|0|0|19-SEP-2026|0|6|01-JAN-1970|0|0|1228|0| |0|||0|6200000072|13|0|0|1|202547|CONSTRAINED|CONSTRAINED|CONSTRAINED_202547_2025-11-20_0656|BY_IF
100000002015|VF|2| |1229|27-FEB-2027|0|0|0|0|0|0|1200|75|0|0|27-FEB-2027|0|6|01-JAN-1970|0|0|1229|0| |0|||0|6200000072|13|0|0|1|202547|CONSTRAINED|CONSTRAINED|CONSTRAINED_202547_2025-11-20_0656|BY_IF
100000002015|VF|2| |1230|10-JUL-2027|0|0|0|0|0|0|1200|75|0|0|10-JUL-2027|0|6|01-JAN-1970|0|0|1230|0| |0|||0|6200000072|13|0|0|1|202547|CONSTRAINED|CONSTRAINED|CONSTRAINED_202547_2025-11-20_0656|BY_IF
100000002015|VF|2| |1231|05-SEP-2026|0|0|0|0|0|0|1200|75|0|0|05-SEP-2026|0|6|01-JAN-1970|0|0|1231|0| |0|||0|6200000072|13|0|0|1|202547|CONSTRAINED|CONSTRAINED|CONSTRAINED_202547_2025-11-20_0656|BY_IF
100000002015|VF|2| |1232|16-JAN-2027|0|0|0|0|0|0|1200|75|0|0|16-JAN-2027|0|6|01-JAN-1970|0|0|1232|0| |0|||0|6200000072|13|0|0|1|202547|CONSTRAINED|CONSTRAINED|CONSTRAINED_202547_2025-11-20_0656|BY_IF
100000002015|VF|2| |1233|29-MAY-2027|0|0|0|0|0|0|1200|75|0|0|29-MAY-2027|0|6|01-JAN-1970|0|0|1233|0| |0|||0|6200000072|13|0|0|1|202547|CONSTRAINED|CONSTRAINED|CONSTRAINED_202547_2025-11-20_0656|BY_IF
100000002015|VF|2| |1234|22-AUG-2026|0|0|0|0|0|0|1200|75|0|0|22-AUG-2026|0|6|01-JAN-1970|0|0|1234|0| |0|||0|6200000072|13|0|0|1|202547|CONSTRAINED|CONSTRAINED|CONSTRAINED_202547_2025-11-20_0656|BY_IF
100000002015|VF|2| |1235|30-JAN-2027|0|0|0|0|0|0|1200|75|0|0|30-JAN-2027|0|6|01-JAN-1970|0|0|1235|0| |0|||0|6200000072|13|0|0|1|202547|CONSTRAINED|CONSTRAINED|CONSTRAINED_202547_2025-11-20_0656|BY_IF
100000002015|VF|2| |1236|12-JUN-2027|0|0|0|0|0|0|1200|75|0|0|12-JUN-2027|0|6|01-JAN-1970|0|0|1236|0| |0|||0|6200000072|13|0|0|1|202547|CONSTRAINED|CONSTRAINED|CONSTRAINED_202547_2025-11-20_0656|BY_IF
100000002015|VF|2| |1237|08-AUG-2026|0|0|0|0|0|0|1200|75|0|0|08-AUG-2026|0|6|01-JAN-1970|0|0|1237|0| |0|||0|6200000072|13|0|0|1|202547|CONSTRAINED|CONSTRAINED|CONSTRAINED_202547_2025-11-20_0656|BY_IF
100000002015|VF|2| |1238|02-JAN-2027|0|0|0|0|0|0|1200|75|0|0|02-JAN-2027|0|6|01-JAN-1970|0|0|1238|0| |0|||0|6200000072|13|0|0|1|202547|CONSTRAINED|CONSTRAINED|CONSTRAINED_202547_2025-11-20_0656|BY_IF
100000002015|VF|2| |1239|15-MAY-2027|0|0|0|0|0|0|1200|75|0|0|15-MAY-2027|0|6|01-JAN-1970|0|0|1239|0| |0|||0|6200000072|13|0|0|1|202547|CONSTRAINED|CONSTRAINED|CONSTRAINED_202547_2025-11-20_0656|BY_IF
100000002015|VF|2| |1240|01-AUG-2026|0|0|0|0|0|0|1200|75|0|0|01-AUG-2026|0|6|01-JAN-1970|0|0|1240|0| |0|||0|6200000072|13|0|0|1|202547|CONSTRAINED|CONSTRAINED|CONSTRAINED_202547_2025-11-20_0656|BY_IF
100000002015|VF|2| |1241|12-DEC-2026|0|0|0|0|0|0|1200|75|0|0|12-DEC-2026|0|6|01-JAN-1970|0|0|1241|0| |0|||0|6200000072|13|0|0|1|202547|CONSTRAINED|CONSTRAINED|CONSTRAINED_202547_2025-11-20_0656|BY_IF
100000002015|VF|2| |1242|24-APR-2027|0|0|0|0|0|0|1200|75|0|0|24-APR-2027|0|6|01-JAN-1970|0|0|1242|0| |0|||0|6200000072|13|0|0|1|202547|CONSTRAINED|CONSTRAINED|CONSTRAINED_202547_2025-11-20_0656|BY_IF
100000002015|VF|2| |1243|28-NOV-2026|0|0|0|0|0|0|1200|75|0|0|28-NOV-2026|0|6|01-JAN-1970|0|0|1243|0| |0|||0|6200000072|13|0|0|1|202547|CONSTRAINED|CONSTRAINED|CONSTRAINED_202547_2025-11-20_0656|BY_IF
100000002015|VF|2| |1244|08-MAY-2027|0|0|0|0|0|0|1200|75|0|0|08-MAY-2027|0|6|01-JAN-1970|0|0|1244|0| |0|||0|6200000072|13|0|0|1|202547|CONSTRAINED|CONSTRAINED|CONSTRAINED_202547_2025-11-20_0656|BY_IF
100000002015|VF|2| |1245|24-JUL-2027|0|0|0|0|0|0|1200|75|0|0|24-JUL-2027|0|6|01-JAN-1970|0|0|1245|0| |0|||0|6200000072|13|0|0|1|202547|CONSTRAINED|CONSTRAINED|CONSTRAINED_202547_2025-11-20_0656|BY_IF
100000002015|VF|2| |1246|14-NOV-2026|0|0|0|0|0|0|1200|75|0|0|14-NOV-2026|0|6|01-JAN-1970|0|0|1246|0| |0|||0|6200000072|13|0|0|1|202547|CONSTRAINED|CONSTRAINED|CONSTRAINED_202547_2025-11-20_0656|BY_IF
100000002015|VF|2| |1247|27-MAR-2027|0|0|0|0|0|0|1200|75|0|0|27-MAR-2027|0|6|01-JAN-1970|0|0|1247|0| |0|||0|6200000072|13|0|0|1|202547|CONSTRAINED|CONSTRAINED|CONSTRAINED_202547_2025-11-20_0656|BY_IF
100000002015|VF|2| |1248|31-OCT-2026|0|0|0|0|0|0|1200|75|0|0|31-OCT-2026|0|6|01-JAN-1970|0|0|1248|0| |0|||0|6200000072|13|0|0|1|202547|CONSTRAINED|CONSTRAINED|CONSTRAINED_202547_2025-11-20_0656|BY_IF
100000002015|VF|2| |1249|10-APR-2027|0|0|0|0|0|0|1200|75|0|0|10-APR-2027|0|6|01-JAN-1970|0|0|1249|0| |0|||0|6200000072|13|0|0|1|202547|CONSTRAINED|CONSTRAINED|CONSTRAINED_202547_2025-11-20_0656|BY_IF
100000002015|VF|2| |1250|17-OCT-2026|0|0|0|0|0|0|1200|75|0|0|17-OCT-2026|0|6|01-JAN-1970|0|0|1250|0| |0|||0|6200000072|13|0|0|1|202547|CONSTRAINED|CONSTRAINED|CONSTRAINED_202547_2025-11-20_0656|BY_IF
100000002015|VF|2| |1251|13-MAR-2027|0|0|0|0|0|0|1200|75|0|0|13-MAR-2027|0|6|01-JAN-1970|0|0|1251|0| |0|||0|6200000072|13|0|0|1|202547|CONSTRAINED|CONSTRAINED|CONSTRAINED_202547_2025-11-20_0656|BY_IF
100000002015|VF|2| |1252|10-OCT-2026|0|0|0|0|0|0|1200|75|0|0|10-OCT-2026|0|6|01-JAN-1970|0|0|1252|0| |0|||0|6200000072|13|0|0|1|202547|CONSTRAINED|CONSTRAINED|CONSTRAINED_202547_2025-11-20_0656|BY_IF
100000002015|VF|2| |1253|06-FEB-2027|0|0|0|0|0|0|1200|75|0|0|06-FEB-2027|0|6|01-JAN-1970|0|0|1253|0| |0|||0|6200000072|13|0|0|1|202547|CONSTRAINED|CONSTRAINED|CONSTRAINED_202547_2025-11-20_0656|BY_IF
100000002015|VF|2| |1254|03-JUL-2027|0|0|0|0|0|0|1200|75|0|0|03-JUL-2027|0|6|01-JAN-1970|0|0|1254|0| |0|||0|6200000072|13|0|0|1|202547|CONSTRAINED|CONSTRAINED|CONSTRAINED_202547_2025-11-20_0656|BY_IF
100000002015|VF|2| |1255|26-SEP-2026|0|0|0|0|0|0|1200|75|0|0|26-SEP-2026|0|6|01-JAN-1970|0|0|1255|0| |0|||0|6200000072|13|0|0|1|202547|CONSTRAINED|CONSTRAINED|CONSTRAINED_202547_2025-11-20_0656|BY_IF
100000002015|VF|2| |1256|20-FEB-2027|0|0|0|0|0|0|1200|75|0|0|20-FEB-2027|0|6|01-JAN-1970|0|0|1256|0| |0|||0|6200000072|13|0|0|1|202547|CONSTRAINED|CONSTRAINED|CONSTRAINED_202547_2025-11-20_0656|BY_IF
100000002015|VF|2| |1257|17-JUL-2027|0|0|0|0|0|0|1200|75|0|0|17-JUL-2027|0|6|01-JAN-1970|0|0|1257|0| |0|||0|6200000072|13|0|0|1|202547|CONSTRAINED|CONSTRAINED|CONSTRAINED_202547_2025-11-20_0656|BY_IF
100000002015|VF|2| |1258|12-SEP-2026|0|0|0|0|0|0|1200|75|0|0|12-SEP-2026|0|6|01-JAN-1970|0|0|1258|0| |0|||0|6200000072|13|0|0|1|202547|CONSTRAINED|CONSTRAINED|CONSTRAINED_202547_2025-11-20_0656|BY_IF
100000002015|VF|2| |1259|09-JAN-2027|0|0|0|0|0|0|1200|75|0|0|09-JAN-2027|0|6|01-JAN-1970|0|0|1259|0| |0|||0|6200000072|13|0|0|1|202547|CONSTRAINED|CONSTRAINED|CONSTRAINED_202547_2025-11-20_0656|BY_IF
100000002015|VF|2| |1260|05-JUN-2027|0|0|0|0|0|0|1200|75|0|0|05-JUN-2027|0|6|01-JAN-1970|0|0|1260|0| |0|||0|6200000072|13|0|0|1|202547|CONSTRAINED|CONSTRAINED|CONSTRAINED_202547_2025-11-20_0656|BY_IF
100000002015|VF|2| |1261|29-AUG-2026|0|0|0|0|0|0|1200|75|0|0|29-AUG-2026|0|6|01-JAN-1970|0|0|1261|0| |0|||0|6200000072|13|0|0|1|202547|CONSTRAINED|CONSTRAINED|CONSTRAINED_202547_2025-11-20_0656|BY_IF
100000002015|VF|2| |1262|23-JAN-2027|0|0|0|0|0|0|1200|75|0|0|23-JAN-2027|0|6|01-JAN-1970|0|0|1262|0| |0|||0|6200000072|13|0|0|1|202547|CONSTRAINED|CONSTRAINED|CONSTRAINED_202547_2025-11-20_0656|BY_IF
100000002015|VF|2| |1263|19-JUN-2027|0|0|0|0|0|0|1200|75|0|0|19-JUN-2027|0|6|01-JAN-1970|0|0|1263|0| |0|||0|6200000072|13|0|0|1|202547|CONSTRAINED|CONSTRAINED|CONSTRAINED_202547_2025-11-20_0656|BY_IF
100000002015|VF|2| |1264|15-AUG-2026|0|0|0|0|0|0|1200|75|0|0|15-AUG-2026|0|6|01-JAN-1970|0|0|1264|0| |0|||0|6200000072|13|0|0|1|202547|CONSTRAINED|CONSTRAINED|CONSTRAINED_202547_2025-11-20_0656|BY_IF
100000002015|VF|2| |1265|26-DEC-2026|0|0|0|0|0|0|1200|75|0|0|26-DEC-2026|0|6|01-JAN-1970|0|0|1265|0| |0|||0|6200000072|13|0|0|1|202547|CONSTRAINED|CONSTRAINED|CONSTRAINED_202547_2025-11-20_0656|BY_IF
100000002015|VF|2| |1266|22-MAY-2027|0|0|0|0|0|0|1200|75|0|0|22-MAY-2027|0|6|01-JAN-1970|0|0|1266|0| |0|||0|6200000072|13|0|0|1|202547|CONSTRAINED|CONSTRAINED|CONSTRAINED_202547_2025-11-20_0656|BY_IF
100000002015|VF|2| |1267|24-OCT-2026|0|0|0|0|0|0|1200|75|0|0|24-OCT-2026|0|6|01-JAN-1970|0|0|1267|0| |0|||0|6200000072|13|0|0|1|202547|CONSTRAINED|CONSTRAINED|CONSTRAINED_202547_2025-11-20_0656|BY_IF
100000002015|VF|2| |1268|19-DEC-2026|0|0|0|0|0|0|1200|75|0|0|19-DEC-2026|0|6|01-JAN-1970|0|0|1268|0| |0|||0|6200000072|13|0|0|1|202547|CONSTRAINED|CONSTRAINED|CONSTRAINED_202547_2025-11-20_0656|BY_IF
100000002015|VF|2| |1269|17-APR-2027|0|0|0|0|0|0|1200|75|0|0|17-APR-2027|0|6|01-JAN-1970|0|0|1269|0| |0|||0|6200000072|13|0|0|1|202547|CONSTRAINED|CONSTRAINED|CONSTRAINED_202547_2025-11-20_0656|BY_IF
100000002015|VF|2| |1270|05-DEC-2026|0|0|0|0|0|0|1200|75|0|0|05-DEC-2026|0|6|01-JAN-1970|0|0|1270|0| |0|||0|6200000072|13|0|0|1|202547|CONSTRAINED|CONSTRAINED|CONSTRAINED_202547_2025-11-20_0656|BY_IF
100000002015|VF|2| |1271|01-MAY-2027|0|0|0|0|0|0|1200|75|0|0|01-MAY-2027|0|6|01-JAN-1970|0|0|1271|0| |0|||0|6200000072|13|0|0|1|202547|CONSTRAINED|CONSTRAINED|CONSTRAINED_202547_2025-11-20_0656|BY_IF
100000002015|VF|2| |1272|21-NOV-2026|0|0|0|0|0|0|1200|75|0|0|21-NOV-2026|0|6|01-JAN-1970|0|0|1272|0| |0|||0|6200000072|13|0|0|1|202547|CONSTRAINED|CONSTRAINED|CONSTRAINED_202547_2025-11-20_0656|BY_IF
100000002015|VF|2| |1273|20-MAR-2027|0|0|0|0|0|0|1200|75|0|0|20-MAR-2027|0|6|01-JAN-1970|0|0|1273|0| |0|||0|6200000072|13|0|0|1|202547|CONSTRAINED|CONSTRAINED|CONSTRAINED_202547_2025-11-20_0656|BY_IF
100000002015|VF|2| |1274|07-NOV-2026|0|0|0|0|0|0|1200|75|0|0|07-NOV-2026|0|6|01-JAN-1970|0|0|1274|0| |0|||0|6200000072|13|0|0|1|202547|CONSTRAINED|CONSTRAINED|CONSTRAINED_202547_2025-11-20_0656|BY_IF
100000002015|VF|2| |1275|03-APR-2027|0|0|0|0|0|0|1200|75|0|0|03-APR-2027|0|6|01-JAN-1970|0|0|1275|0| |0|||0|6200000072|13|0|0|1|202547|CONSTRAINED|CONSTRAINED|CONSTRAINED_202547_2025-11-20_0656|BY_IF
100000002015|VF|2| |1276|06-MAR-2027|0|0|0|0|0|0|1200|75|0|0|06-MAR-2027|0|6|01-JAN-1970|0|0|1276|0| |0|||0|6200000072|13|0|0|1|202547|CONSTRAINED|CONSTRAINED|CONSTRAINED_202547_2025-11-20_0656|BY_IF
100000002015|VF|2| |1277|03-OCT-2026|0|0|0|0|0|0|1200|75|0|0|03-OCT-2026|0|6|01-JAN-1970|0|0|1277|0| |0|||0|6200000072|13|0|0|1|202547|CONSTRAINED|CONSTRAINED|CONSTRAINED_202547_2025-11-20_0656|BY_IF
100000002015|VF|2| |1278|13-FEB-2027|0|0|0|0|0|0|1200|75|0|0|13-FEB-2027|0|6|01-JAN-1970|0|0|1278|0| |0|||0|6200000072|13|0|0|1|202547|CONSTRAINED|CONSTRAINED|CONSTRAINED_202547_2025-11-20_0656|BY_IF
100000002015|VF|2| |1279|26-JUN-2027|0|0|0|0|0|0|1200|75|0|0|26-JUN-2027|0|6|01-JAN-1970|0|0|1279|0| |0|||0|6200000072|13|0|0|1|202547|CONSTRAINED|CONSTRAINED|CONSTRAINED_202547_2025-11-20_0656|BY_IF
100000002016|1006|1|1010033210_10_001|0|14-AUG-2025|0|0|1010033210|1|0|120960|200|20|0|0|14-AUG-2025|20|1|01-JAN-1970|0|-1|0|0|6200000072|0|0|0|0|6200000072|0|8314|0|1|202547|CONSTRAINED|CONSTRAINED|CONSTRAINED_202547_2025-11-20_0656|BY_IF
100000002016|1006|1|1010033211_10_001|0|13-AUG-2025|0|0|1010033211|1|0|120960|200|25|0|0|13-AUG-2025|25|1|01-JAN-1970|0|-1|0|0|6200000072|0|0|0|0|6200000072|0|8384|0|1|202547|CONSTRAINED|CONSTRAINED|CONSTRAINED_202547_2025-11-20_0656|BY_IF
100000002016|1006|1|1010033212_10_001|0|24-SEP-2025|0|0|1010033212|1|0|120960|200|25|0|0|24-SEP-2025|25|1|01-JAN-1970|0|-1|0|0|6200000072|0|0|0|0|6200000072|0|8071|0|1|202547|CONSTRAINED|CONSTRAINED|CONSTRAINED_202547_2025-11-20_0656|BY_IF
100000002016|1006|1|1010033213_10_001|0|23-JUL-2025|0|0|1010033213|1|0|120960|200|30|0|0|26-JUL-2025|30|3|01-JAN-1970|0|-1|0|0|6200000072|0|0|0|0|6200000072|0|9756|0|1|202547|CONSTRAINED|CONSTRAINED|CONSTRAINED_202547_2025-11-20_0656|BY_IF
100000002016|1006|1|1010033214_10_001|0|16-AUG-2025|0|0|1010033214|1|0|120960|200|20|0|0|16-AUG-2025|20|1|01-JAN-1970|0|-1|0|0|6200000072|0|0|0|0|6200000072|0|8274|0|1|202547|CONSTRAINED|CONSTRAINED|CONSTRAINED_202547_2025-11-20_0656|BY_IF
100000002016|1006|1|1010033215_10_001|0|12-AUG-2025|0|0|1010033215|1|0|120960|200|30|0|0|12-AUG-2025|30|1|01-JAN-1970|0|-1|0|0|6200000072|0|0|0|0|6200000072|0|8459|0|1|202547|CONSTRAINED|CONSTRAINED|CONSTRAINED_202547_2025-11-20_0656|BY_IF
100000002016|1006|1|1010033216_10_001|0|11-AUG-2025|0|0|1010033216|1|0|120960|200|25|0|0|11-AUG-2025|25|1|01-JAN-1970|0|-1|0|0|6200000072|0|0|0|0|6200000072|0|8544|0|1|202547|CONSTRAINED|CONSTRAINED|CONSTRAINED_202547_2025-11-20_0656|BY_IF
100000002016|1006|1|1010033217_10_001|0|11-AUG-2025|0|0|1010033217|1|0|120960|200|25|0|0|11-AUG-2025|25|1|01-JAN-1970|0|-1|0|0|6200000072|0|0|0|0|6200000072|0|8543|0|1|202547|CONSTRAINED|CONSTRAINED|CONSTRAINED_202547_2025-11-20_0656|BY_IF
100000002016|1006|1|1010033218_10_001|0|24-JUL-2025|0|0|1010033218|1|0|120960|200|75|0|0|26-JUL-2025|75|3|01-JAN-1970|0|-1|0|0|6200000072|0|0|0|0|6200000072|0|9259|0|1|202547|CONSTRAINED|CONSTRAINED|CONSTRAINED_202547_2025-11-20_0656|BY_IF
100000002016|1006|1|1010033219_10_001|0|12-AUG-2025|0|0|1010033219|1|0|120960|800|25|0|0|12-AUG-2025|25|1|01-JAN-1970|0|-1|0|0|6200000072|0|0|0|0|6200000072|0|8457|0|1|202547|CONSTRAINED|CONSTRAINED|CONSTRAINED_202547_2025-11-20_0656|BY_IF
100000002016|1006|1|1010033220_10_001|0|12-AUG-2025|0|0|1010033220|1|0|120960|800|50|0|0|12-AUG-2025|50|1|01-JAN-1970|0|-1|0|0|6200000072|0|0|0|0|6200000072|0|8456|0|1|202547|CONSTRAINED|CONSTRAINED|CONSTRAINED_202547_2025-11-20_0656|BY_IF
100000002016|1006|1|1010033221_10_001|0|30-AUG-2025|0|0|1010033221|1|0|120960|200|10|0|0|30-AUG-2025|10|1|01-JAN-1970|0|-1|0|0|6200000072|0|0|0|0|6200000072|0|8102|0|1|202547|CONSTRAINED|CONSTRAINED|CONSTRAINED_202547_2025-11-20_0656|BY_IF
100000002016|1006|1|1010033222_10_001|0|24-SEP-2025|0|0|1010033222|1|0|120960|200|25|0|0|24-SEP-2025|25|1|01-JAN-1970|0|-1|0|0|6200000072|0|0|0|0|6200000072|0|8070|0|1|202547|CONSTRAINED|CONSTRAINED|CONSTRAINED_202547_2025-11-20_0656|BY_IF
100000002016|1006|1|1010033223_10_001|0|12-AUG-2025|0|0|1010033223|1|0|120960|800|25|0|0|12-AUG-2025|25|1|01-JAN-1970|0|-1|0|0|6200000072|0|0|0|0|6200000072|0|8455|0|1|202547|CONSTRAINED|CONSTRAINED|CONSTRAINED_202547_2025-11-20_0656|BY_IF
100000002016|1006|1|1010033224_10_001|0|23-JUL-2025|0|0|1010033224|1|0|120960|200|20|0|0|26-JUL-2025|20|3|01-JAN-1970|0|-1|0|0|6200000072|0|0|0|0|6200000072|0|9745|0|1|202547|CONSTRAINED|CONSTRAINED|CONSTRAINED_202547_2025-11-20_0656|BY_IF
100000002016|1006|1|1010033225_10_001|0|17-AUG-2025|0|0|1010033225|1|0|120960|800|45|0|0|17-AUG-2025|45|1|01-JAN-1970|0|-1|0|0|6200000072|0|0|0|0|6200000072|0|8241|0|1|202547|CONSTRAINED|CONSTRAINED|CONSTRAINED_202547_2025-11-20_0656|BY_IF
100000002016|1006|1|1010033226_10_001|0|18-AUG-2025|0|0|1010033226|1|0|120960|800|70|0|0|18-AUG-2025|70|1|01-JAN-1970|0|-1|0|0|6200000072|0|0|0|0|6200000072|0|8182|0|1|202547|CONSTRAINED|CONSTRAINED|CONSTRAINED_202547_2025-11-20_0656|BY_IF
100000002016|1006|1|1010033227_10_001|0|14-AUG-2025|0|0|1010033227|1|0|120960|800|70|0|0|14-AUG-2025|70|1|01-JAN-1970|0|-1|0|0|6200000072|0|0|0|0|6200000072|0|8313|0|1|202547|CONSTRAINED|CONSTRAINED|CONSTRAINED_202547_2025-11-20_0656|BY_IF
100000002016|1006|1|1010033228_10_001|0|11-AUG-2025|0|0|1010033228|1|0|120960|800|25|0|0|11-AUG-2025|25|1|01-JAN-1970|0|-1|0|0|6200000072|0|0|0|0|6200000072|0|8542|0|1|202547|CONSTRAINED|CONSTRAINED|CONSTRAINED_202547_2025-11-20_0656|BY_IF
100000002016|1006|1|1010033229_10_001|0|18-AUG-2025|0|0|1010033229|1|0|120960|800|50|0|0|18-AUG-2025|50|1|01-JAN-1970|0|-1|0|0|6200000072|0|0|0|0|6200000072|0|8181|0|1|202547|CONSTRAINED|CONSTRAINED|CONSTRAINED_202547_2025-11-20_0656|BY_IF
100000002016|1006|1|1010033230_10_001|0|22-JUL-2025|0|0|1010033230|1|0|120960|200|20|0|0|26-JUL-2025|20|3|01-JAN-1970|0|-1|0|0|6200000072|0|0|0|0|6200000072|0|8500|0|1|202547|CONSTRAINED|CONSTRAINED|CONSTRAINED_202547_2025-11-20_0656|BY_IF
100000002016|1006|1|1010033231_10_001|0|23-JUL-2025|0|0|1010033231|1|0|120960|200|25|0|0|26-JUL-2025|25|3|01-JAN-1970|0|-1|0|0|6200000072|0|0|0|0|6200000072|0|9735|0|1|202547|CONSTRAINED|CONSTRAINED|CONSTRAINED_202547_2025-11-20_0656|BY_IF
100000002016|1006|1|1010033232_10_001|0|13-AUG-2025|0|0|1010033232|1|0|120960|800|45|0|0|13-AUG-2025|45|1|01-JAN-1970|0|-1|0|0|6200000072|0|0|0|0|6200000072|0|8383|0|1|202547|CONSTRAINED|CONSTRAINED|CONSTRAINED_202547_2025-11-20_0656|BY_IF
100000002016|1006|1|1010033233_10_001|0|23-JUL-2025|0|0|1010033233|1|0|120960|200|25|0|0|26-JUL-2025|25|3|01-JAN-1970|0|-1|0|0|6200000072|0|0|0|0|6200000072|0|9724|0|1|202547|CONSTRAINED|CONSTRAINED|CONSTRAINED_202547_2025-11-20_0656|BY_IF
100000002016|1006|1|1010033234_10_001|0|09-AUG-2025|0|0|1010033234|1|0|120960|200|12|0|0|09-AUG-2025|12|1|01-JAN-1970|0|-1|0|0|6200000072|0|0|0|0|6200000072|0|8912|0|1|202547|CONSTRAINED|CONSTRAINED|CONSTRAINED_202547_2025-11-20_0656|BY_IF
100000002016|1006|1|1010033235_10_001|0|23-JUL-2025|0|0|1010033235|1|0|120960|200|20|0|0|26-JUL-2025|20|3|01-JAN-1970|0|-1|0|0|6200000072|0|0|0|0|6200000072|0|9714|0|1|202547|CONSTRAINED|CONSTRAINED|CONSTRAINED_202547_2025-11-20_0656|BY_IF
100000002016|1006|1|1010033236_10_001|0|23-JUL-2025|0|0|1010033236|1|0|120960|200|20|0|0|26-JUL-2025|20|3|01-JAN-1970|0|-1|0|0|6200000072|0|0|0|0|6200000072|0|9704|0|1|202547|CONSTRAINED|CONSTRAINED|CONSTRAINED_202547_2025-11-20_0656|BY_IF
100000002016|1006|1|1010033237_10_001|0|18-AUG-2025|0|0|1010033237|1|0|120960|800|25|0|0|18-AUG-2025|25|1|01-JAN-1970|0|-1|0|0|6200000072|0|0|0|0|6200000072|0|8180|0|1|202547|CONSTRAINED|CONSTRAINED|CONSTRAINED_202547_2025-11-20_0656|BY_IF
100000002016|1006|1|1010033238_10_001|0|13-AUG-2025|0|0|1010033238|1|0|120960|800|25|0|0|13-AUG-2025|25|1|01-JAN-1970|0|-1|0|0|6200000072|0|0|0|0|6200000072|0|8382|0|1|202547|CONSTRAINED|CONSTRAINED|CONSTRAINED_202547_2025-11-20_0656|BY_IF
100000002016|1006|1|1010033239_10_001|0|11-AUG-2025|0|0|1010033239|1|0|120960|800|65|0|0|11-AUG-2025|65|1|01-JAN-1970|0|-1|0|0|6200000072|0|0|0|0|6200000072|0|8541|0|1|202547|CONSTRAINED|CONSTRAINED|CONSTRAINED_202547_2025-11-20_0656|BY_IF
100000002016|1006|1|1010033240_10_001|0|12-AUG-2025|0|0|1010033240|1|0|120960|800|18|0|0|12-AUG-2025|18|1|01-JAN-1970|0|-1|0|0|6200000072|0|0|0|0|6200000072|0|8454|0|1|202547|CONSTRAINED|CONSTRAINED|CONSTRAINED_202547_2025-11-20_0656|BY_IF
100000002016|1006|1|1010033241_10_001|0|16-AUG-2025|0|0|1010033241|1|0|120960|800|20|0|0|16-AUG-2025|20|1|01-JAN-1970|0|-1|0|0|6200000072|0|0|0|0|6200000072|0|8273|0|1|202547|CONSTRAINED|CONSTRAINED|CONSTRAINED_202547_2025-11-20_0656|BY_IF
100000002016|1006|1|1010033242_10_001|0|14-AUG-2025|0|0|1010033242|1|0|120960|800|65|0|0|14-AUG-2025|65|1|01-JAN-1970|0|-1|0|0|6200000072|0|0|0|0|6200000072|0|8312|0|1|202547|CONSTRAINED|CONSTRAINED|CONSTRAINED_202547_2025-11-20_0656|BY_IF
100000002016|1006|1|1010033243_10_001|0|18-AUG-2025|0|0|1010033243|1|0|120960|800|25|0|0|18-AUG-2025|25|1|01-JAN-1970|0|-1|0|0|6200000072|0|0|0|0|6200000072|0|8179|0|1|202547|CONSTRAINED|CONSTRAINED|CONSTRAINED_202547_2025-11-20_0656|BY_IF
100000002016|1006|1|1010033244_10_001|0|23-JUL-2025|0|0|1010033244|1|0|120960|200|25|0|0|26-JUL-2025|25|3|01-JAN-1970|0|-1|0|0|6200000072|0|0|0|0|6200000072|0|9693|0|1|202547|CONSTRAINED|CONSTRAINED|CONSTRAINED_202547_2025-11-20_0656|BY_IF
100000002016|1006|1|1010033245_10_001|0|23-AUG-2025|0|0|1010033245|1|0|120960|800|35|0|0|23-AUG-2025|35|1|01-JAN-1970|0|-1|0|0|6200000072|0|0|0|0|6200000072|0|8124|0|1|202547|CONSTRAINED|CONSTRAINED|CONSTRAINED_202547_2025-11-20_0656|BY_IF
100000002016|1006|1|1010033246_10_001|0|14-AUG-2025|0|0|1010033246|1|0|120960|800|20|0|0|14-AUG-2025|20|1|01-JAN-1970|0|-1|0|0|6200000072|0|0|0|0|6200000072|0|8311|0|1|202547|CONSTRAINED|CONSTRAINED|CONSTRAINED_202547_2025-11-20_0656|BY_IF
100000002016|1006|1|1010033247_10_001|0|13-AUG-2025|0|0|1010033247|1|0|120960|800|35|0|0|13-AUG-2025|35|1|01-JAN-1970|0|-1|0|0|6200000072|0|0|0|0|6200000072|0|8381|0|1|202547|CONSTRAINED|CONSTRAINED|CONSTRAINED_202547_2025-11-20_0656|BY_IF
100000002016|1006|1|1010033248_10_001|0|23-AUG-2025|0|0|1010033248|1|0|120960|800|70|0|0|23-AUG-2025|70|1|01-JAN-1970|0|-1|0|0|6200000072|0|0|0|0|6200000072|0|8123|0|1|202547|CONSTRAINED|CONSTRAINED|CONSTRAINED_202547_2025-11-20_0656|BY_IF
100000002016|1006|1|1010033249_10_001|0|20-AUG-2025|0|0|1010033249|1|0|120960|800|12|0|0|20-AUG-2025|12|1|01-JAN-1970|0|-1|0|0|6200000072|0|0|0|0|6200000072|0|8153|0|1|202547|CONSTRAINED|CONSTRAINED|CONSTRAINED_202547_2025-11-20_0656|BY_IF
100000002016|1006|1|1010033250_10_001|0|17-AUG-2025|0|0|1010033250|1|0|120960|800|25|0|0|17-AUG-2025|25|1|01-JAN-1970|0|-1|0|0|6200000072|0|0|0|0|6200000072|0|8240|0|1|202547|CONSTRAINED|CONSTRAINED|CONSTRAINED_202547_2025-11-20_0656|BY_IF
100000002016|1006|1|1010033251_10_001|0|21-JUL-2025|0|0|1010033251|1|0|120960|200|25|0|0|26-JUL-2025|25|3|01-JAN-1970|0|-1|0|0|6200000072|0|0|0|0|6200000072|0|9757|0|1|202547|CONSTRAINED|CONSTRAINED|CONSTRAINED_202547_2025-11-20_0656|BY_IF
100000002016|1006|1|1033500017_10_002|0|28-JUL-2025|0|0|1033500017|1|0|120960|200|90|0|0|28-JUL-2025|90|1|01-JAN-1970|0|-1|0|0|6200000072|0|0|0|0|6200000072|0|9079|0|1|202547|CONSTRAINED|CONSTRAINED|CONSTRAINED_202547_2025-11-20_0656|BY_IF
100000002016|1006|1|1033500017_10_002-1|0|28-JUL-2025|0|0|1033500017|1|0|120960|200|10|0|0|28-JUL-2025|0|6|01-JAN-1970|0|0|0|0|6200000072|0|||0|6200000072|0|0|0|3|202547|CONSTRAINED|CONSTRAINED|CONSTRAINED_202547_2025-11-20_0656|BY_IF
100000002016|1006|2| |474|06-DEC-2025|0|0|0|0|0|0|400|49|0|0|06-DEC-2025|0|6|01-JAN-1970|0|0|474|0| |0|||0|6200000072|10|0|0|1|202547|CONSTRAINED|CONSTRAINED|CONSTRAINED_202547_2025-11-20_0656|BY_IF
100000002016|1006|2| |475|20-DEC-2025|0|0|0|0|0|0|400|75|0|0|20-DEC-2025|0|6|01-JAN-1970|0|0|475|0| |0|||0|6200000072|10|0|0|1|202547|CONSTRAINED|CONSTRAINED|CONSTRAINED_202547_2025-11-20_0656|BY_IF
100000002016|1006|2| |476|03-JAN-2026|0|0|0|0|0|0|400|75|0|0|03-JAN-2026|0|6|01-JAN-1970|0|0|476|0| |0|||0|6200000072|10|0|0|1|202547|CONSTRAINED|CONSTRAINED|CONSTRAINED_202547_2025-11-20_0656|BY_IF
100000002016|1006|2| |477|13-DEC-2025|0|0|0|0|0|0|400|75|0|0|13-DEC-2025|0|6|01-JAN-1970|0|0|477|0| |0|||0|6200000072|10|0|0|1|202547|CONSTRAINED|CONSTRAINED|CONSTRAINED_202547_2025-11-20_0656|BY_IF
100000002016|1006|2| |478|27-DEC-2025|0|0|0|0|0|0|400|75|0|0|27-DEC-2025|0|6|01-JAN-1970|0|0|478|0| |0|||0|6200000072|10|0|0|1|202547|CONSTRAINED|CONSTRAINED|CONSTRAINED_202547_2025-11-20_0656|BY_IF
100000002016|1006|2| |479|10-JAN-2026|0|0|0|0|0|0|400|75|0|0|10-JAN-2026|0|6|01-JAN-1970|0|0|479|0| |0|||0|6200000072|10|0|0|1|202547|CONSTRAINED|CONSTRAINED|CONSTRAINED_202547_2025-11-20_0656|BY_IF
100000002016|VF|2| |40|27-JUN-2026|0|0|0|0|0|0|400|75|0|0|27-JUN-2026|0|6|01-JAN-1970|0|0|40|0| |0|||0|6200000072|10|0|0|1|202547|CONSTRAINED|CONSTRAINED|CONSTRAINED_202547_2025-11-20_0656|BY_IF
100000002016|VF|2| |41|13-JUN-2026|0|0|0|0|0|0|400|75|0|0|13-JUN-2026|0|6|01-JAN-1970|0|0|41|0| |0|||0|6200000072|10|0|0|1|202547|CONSTRAINED|CONSTRAINED|CONSTRAINED_202547_2025-11-20_0656|BY_IF
100000002016|VF|2| |42|30-MAY-2026|0|0|0|0|0|0|400|75|0|0|30-MAY-2026|0|6|01-JAN-1970|0|0|42|0| |0|||0|6200000072|10|0|0|1|202547|CONSTRAINED|CONSTRAINED|CONSTRAINED_202547_2025-11-20_0656|BY_IF
100000002016|VF|2| |43|16-MAY-2026|0|0|0|0|0|0|400|75|0|0|16-MAY-2026|0|6|01-JAN-1970|0|0|43|0| |0|||0|6200000072|10|0|0|1|202547|CONSTRAINED|CONSTRAINED|CONSTRAINED_202547_2025-11-20_0656|BY_IF
100000002016|VF|2| |44|02-MAY-2026|0|0|0|0|0|0|400|75|0|0|02-MAY-2026|0|6|01-JAN-1970|0|0|44|0| |0|||0|6200000072|10|0|0|1|202547|CONSTRAINED|CONSTRAINED|CONSTRAINED_202547_2025-11-20_0656|BY_IF
100000002016|VF|2| |45|07-FEB-2026|0|0|0|0|0|0|400|75|0|0|07-FEB-2026|0|6|01-JAN-1970|0|0|45|0| |0|||0|6200000072|10|0|0|1|202547|CONSTRAINED|CONSTRAINED|CONSTRAINED_202547_2025-11-20_0656|BY_IF
100000002016|VF|2| |46|28-FEB-2026|0|0|0|0|0|0|400|75|0|0|28-FEB-2026|0|6|01-JAN-1970|0|0|46|0| |0|||0|6200000072|10|0|0|1|202547|CONSTRAINED|CONSTRAINED|CONSTRAINED_202547_2025-11-20_0656|BY_IF
100000002016|VF|2| |47|22-NOV-2025|0|0|0|0|0|0|510|38|0|0|22-NOV-2025|0|6|01-JAN-1970|0|0|47|0| |0|||0|6200000072|11|0|0|1|202547|CONSTRAINED|CONSTRAINED|CONSTRAINED_202547_2025-11-20_0656|BY_IF
100000002016|VF|2| |48|24-JAN-2026|0|0|0|0|0|0|400|75|0|0|24-JAN-2026|0|6|01-JAN-1970|0|0|48|0| |0|||0|6200000072|10|0|0|1|202547|CONSTRAINED|CONSTRAINED|CONSTRAINED_202547_2025-11-20_0656|BY_IF
100000002016|VF|2| |49|25-APR-2026|0|0|0|0|0|0|400|75|0|0|25-APR-2026|0|6|01-JAN-1970|0|0|49|0| |0|||0|6200000072|10|0|0|1|202547|CONSTRAINED|CONSTRAINED|CONSTRAINED_202547_2025-11-20_0656|BY_IF
100000002016|VF|2| |50|11-APR-2026|0|0|0|0|0|0|400|75|0|0|11-APR-2026|0|6|01-JAN-1970|0|0|50|0| |0|||0|6200000072|10|0|0|1|202547|CONSTRAINED|CONSTRAINED|CONSTRAINED_202547_2025-11-20_0656|BY_IF
100000002016|VF|2| |51|28-MAR-2026|0|0|0|0|0|0|400|75|0|0|28-MAR-2026|0|6|01-JAN-1970|0|0|51|0| |0|||0|6200000072|10|0|0|1|202547|CONSTRAINED|CONSTRAINED|CONSTRAINED_202547_2025-11-20_0656|BY_IF
100000002016|VF|2| |52|14-MAR-2026|0|0|0|0|0|0|400|75|0|0|14-MAR-2026|0|6|01-JAN-1970|0|0|52|0| |0|||0|6200000072|10|0|0|1|202547|CONSTRAINED|CONSTRAINED|CONSTRAINED_202547_2025-11-20_0656|BY_IF
100000002016|VF|2| |53|20-JUN-2026|0|0|0|0|0|0|400|75|0|0|20-JUN-2026|0|6|01-JAN-1970|0|0|53|0| |0|||0|6200000072|10|0|0|1|202547|CONSTRAINED|CONSTRAINED|CONSTRAINED_202547_2025-11-20_0656|BY_IF
100000002016|VF|2| |54|04-JUL-2026|0|0|0|0|0|0|400|75|0|0|04-JUL-2026|0|6|01-JAN-1970|0|0|54|0| |0|||0|6200000072|10|0|0|1|202547|CONSTRAINED|CONSTRAINED|CONSTRAINED_202547_2025-11-20_0656|BY_IF
100000002016|VF|2| |55|25-JUL-2026|0|0|0|0|0|0|400|75|0|0|25-JUL-2026|0|6|01-JAN-1970|0|0|55|0| |0|||0|6200000072|10|0|0|1|202547|CONSTRAINED|CONSTRAINED|CONSTRAINED_202547_2025-11-20_0656|BY_IF
100000002016|VF|2| |56|06-JUN-2026|0|0|0|0|0|0|400|75|0|0|06-JUN-2026|0|6|01-JAN-1970|0|0|56|0| |0|||0|6200000072|10|0|0|1|202547|CONSTRAINED|CONSTRAINED|CONSTRAINED_202547_2025-11-20_0656|BY_IF
100000002016|VF|2| |57|23-MAY-2026|0|0|0|0|0|0|400|75|0|0|23-MAY-2026|0|6|01-JAN-1970|0|0|57|0| |0|||0|6200000072|10|0|0|1|202547|CONSTRAINED|CONSTRAINED|CONSTRAINED_202547_2025-11-20_0656|BY_IF
100000002016|VF|2| |58|09-MAY-2026|0|0|0|0|0|0|400|75|0|0|09-MAY-2026|0|6|01-JAN-1970|0|0|58|0| |0|||0|6200000072|10|0|0|1|202547|CONSTRAINED|CONSTRAINED|CONSTRAINED_202547_2025-11-20_0656|BY_IF
100000002016|VF|2| |59|11-JUL-2026|0|0|0|0|0|0|400|75|0|0|11-JUL-2026|0|6|01-JAN-1970|0|0|59|0| |0|||0|6200000072|10|0|0|1|202547|CONSTRAINED|CONSTRAINED|CONSTRAINED_202547_2025-11-20_0656|BY_IF
100000002016|VF|2| |60|18-JUL-2026|0|0|0|0|0|0|400|75|0|0|18-JUL-2026|0|6|01-JAN-1970|0|0|60|0| |0|||0|6200000072|10|0|0|1|202547|CONSTRAINED|CONSTRAINED|CONSTRAINED_202547_2025-11-20_0656|BY_IF
100000002016|VF|2| |61|07-MAR-2026|0|0|0|0|0|0|400|75|0|0|07-MAR-2026|0|6|01-JAN-1970|0|0|61|0| |0|||0|6200000072|10|0|0|1|202547|CONSTRAINED|CONSTRAINED|CONSTRAINED_202547_2025-11-20_0656|BY_IF
100000002016|VF|2| |62|31-JAN-2026|0|0|0|0|0|0|400|75|0|0|31-JAN-2026|0|6|01-JAN-1970|0|0|62|0| |0|||0|6200000072|10|0|0|1|202547|CONSTRAINED|CONSTRAINED|CONSTRAINED_202547_2025-11-20_0656|BY_IF
100000002016|VF|2| |63|14-FEB-2026|0|0|0|0|0|0|400|75|0|0|14-FEB-2026|0|6|01-JAN-1970|0|0|63|0| |0|||0|6200000072|10|0|0|1|202547|CONSTRAINED|CONSTRAINED|CONSTRAINED_202547_2025-11-20_0656|BY_IF
100000002016|VF|2| |64|21-FEB-2026|0|0|0|0|0|0|400|75|0|0|21-FEB-2026|0|6|01-JAN-1970|0|0|64|0| |0|||0|6200000072|10|0|0|1|202547|CONSTRAINED|CONSTRAINED|CONSTRAINED_202547_2025-11-20_0656|BY_IF
100000002016|VF|2| |65|17-JAN-2026|0|0|0|0|0|0|400|75|0|0|17-JAN-2026|0|6|01-JAN-1970|0|0|65|0| |0|||0|6200000072|10|0|0|1|202547|CONSTRAINED|CONSTRAINED|CONSTRAINED_202547_2025-11-20_0656|BY_IF
100000002016|VF|2| |66|18-APR-2026|0|0|0|0|0|0|400|75|0|0|18-APR-2026|0|6|01-JAN-1970|0|0|66|0| |0|||0|6200000072|10|0|0|1|202547|CONSTRAINED|CONSTRAINED|CONSTRAINED_202547_2025-11-20_0656|BY_IF
100000002016|VF|2| |67|04-APR-2026|0|0|0|0|0|0|400|75|0|0|04-APR-2026|0|6|01-JAN-1970|0|0|67|0| |0|||0|6200000072|10|0|0|1|202547|CONSTRAINED|CONSTRAINED|CONSTRAINED_202547_2025-11-20_0656|BY_IF
100000002016|VF|2| |68|21-MAR-2026|0|0|0|0|0|0|400|75|0|0|21-MAR-2026|0|6|01-JAN-1970|0|0|68|0| |0|||0|6200000072|10|0|0|1|202547|CONSTRAINED|CONSTRAINED|CONSTRAINED_202547_2025-11-20_0656|BY_IF
100000002016|VF|2| |1280|17-OCT-2026|0|0|0|0|0|0|1200|75|0|0|17-OCT-2026|0|6|01-JAN-1970|0|0|1280|0| |0|||0|6200000072|13|0|0|1|202547|CONSTRAINED|CONSTRAINED|CONSTRAINED_202547_2025-11-20_0656|BY_IF
100000002016|VF|2| |1281|10-APR-2027|0|0|0|0|0|0|1200|75|0|0|10-APR-2027|0|6|01-JAN-1970|0|0|1281|0| |0|||0|6200000072|13|0|0|1|202547|CONSTRAINED|CONSTRAINED|CONSTRAINED_202547_2025-11-20_0656|BY_IF
100000002016|VF|2| |1282|01-AUG-2026|0|0|0|0|0|0|1200|75|0|0|01-AUG-2026|0|6|01-JAN-1970|0|0|1282|0| |0|||0|6200000072|13|0|0|1|202547|CONSTRAINED|CONSTRAINED|CONSTRAINED_202547_2025-11-20_0656|BY_IF
100000002016|VF|2| |1283|12-DEC-2026|0|0|0|0|0|0|1200|75|0|0|12-DEC-2026|0|6|01-JAN-1970|0|0|1283|0| |0|||0|6200000072|13|0|0|1|202547|CONSTRAINED|CONSTRAINED|CONSTRAINED_202547_2025-11-20_0656|BY_IF
100000002016|VF|2| |1284|24-APR-2027|0|0|0|0|0|0|1200|75|0|0|24-APR-2027|0|6|01-JAN-1970|0|0|1284|0| |0|||0|6200000072|13|0|0|1|202547|CONSTRAINED|CONSTRAINED|CONSTRAINED_202547_2025-11-20_0656|BY_IF
100000002016|VF|2| |1285|28-NOV-2026|0|0|0|0|0|0|1200|75|0|0|28-NOV-2026|0|6|01-JAN-1970|0|0|1285|0| |0|||0|6200000072|13|0|0|1|202547|CONSTRAINED|CONSTRAINED|CONSTRAINED_202547_2025-11-20_0656|BY_IF
100000002016|VF|2| |1286|08-MAY-2027|0|0|0|0|0|0|1200|75|0|0|08-MAY-2027|0|6|01-JAN-1970|0|0|1286|0| |0|||0|6200000072|13|0|0|1|202547|CONSTRAINED|CONSTRAINED|CONSTRAINED_202547_2025-11-20_0656|BY_IF
100000002016|VF|2| |1287|05-SEP-2026|0|0|0|0|0|0|1200|75|0|0|05-SEP-2026|0|6|01-JAN-1970|0|0|1287|0| |0|||0|6200000072|13|0|0|1|202547|CONSTRAINED|CONSTRAINED|CONSTRAINED_202547_2025-11-20_0656|BY_IF
100000002016|VF|2| |1288|16-JAN-2027|0|0|0|0|0|0|1200|75|0|0|16-JAN-2027|0|6|01-JAN-1970|0|0|1288|0| |0|||0|6200000072|13|0|0|1|202547|CONSTRAINED|CONSTRAINED|CONSTRAINED_202547_2025-11-20_0656|BY_IF
100000002016|VF|2| |1289|29-MAY-2027|0|0|0|0|0|0|1200|75|0|0|29-MAY-2027|0|6|01-JAN-1970|0|0|1289|0| |0|||0|6200000072|13|0|0|1|202547|CONSTRAINED|CONSTRAINED|CONSTRAINED_202547_2025-11-20_0656|BY_IF
100000002016|VF|2| |1290|22-AUG-2026|0|0|0|0|0|0|1200|75|0|0|22-AUG-2026|0|6|01-JAN-1970|0|0|1290|0| |0|||0|6200000072|13|0|0|1|202547|CONSTRAINED|CONSTRAINED|CONSTRAINED_202547_2025-11-20_0656|BY_IF
100000002016|VF|2| |1291|30-JAN-2027|0|0|0|0|0|0|1200|75|0|0|30-JAN-2027|0|6|01-JAN-1970|0|0|1291|0| |0|||0|6200000072|13|0|0|1|202547|CONSTRAINED|CONSTRAINED|CONSTRAINED_202547_2025-11-20_0656|BY_IF
100000002016|VF|2| |1292|12-JUN-2027|0|0|0|0|0|0|1200|75|0|0|12-JUN-2027|0|6|01-JAN-1970|0|0|1292|0| |0|||0|6200000072|13|0|0|1|202547|CONSTRAINED|CONSTRAINED|CONSTRAINED_202547_2025-11-20_0656|BY_IF
100000002016|VF|2| |1293|08-AUG-2026|0|0|0|0|0|0|1200|75|0|0|08-AUG-2026|0|6|01-JAN-1970|0|0|1293|0| |0|||0|6200000072|13|0|0|1|202547|CONSTRAINED|CONSTRAINED|CONSTRAINED_202547_2025-11-20_0656|BY_IF
100000002016|VF|2| |1294|02-JAN-2027|0|0|0|0|0|0|1200|75|0|0|02-JAN-2027|0|6|01-JAN-1970|0|0|1294|0| |0|||0|6200000072|13|0|0|1|202547|CONSTRAINED|CONSTRAINED|CONSTRAINED_202547_2025-11-20_0656|BY_IF
100000002016|VF|2| |1295|15-MAY-2027|0|0|0|0|0|0|1200|75|0|0|15-MAY-2027|0|6|01-JAN-1970|0|0|1295|0| |0|||0|6200000072|13|0|0|1|202547|CONSTRAINED|CONSTRAINED|CONSTRAINED_202547_2025-11-20_0656|BY_IF
100000002016|VF|2| |1296|10-OCT-2026|0|0|0|0|0|0|1200|75|0|0|10-OCT-2026|0|6|01-JAN-1970|0|0|1296|0| |0|||0|6200000072|13|0|0|1|202547|CONSTRAINED|CONSTRAINED|CONSTRAINED_202547_2025-11-20_0656|BY_IF
100000002016|VF|2| |1297|06-FEB-2027|0|0|0|0|0|0|1200|75|0|0|06-FEB-2027|0|6|01-JAN-1970|0|0|1297|0| |0|||0|6200000072|13|0|0|1|202547|CONSTRAINED|CONSTRAINED|CONSTRAINED_202547_2025-11-20_0656|BY_IF
100000002016|VF|2| |1298|03-JUL-2027|0|0|0|0|0|0|1200|75|0|0|03-JUL-2027|0|6|01-JAN-1970|0|0|1298|0| |0|||0|6200000072|13|0|0|1|202547|CONSTRAINED|CONSTRAINED|CONSTRAINED_202547_2025-11-20_0656|BY_IF
100000002016|VF|2| |1299|26-SEP-2026|0|0|0|0|0|0|1200|75|0|0|26-SEP-2026|0|6|01-JAN-1970|0|0|1299|0| |0|||0|6200000072|13|0|0|1|202547|CONSTRAINED|CONSTRAINED|CONSTRAINED_202547_2025-11-20_0656|BY_IF
100000002016|VF|2| |1300|20-FEB-2027|0|0|0|0|0|0|1200|75|0|0|20-FEB-2027|0|6|01-JAN-1970|0|0|1300|0| |0|||0|6200000072|13|0|0|1|202547|CONSTRAINED|CONSTRAINED|CONSTRAINED_202547_2025-11-20_0656|BY_IF
100000002016|VF|2| |1301|17-JUL-2027|0|0|0|0|0|0|1200|75|0|0|17-JUL-2027|0|6|01-JAN-1970|0|0|1301|0| |0|||0|6200000072|13|0|0|1|202547|CONSTRAINED|CONSTRAINED|CONSTRAINED_202547_2025-11-20_0656|BY_IF
100000002016|VF|2| |1302|21-NOV-2026|0|0|0|0|0|0|1200|75|0|0|21-NOV-2026|0|6|01-JAN-1970|0|0|1302|0| |0|||0|6200000072|13|0|0|1|202547|CONSTRAINED|CONSTRAINED|CONSTRAINED_202547_2025-11-20_0656|BY_IF
100000002016|VF|2| |1303|20-MAR-2027|0|0|0|0|0|0|1200|75|0|0|20-MAR-2027|0|6|01-JAN-1970|0|0|1303|0| |0|||0|6200000072|13|0|0|1|202547|CONSTRAINED|CONSTRAINED|CONSTRAINED_202547_2025-11-20_0656|BY_IF
100000002016|VF|2| |1304|07-NOV-2026|0|0|0|0|0|0|1200|75|0|0|07-NOV-2026|0|6|01-JAN-1970|0|0|1304|0| |0|||0|6200000072|13|0|0|1|202547|CONSTRAINED|CONSTRAINED|CONSTRAINED_202547_2025-11-20_0656|BY_IF
100000002016|VF|2| |1305|03-APR-2027|0|0|0|0|0|0|1200|75|0|0|03-APR-2027|0|6|01-JAN-1970|0|0|1305|0| |0|||0|6200000072|13|0|0|1|202547|CONSTRAINED|CONSTRAINED|CONSTRAINED_202547_2025-11-20_0656|BY_IF
100000002016|VF|2| |1306|24-OCT-2026|0|0|0|0|0|0|1200|75|0|0|24-OCT-2026|0|6|01-JAN-1970|0|0|1306|0| |0|||0|6200000072|13|0|0|1|202547|CONSTRAINED|CONSTRAINED|CONSTRAINED_202547_2025-11-20_0656|BY_IF
100000002016|VF|2| |1307|06-MAR-2027|0|0|0|0|0|0|1200|75|0|0|06-MAR-2027|0|6|01-JAN-1970|0|0|1307|0| |0|||0|6200000072|13|0|0|1|202547|CONSTRAINED|CONSTRAINED|CONSTRAINED_202547_2025-11-20_0656|BY_IF
100000002016|VF|2| |1308|19-DEC-2026|0|0|0|0|0|0|1200|75|0|0|19-DEC-2026|0|6|01-JAN-1970|0|0|1308|0| |0|||0|6200000072|13|0|0|1|202547|CONSTRAINED|CONSTRAINED|CONSTRAINED_202547_2025-11-20_0656|BY_IF
100000002016|VF|2| |1309|17-APR-2027|0|0|0|0|0|0|1200|75|0|0|17-APR-2027|0|6|01-JAN-1970|0|0|1309|0| |0|||0|6200000072|13|0|0|1|202547|CONSTRAINED|CONSTRAINED|CONSTRAINED_202547_2025-11-20_0656|BY_IF
100000002016|VF|2| |1310|05-DEC-2026|0|0|0|0|0|0|1200|75|0|0|05-DEC-2026|0|6|01-JAN-1970|0|0|1310|0| |0|||0|6200000072|13|0|0|1|202547|CONSTRAINED|CONSTRAINED|CONSTRAINED_202547_2025-11-20_0656|BY_IF
100000002016|VF|2| |1311|01-MAY-2027|0|0|0|0|0|0|1200|75|0|0|01-MAY-2027|0|6|01-JAN-1970|0|0|1311|0| |0|||0|6200000072|13|0|0|1|202547|CONSTRAINED|CONSTRAINED|CONSTRAINED_202547_2025-11-20_0656|BY_IF
100000002016|VF|2| |1312|24-JUL-2027|0|0|0|0|0|0|1200|75|0|0|24-JUL-2027|0|6|01-JAN-1970|0|0|1312|0| |0|||0|6200000072|13|0|0|1|202547|CONSTRAINED|CONSTRAINED|CONSTRAINED_202547_2025-11-20_0656|BY_IF
100000002016|VF|2| |1313|12-SEP-2026|0|0|0|0|0|0|1200|75|0|0|12-SEP-2026|0|6|01-JAN-1970|0|0|1313|0| |0|||0|6200000072|13|0|0|1|202547|CONSTRAINED|CONSTRAINED|CONSTRAINED_202547_2025-11-20_0656|BY_IF
100000002016|VF|2| |1314|09-JAN-2027|0|0|0|0|0|0|1200|75|0|0|09-JAN-2027|0|6|01-JAN-1970|0|0|1314|0| |0|||0|6200000072|13|0|0|1|202547|CONSTRAINED|CONSTRAINED|CONSTRAINED_202547_2025-11-20_0656|BY_IF
100000002016|VF|2| |1315|05-JUN-2027|0|0|0|0|0|0|1200|75|0|0|05-JUN-2027|0|6|01-JAN-1970|0|0|1315|0| |0|||0|6200000072|13|0|0|1|202547|CONSTRAINED|CONSTRAINED|CONSTRAINED_202547_2025-11-20_0656|BY_IF
100000002016|VF|2| |1316|29-AUG-2026|0|0|0|0|0|0|1200|75|0|0|29-AUG-2026|0|6|01-JAN-1970|0|0|1316|0| |0|||0|6200000072|13|0|0|1|202547|CONSTRAINED|CONSTRAINED|CONSTRAINED_202547_2025-11-20_0656|BY_IF
100000002016|VF|2| |1317|23-JAN-2027|0|0|0|0|0|0|1200|75|0|0|23-JAN-2027|0|6|01-JAN-1970|0|0|1317|0| |0|||0|6200000072|13|0|0|1|202547|CONSTRAINED|CONSTRAINED|CONSTRAINED_202547_2025-11-20_0656|BY_IF
100000002016|VF|2| |1318|19-JUN-2027|0|0|0|0|0|0|1200|75|0|0|19-JUN-2027|0|6|01-JAN-1970|0|0|1318|0| |0|||0|6200000072|13|0|0|1|202547|CONSTRAINED|CONSTRAINED|CONSTRAINED_202547_2025-11-20_0656|BY_IF
100000002016|VF|2| |1319|15-AUG-2026|0|0|0|0|0|0|1200|75|0|0|15-AUG-2026|0|6|01-JAN-1970|0|0|1319|0| |0|||0|6200000072|13|0|0|1|202547|CONSTRAINED|CONSTRAINED|CONSTRAINED_202547_2025-11-20_0656|BY_IF
100000002016|VF|2| |1320|26-DEC-2026|0|0|0|0|0|0|1200|75|0|0|26-DEC-2026|0|6|01-JAN-1970|0|0|1320|0| |0|||0|6200000072|13|0|0|1|202547|CONSTRAINED|CONSTRAINED|CONSTRAINED_202547_2025-11-20_0656|BY_IF
100000002016|VF|2| |1321|22-MAY-2027|0|0|0|0|0|0|1200|75|0|0|22-MAY-2027|0|6|01-JAN-1970|0|0|1321|0| |0|||0|6200000072|13|0|0|1|202547|CONSTRAINED|CONSTRAINED|CONSTRAINED_202547_2025-11-20_0656|BY_IF
100000002016|VF|2| |1322|03-OCT-2026|0|0|0|0|0|0|1200|75|0|0|03-OCT-2026|0|6|01-JAN-1970|0|0|1322|0| |0|||0|6200000072|13|0|0|1|202547|CONSTRAINED|CONSTRAINED|CONSTRAINED_202547_2025-11-20_0656|BY_IF
100000002016|VF|2| |1323|13-FEB-2027|0|0|0|0|0|0|1200|75|0|0|13-FEB-2027|0|6|01-JAN-1970|0|0|1323|0| |0|||0|6200000072|13|0|0|1|202547|CONSTRAINED|CONSTRAINED|CONSTRAINED_202547_2025-11-20_0656|BY_IF
100000002016|VF|2| |1324|26-JUN-2027|0|0|0|0|0|0|1200|75|0|0|26-JUN-2027|0|6|01-JAN-1970|0|0|1324|0| |0|||0|6200000072|13|0|0|1|202547|CONSTRAINED|CONSTRAINED|CONSTRAINED_202547_2025-11-20_0656|BY_IF
100000002016|VF|2| |1325|19-SEP-2026|0|0|0|0|0|0|1200|75|0|0|19-SEP-2026|0|6|01-JAN-1970|0|0|1325|0| |0|||0|6200000072|13|0|0|1|202547|CONSTRAINED|CONSTRAINED|CONSTRAINED_202547_2025-11-20_0656|BY_IF
100000002016|VF|2| |1326|27-FEB-2027|0|0|0|0|0|0|1200|75|0|0|27-FEB-2027|0|6|01-JAN-1970|0|0|1326|0| |0|||0|6200000072|13|0|0|1|202547|CONSTRAINED|CONSTRAINED|CONSTRAINED_202547_2025-11-20_0656|BY_IF
100000002016|VF|2| |1327|10-JUL-2027|0|0|0|0|0|0|1200|75|0|0|10-JUL-2027|0|6|01-JAN-1970|0|0|1327|0| |0|||0|6200000072|13|0|0|1|202547|CONSTRAINED|CONSTRAINED|CONSTRAINED_202547_2025-11-20_0656|BY_IF
100000002016|VF|2| |1328|14-NOV-2026|0|0|0|0|0|0|1200|75|0|0|14-NOV-2026|0|6|01-JAN-1970|0|0|1328|0| |0|||0|6200000072|13|0|0|1|202547|CONSTRAINED|CONSTRAINED|CONSTRAINED_202547_2025-11-20_0656|BY_IF
100000002016|VF|2| |1329|27-MAR-2027|0|0|0|0|0|0|1200|75|0|0|27-MAR-2027|0|6|01-JAN-1970|0|0|1329|0| |0|||0|6200000072|13|0|0|1|202547|CONSTRAINED|CONSTRAINED|CONSTRAINED_202547_2025-11-20_0656|BY_IF
100000002016|VF|2| |1330|31-OCT-2026|0|0|0|0|0|0|1200|75|0|0|31-OCT-2026|0|6|01-JAN-1970|0|0|1330|0| |0|||0|6200000072|13|0|0|1|202547|CONSTRAINED|CONSTRAINED|CONSTRAINED_202547_2025-11-20_0656|BY_IF
100000002016|VF|2| |1331|13-MAR-2027|0|0|0|0|0|0|1200|75|0|0|13-MAR-2027|0|6|01-JAN-1970|0|0|1331|0| |0|||0|6200000072|13|0|0|1|202547|CONSTRAINED|CONSTRAINED|CONSTRAINED_202547_2025-11-20_0656|BY_IF
2000-280-868|1003|1|1011000200_10_001|0|14-AUG-2025|0|0|1011000200|1|0|120960|800|25|0|0|14-AUG-2025|25|1|01-JAN-1970|0|-1|0|0|6200000072|0|0|0|0|6200000072|0|8310|0|1|202547|CONSTRAINED|CONSTRAINED|CONSTRAINED_202547_2025-11-20_0656|BY_IF
2000-280-868|1003|1|1011000201_10_001|0|13-AUG-2025|0|0|1011000201|1|0|120960|800|25|0|0|13-AUG-2025|25|1|01-JAN-1970|0|-1|0|0|6200000072|0|0|0|0|6200000072|0|8380|0|1|202547|CONSTRAINED|CONSTRAINED|CONSTRAINED_202547_2025-11-20_0656|BY_IF
2000-280-868|1003|1|1011000202_10_001|0|24-SEP-2025|0|0|1011000202|1|0|120960|200|25|0|0|24-SEP-2025|25|1|01-JAN-1970|0|-1|0|0|6200000072|0|0|0|0|6200000072|0|8069|0|1|202547|CONSTRAINED|CONSTRAINED|CONSTRAINED_202547_2025-11-20_0656|BY_IF
2000-280-868|1003|1|1011000203_10_001|0|23-JUL-2025|0|0|1011000203|1|0|120960|200|25|0|0|02-AUG-2025|25|3|01-JAN-1970|0|-1|0|0|6200000072|0|0|0|0|6200000072|0|9683|0|1|202547|CONSTRAINED|CONSTRAINED|CONSTRAINED_202547_2025-11-20_0656|BY_IF
2000-280-868|1003|1|1011000204_10_001|0|16-AUG-2025|0|0|1011000204|1|0|120960|800|25|0|0|16-AUG-2025|25|1|01-JAN-1970|0|-1|0|0|6200000072|0|0|0|0|6200000072|0|8272|0|1|202547|CONSTRAINED|CONSTRAINED|CONSTRAINED_202547_2025-11-20_0656|BY_IF
2000-280-868|1003|1|1011000205_10_001|0|12-AUG-2025|0|0|1011000205|1|0|120960|800|25|0|0|12-AUG-2025|25|1|01-JAN-1970|0|-1|0|0|6200000072|0|0|0|0|6200000072|0|8453|0|1|202547|CONSTRAINED|CONSTRAINED|CONSTRAINED_202547_2025-11-20_0656|BY_IF
2000-280-868|1003|1|1011000206_10_001|0|11-AUG-2025|0|0|1011000206|1|0|120960|800|25|0|0|11-AUG-2025|25|1|01-JAN-1970|0|-1|0|0|6200000072|0|0|0|0|6200000072|0|8539|0|1|202547|CONSTRAINED|CONSTRAINED|CONSTRAINED_202547_2025-11-20_0656|BY_IF
2000-280-868|1003|1|1011000207_10_001|0|11-AUG-2025|0|0|1011000207|1|0|120960|800|25|0|0|11-AUG-2025|25|1|01-JAN-1970|0|-1|0|0|6200000072|0|0|0|0|6200000072|0|8538|0|1|202547|CONSTRAINED|CONSTRAINED|CONSTRAINED_202547_2025-11-20_0656|BY_IF
2000-280-868|1003|1|1011000208_10_001|0|24-JUL-2025|0|0|1011000208|1|0|120960|200|75|0|0|02-AUG-2025|75|3|01-JAN-1970|0|-1|0|0|6200000072|0|0|0|0|6200000072|0|9248|0|1|202547|CONSTRAINED|CONSTRAINED|CONSTRAINED_202547_2025-11-20_0656|BY_IF
2000-280-868|1003|1|1011000209_10_001|0|12-AUG-2025|0|0|1011000209|1|0|120960|800|25|0|0|12-AUG-2025|25|1|01-JAN-1970|0|-1|0|0|6200000072|0|0|0|0|6200000072|0|8452|0|1|202547|CONSTRAINED|CONSTRAINED|CONSTRAINED_202547_2025-11-20_0656|BY_IF
2000-280-868|1003|1|1011000210_10_001|0|12-AUG-2025|0|0|1011000210|1|0|120960|800|50|0|0|12-AUG-2025|50|1|01-JAN-1970|0|-1|0|0|6200000072|0|0|0|0|6200000072|0|8451|0|1|202547|CONSTRAINED|CONSTRAINED|CONSTRAINED_202547_2025-11-20_0656|BY_IF
2000-280-868|1003|1|1011000211_10_001|0|30-AUG-2025|0|0|1011000211|1|0|120960|200|10|0|0|30-AUG-2025|10|1|01-JAN-1970|0|-1|0|0|6200000072|0|0|0|0|6200000072|0|8101|0|1|202547|CONSTRAINED|CONSTRAINED|CONSTRAINED_202547_2025-11-20_0656|BY_IF
2000-280-868|1003|1|1011000212_10_001|0|24-SEP-2025|0|0|1011000212|1|0|120960|200|25|0|0|24-SEP-2025|25|1|01-JAN-1970|0|-1|0|0|6200000072|0|0|0|0|6200000072|0|8068|0|1|202547|CONSTRAINED|CONSTRAINED|CONSTRAINED_202547_2025-11-20_0656|BY_IF
2000-280-868|1003|1|1011000213_10_001|0|12-AUG-2025|0|0|1011000213|1|0|120960|800|25|0|0|12-AUG-2025|25|1|01-JAN-1970|0|-1|0|0|6200000072|0|0|0|0|6200000072|0|8450|0|1|202547|CONSTRAINED|CONSTRAINED|CONSTRAINED_202547_2025-11-20_0656|BY_IF
2000-280-868|1003|1|1011000214_10_001|0|23-JUL-2025|0|0|1011000214|1|0|120960|200|20|0|0|02-AUG-2025|20|3|01-JAN-1970|0|-1|0|0|6200000072|0|0|0|0|6200000072|0|9672|0|1|202547|CONSTRAINED|CONSTRAINED|CONSTRAINED_202547_2025-11-20_0656|BY_IF
2000-280-868|1003|1|1011000215_10_001|0|17-AUG-2025|0|0|1011000215|1|0|120960|800|45|0|0|17-AUG-2025|45|1|01-JAN-1970|0|-1|0|0|6200000072|0|0|0|0|6200000072|0|8238|0|1|202547|CONSTRAINED|CONSTRAINED|CONSTRAINED_202547_2025-11-20_0656|BY_IF
2000-280-868|1003|1|1011000216_10_001|0|18-AUG-2025|0|0|1011000216|1|0|120960|800|70|0|0|18-AUG-2025|70|1|01-JAN-1970|0|-1|0|0|6200000072|0|0|0|0|6200000072|0|8177|0|1|202547|CONSTRAINED|CONSTRAINED|CONSTRAINED_202547_2025-11-20_0656|BY_IF
2000-280-868|1003|1|1011000217_10_001|0|14-AUG-2025|0|0|1011000217|1|0|120960|800|80|0|0|14-AUG-2025|80|1|01-JAN-1970|0|-1|0|0|6200000072|0|0|0|0|6200000072|0|8309|0|1|202547|CONSTRAINED|CONSTRAINED|CONSTRAINED_202547_2025-11-20_0656|BY_IF
2000-280-868|1003|1|1011000218_10_001|0|11-AUG-2025|0|0|1011000218|1|0|120960|800|25|0|0|11-AUG-2025|25|1|01-JAN-1970|0|-1|0|0|6200000072|0|0|0|0|6200000072|0|8537|0|1|202547|CONSTRAINED|CONSTRAINED|CONSTRAINED_202547_2025-11-20_0656|BY_IF
2000-280-868|1003|1|1011000219_10_001|0|18-AUG-2025|0|0|1011000219|1|0|120960|800|50|0|0|18-AUG-2025|50|1|01-JAN-1970|0|-1|0|0|6200000072|0|0|0|0|6200000072|0|8176|0|1|202547|CONSTRAINED|CONSTRAINED|CONSTRAINED_202547_2025-11-20_0656|BY_IF
2000-280-868|1003|1|1011000220_10_001|0|22-JUL-2025|0|0|1011000220|1|0|120960|200|20|0|0|02-AUG-2025|20|3|01-JAN-1970|0|-1|0|0|6200000072|0|0|0|0|6200000072|0|8490|0|1|202547|CONSTRAINED|CONSTRAINED|CONSTRAINED_202547_2025-11-20_0656|BY_IF
2000-280-868|1003|1|1011000221_10_001|0|23-JUL-2025|0|0|1011000221|1|0|120960|200|25|0|0|02-AUG-2025|25|3|01-JAN-1970|0|-1|0|0|6200000072|0|0|0|0|6200000072|0|9662|0|1|202547|CONSTRAINED|CONSTRAINED|CONSTRAINED_202547_2025-11-20_0656|BY_IF
2000-280-868|1003|1|1011000222_10_001|0|13-AUG-2025|0|0|1011000222|1|0|120960|800|50|0|0|13-AUG-2025|50|1|01-JAN-1970|0|-1|0|0|6200000072|0|0|0|0|6200000072|0|8379|0|1|202547|CONSTRAINED|CONSTRAINED|CONSTRAINED_202547_2025-11-20_0656|BY_IF
2000-280-868|1003|1|1011000223_10_001|0|23-JUL-2025|0|0|1011000223|1|0|120960|200|25|0|0|02-AUG-2025|25|3|01-JAN-1970|0|-1|0|0|6200000072|0|0|0|0|6200000072|0|9650|0|1|202547|CONSTRAINED|CONSTRAINED|CONSTRAINED_202547_2025-11-20_0656|BY_IF
2000-280-868|1003|1|1033500007_10_002|0|28-JUL-2025|0|0|1033500007|1|0|120960|200|75|0|0|02-AUG-2025|75|3|01-JAN-1970|0|-1|0|0|6200000072|0|0|0|0|6200000072|0|9069|0|1|202547|CONSTRAINED|CONSTRAINED|CONSTRAINED_202547_2025-11-20_0656|BY_IF
2000-280-868|1003|1|1033500007_10_002-1|0|28-JUL-2025|0|0|1033500007|1|0|120960|200|25|0|0|28-JUL-2025|0|6|01-JAN-1970|0|0|0|0|6200000072|0|||0|6200000072|0|0|0|3|202547|CONSTRAINED|CONSTRAINED|CONSTRAINED_202547_2025-11-20_0656|BY_IF
2000-280-868|1003|3| |1|26-JUL-2025|0|0|0|0|0|10080|0|265|0|0|26-JUL-2025|0|5|02-AUG-2025|0|0|0|1| |0|0|0|0| |0|0|0|1|202547|CONSTRAINED|CONSTRAINED|CONSTRAINED_202547_2025-11-20_0656|BY_IF
2000-280-868|1003|3| |2|02-AUG-2025|0|0|0|0|0|1440|0|1|0|0|02-AUG-2025|0|5|03-AUG-2025|0|0|0|2| |0|0|0|0| |0|0|0|1|202547|CONSTRAINED|CONSTRAINED|CONSTRAINED_202547_2025-11-20_0656|BY_IF
2000-280-868|1003|3| |3|03-AUG-2025|0|0|0|0|0|1440|0|1|0|0|03-AUG-2025|0|5|04-AUG-2025|0|0|0|3| |0|0|0|0| |0|0|0|1|202547|CONSTRAINED|CONSTRAINED|CONSTRAINED_202547_2025-11-20_0656|BY_IF
2000-280-868|1003|3| |4|04-AUG-2025|0|0|0|0|0|1440|0|75|0|0|04-AUG-2025|0|5|05-AUG-2025|0|0|0|4| |0|0|0|0| |0|0|0|1|202547|CONSTRAINED|CONSTRAINED|CONSTRAINED_202547_2025-11-20_0656|BY_IF
2000-280-868|1003|3| |5|05-AUG-2025|0|0|0|0|0|1440|0|200|0|0|05-AUG-2025|0|5|06-AUG-2025|0|0|0|5| |0|0|0|0| |0|0|0|1|202547|CONSTRAINED|CONSTRAINED|CONSTRAINED_202547_2025-11-20_0656|BY_IF
2000-280-868|1003|3| |6|06-AUG-2025|0|0|0|0|0|1440|0|275|0|0|06-AUG-2025|0|5|07-AUG-2025|0|0|0|6| |0|0|0|0| |0|0|0|1|202547|CONSTRAINED|CONSTRAINED|CONSTRAINED_202547_2025-11-20_0656|BY_IF
2000-280-868|1003|3| |7|07-AUG-2025|0|0|0|0|0|2880|0|380|0|0|07-AUG-2025|0|5|09-AUG-2025|0|0|0|7| |0|0|0|0| |0|0|0|1|202547|CONSTRAINED|CONSTRAINED|CONSTRAINED_202547_2025-11-20_0656|BY_IF
2000-280-868|1003|3| |8|09-AUG-2025|0|0|0|0|0|1440|0|405|0|0|09-AUG-2025|0|5|10-AUG-2025|0|0|0|8| |0|0|0|0| |0|0|0|1|202547|CONSTRAINED|CONSTRAINED|CONSTRAINED_202547_2025-11-20_0656|BY_IF
2000-280-868|1003|3| |9|10-AUG-2025|0|0|0|0|0|1440|0|450|0|0|10-AUG-2025|380|4|11-AUG-2025|0|0|0|9| |0|0|0|0| |0|0|0|1|202547|CONSTRAINED|CONSTRAINED|CONSTRAINED_202547_2025-11-20_0656|BY_IF
2000-280-868|1003|3| |10|11-AUG-2025|0|0|0|0|0|1440|0|495|0|0|11-AUG-2025|305|4|12-AUG-2025|0|0|0|10| |0|0|0|0| |0|0|0|1|202547|CONSTRAINED|CONSTRAINED|CONSTRAINED_202547_2025-11-20_0656|BY_IF
2000-280-868|1003|3| |11|12-AUG-2025|0|0|0|0|0|1440|0|370|0|0|12-AUG-2025|180|4|13-AUG-2025|0|0|0|11| |0|0|0|0| |0|0|0|1|202547|CONSTRAINED|CONSTRAINED|CONSTRAINED_202547_2025-11-20_0656|BY_IF
2000-280-868|1003|3| |12|13-AUG-2025|0|0|0|0|0|1440|0|295|0|0|13-AUG-2025|105|4|14-AUG-2025|0|0|0|12| |0|0|0|0| |0|0|0|1|202547|CONSTRAINED|CONSTRAINED|CONSTRAINED_202547_2025-11-20_0656|BY_IF
2000-280-868|1003|3| |13|14-AUG-2025|0|0|0|0|0|2880|0|190|0|0|14-AUG-2025|0|5|16-AUG-2025|0|0|0|13| |0|0|0|0| |0|0|0|1|202547|CONSTRAINED|CONSTRAINED|CONSTRAINED_202547_2025-11-20_0656|BY_IF
2000-280-868|1003|3| |14|16-AUG-2025|0|0|0|0|0|1440|0|165|0|0|16-AUG-2025|0|5|17-AUG-2025|0|0|0|14| |0|0|0|0| |0|0|0|1|202547|CONSTRAINED|CONSTRAINED|CONSTRAINED_202547_2025-11-20_0656|BY_IF
2000-280-868|1003|3| |15|17-AUG-2025|0|0|0|0|0|1440|0|120|0|0|17-AUG-2025|120|1|18-AUG-2025|0|0|0|15| |0|0|0|0| |0|0|0|1|202547|CONSTRAINED|CONSTRAINED|CONSTRAINED_202547_2025-11-20_0656|BY_IF
2000-280-868|1003|3| |16|18-AUG-2025|0|0|0|0|0|7200|0|1|0|0|18-AUG-2025|0|5|23-AUG-2025|0|0|0|16| |0|0|0|0| |0|0|0|1|202547|CONSTRAINED|CONSTRAINED|CONSTRAINED_202547_2025-11-20_0656|BY_IF
2000-280-868|1003|3| |17|23-AUG-2025|0|0|0|0|0|10080|0|10|0|0|23-AUG-2025|0|5|30-AUG-2025|0|0|0|17| |0|0|0|0| |0|0|0|1|202547|CONSTRAINED|CONSTRAINED|CONSTRAINED_202547_2025-11-20_0656|BY_IF
2000-280-868|1003|3| |18|30-AUG-2025|0|0|0|0|0|1440|0|1|0|0|30-AUG-2025|0|5|31-AUG-2025|0|0|0|18| |0|0|0|0| |0|0|0|1|202547|CONSTRAINED|CONSTRAINED|CONSTRAINED_202547_2025-11-20_0656|BY_IF
2000-280-868|1003|3| |19|31-AUG-2025|0|0|0|0|0|24480|0|1|0|0|31-AUG-2025|0|5|17-SEP-2025|0|0|0|19| |0|0|0|0| |0|0|0|1|202547|CONSTRAINED|CONSTRAINED|CONSTRAINED_202547_2025-11-20_0656|BY_IF
2000-280-868|1003|3| |20|17-SEP-2025|0|0|0|0|0|5760|0|50|0|0|17-SEP-2025|0|5|21-SEP-2025|0|0|0|20| |0|0|0|0| |0|0|0|1|202547|CONSTRAINED|CONSTRAINED|CONSTRAINED_202547_2025-11-20_0656|BY_IF
2000-280-868|1003|3| |21|21-SEP-2025|0|0|0|0|0|4320|0|50|0|0|21-SEP-2025|50|1|24-SEP-2025|0|0|0|21| |0|0|0|0| |0|0|0|1|202547|CONSTRAINED|CONSTRAINED|CONSTRAINED_202547_2025-11-20_0656|BY_IF
2000-280-868|1003|3| |22|24-SEP-2025|0|0|0|0|0|964800|0|1|0|0|24-SEP-2025|0|5|26-JUL-2027|0|0|0|22| |0|0|0|0| |0|0|0|1|202547|CONSTRAINED|CONSTRAINED|CONSTRAINED_202547_2025-11-20_0656|BY_IF
2000-280-868|1006|1|1011000224_10_001|0|09-AUG-2025|0|0|1011000224|1|0|120960|200|10|0|0|09-AUG-2025|10|1|01-JAN-1970|0|-1|0|0|6200000072|0|0|0|0|6200000072|0|8902|0|1|202547|CONSTRAINED|CONSTRAINED|CONSTRAINED_202547_2025-11-20_0656|BY_IF
2000-280-868|1006|1|1011000225_10_001|0|23-JUL-2025|0|0|1011000225|1|0|120960|200|20|0|0|26-JUL-2025|20|3|01-JAN-1970|0|-1|0|0|6200000072|0|0|0|0|6200000072|0|9640|0|1|202547|CONSTRAINED|CONSTRAINED|CONSTRAINED_202547_2025-11-20_0656|BY_IF
2000-280-868|1006|1|1011000226_10_001|0|23-JUL-2025|0|0|1011000226|1|0|120960|200|20|0|0|26-JUL-2025|20|3|01-JAN-1970|0|-1|0|0|6200000072|0|0|0|0|6200000072|0|9629|0|1|202547|CONSTRAINED|CONSTRAINED|CONSTRAINED_202547_2025-11-20_0656|BY_IF
2000-280-868|1006|1|1011000227_10_001|0|18-AUG-2025|0|0|1011000227|1|0|120960|800|25|0|0|18-AUG-2025|25|1|01-JAN-1970|0|-1|0|0|6200000072|0|0|0|0|6200000072|0|8175|0|1|202547|CONSTRAINED|CONSTRAINED|CONSTRAINED_202547_2025-11-20_0656|BY_IF
2000-280-868|1006|1|1011000228_10_001|0|13-AUG-2025|0|0|1011000228|1|0|120960|800|25|0|0|13-AUG-2025|25|1|01-JAN-1970|0|-1|0|0|6200000072|0|0|0|0|6200000072|0|8378|0|1|202547|CONSTRAINED|CONSTRAINED|CONSTRAINED_202547_2025-11-20_0656|BY_IF
2000-280-868|1006|1|1011000229_10_001|0|11-AUG-2025|0|0|1011000229|1|0|120960|800|50|0|0|11-AUG-2025|50|1|01-JAN-1970|0|-1|0|0|6200000072|0|0|0|0|6200000072|0|8536|0|1|202547|CONSTRAINED|CONSTRAINED|CONSTRAINED_202547_2025-11-20_0656|BY_IF
2000-280-868|1006|1|1011000230_10_001|0|12-AUG-2025|0|0|1011000230|1|0|120960|800|25|0|0|12-AUG-2025|25|1|01-JAN-1970|0|-1|0|0|6200000072|0|0|0|0|6200000072|0|8449|0|1|202547|CONSTRAINED|CONSTRAINED|CONSTRAINED_202547_2025-11-20_0656|BY_IF
2000-280-868|1006|1|1011000231_10_001|0|16-AUG-2025|0|0|1011000231|1|0|120960|800|25|0|0|16-AUG-2025|25|1|01-JAN-1970|0|-1|0|0|6200000072|0|0|0|0|6200000072|0|8271|0|1|202547|CONSTRAINED|CONSTRAINED|CONSTRAINED_202547_2025-11-20_0656|BY_IF
2000-280-868|1006|1|1011000232_10_001|0|14-AUG-2025|0|0|1011000232|1|0|120960|800|75|0|0|14-AUG-2025|75|1|01-JAN-1970|0|-1|0|0|6200000072|0|0|0|0|6200000072|0|8308|0|1|202547|CONSTRAINED|CONSTRAINED|CONSTRAINED_202547_2025-11-20_0656|BY_IF
2000-280-868|1006|1|1011000233_10_001|0|18-AUG-2025|0|0|1011000233|1|0|120960|800|25|0|0|18-AUG-2025|25|1|01-JAN-1970|0|-1|0|0|6200000072|0|0|0|0|6200000072|0|8174|0|1|202547|CONSTRAINED|CONSTRAINED|CONSTRAINED_202547_2025-11-20_0656|BY_IF
2000-280-868|1006|1|1011000234_10_001|0|23-JUL-2025|0|0|1011000234|1|0|120960|200|25|0|0|26-JUL-2025|25|3|01-JAN-1970|0|-1|0|0|6200000072|0|0|0|0|6200000072|0|9619|0|1|202547|CONSTRAINED|CONSTRAINED|CONSTRAINED_202547_2025-11-20_0656|BY_IF
2000-280-868|1006|1|1011000235_10_001|0|23-AUG-2025|0|0|1011000235|1|0|120960|800|35|0|0|23-AUG-2025|35|1|01-JAN-1970|0|-1|0|0|6200000072|0|0|0|0|6200000072|0|8122|0|1|202547|CONSTRAINED|CONSTRAINED|CONSTRAINED_202547_2025-11-20_0656|BY_IF
2000-280-868|1006|1|1011000236_10_001|0|14-AUG-2025|0|0|1011000236|1|0|120960|800|25|0|0|14-AUG-2025|25|1|01-JAN-1970|0|-1|0|0|6200000072|0|0|0|0|6200000072|0|8307|0|1|202547|CONSTRAINED|CONSTRAINED|CONSTRAINED_202547_2025-11-20_0656|BY_IF
2000-280-868|1006|1|1011000237_10_001|0|13-AUG-2025|0|0|1011000237|1|0|120960|200|25|0|0|13-AUG-2025|25|1|01-JAN-1970|0|-1|0|0|6200000072|0|0|0|0|6200000072|0|8377|0|1|202547|CONSTRAINED|CONSTRAINED|CONSTRAINED_202547_2025-11-20_0656|BY_IF
2000-280-868|1006|1|1011000238_10_001|0|23-AUG-2025|0|0|1011000238|1|0|120960|800|65|0|0|23-AUG-2025|65|1|01-JAN-1970|0|-1|0|0|6200000072|0|0|0|0|6200000072|0|8121|0|1|202547|CONSTRAINED|CONSTRAINED|CONSTRAINED_202547_2025-11-20_0656|BY_IF
2000-280-868|1006|1|1011000239_10_001|0|20-AUG-2025|0|0|1011000239|1|0|120960|800|2|0|0|20-AUG-2025|2|1|01-JAN-1970|0|-1|0|0|6200000072|0|0|0|0|6200000072|0|8152|0|1|202547|CONSTRAINED|CONSTRAINED|CONSTRAINED_202547_2025-11-20_0656|BY_IF
2000-280-868|1006|1|1011000240_10_001|0|17-AUG-2025|0|0|1011000240|1|0|120960|800|25|0|0|17-AUG-2025|25|1|01-JAN-1970|0|-1|0|0|6200000072|0|0|0|0|6200000072|0|8237|0|1|202547|CONSTRAINED|CONSTRAINED|CONSTRAINED_202547_2025-11-20_0656|BY_IF
2000-280-868|1006|1|1011000241_10_001|0|21-JUL-2025|0|0|1011000241|1|0|120960|200|25|0|0|26-JUL-2025|25|3|01-JAN-1970|0|-1|0|0|6200000072|0|0|0|0|6200000072|0|9651|0|1|202547|CONSTRAINED|CONSTRAINED|CONSTRAINED_202547_2025-11-20_0656|BY_IF
2000-280-868|1006|2| |350|03-JAN-2026|0|0|0|0|0|0|400|75|0|0|03-JAN-2026|0|6|01-JAN-1970|0|0|350|0| |0|||0|6200000072|10|0|0|1|202547|CONSTRAINED|CONSTRAINED|CONSTRAINED_202547_2025-11-20_0656|BY_IF
2000-280-868|1006|2| |351|20-DEC-2025|0|0|0|0|0|0|400|75|0|0|20-DEC-2025|0|6|01-JAN-1970|0|0|351|0| |0|||0|6200000072|10|0|0|1|202547|CONSTRAINED|CONSTRAINED|CONSTRAINED_202547_2025-11-20_0656|BY_IF
2000-280-868|1006|2| |352|13-DEC-2025|0|0|0|0|0|0|400|75|0|0|13-DEC-2025|0|6|01-JAN-1970|0|0|352|0| |0|||0|6200000072|10|0|0|1|202547|CONSTRAINED|CONSTRAINED|CONSTRAINED_202547_2025-11-20_0656|BY_IF
2000-280-868|1006|2| |353|22-NOV-2025|0|0|0|0|0|0|400|16|0|0|22-NOV-2025|0|6|01-JAN-1970|0|0|353|0| |0|||0|6200000072|10|0|0|1|202547|CONSTRAINED|CONSTRAINED|CONSTRAINED_202547_2025-11-20_0656|BY_IF
2000-280-868|1006|2| |354|27-DEC-2025|0|0|0|0|0|0|400|75|0|0|27-DEC-2025|0|6|01-JAN-1970|0|0|354|0| |0|||0|6200000072|10|0|0|1|202547|CONSTRAINED|CONSTRAINED|CONSTRAINED_202547_2025-11-20_0656|BY_IF
2000-280-868|1006|2| |355|10-JAN-2026|0|0|0|0|0|0|400|75|0|0|10-JAN-2026|0|6|01-JAN-1970|0|0|355|0| |0|||0|6200000072|10|0|0|1|202547|CONSTRAINED|CONSTRAINED|CONSTRAINED_202547_2025-11-20_0656|BY_IF
2000-280-868|1006|2| |356|06-DEC-2025|0|0|0|0|0|0|400|49|0|0|06-DEC-2025|0|6|01-JAN-1970|0|0|356|0| |0|||0|6200000072|10|0|0|1|202547|CONSTRAINED|CONSTRAINED|CONSTRAINED_202547_2025-11-20_0656|BY_IF
2000-280-868|1006|3| |1|26-JUL-2025|0|0|0|0|0|1440|0|1|0|0|26-JUL-2025|0|5|27-JUL-2025|0|0|0|1| |0|0|0|0| |0|0|0|1|202547|CONSTRAINED|CONSTRAINED|CONSTRAINED_202547_2025-11-20_0656|BY_IF
2000-280-868|1006|3| |2|27-JUL-2025|0|0|0|0|0|8640|0|1|0|0|27-JUL-2025|0|5|02-AUG-2025|0|0|0|2| |0|0|0|0| |0|0|0|1|202547|CONSTRAINED|CONSTRAINED|CONSTRAINED_202547_2025-11-20_0656|BY_IF
2000-280-868|1006|3| |3|02-AUG-2025|0|0|0|0|0|2880|0|10|0|0|02-AUG-2025|0|5|04-AUG-2025|0|0|0|3| |0|0|0|0| |0|0|0|1|202547|CONSTRAINED|CONSTRAINED|CONSTRAINED_202547_2025-11-20_0656|BY_IF
2000-280-868|1006|3| |4|04-AUG-2025|0|0|0|0|0|1440|0|60|0|0|04-AUG-2025|0|5|05-AUG-2025|0|0|0|4| |0|0|0|0| |0|0|0|1|202547|CONSTRAINED|CONSTRAINED|CONSTRAINED_202547_2025-11-20_0656|BY_IF
2000-280-868|1006|3| |5|05-AUG-2025|0|0|0|0|0|1440|0|85|0|0|05-AUG-2025|0|5|06-AUG-2025|0|0|0|5| |0|0|0|0| |0|0|0|1|202547|CONSTRAINED|CONSTRAINED|CONSTRAINED_202547_2025-11-20_0656|BY_IF
2000-280-868|1006|3| |6|06-AUG-2025|0|0|0|0|0|1440|0|135|0|0|06-AUG-2025|0|5|07-AUG-2025|0|0|0|6| |0|0|0|0| |0|0|0|1|202547|CONSTRAINED|CONSTRAINED|CONSTRAINED_202547_2025-11-20_0656|BY_IF
2000-280-868|1006|3| |7|07-AUG-2025|0|0|0|0|0|2880|0|235|0|0|07-AUG-2025|0|5|09-AUG-2025|0|0|0|7| |0|0|0|0| |0|0|0|1|202547|CONSTRAINED|CONSTRAINED|CONSTRAINED_202547_2025-11-20_0656|BY_IF
2000-280-868|1006|3| |8|09-AUG-2025|0|0|0|0|0|1440|0|250|0|0|09-AUG-2025|0|5|10-AUG-2025|0|0|0|8| |0|0|0|0| |0|0|0|1|202547|CONSTRAINED|CONSTRAINED|CONSTRAINED_202547_2025-11-20_0656|BY_IF
2000-280-868|1006|3| |9|10-AUG-2025|0|0|0|0|0|1440|0|275|0|0|10-AUG-2025|225|4|11-AUG-2025|0|0|0|9| |0|0|0|0| |0|0|0|1|202547|CONSTRAINED|CONSTRAINED|CONSTRAINED_202547_2025-11-20_0656|BY_IF
2000-280-868|1006|3| |10|11-AUG-2025|0|0|0|0|0|1440|0|275|0|0|11-AUG-2025|175|4|12-AUG-2025|0|0|0|10| |0|0|0|0| |0|0|0|1|202547|CONSTRAINED|CONSTRAINED|CONSTRAINED_202547_2025-11-20_0656|BY_IF
2000-280-868|1006|3| |11|12-AUG-2025|0|0|0|0|0|1440|0|250|0|0|12-AUG-2025|150|4|13-AUG-2025|0|0|0|11| |0|0|0|0| |0|0|0|1|202547|CONSTRAINED|CONSTRAINED|CONSTRAINED_202547_2025-11-20_0656|BY_IF
2000-280-868|1006|3| |12|13-AUG-2025|0|0|0|0|0|1440|0|202|0|0|13-AUG-2025|100|4|14-AUG-2025|0|0|0|12| |0|0|0|0| |0|0|0|1|202547|CONSTRAINED|CONSTRAINED|CONSTRAINED_202547_2025-11-20_0656|BY_IF
2000-280-868|1006|3| |13|14-AUG-2025|0|0|0|0|0|2880|0|102|0|0|14-AUG-2025|0|5|16-AUG-2025|0|0|0|13| |0|0|0|0| |0|0|0|1|202547|CONSTRAINED|CONSTRAINED|CONSTRAINED_202547_2025-11-20_0656|BY_IF
2000-280-868|1006|3| |14|16-AUG-2025|0|0|0|0|0|1440|0|177|0|0|16-AUG-2025|0|5|17-AUG-2025|0|0|0|14| |0|0|0|0| |0|0|0|1|202547|CONSTRAINED|CONSTRAINED|CONSTRAINED_202547_2025-11-20_0656|BY_IF
2000-280-868|1006|3| |15|17-AUG-2025|0|0|0|0|0|1440|0|152|0|0|17-AUG-2025|52|4|18-AUG-2025|0|0|0|15| |0|0|0|0| |0|0|0|1|202547|CONSTRAINED|CONSTRAINED|CONSTRAINED_202547_2025-11-20_0656|BY_IF
2000-280-868|1006|3| |16|18-AUG-2025|0|0|0|0|0|2880|0|102|0|0|18-AUG-2025|2|4|20-AUG-2025|0|0|0|16| |0|0|0|0| |0|0|0|1|202547|CONSTRAINED|CONSTRAINED|CONSTRAINED_202547_2025-11-20_0656|BY_IF
2000-280-868|1006|3| |17|20-AUG-2025|0|0|0|0|0|4320|0|100|0|0|20-AUG-2025|0|5|23-AUG-2025|0|0|0|17| |0|0|0|0| |0|0|0|1|202547|CONSTRAINED|CONSTRAINED|CONSTRAINED_202547_2025-11-20_0656|BY_IF
2000-280-868|1006|3| |18|23-AUG-2025|0|0|0|0|0|1440|0|1|0|0|23-AUG-2025|0|5|24-AUG-2025|0|0|0|18| |0|0|0|0| |0|0|0|1|202547|CONSTRAINED|CONSTRAINED|CONSTRAINED_202547_2025-11-20_0656|BY_IF
2000-280-868|1006|3| |19|24-AUG-2025|0|0|0|0|0|119520|0|1|0|0|24-AUG-2025|0|5|15-NOV-2025|0|0|0|19| |0|0|0|0| |0|0|0|1|202547|CONSTRAINED|CONSTRAINED|CONSTRAINED_202547_2025-11-20_0656|BY_IF
2000-280-868|1006|3| |20|15-NOV-2025|0|0|0|0|0|10080|0|76|0|0|15-NOV-2025|0|5|22-NOV-2025|0|0|0|20| |0|0|0|0| |0|0|0|1|202547|CONSTRAINED|CONSTRAINED|CONSTRAINED_202547_2025-11-20_0656|BY_IF
2000-280-868|1006|3| |21|22-NOV-2025|0|0|0|0|0|1440|0|1|0|0|22-NOV-2025|0|5|23-NOV-2025|0|0|0|21| |0|0|0|0| |0|0|0|1|202547|CONSTRAINED|CONSTRAINED|CONSTRAINED_202547_2025-11-20_0656|BY_IF
2000-280-868|1006|3| |22|23-NOV-2025|0|0|0|0|0|8640|0|1|0|0|23-NOV-2025|0|5|29-NOV-2025|0|0|0|22| |0|0|0|0| |0|0|0|1|202547|CONSTRAINED|CONSTRAINED|CONSTRAINED_202547_2025-11-20_0656|BY_IF
2000-280-868|1006|3| |23|29-NOV-2025|0|0|0|0|0|10080|0|49|0|0|29-NOV-2025|0|5|06-DEC-2025|0|0|0|23| |0|0|0|0| |0|0|0|1|202547|CONSTRAINED|CONSTRAINED|CONSTRAINED_202547_2025-11-20_0656|BY_IF
2000-280-868|1006|3| |24|06-DEC-2025|0|0|0|0|0|1440|0|75|0|0|06-DEC-2025|0|5|07-DEC-2025|0|0|0|24| |0|0|0|0| |0|0|0|1|202547|CONSTRAINED|CONSTRAINED|CONSTRAINED_202547_2025-11-20_0656|BY_IF
2000-280-868|1006|3| |25|07-DEC-2025|0|0|0|0|0|8640|0|75|0|0|07-DEC-2025|0|5|13-DEC-2025|0|0|0|25| |0|0|0|0| |0|0|0|1|202547|CONSTRAINED|CONSTRAINED|CONSTRAINED_202547_2025-11-20_0656|BY_IF
2000-280-868|1006|3| |26|13-DEC-2025|0|0|0|0|0|1440|0|75|0|0|13-DEC-2025|0|5|14-DEC-2025|0|0|0|26| |0|0|0|0| |0|0|0|1|202547|CONSTRAINED|CONSTRAINED|CONSTRAINED_202547_2025-11-20_0656|BY_IF
2000-280-868|1006|3| |27|14-DEC-2025|0|0|0|0|0|8640|0|75|0|0|14-DEC-2025|0|5|20-DEC-2025|0|0|0|27| |0|0|0|0| |0|0|0|1|202547|CONSTRAINED|CONSTRAINED|CONSTRAINED_202547_2025-11-20_0656|BY_IF
2000-280-868|1006|3| |28|20-DEC-2025|0|0|0|0|0|1440|0|75|0|0|20-DEC-2025|0|5|21-DEC-2025|0|0|0|28| |0|0|0|0| |0|0|0|1|202547|CONSTRAINED|CONSTRAINED|CONSTRAINED_202547_2025-11-20_0656|BY_IF
2000-280-868|1006|3| |29|21-DEC-2025|0|0|0|0|0|8640|0|75|0|0|21-DEC-2025|0|5|27-DEC-2025|0|0|0|29| |0|0|0|0| |0|0|0|1|202547|CONSTRAINED|CONSTRAINED|CONSTRAINED_202547_2025-11-20_0656|BY_IF
2000-280-868|1006|3| |30|27-DEC-2025|0|0|0|0|0|1440|0|75|0|0|27-DEC-2025|0|5|28-DEC-2025|0|0|0|30| |0|0|0|0| |0|0|0|1|202547|CONSTRAINED|CONSTRAINED|CONSTRAINED_202547_2025-11-20_0656|BY_IF
2000-280-868|1006|3| |31|28-DEC-2025|0|0|0|0|0|8640|0|75|0|0|28-DEC-2025|0|5|03-JAN-2026|0|0|0|31| |0|0|0|0| |0|0|0|1|202547|CONSTRAINED|CONSTRAINED|CONSTRAINED_202547_2025-11-20_0656|BY_IF
2000-280-868|1006|3| |32|03-JAN-2026|0|0|0|0|0|1440|0|75|0|0|03-JAN-2026|0|5|04-JAN-2026|0|0|0|32| |0|0|0|0| |0|0|0|1|202547|CONSTRAINED|CONSTRAINED|CONSTRAINED_202547_2025-11-20_0656|BY_IF
2000-280-868|1006|3| |33|04-JAN-2026|0|0|0|0|0|8640|0|75|0|0|04-JAN-2026|0|5|10-JAN-2026|0|0|0|33| |0|0|0|0| |0|0|0|1|202547|CONSTRAINED|CONSTRAINED|CONSTRAINED_202547_2025-11-20_0656|BY_IF
2000-280-868|1006|3| |34|10-JAN-2026|0|0|0|0|0|1440|0|75|0|0|10-JAN-2026|0|5|11-JAN-2026|0|0|0|34| |0|0|0|0| |0|0|0|1|202547|CONSTRAINED|CONSTRAINED|CONSTRAINED_202547_2025-11-20_0656|BY_IF
2000-280-868|1006|3| |35|11-JAN-2026|0|0|0|0|0|8640|0|75|0|0|11-JAN-2026|0|5|17-JAN-2026|0|0|0|35| |0|0|0|0| |0|0|0|1|202547|CONSTRAINED|CONSTRAINED|CONSTRAINED_202547_2025-11-20_0656|BY_IF
2000-280-868|1006|3| |36|17-JAN-2026|0|0|0|0|0|1440|0|75|0|0|17-JAN-2026|0|5|18-JAN-2026|0|0|0|36| |0|0|0|0| |0|0|0|1|202547|CONSTRAINED|CONSTRAINED|CONSTRAINED_202547_2025-11-20_0656|BY_IF
2000-280-868|1006|3| |37|18-JAN-2026|0|0|0|0|0|8640|0|75|0|0|18-JAN-2026|0|5|24-JAN-2026|0|0|0|37| |0|0|0|0| |0|0|0|1|202547|CONSTRAINED|CONSTRAINED|CONSTRAINED_202547_2025-11-20_0656|BY_IF
2000-280-868|1006|3| |38|24-JAN-2026|0|0|0|0|0|1440|0|75|0|0|24-JAN-2026|0|5|25-JAN-2026|0|0|0|38| |0|0|0|0| |0|0|0|1|202547|CONSTRAINED|CONSTRAINED|CONSTRAINED_202547_2025-11-20_0656|BY_IF
2000-280-868|1006|3| |39|25-JAN-2026|0|0|0|0|0|8640|0|75|0|0|25-JAN-2026|0|5|31-JAN-2026|0|0|0|39| |0|0|0|0| |0|0|0|1|202547|CONSTRAINED|CONSTRAINED|CONSTRAINED_202547_2025-11-20_0656|BY_IF
2000-280-868|1006|3| |40|31-JAN-2026|0|0|0|0|0|1440|0|75|0|0|31-JAN-2026|0|5|01-FEB-2026|0|0|0|40| |0|0|0|0| |0|0|0|1|202547|CONSTRAINED|CONSTRAINED|CONSTRAINED_202547_2025-11-20_0656|BY_IF
2000-280-868|1006|3| |41|01-FEB-2026|0|0|0|0|0|8640|0|75|0|0|01-FEB-2026|0|5|07-FEB-2026|0|0|0|41| |0|0|0|0| |0|0|0|1|202547|CONSTRAINED|CONSTRAINED|CONSTRAINED_202547_2025-11-20_0656|BY_IF
2000-280-868|1006|3| |42|07-FEB-2026|0|0|0|0|0|1440|0|75|0|0|07-FEB-2026|0|5|08-FEB-2026|0|0|0|42| |0|0|0|0| |0|0|0|1|202547|CONSTRAINED|CONSTRAINED|CONSTRAINED_202547_2025-11-20_0656|BY_IF
2000-280-868|1006|3| |43|08-FEB-2026|0|0|0|0|0|8640|0|75|0|0|08-FEB-2026|0|5|14-FEB-2026|0|0|0|43| |0|0|0|0| |0|0|0|1|202547|CONSTRAINED|CONSTRAINED|CONSTRAINED_202547_2025-11-20_0656|BY_IF
2000-280-868|1006|3| |44|14-FEB-2026|0|0|0|0|0|1440|0|75|0|0|14-FEB-2026|0|5|15-FEB-2026|0|0|0|44| |0|0|0|0| |0|0|0|1|202547|CONSTRAINED|CONSTRAINED|CONSTRAINED_202547_2025-11-20_0656|BY_IF
2000-280-868|1006|3| |45|15-FEB-2026|0|0|0|0|0|8640|0|75|0|0|15-FEB-2026|0|5|21-FEB-2026|0|0|0|45| |0|0|0|0| |0|0|0|1|202547|CONSTRAINED|CONSTRAINED|CONSTRAINED_202547_2025-11-20_0656|BY_IF
2000-280-868|1006|3| |46|21-FEB-2026|0|0|0|0|0|1440|0|75|0|0|21-FEB-2026|0|5|22-FEB-2026|0|0|0|46| |0|0|0|0| |0|0|0|1|202547|CONSTRAINED|CONSTRAINED|CONSTRAINED_202547_2025-11-20_0656|BY_IF
2000-280-868|1006|3| |47|22-FEB-2026|0|0|0|0|0|8640|0|75|0|0|22-FEB-2026|0|5|28-FEB-2026|0|0|0|47| |0|0|0|0| |0|0|0|1|202547|CONSTRAINED|CONSTRAINED|CONSTRAINED_202547_2025-11-20_0656|BY_IF
2000-280-868|1006|3| |48|28-FEB-2026|0|0|0|0|0|1440|0|75|0|0|28-FEB-2026|0|5|01-MAR-2026|0|0|0|48| |0|0|0|0| |0|0|0|1|202547|CONSTRAINED|CONSTRAINED|CONSTRAINED_202547_2025-11-20_0656|BY_IF
2000-280-868|1006|3| |49|01-MAR-2026|0|0|0|0|0|8640|0|75|0|0|01-MAR-2026|0|5|07-MAR-2026|0|0|0|49| |0|0|0|0| |0|0|0|1|202547|CONSTRAINED|CONSTRAINED|CONSTRAINED_202547_2025-11-20_0656|BY_IF
2000-280-868|1006|3| |50|07-MAR-2026|0|0|0|0|0|1440|0|75|0|0|07-MAR-2026|0|5|08-MAR-2026|0|0|0|50| |0|0|0|0| |0|0|0|1|202547|CONSTRAINED|CONSTRAINED|CONSTRAINED_202547_2025-11-20_0656|BY_IF
2000-280-868|1006|3| |51|08-MAR-2026|0|0|0|0|0|8640|0|75|0|0|08-MAR-2026|0|5|14-MAR-2026|0|0|0|51| |0|0|0|0| |0|0|0|1|202547|CONSTRAINED|CONSTRAINED|CONSTRAINED_202547_2025-11-20_0656|BY_IF
2000-280-868|1006|3| |52|14-MAR-2026|0|0|0|0|0|1440|0|75|0|0|14-MAR-2026|0|5|15-MAR-2026|0|0|0|52| |0|0|0|0| |0|0|0|1|202547|CONSTRAINED|CONSTRAINED|CONSTRAINED_202547_2025-11-20_0656|BY_IF
2000-280-868|1006|3| |53|15-MAR-2026|0|0|0|0|0|8640|0|75|0|0|15-MAR-2026|0|5|21-MAR-2026|0|0|0|53| |0|0|0|0| |0|0|0|1|202547|CONSTRAINED|CONSTRAINED|CONSTRAINED_202547_2025-11-20_0656|BY_IF
2000-280-868|1006|3| |54|21-MAR-2026|0|0|0|0|0|1440|0|75|0|0|21-MAR-2026|0|5|22-MAR-2026|0|0|0|54| |0|0|0|0| |0|0|0|1|202547|CONSTRAINED|CONSTRAINED|CONSTRAINED_202547_2025-11-20_0656|BY_IF
2000-280-868|1006|3| |55|22-MAR-2026|0|0|0|0|0|8640|0|75|0|0|22-MAR-2026|0|5|28-MAR-2026|0|0|0|55| |0|0|0|0| |0|0|0|1|202547|CONSTRAINED|CONSTRAINED|CONSTRAINED_202547_2025-11-20_0656|BY_IF
2000-280-868|1006|3| |56|28-MAR-2026|0|0|0|0|0|1440|0|75|0|0|28-MAR-2026|0|5|29-MAR-2026|0|0|0|56| |0|0|0|0| |0|0|0|1|202547|CONSTRAINED|CONSTRAINED|CONSTRAINED_202547_2025-11-20_0656|BY_IF
2000-280-868|1006|3| |57|29-MAR-2026|0|0|0|0|0|8640|0|75|0|0|29-MAR-2026|0|5|04-APR-2026|0|0|0|57| |0|0|0|0| |0|0|0|1|202547|CONSTRAINED|CONSTRAINED|CONSTRAINED_202547_2025-11-20_0656|BY_IF
2000-280-868|1006|3| |58|04-APR-2026|0|0|0|0|0|1440|0|75|0|0|04-APR-2026|0|5|05-APR-2026|0|0|0|58| |0|0|0|0| |0|0|0|1|202547|CONSTRAINED|CONSTRAINED|CONSTRAINED_202547_2025-11-20_0656|BY_IF
2000-280-868|1006|3| |59|05-APR-2026|0|0|0|0|0|8640|0|75|0|0|05-APR-2026|0|5|11-APR-2026|0|0|0|59| |0|0|0|0| |0|0|0|1|202547|CONSTRAINED|CONSTRAINED|CONSTRAINED_202547_2025-11-20_0656|BY_IF
2000-280-868|1006|3| |60|11-APR-2026|0|0|0|0|0|1440|0|75|0|0|11-APR-2026|0|5|12-APR-2026|0|0|0|60| |0|0|0|0| |0|0|0|1|202547|CONSTRAINED|CONSTRAINED|CONSTRAINED_202547_2025-11-20_0656|BY_IF
2000-280-868|1006|3| |61|12-APR-2026|0|0|0|0|0|8640|0|75|0|0|12-APR-2026|0|5|18-APR-2026|0|0|0|61| |0|0|0|0| |0|0|0|1|202547|CONSTRAINED|CONSTRAINED|CONSTRAINED_202547_2025-11-20_0656|BY_IF
2000-280-868|1006|3| |62|18-APR-2026|0|0|0|0|0|1440|0|75|0|0|18-APR-2026|0|5|19-APR-2026|0|0|0|62| |0|0|0|0| |0|0|0|1|202547|CONSTRAINED|CONSTRAINED|CONSTRAINED_202547_2025-11-20_0656|BY_IF
2000-280-868|1006|3| |63|19-APR-2026|0|0|0|0|0|8640|0|75|0|0|19-APR-2026|0|5|25-APR-2026|0|0|0|63| |0|0|0|0| |0|0|0|1|202547|CONSTRAINED|CONSTRAINED|CONSTRAINED_202547_2025-11-20_0656|BY_IF
2000-280-868|1006|3| |64|25-APR-2026|0|0|0|0|0|1440|0|75|0|0|25-APR-2026|0|5|26-APR-2026|0|0|0|64| |0|0|0|0| |0|0|0|1|202547|CONSTRAINED|CONSTRAINED|CONSTRAINED_202547_2025-11-20_0656|BY_IF
2000-280-868|1006|3| |65|26-APR-2026|0|0|0|0|0|8640|0|75|0|0|26-APR-2026|0|5|02-MAY-2026|0|0|0|65| |0|0|0|0| |0|0|0|1|202547|CONSTRAINED|CONSTRAINED|CONSTRAINED_202547_2025-11-20_0656|BY_IF
2000-280-868|1006|3| |66|02-MAY-2026|0|0|0|0|0|1440|0|75|0|0|02-MAY-2026|0|5|03-MAY-2026|0|0|0|66| |0|0|0|0| |0|0|0|1|202547|CONSTRAINED|CONSTRAINED|CONSTRAINED_202547_2025-11-20_0656|BY_IF
2000-280-868|1006|3| |67|03-MAY-2026|0|0|0|0|0|8640|0|75|0|0|03-MAY-2026|0|5|09-MAY-2026|0|0|0|67| |0|0|0|0| |0|0|0|1|202547|CONSTRAINED|CONSTRAINED|CONSTRAINED_202547_2025-11-20_0656|BY_IF
2000-280-868|1006|3| |68|09-MAY-2026|0|0|0|0|0|1440|0|75|0|0|09-MAY-2026|0|5|10-MAY-2026|0|0|0|68| |0|0|0|0| |0|0|0|1|202547|CONSTRAINED|CONSTRAINED|CONSTRAINED_202547_2025-11-20_0656|BY_IF
2000-280-868|1006|3| |69|10-MAY-2026|0|0|0|0|0|8640|0|75|0|0|10-MAY-2026|0|5|16-MAY-2026|0|0|0|69| |0|0|0|0| |0|0|0|1|202547|CONSTRAINED|CONSTRAINED|CONSTRAINED_202547_2025-11-20_0656|BY_IF
2000-280-868|1006|3| |70|16-MAY-2026|0|0|0|0|0|1440|0|75|0|0|16-MAY-2026|0|5|17-MAY-2026|0|0|0|70| |0|0|0|0| |0|0|0|1|202547|CONSTRAINED|CONSTRAINED|CONSTRAINED_202547_2025-11-20_0656|BY_IF
2000-280-868|1006|3| |71|17-MAY-2026|0|0|0|0|0|8640|0|75|0|0|17-MAY-2026|0|5|23-MAY-2026|0|0|0|71| |0|0|0|0| |0|0|0|1|202547|CONSTRAINED|CONSTRAINED|CONSTRAINED_202547_2025-11-20_0656|BY_IF
2000-280-868|1006|3| |72|23-MAY-2026|0|0|0|0|0|1440|0|75|0|0|23-MAY-2026|0|5|24-MAY-2026|0|0|0|72| |0|0|0|0| |0|0|0|1|202547|CONSTRAINED|CONSTRAINED|CONSTRAINED_202547_2025-11-20_0656|BY_IF
2000-280-868|1006|3| |73|24-MAY-2026|0|0|0|0|0|8640|0|75|0|0|24-MAY-2026|0|5|30-MAY-2026|0|0|0|73| |0|0|0|0| |0|0|0|1|202547|CONSTRAINED|CONSTRAINED|CONSTRAINED_202547_2025-11-20_0656|BY_IF
2000-280-868|1006|3| |74|30-MAY-2026|0|0|0|0|0|1440|0|75|0|0|30-MAY-2026|0|5|31-MAY-2026|0|0|0|74| |0|0|0|0| |0|0|0|1|202547|CONSTRAINED|CONSTRAINED|CONSTRAINED_202547_2025-11-20_0656|BY_IF
2000-280-868|1006|3| |75|31-MAY-2026|0|0|0|0|0|8640|0|75|0|0|31-MAY-2026|0|5|06-JUN-2026|0|0|0|75| |0|0|0|0| |0|0|0|1|202547|CONSTRAINED|CONSTRAINED|CONSTRAINED_202547_2025-11-20_0656|BY_IF
2000-280-868|1006|3| |76|06-JUN-2026|0|0|0|0|0|1440|0|75|0|0|06-JUN-2026|0|5|07-JUN-2026|0|0|0|76| |0|0|0|0| |0|0|0|1|202547|CONSTRAINED|CONSTRAINED|CONSTRAINED_202547_2025-11-20_0656|BY_IF
2000-280-868|1006|3| |77|07-JUN-2026|0|0|0|0|0|8640|0|75|0|0|07-JUN-2026|0|5|13-JUN-2026|0|0|0|77| |0|0|0|0| |0|0|0|1|202547|CONSTRAINED|CONSTRAINED|CONSTRAINED_202547_2025-11-20_0656|BY_IF
2000-280-868|1006|3| |78|13-JUN-2026|0|0|0|0|0|1440|0|75|0|0|13-JUN-2026|0|5|14-JUN-2026|0|0|0|78| |0|0|0|0| |0|0|0|1|202547|CONSTRAINED|CONSTRAINED|CONSTRAINED_202547_2025-11-20_0656|BY_IF
2000-280-868|1006|3| |79|14-JUN-2026|0|0|0|0|0|8640|0|75|0|0|14-JUN-2026|0|5|20-JUN-2026|0|0|0|79| |0|0|0|0| |0|0|0|1|202547|CONSTRAINED|CONSTRAINED|CONSTRAINED_202547_2025-11-20_0656|BY_IF
2000-280-868|1006|3| |80|20-JUN-2026|0|0|0|0|0|1440|0|75|0|0|20-JUN-2026|0|5|21-JUN-2026|0|0|0|80| |0|0|0|0| |0|0|0|1|202547|CONSTRAINED|CONSTRAINED|CONSTRAINED_202547_2025-11-20_0656|BY_IF
2000-280-868|1006|3| |81|21-JUN-2026|0|0|0|0|0|8640|0|75|0|0|21-JUN-2026|0|5|27-JUN-2026|0|0|0|81| |0|0|0|0| |0|0|0|1|202547|CONSTRAINED|CONSTRAINED|CONSTRAINED_202547_2025-11-20_0656|BY_IF
2000-280-868|1006|3| |82|27-JUN-2026|0|0|0|0|0|1440|0|75|0|0|27-JUN-2026|0|5|28-JUN-2026|0|0|0|82| |0|0|0|0| |0|0|0|1|202547|CONSTRAINED|CONSTRAINED|CONSTRAINED_202547_2025-11-20_0656|BY_IF
2000-280-868|1006|3| |83|28-JUN-2026|0|0|0|0|0|8640|0|75|0|0|28-JUN-2026|0|5|04-JUL-2026|0|0|0|83| |0|0|0|0| |0|0|0|1|202547|CONSTRAINED|CONSTRAINED|CONSTRAINED_202547_2025-11-20_0656|BY_IF
2000-280-868|1006|3| |84|04-JUL-2026|0|0|0|0|0|1440|0|75|0|0|04-JUL-2026|0|5|05-JUL-2026|0|0|0|84| |0|0|0|0| |0|0|0|1|202547|CONSTRAINED|CONSTRAINED|CONSTRAINED_202547_2025-11-20_0656|BY_IF
2000-280-868|1006|3| |85|05-JUL-2026|0|0|0|0|0|8640|0|75|0|0|05-JUL-2026|0|5|11-JUL-2026|0|0|0|85| |0|0|0|0| |0|0|0|1|202547|CONSTRAINED|CONSTRAINED|CONSTRAINED_202547_2025-11-20_0656|BY_IF
2000-280-868|1006|3| |86|11-JUL-2026|0|0|0|0|0|1440|0|75|0|0|11-JUL-2026|0|5|12-JUL-2026|0|0|0|86| |0|0|0|0| |0|0|0|1|202547|CONSTRAINED|CONSTRAINED|CONSTRAINED_202547_2025-11-20_0656|BY_IF
2000-280-868|1006|3| |87|12-JUL-2026|0|0|0|0|0|8640|0|75|0|0|12-JUL-2026|0|5|18-JUL-2026|0|0|0|87| |0|0|0|0| |0|0|0|1|202547|CONSTRAINED|CONSTRAINED|CONSTRAINED_202547_2025-11-20_0656|BY_IF
2000-280-868|1006|3| |88|18-JUL-2026|0|0|0|0|0|1440|0|75|0|0|18-JUL-2026|0|5|19-JUL-2026|0|0|0|88| |0|0|0|0| |0|0|0|1|202547|CONSTRAINED|CONSTRAINED|CONSTRAINED_202547_2025-11-20_0656|BY_IF
2000-280-868|1006|3| |89|19-JUL-2026|0|0|0|0|0|8640|0|75|0|0|19-JUL-2026|0|5|25-JUL-2026|0|0|0|89| |0|0|0|0| |0|0|0|1|202547|CONSTRAINED|CONSTRAINED|CONSTRAINED_202547_2025-11-20_0656|BY_IF
2000-280-868|1006|3| |90|25-JUL-2026|0|0|0|0|0|1440|0|75|0|0|25-JUL-2026|0|5|26-JUL-2026|0|0|0|90| |0|0|0|0| |0|0|0|1|202547|CONSTRAINED|CONSTRAINED|CONSTRAINED_202547_2025-11-20_0656|BY_IF
2000-280-868|1006|3| |91|26-JUL-2026|0|0|0|0|0|8640|0|75|0|0|26-JUL-2026|0|5|01-AUG-2026|0|0|0|91| |0|0|0|0| |0|0|0|1|202547|CONSTRAINED|CONSTRAINED|CONSTRAINED_202547_2025-11-20_0656|BY_IF
2000-280-868|1006|3| |92|01-AUG-2026|0|0|0|0|0|1440|0|75|0|0|01-AUG-2026|0|5|02-AUG-2026|0|0|0|92| |0|0|0|0| |0|0|0|1|202547|CONSTRAINED|CONSTRAINED|CONSTRAINED_202547_2025-11-20_0656|BY_IF
2000-280-868|1006|3| |93|02-AUG-2026|0|0|0|0|0|8640|0|75|0|0|02-AUG-2026|0|5|08-AUG-2026|0|0|0|93| |0|0|0|0| |0|0|0|1|202547|CONSTRAINED|CONSTRAINED|CONSTRAINED_202547_2025-11-20_0656|BY_IF
2000-280-868|1006|3| |94|08-AUG-2026|0|0|0|0|0|1440|0|75|0|0|08-AUG-2026|0|5|09-AUG-2026|0|0|0|94| |0|0|0|0| |0|0|0|1|202547|CONSTRAINED|CONSTRAINED|CONSTRAINED_202547_2025-11-20_0656|BY_IF
2000-280-868|1006|3| |95|09-AUG-2026|0|0|0|0|0|8640|0|75|0|0|09-AUG-2026|0|5|15-AUG-2026|0|0|0|95| |0|0|0|0| |0|0|0|1|202547|CONSTRAINED|CONSTRAINED|CONSTRAINED_202547_2025-11-20_0656|BY_IF
2000-280-868|1006|3| |96|15-AUG-2026|0|0|0|0|0|1440|0|75|0|0|15-AUG-2026|0|5|16-AUG-2026|0|0|0|96| |0|0|0|0| |0|0|0|1|202547|CONSTRAINED|CONSTRAINED|CONSTRAINED_202547_2025-11-20_0656|BY_IF
2000-280-868|1006|3| |97|16-AUG-2026|0|0|0|0|0|8640|0|75|0|0|16-AUG-2026|0|5|22-AUG-2026|0|0|0|97| |0|0|0|0| |0|0|0|1|202547|CONSTRAINED|CONSTRAINED|CONSTRAINED_202547_2025-11-20_0656|BY_IF
2000-280-868|1006|3| |98|22-AUG-2026|0|0|0|0|0|1440|0|75|0|0|22-AUG-2026|0|5|23-AUG-2026|0|0|0|98| |0|0|0|0| |0|0|0|1|202547|CONSTRAINED|CONSTRAINED|CONSTRAINED_202547_2025-11-20_0656|BY_IF
2000-280-868|1006|3| |99|23-AUG-2026|0|0|0|0|0|8640|0|75|0|0|23-AUG-2026|0|5|29-AUG-2026|0|0|0|99| |0|0|0|0| |0|0|0|1|202547|CONSTRAINED|CONSTRAINED|CONSTRAINED_202547_2025-11-20_0656|BY_IF
2000-280-868|1006|3| |100|29-AUG-2026|0|0|0|0|0|1440|0|75|0|0|29-AUG-2026|0|5|30-AUG-2026|0|0|0|100| |0|0|0|0| |0|0|0|1|202547|CONSTRAINED|CONSTRAINED|CONSTRAINED_202547_2025-11-20_0656|BY_IF
2000-280-868|1006|3| |101|30-AUG-2026|0|0|0|0|0|8640|0|75|0|0|30-AUG-2026|0|5|05-SEP-2026|0|0|0|101| |0|0|0|0| |0|0|0|1|202547|CONSTRAINED|CONSTRAINED|CONSTRAINED_202547_2025-11-20_0656|BY_IF
2000-280-868|1006|3| |102|05-SEP-2026|0|0|0|0|0|1440|0|75|0|0|05-SEP-2026|0|5|06-SEP-2026|0|0|0|102| |0|0|0|0| |0|0|0|1|202547|CONSTRAINED|CONSTRAINED|CONSTRAINED_202547_2025-11-20_0656|BY_IF
2000-280-868|1006|3| |103|06-SEP-2026|0|0|0|0|0|8640|0|75|0|0|06-SEP-2026|0|5|12-SEP-2026|0|0|0|103| |0|0|0|0| |0|0|0|1|202547|CONSTRAINED|CONSTRAINED|CONSTRAINED_202547_2025-11-20_0656|BY_IF
2000-280-868|1006|3| |104|12-SEP-2026|0|0|0|0|0|1440|0|75|0|0|12-SEP-2026|0|5|13-SEP-2026|0|0|0|104| |0|0|0|0| |0|0|0|1|202547|CONSTRAINED|CONSTRAINED|CONSTRAINED_202547_2025-11-20_0656|BY_IF
2000-280-868|1006|3| |105|13-SEP-2026|0|0|0|0|0|8640|0|75|0|0|13-SEP-2026|0|5|19-SEP-2026|0|0|0|105| |0|0|0|0| |0|0|0|1|202547|CONSTRAINED|CONSTRAINED|CONSTRAINED_202547_2025-11-20_0656|BY_IF
2000-280-868|1006|3| |106|19-SEP-2026|0|0|0|0|0|1440|0|75|0|0|19-SEP-2026|0|5|20-SEP-2026|0|0|0|106| |0|0|0|0| |0|0|0|1|202547|CONSTRAINED|CONSTRAINED|CONSTRAINED_202547_2025-11-20_0656|BY_IF
2000-280-868|1006|3| |107|20-SEP-2026|0|0|0|0|0|8640|0|75|0|0|20-SEP-2026|0|5|26-SEP-2026|0|0|0|107| |0|0|0|0| |0|0|0|1|202547|CONSTRAINED|CONSTRAINED|CONSTRAINED_202547_2025-11-20_0656|BY_IF
2000-280-868|1006|3| |108|26-SEP-2026|0|0|0|0|0|1440|0|75|0|0|26-SEP-2026|0|5|27-SEP-2026|0|0|0|108| |0|0|0|0| |0|0|0|1|202547|CONSTRAINED|CONSTRAINED|CONSTRAINED_202547_2025-11-20_0656|BY_IF
2000-280-868|1006|3| |109|27-SEP-2026|0|0|0|0|0|8640|0|75|0|0|27-SEP-2026|0|5|03-OCT-2026|0|0|0|109| |0|0|0|0| |0|0|0|1|202547|CONSTRAINED|CONSTRAINED|CONSTRAINED_202547_2025-11-20_0656|BY_IF
2000-280-868|1006|3| |110|03-OCT-2026|0|0|0|0|0|1440|0|75|0|0|03-OCT-2026|0|5|04-OCT-2026|0|0|0|110| |0|0|0|0| |0|0|0|1|202547|CONSTRAINED|CONSTRAINED|CONSTRAINED_202547_2025-11-20_0656|BY_IF
2000-280-868|1006|3| |111|04-OCT-2026|0|0|0|0|0|8640|0|75|0|0|04-OCT-2026|0|5|10-OCT-2026|0|0|0|111| |0|0|0|0| |0|0|0|1|202547|CONSTRAINED|CONSTRAINED|CONSTRAINED_202547_2025-11-20_0656|BY_IF
2000-280-868|1006|3| |112|10-OCT-2026|0|0|0|0|0|1440|0|75|0|0|10-OCT-2026|0|5|11-OCT-2026|0|0|0|112| |0|0|0|0| |0|0|0|1|202547|CONSTRAINED|CONSTRAINED|CONSTRAINED_202547_2025-11-20_0656|BY_IF
2000-280-868|1006|3| |113|11-OCT-2026|0|0|0|0|0|8640|0|75|0|0|11-OCT-2026|0|5|17-OCT-2026|0|0|0|113| |0|0|0|0| |0|0|0|1|202547|CONSTRAINED|CONSTRAINED|CONSTRAINED_202547_2025-11-20_0656|BY_IF
2000-280-868|1006|3| |114|17-OCT-2026|0|0|0|0|0|1440|0|75|0|0|17-OCT-2026|0|5|18-OCT-2026|0|0|0|114| |0|0|0|0| |0|0|0|1|202547|CONSTRAINED|CONSTRAINED|CONSTRAINED_202547_2025-11-20_0656|BY_IF
2000-280-868|1006|3| |115|18-OCT-2026|0|0|0|0|0|8640|0|75|0|0|18-OCT-2026|0|5|24-OCT-2026|0|0|0|115| |0|0|0|0| |0|0|0|1|202547|CONSTRAINED|CONSTRAINED|CONSTRAINED_202547_2025-11-20_0656|BY_IF
2000-280-868|1006|3| |116|24-OCT-2026|0|0|0|0|0|1440|0|75|0|0|24-OCT-2026|0|5|25-OCT-2026|0|0|0|116| |0|0|0|0| |0|0|0|1|202547|CONSTRAINED|CONSTRAINED|CONSTRAINED_202547_2025-11-20_0656|BY_IF
2000-280-868|1006|3| |117|25-OCT-2026|0|0|0|0|0|8640|0|75|0|0|25-OCT-2026|0|5|31-OCT-2026|0|0|0|117| |0|0|0|0| |0|0|0|1|202547|CONSTRAINED|CONSTRAINED|CONSTRAINED_202547_2025-11-20_0656|BY_IF
2000-280-868|1006|3| |118|31-OCT-2026|0|0|0|0|0|1440|0|75|0|0|31-OCT-2026|0|5|01-NOV-2026|0|0|0|118| |0|0|0|0| |0|0|0|1|202547|CONSTRAINED|CONSTRAINED|CONSTRAINED_202547_2025-11-20_0656|BY_IF
2000-280-868|1006|3| |119|01-NOV-2026|0|0|0|0|0|8640|0|75|0|0|01-NOV-2026|0|5|07-NOV-2026|0|0|0|119| |0|0|0|0| |0|0|0|1|202547|CONSTRAINED|CONSTRAINED|CONSTRAINED_202547_2025-11-20_0656|BY_IF
2000-280-868|1006|3| |120|07-NOV-2026|0|0|0|0|0|1440|0|75|0|0|07-NOV-2026|0|5|08-NOV-2026|0|0|0|120| |0|0|0|0| |0|0|0|1|202547|CONSTRAINED|CONSTRAINED|CONSTRAINED_202547_2025-11-20_0656|BY_IF
2000-280-868|1006|3| |121|08-NOV-2026|0|0|0|0|0|8640|0|75|0|0|08-NOV-2026|0|5|14-NOV-2026|0|0|0|121| |0|0|0|0| |0|0|0|1|202547|CONSTRAINED|CONSTRAINED|CONSTRAINED_202547_2025-11-20_0656|BY_IF
2000-280-868|1006|3| |122|14-NOV-2026|0|0|0|0|0|1440|0|75|0|0|14-NOV-2026|0|5|15-NOV-2026|0|0|0|122| |0|0|0|0| |0|0|0|1|202547|CONSTRAINED|CONSTRAINED|CONSTRAINED_202547_2025-11-20_0656|BY_IF
2000-280-868|1006|3| |123|15-NOV-2026|0|0|0|0|0|8640|0|75|0|0|15-NOV-2026|0|5|21-NOV-2026|0|0|0|123| |0|0|0|0| |0|0|0|1|202547|CONSTRAINED|CONSTRAINED|CONSTRAINED_202547_2025-11-20_0656|BY_IF
2000-280-868|1006|3| |124|21-NOV-2026|0|0|0|0|0|1440|0|75|0|0|21-NOV-2026|0|5|22-NOV-2026|0|0|0|124| |0|0|0|0| |0|0|0|1|202547|CONSTRAINED|CONSTRAINED|CONSTRAINED_202547_2025-11-20_0656|BY_IF
2000-280-868|1006|3| |125|22-NOV-2026|0|0|0|0|0|8640|0|75|0|0|22-NOV-2026|0|5|28-NOV-2026|0|0|0|125| |0|0|0|0| |0|0|0|1|202547|CONSTRAINED|CONSTRAINED|CONSTRAINED_202547_2025-11-20_0656|BY_IF
2000-280-868|1006|3| |126|28-NOV-2026|0|0|0|0|0|1440|0|75|0|0|28-NOV-2026|0|5|29-NOV-2026|0|0|0|126| |0|0|0|0| |0|0|0|1|202547|CONSTRAINED|CONSTRAINED|CONSTRAINED_202547_2025-11-20_0656|BY_IF
2000-280-868|1006|3| |127|29-NOV-2026|0|0|0|0|0|8640|0|75|0|0|29-NOV-2026|0|5|05-DEC-2026|0|0|0|127| |0|0|0|0| |0|0|0|1|202547|CONSTRAINED|CONSTRAINED|CONSTRAINED_202547_2025-11-20_0656|BY_IF
2000-280-868|1006|3| |128|05-DEC-2026|0|0|0|0|0|1440|0|75|0|0|05-DEC-2026|0|5|06-DEC-2026|0|0|0|128| |0|0|0|0| |0|0|0|1|202547|CONSTRAINED|CONSTRAINED|CONSTRAINED_202547_2025-11-20_0656|BY_IF
2000-280-868|1006|3| |129|06-DEC-2026|0|0|0|0|0|8640|0|75|0|0|06-DEC-2026|0|5|12-DEC-2026|0|0|0|129| |0|0|0|0| |0|0|0|1|202547|CONSTRAINED|CONSTRAINED|CONSTRAINED_202547_2025-11-20_0656|BY_IF
2000-280-868|1006|3| |130|12-DEC-2026|0|0|0|0|0|1440|0|75|0|0|12-DEC-2026|0|5|13-DEC-2026|0|0|0|130| |0|0|0|0| |0|0|0|1|202547|CONSTRAINED|CONSTRAINED|CONSTRAINED_202547_2025-11-20_0656|BY_IF
2000-280-868|1006|3| |131|13-DEC-2026|0|0|0|0|0|8640|0|75|0|0|13-DEC-2026|0|5|19-DEC-2026|0|0|0|131| |0|0|0|0| |0|0|0|1|202547|CONSTRAINED|CONSTRAINED|CONSTRAINED_202547_2025-11-20_0656|BY_IF
2000-280-868|1006|3| |132|19-DEC-2026|0|0|0|0|0|1440|0|75|0|0|19-DEC-2026|0|5|20-DEC-2026|0|0|0|132| |0|0|0|0| |0|0|0|1|202547|CONSTRAINED|CONSTRAINED|CONSTRAINED_202547_2025-11-20_0656|BY_IF
2000-280-868|1006|3| |133|20-DEC-2026|0|0|0|0|0|8640|0|75|0|0|20-DEC-2026|0|5|26-DEC-2026|0|0|0|133| |0|0|0|0| |0|0|0|1|202547|CONSTRAINED|CONSTRAINED|CONSTRAINED_202547_2025-11-20_0656|BY_IF
2000-280-868|1006|3| |134|26-DEC-2026|0|0|0|0|0|1440|0|75|0|0|26-DEC-2026|0|5|27-DEC-2026|0|0|0|134| |0|0|0|0| |0|0|0|1|202547|CONSTRAINED|CONSTRAINED|CONSTRAINED_202547_2025-11-20_0656|BY_IF
2000-280-868|1006|3| |135|27-DEC-2026|0|0|0|0|0|8640|0|75|0|0|27-DEC-2026|0|5|02-JAN-2027|0|0|0|135| |0|0|0|0| |0|0|0|1|202547|CONSTRAINED|CONSTRAINED|CONSTRAINED_202547_2025-11-20_0656|BY_IF
2000-280-868|1006|3| |136|02-JAN-2027|0|0|0|0|0|1440|0|75|0|0|02-JAN-2027|0|5|03-JAN-2027|0|0|0|136| |0|0|0|0| |0|0|0|1|202547|CONSTRAINED|CONSTRAINED|CONSTRAINED_202547_2025-11-20_0656|BY_IF
2000-280-868|1006|3| |137|03-JAN-2027|0|0|0|0|0|8640|0|75|0|0|03-JAN-2027|0|5|09-JAN-2027|0|0|0|137| |0|0|0|0| |0|0|0|1|202547|CONSTRAINED|CONSTRAINED|CONSTRAINED_202547_2025-11-20_0656|BY_IF
2000-280-868|1006|3| |138|09-JAN-2027|0|0|0|0|0|1440|0|75|0|0|09-JAN-2027|0|5|10-JAN-2027|0|0|0|138| |0|0|0|0| |0|0|0|1|202547|CONSTRAINED|CONSTRAINED|CONSTRAINED_202547_2025-11-20_0656|BY_IF
2000-280-868|1006|3| |139|10-JAN-2027|0|0|0|0|0|8640|0|75|0|0|10-JAN-2027|0|5|16-JAN-2027|0|0|0|139| |0|0|0|0| |0|0|0|1|202547|CONSTRAINED|CONSTRAINED|CONSTRAINED_202547_2025-11-20_0656|BY_IF
2000-280-868|1006|3| |140|16-JAN-2027|0|0|0|0|0|1440|0|75|0|0|16-JAN-2027|0|5|17-JAN-2027|0|0|0|140| |0|0|0|0| |0|0|0|1|202547|CONSTRAINED|CONSTRAINED|CONSTRAINED_202547_2025-11-20_0656|BY_IF
2000-280-868|1006|3| |141|17-JAN-2027|0|0|0|0|0|8640|0|75|0|0|17-JAN-2027|0|5|23-JAN-2027|0|0|0|141| |0|0|0|0| |0|0|0|1|202547|CONSTRAINED|CONSTRAINED|CONSTRAINED_202547_2025-11-20_0656|BY_IF
2000-280-868|1006|3| |142|23-JAN-2027|0|0|0|0|0|1440|0|75|0|0|23-JAN-2027|0|5|24-JAN-2027|0|0|0|142| |0|0|0|0| |0|0|0|1|202547|CONSTRAINED|CONSTRAINED|CONSTRAINED_202547_2025-11-20_0656|BY_IF
2000-280-868|1006|3| |143|24-JAN-2027|0|0|0|0|0|8640|0|75|0|0|24-JAN-2027|0|5|30-JAN-2027|0|0|0|143| |0|0|0|0| |0|0|0|1|202547|CONSTRAINED|CONSTRAINED|CONSTRAINED_202547_2025-11-20_0656|BY_IF
2000-280-868|1006|3| |144|30-JAN-2027|0|0|0|0|0|1440|0|75|0|0|30-JAN-2027|0|5|31-JAN-2027|0|0|0|144| |0|0|0|0| |0|0|0|1|202547|CONSTRAINED|CONSTRAINED|CONSTRAINED_202547_2025-11-20_0656|BY_IF
2000-280-868|1006|3| |145|31-JAN-2027|0|0|0|0|0|8640|0|75|0|0|31-JAN-2027|0|5|06-FEB-2027|0|0|0|145| |0|0|0|0| |0|0|0|1|202547|CONSTRAINED|CONSTRAINED|CONSTRAINED_202547_2025-11-20_0656|BY_IF
2000-280-868|1006|3| |146|06-FEB-2027|0|0|0|0|0|1440|0|75|0|0|06-FEB-2027|0|5|07-FEB-2027|0|0|0|146| |0|0|0|0| |0|0|0|1|202547|CONSTRAINED|CONSTRAINED|CONSTRAINED_202547_2025-11-20_0656|BY_IF
2000-280-868|1006|3| |147|07-FEB-2027|0|0|0|0|0|8640|0|75|0|0|07-FEB-2027|0|5|13-FEB-2027|0|0|0|147| |0|0|0|0| |0|0|0|1|202547|CONSTRAINED|CONSTRAINED|CONSTRAINED_202547_2025-11-20_0656|BY_IF
2000-280-868|1006|3| |148|13-FEB-2027|0|0|0|0|0|1440|0|75|0|0|13-FEB-2027|0|5|14-FEB-2027|0|0|0|148| |0|0|0|0| |0|0|0|1|202547|CONSTRAINED|CONSTRAINED|CONSTRAINED_202547_2025-11-20_0656|BY_IF
2000-280-868|1006|3| |149|14-FEB-2027|0|0|0|0|0|8640|0|75|0|0|14-FEB-2027|0|5|20-FEB-2027|0|0|0|149| |0|0|0|0| |0|0|0|1|202547|CONSTRAINED|CONSTRAINED|CONSTRAINED_202547_2025-11-20_0656|BY_IF
2000-280-868|1006|3| |150|20-FEB-2027|0|0|0|0|0|1440|0|75|0|0|20-FEB-2027|0|5|21-FEB-2027|0|0|0|150| |0|0|0|0| |0|0|0|1|202547|CONSTRAINED|CONSTRAINED|CONSTRAINED_202547_2025-11-20_0656|BY_IF
2000-280-868|1006|3| |151|21-FEB-2027|0|0|0|0|0|8640|0|75|0|0|21-FEB-2027|0|5|27-FEB-2027|0|0|0|151| |0|0|0|0| |0|0|0|1|202547|CONSTRAINED|CONSTRAINED|CONSTRAINED_202547_2025-11-20_0656|BY_IF
2000-280-868|1006|3| |152|27-FEB-2027|0|0|0|0|0|1440|0|75|0|0|27-FEB-2027|0|5|28-FEB-2027|0|0|0|152| |0|0|0|0| |0|0|0|1|202547|CONSTRAINED|CONSTRAINED|CONSTRAINED_202547_2025-11-20_0656|BY_IF
2000-280-868|1006|3| |153|28-FEB-2027|0|0|0|0|0|8640|0|75|0|0|28-FEB-2027|0|5|06-MAR-2027|0|0|0|153| |0|0|0|0| |0|0|0|1|202547|CONSTRAINED|CONSTRAINED|CONSTRAINED_202547_2025-11-20_0656|BY_IF
2000-280-868|1006|3| |154|06-MAR-2027|0|0|0|0|0|1440|0|75|0|0|06-MAR-2027|0|5|07-MAR-2027|0|0|0|154| |0|0|0|0| |0|0|0|1|202547|CONSTRAINED|CONSTRAINED|CONSTRAINED_202547_2025-11-20_0656|BY_IF
2000-280-868|1006|3| |155|07-MAR-2027|0|0|0|0|0|8640|0|75|0|0|07-MAR-2027|0|5|13-MAR-2027|0|0|0|155| |0|0|0|0| |0|0|0|1|202547|CONSTRAINED|CONSTRAINED|CONSTRAINED_202547_2025-11-20_0656|BY_IF
2000-280-868|1006|3| |156|13-MAR-2027|0|0|0|0|0|1440|0|75|0|0|13-MAR-2027|0|5|14-MAR-2027|0|0|0|156| |0|0|0|0| |0|0|0|1|202547|CONSTRAINED|CONSTRAINED|CONSTRAINED_202547_2025-11-20_0656|BY_IF
2000-280-868|1006|3| |157|14-MAR-2027|0|0|0|0|0|8640|0|75|0|0|14-MAR-2027|0|5|20-MAR-2027|0|0|0|157| |0|0|0|0| |0|0|0|1|202547|CONSTRAINED|CONSTRAINED|CONSTRAINED_202547_2025-11-20_0656|BY_IF
2000-280-868|1006|3| |158|20-MAR-2027|0|0|0|0|0|1440|0|75|0|0|20-MAR-2027|0|5|21-MAR-2027|0|0|0|158| |0|0|0|0| |0|0|0|1|202547|CONSTRAINED|CONSTRAINED|CONSTRAINED_202547_2025-11-20_0656|BY_IF
2000-280-868|1006|3| |159|21-MAR-2027|0|0|0|0|0|8640|0|75|0|0|21-MAR-2027|0|5|27-MAR-2027|0|0|0|159| |0|0|0|0| |0|0|0|1|202547|CONSTRAINED|CONSTRAINED|CONSTRAINED_202547_2025-11-20_0656|BY_IF
2000-280-868|1006|3| |160|27-MAR-2027|0|0|0|0|0|1440|0|75|0|0|27-MAR-2027|0|5|28-MAR-2027|0|0|0|160| |0|0|0|0| |0|0|0|1|202547|CONSTRAINED|CONSTRAINED|CONSTRAINED_202547_2025-11-20_0656|BY_IF
2000-280-868|1006|3| |161|28-MAR-2027|0|0|0|0|0|8640|0|75|0|0|28-MAR-2027|0|5|03-APR-2027|0|0|0|161| |0|0|0|0| |0|0|0|1|202547|CONSTRAINED|CONSTRAINED|CONSTRAINED_202547_2025-11-20_0656|BY_IF
2000-280-868|1006|3| |162|03-APR-2027|0|0|0|0|0|1440|0|75|0|0|03-APR-2027|0|5|04-APR-2027|0|0|0|162| |0|0|0|0| |0|0|0|1|202547|CONSTRAINED|CONSTRAINED|CONSTRAINED_202547_2025-11-20_0656|BY_IF
2000-280-868|1006|3| |163|04-APR-2027|0|0|0|0|0|8640|0|75|0|0|04-APR-2027|0|5|10-APR-2027|0|0|0|163| |0|0|0|0| |0|0|0|1|202547|CONSTRAINED|CONSTRAINED|CONSTRAINED_202547_2025-11-20_0656|BY_IF
2000-280-868|1006|3| |164|10-APR-2027|0|0|0|0|0|1440|0|75|0|0|10-APR-2027|0|5|11-APR-2027|0|0|0|164| |0|0|0|0| |0|0|0|1|202547|CONSTRAINED|CONSTRAINED|CONSTRAINED_202547_2025-11-20_0656|BY_IF
2000-280-868|1006|3| |165|11-APR-2027|0|0|0|0|0|8640|0|75|0|0|11-APR-2027|0|5|17-APR-2027|0|0|0|165| |0|0|0|0| |0|0|0|1|202547|CONSTRAINED|CONSTRAINED|CONSTRAINED_202547_2025-11-20_0656|BY_IF
2000-280-868|1006|3| |166|17-APR-2027|0|0|0|0|0|1440|0|75|0|0|17-APR-2027|0|5|18-APR-2027|0|0|0|166| |0|0|0|0| |0|0|0|1|202547|CONSTRAINED|CONSTRAINED|CONSTRAINED_202547_2025-11-20_0656|BY_IF
2000-280-868|1006|3| |167|18-APR-2027|0|0|0|0|0|8640|0|75|0|0|18-APR-2027|0|5|24-APR-2027|0|0|0|167| |0|0|0|0| |0|0|0|1|202547|CONSTRAINED|CONSTRAINED|CONSTRAINED_202547_2025-11-20_0656|BY_IF
2000-280-868|1006|3| |168|24-APR-2027|0|0|0|0|0|1440|0|75|0|0|24-APR-2027|0|5|25-APR-2027|0|0|0|168| |0|0|0|0| |0|0|0|1|202547|CONSTRAINED|CONSTRAINED|CONSTRAINED_202547_2025-11-20_0656|BY_IF
2000-280-868|1006|3| |169|25-APR-2027|0|0|0|0|0|8640|0|75|0|0|25-APR-2027|0|5|01-MAY-2027|0|0|0|169| |0|0|0|0| |0|0|0|1|202547|CONSTRAINED|CONSTRAINED|CONSTRAINED_202547_2025-11-20_0656|BY_IF
2000-280-868|1006|3| |170|01-MAY-2027|0|0|0|0|0|1440|0|75|0|0|01-MAY-2027|0|5|02-MAY-2027|0|0|0|170| |0|0|0|0| |0|0|0|1|202547|CONSTRAINED|CONSTRAINED|CONSTRAINED_202547_2025-11-20_0656|BY_IF
2000-280-868|1006|3| |171|02-MAY-2027|0|0|0|0|0|8640|0|75|0|0|02-MAY-2027|0|5|08-MAY-2027|0|0|0|171| |0|0|0|0| |0|0|0|1|202547|CONSTRAINED|CONSTRAINED|CONSTRAINED_202547_2025-11-20_0656|BY_IF
2000-280-868|1006|3| |172|08-MAY-2027|0|0|0|0|0|1440|0|75|0|0|08-MAY-2027|0|5|09-MAY-2027|0|0|0|172| |0|0|0|0| |0|0|0|1|202547|CONSTRAINED|CONSTRAINED|CONSTRAINED_202547_2025-11-20_0656|BY_IF
2000-280-868|1006|3| |173|09-MAY-2027|0|0|0|0|0|8640|0|75|0|0|09-MAY-2027|0|5|15-MAY-2027|0|0|0|173| |0|0|0|0| |0|0|0|1|202547|CONSTRAINED|CONSTRAINED|CONSTRAINED_202547_2025-11-20_0656|BY_IF
2000-280-868|1006|3| |174|15-MAY-2027|0|0|0|0|0|1440|0|75|0|0|15-MAY-2027|0|5|16-MAY-2027|0|0|0|174| |0|0|0|0| |0|0|0|1|202547|CONSTRAINED|CONSTRAINED|CONSTRAINED_202547_2025-11-20_0656|BY_IF
2000-280-868|1006|3| |175|16-MAY-2027|0|0|0|0|0|8640|0|75|0|0|16-MAY-2027|0|5|22-MAY-2027|0|0|0|175| |0|0|0|0| |0|0|0|1|202547|CONSTRAINED|CONSTRAINED|CONSTRAINED_202547_2025-11-20_0656|BY_IF
2000-280-868|1006|3| |176|22-MAY-2027|0|0|0|0|0|1440|0|75|0|0|22-MAY-2027|0|5|23-MAY-2027|0|0|0|176| |0|0|0|0| |0|0|0|1|202547|CONSTRAINED|CONSTRAINED|CONSTRAINED_202547_2025-11-20_0656|BY_IF
2000-280-868|1006|3| |177|23-MAY-2027|0|0|0|0|0|8640|0|75|0|0|23-MAY-2027|0|5|29-MAY-2027|0|0|0|177| |0|0|0|0| |0|0|0|1|202547|CONSTRAINED|CONSTRAINED|CONSTRAINED_202547_2025-11-20_0656|BY_IF
2000-280-868|1006|3| |178|29-MAY-2027|0|0|0|0|0|1440|0|75|0|0|29-MAY-2027|0|5|30-MAY-2027|0|0|0|178| |0|0|0|0| |0|0|0|1|202547|CONSTRAINED|CONSTRAINED|CONSTRAINED_202547_2025-11-20_0656|BY_IF
2000-280-868|1006|3| |179|30-MAY-2027|0|0|0|0|0|8640|0|75|0|0|30-MAY-2027|0|5|05-JUN-2027|0|0|0|179| |0|0|0|0| |0|0|0|1|202547|CONSTRAINED|CONSTRAINED|CONSTRAINED_202547_2025-11-20_0656|BY_IF
2000-280-868|1006|3| |180|05-JUN-2027|0|0|0|0|0|1440|0|75|0|0|05-JUN-2027|0|5|06-JUN-2027|0|0|0|180| |0|0|0|0| |0|0|0|1|202547|CONSTRAINED|CONSTRAINED|CONSTRAINED_202547_2025-11-20_0656|BY_IF
2000-280-868|1006|3| |181|06-JUN-2027|0|0|0|0|0|8640|0|75|0|0|06-JUN-2027|0|5|12-JUN-2027|0|0|0|181| |0|0|0|0| |0|0|0|1|202547|CONSTRAINED|CONSTRAINED|CONSTRAINED_202547_2025-11-20_0656|BY_IF
2000-280-868|1006|3| |182|12-JUN-2027|0|0|0|0|0|1440|0|75|0|0|12-JUN-2027|0|5|13-JUN-2027|0|0|0|182| |0|0|0|0| |0|0|0|1|202547|CONSTRAINED|CONSTRAINED|CONSTRAINED_202547_2025-11-20_0656|BY_IF
2000-280-868|1006|3| |183|13-JUN-2027|0|0|0|0|0|8640|0|75|0|0|13-JUN-2027|0|5|19-JUN-2027|0|0|0|183| |0|0|0|0| |0|0|0|1|202547|CONSTRAINED|CONSTRAINED|CONSTRAINED_202547_2025-11-20_0656|BY_IF
2000-280-868|1006|3| |184|19-JUN-2027|0|0|0|0|0|1440|0|75|0|0|19-JUN-2027|0|5|20-JUN-2027|0|0|0|184| |0|0|0|0| |0|0|0|1|202547|CONSTRAINED|CONSTRAINED|CONSTRAINED_202547_2025-11-20_0656|BY_IF
2000-280-868|1006|3| |185|20-JUN-2027|0|0|0|0|0|8640|0|75|0|0|20-JUN-2027|0|5|26-JUN-2027|0|0|0|185| |0|0|0|0| |0|0|0|1|202547|CONSTRAINED|CONSTRAINED|CONSTRAINED_202547_2025-11-20_0656|BY_IF
2000-280-868|1006|3| |186|26-JUN-2027|0|0|0|0|0|1440|0|75|0|0|26-JUN-2027|0|5|27-JUN-2027|0|0|0|186| |0|0|0|0| |0|0|0|1|202547|CONSTRAINED|CONSTRAINED|CONSTRAINED_202547_2025-11-20_0656|BY_IF
2000-280-868|1006|3| |187|27-JUN-2027|0|0|0|0|0|8640|0|75|0|0|27-JUN-2027|0|5|03-JUL-2027|0|0|0|187| |0|0|0|0| |0|0|0|1|202547|CONSTRAINED|CONSTRAINED|CONSTRAINED_202547_2025-11-20_0656|BY_IF
2000-280-868|1006|3| |188|03-JUL-2027|0|0|0|0|0|1440|0|75|0|0|03-JUL-2027|0|5|04-JUL-2027|0|0|0|188| |0|0|0|0| |0|0|0|1|202547|CONSTRAINED|CONSTRAINED|CONSTRAINED_202547_2025-11-20_0656|BY_IF
2000-280-868|1006|3| |189|04-JUL-2027|0|0|0|0|0|8640|0|75|0|0|04-JUL-2027|0|5|10-JUL-2027|0|0|0|189| |0|0|0|0| |0|0|0|1|202547|CONSTRAINED|CONSTRAINED|CONSTRAINED_202547_2025-11-20_0656|BY_IF
2000-280-868|1006|3| |190|10-JUL-2027|0|0|0|0|0|1440|0|75|0|0|10-JUL-2027|0|5|11-JUL-2027|0|0|0|190| |0|0|0|0| |0|0|0|1|202547|CONSTRAINED|CONSTRAINED|CONSTRAINED_202547_2025-11-20_0656|BY_IF
2000-280-868|1006|3| |191|11-JUL-2027|0|0|0|0|0|8640|0|75|0|0|11-JUL-2027|0|5|17-JUL-2027|0|0|0|191| |0|0|0|0| |0|0|0|1|202547|CONSTRAINED|CONSTRAINED|CONSTRAINED_202547_2025-11-20_0656|BY_IF
2000-280-868|1006|3| |192|17-JUL-2027|0|0|0|0|0|1440|0|75|0|0|17-JUL-2027|0|5|18-JUL-2027|0|0|0|192| |0|0|0|0| |0|0|0|1|202547|CONSTRAINED|CONSTRAINED|CONSTRAINED_202547_2025-11-20_0656|BY_IF
2000-280-868|1006|3| |193|18-JUL-2027|0|0|0|0|0|8640|0|75|0|0|18-JUL-2027|75|1|24-JUL-2027|0|0|0|193| |0|0|0|0| |0|0|0|1|202547|CONSTRAINED|CONSTRAINED|CONSTRAINED_202547_2025-11-20_0656|BY_IF
2000-280-868|1006|3| |194|24-JUL-2027|0|0|0|0|0|2880|0|1|0|0|24-JUL-2027|0|5|26-JUL-2027|0|0|0|194| |0|0|0|0| |0|0|0|1|202547|CONSTRAINED|CONSTRAINED|CONSTRAINED_202547_2025-11-20_0656|BY_IF
2000-280-868|VF|2| |228|21-MAR-2026|0|0|0|0|0|0|400|75|0|0|21-MAR-2026|0|6|01-JAN-1970|0|0|228|0| |0|||0|6200000072|10|0|0|1|202547|CONSTRAINED|CONSTRAINED|CONSTRAINED_202547_2025-11-20_0656|BY_IF
2000-280-868|VF|2| |229|14-MAR-2026|0|0|0|0|0|0|400|75|0|0|14-MAR-2026|0|6|01-JAN-1970|0|0|229|0| |0|||0|6200000072|10|0|0|1|202547|CONSTRAINED|CONSTRAINED|CONSTRAINED_202547_2025-11-20_0656|BY_IF
2000-280-868|VF|2| |230|07-MAR-2026|0|0|0|0|0|0|400|75|0|0|07-MAR-2026|0|6|01-JAN-1970|0|0|230|0| |0|||0|6200000072|10|0|0|1|202547|CONSTRAINED|CONSTRAINED|CONSTRAINED_202547_2025-11-20_0656|BY_IF
2000-280-868|VF|2| |231|28-FEB-2026|0|0|0|0|0|0|400|75|0|0|28-FEB-2026|0|6|01-JAN-1970|0|0|231|0| |0|||0|6200000072|10|0|0|1|202547|CONSTRAINED|CONSTRAINED|CONSTRAINED_202547_2025-11-20_0656|BY_IF
2000-280-868|VF|2| |232|18-JUL-2026|0|0|0|0|0|0|400|75|0|0|18-JUL-2026|0|6|01-JAN-1970|0|0|232|0| |0|||0|6200000072|10|0|0|1|202547|CONSTRAINED|CONSTRAINED|CONSTRAINED_202547_2025-11-20_0656|BY_IF
2000-280-868|VF|2| |233|25-JUL-2026|0|0|0|0|0|0|400|75|0|0|25-JUL-2026|0|6|01-JAN-1970|0|0|233|0| |0|||0|6200000072|10|0|0|1|202547|CONSTRAINED|CONSTRAINED|CONSTRAINED_202547_2025-11-20_0656|BY_IF
2000-280-868|VF|2| |234|13-JUN-2026|0|0|0|0|0|0|400|75|0|0|13-JUN-2026|0|6|01-JAN-1970|0|0|234|0| |0|||0|6200000072|10|0|0|1|202547|CONSTRAINED|CONSTRAINED|CONSTRAINED_202547_2025-11-20_0656|BY_IF
2000-280-868|VF|2| |235|06-JUN-2026|0|0|0|0|0|0|400|75|0|0|06-JUN-2026|0|6|01-JAN-1970|0|0|235|0| |0|||0|6200000072|10|0|0|1|202547|CONSTRAINED|CONSTRAINED|CONSTRAINED_202547_2025-11-20_0656|BY_IF
2000-280-868|VF|2| |236|17-JAN-2026|0|0|0|0|0|0|400|75|0|0|17-JAN-2026|0|6|01-JAN-1970|0|0|236|0| |0|||0|6200000072|10|0|0|1|202547|CONSTRAINED|CONSTRAINED|CONSTRAINED_202547_2025-11-20_0656|BY_IF
2000-280-868|VF|2| |237|24-JAN-2026|0|0|0|0|0|0|400|75|0|0|24-JAN-2026|0|6|01-JAN-1970|0|0|237|0| |0|||0|6200000072|10|0|0|1|202547|CONSTRAINED|CONSTRAINED|CONSTRAINED_202547_2025-11-20_0656|BY_IF
2000-280-868|VF|2| |238|14-FEB-2026|0|0|0|0|0|0|400|75|0|0|14-FEB-2026|0|6|01-JAN-1970|0|0|238|0| |0|||0|6200000072|10|0|0|1|202547|CONSTRAINED|CONSTRAINED|CONSTRAINED_202547_2025-11-20_0656|BY_IF
2000-280-868|VF|2| |239|21-FEB-2026|0|0|0|0|0|0|400|75|0|0|21-FEB-2026|0|6|01-JAN-1970|0|0|239|0| |0|||0|6200000072|10|0|0|1|202547|CONSTRAINED|CONSTRAINED|CONSTRAINED_202547_2025-11-20_0656|BY_IF
2000-280-868|VF|2| |240|04-JUL-2026|0|0|0|0|0|0|400|75|0|0|04-JUL-2026|0|6|01-JAN-1970|0|0|240|0| |0|||0|6200000072|10|0|0|1|202547|CONSTRAINED|CONSTRAINED|CONSTRAINED_202547_2025-11-20_0656|BY_IF
2000-280-868|VF|2| |241|11-JUL-2026|0|0|0|0|0|0|400|75|0|0|11-JUL-2026|0|6|01-JAN-1970|0|0|241|0| |0|||0|6200000072|10|0|0|1|202547|CONSTRAINED|CONSTRAINED|CONSTRAINED_202547_2025-11-20_0656|BY_IF
2000-280-868|VF|2| |242|20-JUN-2026|0|0|0|0|0|0|400|75|0|0|20-JUN-2026|0|6|01-JAN-1970|0|0|242|0| |0|||0|6200000072|10|0|0|1|202547|CONSTRAINED|CONSTRAINED|CONSTRAINED_202547_2025-11-20_0656|BY_IF
2000-280-868|VF|2| |243|31-JAN-2026|0|0|0|0|0|0|400|75|0|0|31-JAN-2026|0|6|01-JAN-1970|0|0|243|0| |0|||0|6200000072|10|0|0|1|202547|CONSTRAINED|CONSTRAINED|CONSTRAINED_202547_2025-11-20_0656|BY_IF
2000-280-868|VF|2| |244|07-FEB-2026|0|0|0|0|0|0|400|75|0|0|07-FEB-2026|0|6|01-JAN-1970|0|0|244|0| |0|||0|6200000072|10|0|0|1|202547|CONSTRAINED|CONSTRAINED|CONSTRAINED_202547_2025-11-20_0656|BY_IF
2000-280-868|VF|2| |245|27-JUN-2026|0|0|0|0|0|0|400|75|0|0|27-JUN-2026|0|6|01-JAN-1970|0|0|245|0| |0|||0|6200000072|10|0|0|1|202547|CONSTRAINED|CONSTRAINED|CONSTRAINED_202547_2025-11-20_0656|BY_IF
2000-280-868|VF|2| |246|30-MAY-2026|0|0|0|0|0|0|400|75|0|0|30-MAY-2026|0|6|01-JAN-1970|0|0|246|0| |0|||0|6200000072|10|0|0|1|202547|CONSTRAINED|CONSTRAINED|CONSTRAINED_202547_2025-11-20_0656|BY_IF
2000-280-868|VF|2| |247|23-MAY-2026|0|0|0|0|0|0|400|75|0|0|23-MAY-2026|0|6|01-JAN-1970|0|0|247|0| |0|||0|6200000072|10|0|0|1|202547|CONSTRAINED|CONSTRAINED|CONSTRAINED_202547_2025-11-20_0656|BY_IF
2000-280-868|VF|2| |248|16-MAY-2026|0|0|0|0|0|0|400|75|0|0|16-MAY-2026|0|6|01-JAN-1970|0|0|248|0| |0|||0|6200000072|10|0|0|1|202547|CONSTRAINED|CONSTRAINED|CONSTRAINED_202547_2025-11-20_0656|BY_IF
2000-280-868|VF|2| |249|09-MAY-2026|0|0|0|0|0|0|400|75|0|0|09-MAY-2026|0|6|01-JAN-1970|0|0|249|0| |0|||0|6200000072|10|0|0|1|202547|CONSTRAINED|CONSTRAINED|CONSTRAINED_202547_2025-11-20_0656|BY_IF
2000-280-868|VF|2| |250|04-APR-2026|0|0|0|0|0|0|400|75|0|0|04-APR-2026|0|6|01-JAN-1970|0|0|250|0| |0|||0|6200000072|10|0|0|1|202547|CONSTRAINED|CONSTRAINED|CONSTRAINED_202547_2025-11-20_0656|BY_IF
2000-280-868|VF|2| |251|28-MAR-2026|0|0|0|0|0|0|400|75|0|0|28-MAR-2026|0|6|01-JAN-1970|0|0|251|0| |0|||0|6200000072|10|0|0|1|202547|CONSTRAINED|CONSTRAINED|CONSTRAINED_202547_2025-11-20_0656|BY_IF
2000-280-868|VF|2| |252|02-MAY-2026|0|0|0|0|0|0|400|75|0|0|02-MAY-2026|0|6|01-JAN-1970|0|0|252|0| |0|||0|6200000072|10|0|0|1|202547|CONSTRAINED|CONSTRAINED|CONSTRAINED_202547_2025-11-20_0656|BY_IF
2000-280-868|VF|2| |253|25-APR-2026|0|0|0|0|0|0|400|75|0|0|25-APR-2026|0|6|01-JAN-1970|0|0|253|0| |0|||0|6200000072|10|0|0|1|202547|CONSTRAINED|CONSTRAINED|CONSTRAINED_202547_2025-11-20_0656|BY_IF
2000-280-868|VF|2| |254|18-APR-2026|0|0|0|0|0|0|400|75|0|0|18-APR-2026|0|6|01-JAN-1970|0|0|254|0| |0|||0|6200000072|10|0|0|1|202547|CONSTRAINED|CONSTRAINED|CONSTRAINED_202547_2025-11-20_0656|BY_IF
2000-280-868|VF|2| |255|11-APR-2026|0|0|0|0|0|0|400|75|0|0|11-APR-2026|0|6|01-JAN-1970|0|0|255|0| |0|||0|6200000072|10|0|0|1|202547|CONSTRAINED|CONSTRAINED|CONSTRAINED_202547_2025-11-20_0656|BY_IF
2000-280-868|VF|2| |1332|03-APR-2027|0|0|0|0|0|0|1200|75|0|0|03-APR-2027|0|6|01-JAN-1970|0|0|1332|0| |0|||0|6200000072|13|0|0|1|202547|CONSTRAINED|CONSTRAINED|CONSTRAINED_202547_2025-11-20_0656|BY_IF
2000-280-868|VF|2| |1333|19-JUN-2027|0|0|0|0|0|0|1200|75|0|0|19-JUN-2027|0|6|01-JAN-1970|0|0|1333|0| |0|||0|6200000072|13|0|0|1|202547|CONSTRAINED|CONSTRAINED|CONSTRAINED_202547_2025-11-20_0656|BY_IF
2000-280-868|VF|2| |1334|08-AUG-2026|0|0|0|0|0|0|1200|75|0|0|08-AUG-2026|0|6|01-JAN-1970|0|0|1334|0| |0|||0|6200000072|13|0|0|1|202547|CONSTRAINED|CONSTRAINED|CONSTRAINED_202547_2025-11-20_0656|BY_IF
2000-280-868|VF|2| |1335|05-DEC-2026|0|0|0|0|0|0|1200|75|0|0|05-DEC-2026|0|6|01-JAN-1970|0|0|1335|0| |0|||0|6200000072|13|0|0|1|202547|CONSTRAINED|CONSTRAINED|CONSTRAINED_202547_2025-11-20_0656|BY_IF
2000-280-868|VF|2| |1336|06-FEB-2027|0|0|0|0|0|0|1200|75|0|0|06-FEB-2027|0|6|01-JAN-1970|0|0|1336|0| |0|||0|6200000072|13|0|0|1|202547|CONSTRAINED|CONSTRAINED|CONSTRAINED_202547_2025-11-20_0656|BY_IF
2000-280-868|VF|2| |1337|10-APR-2027|0|0|0|0|0|0|1200|75|0|0|10-APR-2027|0|6|01-JAN-1970|0|0|1337|0| |0|||0|6200000072|13|0|0|1|202547|CONSTRAINED|CONSTRAINED|CONSTRAINED_202547_2025-11-20_0656|BY_IF
2000-280-868|VF|2| |1338|12-JUN-2027|0|0|0|0|0|0|1200|75|0|0|12-JUN-2027|0|6|01-JAN-1970|0|0|1338|0| |0|||0|6200000072|13|0|0|1|202547|CONSTRAINED|CONSTRAINED|CONSTRAINED_202547_2025-11-20_0656|BY_IF
2000-280-868|VF|2| |1339|14-NOV-2026|0|0|0|0|0|0|1200|75|0|0|14-NOV-2026|0|6|01-JAN-1970|0|0|1339|0| |0|||0|6200000072|13|0|0|1|202547|CONSTRAINED|CONSTRAINED|CONSTRAINED_202547_2025-11-20_0656|BY_IF
2000-280-868|VF|2| |1340|29-AUG-2026|0|0|0|0|0|0|1200|75|0|0|29-AUG-2026|0|6|01-JAN-1970|0|0|1340|0| |0|||0|6200000072|13|0|0|1|202547|CONSTRAINED|CONSTRAINED|CONSTRAINED_202547_2025-11-20_0656|BY_IF
2000-280-868|VF|2| |1341|30-JAN-2027|0|0|0|0|0|0|1200|75|0|0|30-JAN-2027|0|6|01-JAN-1970|0|0|1341|0| |0|||0|6200000072|13|0|0|1|202547|CONSTRAINED|CONSTRAINED|CONSTRAINED_202547_2025-11-20_0656|BY_IF
2000-280-868|VF|2| |1342|17-APR-2027|0|0|0|0|0|0|1200|75|0|0|17-APR-2027|0|6|01-JAN-1970|0|0|1342|0| |0|||0|6200000072|13|0|0|1|202547|CONSTRAINED|CONSTRAINED|CONSTRAINED_202547_2025-11-20_0656|BY_IF
2000-280-868|VF|2| |1343|03-JUL-2027|0|0|0|0|0|0|1200|75|0|0|03-JUL-2027|0|6|01-JAN-1970|0|0|1343|0| |0|||0|6200000072|13|0|0|1|202547|CONSTRAINED|CONSTRAINED|CONSTRAINED_202547_2025-11-20_0656|BY_IF
2000-280-868|VF|2| |1344|22-AUG-2026|0|0|0|0|0|0|1200|75|0|0|22-AUG-2026|0|6|01-JAN-1970|0|0|1344|0| |0|||0|6200000072|13|0|0|1|202547|CONSTRAINED|CONSTRAINED|CONSTRAINED_202547_2025-11-20_0656|BY_IF
2000-280-868|VF|2| |1345|21-NOV-2026|0|0|0|0|0|0|1200|75|0|0|21-NOV-2026|0|6|01-JAN-1970|0|0|1345|0| |0|||0|6200000072|13|0|0|1|202547|CONSTRAINED|CONSTRAINED|CONSTRAINED_202547_2025-11-20_0656|BY_IF
2000-280-868|VF|2| |1346|23-JAN-2027|0|0|0|0|0|0|1200|75|0|0|23-JAN-2027|0|6|01-JAN-1970|0|0|1346|0| |0|||0|6200000072|13|0|0|1|202547|CONSTRAINED|CONSTRAINED|CONSTRAINED_202547_2025-11-20_0656|BY_IF
2000-280-868|VF|2| |1347|24-APR-2027|0|0|0|0|0|0|1200|75|0|0|24-APR-2027|0|6|01-JAN-1970|0|0|1347|0| |0|||0|6200000072|13|0|0|1|202547|CONSTRAINED|CONSTRAINED|CONSTRAINED_202547_2025-11-20_0656|BY_IF
2000-280-868|VF|2| |1348|26-JUN-2027|0|0|0|0|0|0|1200|75|0|0|26-JUN-2027|0|6|01-JAN-1970|0|0|1348|0| |0|||0|6200000072|13|0|0|1|202547|CONSTRAINED|CONSTRAINED|CONSTRAINED_202547_2025-11-20_0656|BY_IF
2000-280-868|VF|2| |1349|31-OCT-2026|0|0|0|0|0|0|1200|75|0|0|31-OCT-2026|0|6|01-JAN-1970|0|0|1349|0| |0|||0|6200000072|13|0|0|1|202547|CONSTRAINED|CONSTRAINED|CONSTRAINED_202547_2025-11-20_0656|BY_IF
2000-280-868|VF|2| |1350|12-SEP-2026|0|0|0|0|0|0|1200|75|0|0|12-SEP-2026|0|6|01-JAN-1970|0|0|1350|0| |0|||0|6200000072|13|0|0|1|202547|CONSTRAINED|CONSTRAINED|CONSTRAINED_202547_2025-11-20_0656|BY_IF
2000-280-868|VF|2| |1351|16-JAN-2027|0|0|0|0|0|0|1200|75|0|0|16-JAN-2027|0|6|01-JAN-1970|0|0|1351|0| |0|||0|6200000072|13|0|0|1|202547|CONSTRAINED|CONSTRAINED|CONSTRAINED_202547_2025-11-20_0656|BY_IF
2000-280-868|VF|2| |1352|06-MAR-2027|0|0|0|0|0|0|1200|75|0|0|06-MAR-2027|0|6|01-JAN-1970|0|0|1352|0| |0|||0|6200000072|13|0|0|1|202547|CONSTRAINED|CONSTRAINED|CONSTRAINED_202547_2025-11-20_0656|BY_IF
2000-280-868|VF|2| |1353|22-MAY-2027|0|0|0|0|0|0|1200|75|0|0|22-MAY-2027|0|6|01-JAN-1970|0|0|1353|0| |0|||0|6200000072|13|0|0|1|202547|CONSTRAINED|CONSTRAINED|CONSTRAINED_202547_2025-11-20_0656|BY_IF
2000-280-868|VF|2| |1354|07-NOV-2026|0|0|0|0|0|0|1200|75|0|0|07-NOV-2026|0|6|01-JAN-1970|0|0|1354|0| |0|||0|6200000072|13|0|0|1|202547|CONSTRAINED|CONSTRAINED|CONSTRAINED_202547_2025-11-20_0656|BY_IF
2000-280-868|VF|2| |1355|05-SEP-2026|0|0|0|0|0|0|1200|75|0|0|05-SEP-2026|0|6|01-JAN-1970|0|0|1355|0| |0|||0|6200000072|13|0|0|1|202547|CONSTRAINED|CONSTRAINED|CONSTRAINED_202547_2025-11-20_0656|BY_IF
2000-280-868|VF|2| |1356|09-JAN-2027|0|0|0|0|0|0|1200|75|0|0|09-JAN-2027|0|6|01-JAN-1970|0|0|1356|0| |0|||0|6200000072|13|0|0|1|202547|CONSTRAINED|CONSTRAINED|CONSTRAINED_202547_2025-11-20_0656|BY_IF
2000-280-868|VF|2| |1357|13-MAR-2027|0|0|0|0|0|0|1200|75|0|0|13-MAR-2027|0|6|01-JAN-1970|0|0|1357|0| |0|||0|6200000072|13|0|0|1|202547|CONSTRAINED|CONSTRAINED|CONSTRAINED_202547_2025-11-20_0656|BY_IF
2000-280-868|VF|2| |1358|15-MAY-2027|0|0|0|0|0|0|1200|75|0|0|15-MAY-2027|0|6|01-JAN-1970|0|0|1358|0| |0|||0|6200000072|13|0|0|1|202547|CONSTRAINED|CONSTRAINED|CONSTRAINED_202547_2025-11-20_0656|BY_IF
2000-280-868|VF|2| |1359|17-OCT-2026|0|0|0|0|0|0|1200|75|0|0|17-OCT-2026|0|6|01-JAN-1970|0|0|1359|0| |0|||0|6200000072|13|0|0|1|202547|CONSTRAINED|CONSTRAINED|CONSTRAINED_202547_2025-11-20_0656|BY_IF
2000-280-868|VF|2| |1360|26-SEP-2026|0|0|0|0|0|0|1200|75|0|0|26-SEP-2026|0|6|01-JAN-1970|0|0|1360|0| |0|||0|6200000072|13|0|0|1|202547|CONSTRAINED|CONSTRAINED|CONSTRAINED_202547_2025-11-20_0656|BY_IF
2000-280-868|VF|2| |1361|02-JAN-2027|0|0|0|0|0|0|1200|75|0|0|02-JAN-2027|0|6|01-JAN-1970|0|0|1361|0| |0|||0|6200000072|13|0|0|1|202547|CONSTRAINED|CONSTRAINED|CONSTRAINED_202547_2025-11-20_0656|BY_IF
2000-280-868|VF|2| |1362|20-MAR-2027|0|0|0|0|0|0|1200|75|0|0|20-MAR-2027|0|6|01-JAN-1970|0|0|1362|0| |0|||0|6200000072|13|0|0|1|202547|CONSTRAINED|CONSTRAINED|CONSTRAINED_202547_2025-11-20_0656|BY_IF
2000-280-868|VF|2| |1363|05-JUN-2027|0|0|0|0|0|0|1200|75|0|0|05-JUN-2027|0|6|01-JAN-1970|0|0|1363|0| |0|||0|6200000072|13|0|0|1|202547|CONSTRAINED|CONSTRAINED|CONSTRAINED_202547_2025-11-20_0656|BY_IF
2000-280-868|VF|2| |1364|24-OCT-2026|0|0|0|0|0|0|1200|75|0|0|24-OCT-2026|0|6|01-JAN-1970|0|0|1364|0| |0|||0|6200000072|13|0|0|1|202547|CONSTRAINED|CONSTRAINED|CONSTRAINED_202547_2025-11-20_0656|BY_IF
2000-280-868|VF|2| |1365|19-SEP-2026|0|0|0|0|0|0|1200|75|0|0|19-SEP-2026|0|6|01-JAN-1970|0|0|1365|0| |0|||0|6200000072|13|0|0|1|202547|CONSTRAINED|CONSTRAINED|CONSTRAINED_202547_2025-11-20_0656|BY_IF
2000-280-868|VF|2| |1366|26-DEC-2026|0|0|0|0|0|0|1200|75|0|0|26-DEC-2026|0|6|01-JAN-1970|0|0|1366|0| |0|||0|6200000072|13|0|0|1|202547|CONSTRAINED|CONSTRAINED|CONSTRAINED_202547_2025-11-20_0656|BY_IF
2000-280-868|VF|2| |1367|27-MAR-2027|0|0|0|0|0|0|1200|75|0|0|27-MAR-2027|0|6|01-JAN-1970|0|0|1367|0| |0|||0|6200000072|13|0|0|1|202547|CONSTRAINED|CONSTRAINED|CONSTRAINED_202547_2025-11-20_0656|BY_IF
2000-280-868|VF|2| |1368|29-MAY-2027|0|0|0|0|0|0|1200|75|0|0|29-MAY-2027|0|6|01-JAN-1970|0|0|1368|0| |0|||0|6200000072|13|0|0|1|202547|CONSTRAINED|CONSTRAINED|CONSTRAINED_202547_2025-11-20_0656|BY_IF
2000-280-868|VF|2| |1369|10-OCT-2026|0|0|0|0|0|0|1200|75|0|0|10-OCT-2026|0|6|01-JAN-1970|0|0|1369|0| |0|||0|6200000072|13|0|0|1|202547|CONSTRAINED|CONSTRAINED|CONSTRAINED_202547_2025-11-20_0656|BY_IF
2000-280-868|VF|2| |1370|03-OCT-2026|0|0|0|0|0|0|1200|75|0|0|03-OCT-2026|0|6|01-JAN-1970|0|0|1370|0| |0|||0|6200000072|13|0|0|1|202547|CONSTRAINED|CONSTRAINED|CONSTRAINED_202547_2025-11-20_0656|BY_IF
2000-280-868|VF|2| |1371|01-AUG-2026|0|0|0|0|0|0|1200|75|0|0|01-AUG-2026|0|6|01-JAN-1970|0|0|1371|0| |0|||0|6200000072|13|0|0|1|202547|CONSTRAINED|CONSTRAINED|CONSTRAINED_202547_2025-11-20_0656|BY_IF
2000-280-868|VF|2| |1372|24-JUL-2027|0|0|0|0|0|0|1200|75|0|0|24-JUL-2027|0|6|01-JAN-1970|0|0|1372|0| |0|||0|6200000072|13|0|0|1|202547|CONSTRAINED|CONSTRAINED|CONSTRAINED_202547_2025-11-20_0656|BY_IF
2000-280-868|VF|2| |1373|01-MAY-2027|0|0|0|0|0|0|1200|75|0|0|01-MAY-2027|0|6|01-JAN-1970|0|0|1373|0| |0|||0|6200000072|13|0|0|1|202547|CONSTRAINED|CONSTRAINED|CONSTRAINED_202547_2025-11-20_0656|BY_IF
2000-280-868|VF|2| |1374|17-JUL-2027|0|0|0|0|0|0|1200|75|0|0|17-JUL-2027|0|6|01-JAN-1970|0|0|1374|0| |0|||0|6200000072|13|0|0|1|202547|CONSTRAINED|CONSTRAINED|CONSTRAINED_202547_2025-11-20_0656|BY_IF
2000-280-868|VF|2| |1375|08-MAY-2027|0|0|0|0|0|0|1200|75|0|0|08-MAY-2027|0|6|01-JAN-1970|0|0|1375|0| |0|||0|6200000072|13|0|0|1|202547|CONSTRAINED|CONSTRAINED|CONSTRAINED_202547_2025-11-20_0656|BY_IF
2000-280-868|VF|2| |1376|10-JUL-2027|0|0|0|0|0|0|1200|75|0|0|10-JUL-2027|0|6|01-JAN-1970|0|0|1376|0| |0|||0|6200000072|13|0|0|1|202547|CONSTRAINED|CONSTRAINED|CONSTRAINED_202547_2025-11-20_0656|BY_IF
2000-280-868|VF|2| |1377|12-DEC-2026|0|0|0|0|0|0|1200|75|0|0|12-DEC-2026|0|6|01-JAN-1970|0|0|1377|0| |0|||0|6200000072|13|0|0|1|202547|CONSTRAINED|CONSTRAINED|CONSTRAINED_202547_2025-11-20_0656|BY_IF
2000-280-868|VF|2| |1378|27-FEB-2027|0|0|0|0|0|0|1200|75|0|0|27-FEB-2027|0|6|01-JAN-1970|0|0|1378|0| |0|||0|6200000072|13|0|0|1|202547|CONSTRAINED|CONSTRAINED|CONSTRAINED_202547_2025-11-20_0656|BY_IF
2000-280-868|VF|2| |1379|19-DEC-2026|0|0|0|0|0|0|1200|75|0|0|19-DEC-2026|0|6|01-JAN-1970|0|0|1379|0| |0|||0|6200000072|13|0|0|1|202547|CONSTRAINED|CONSTRAINED|CONSTRAINED_202547_2025-11-20_0656|BY_IF
2000-280-868|VF|2| |1380|20-FEB-2027|0|0|0|0|0|0|1200|75|0|0|20-FEB-2027|0|6|01-JAN-1970|0|0|1380|0| |0|||0|6200000072|13|0|0|1|202547|CONSTRAINED|CONSTRAINED|CONSTRAINED_202547_2025-11-20_0656|BY_IF
2000-280-868|VF|2| |1381|15-AUG-2026|0|0|0|0|0|0|1200|75|0|0|15-AUG-2026|0|6|01-JAN-1970|0|0|1381|0| |0|||0|6200000072|13|0|0|1|202547|CONSTRAINED|CONSTRAINED|CONSTRAINED_202547_2025-11-20_0656|BY_IF
2000-280-868|VF|2| |1382|28-NOV-2026|0|0|0|0|0|0|1200|75|0|0|28-NOV-2026|0|6|01-JAN-1970|0|0|1382|0| |0|||0|6200000072|13|0|0|1|202547|CONSTRAINED|CONSTRAINED|CONSTRAINED_202547_2025-11-20_0656|BY_IF
2000-280-868|VF|2| |1383|13-FEB-2027|0|0|0|0|0|0|1200|75|0|0|13-FEB-2027|0|6|01-JAN-1970|0|0|1383|0| |0|||0|6200000072|13|0|0|1|202547|CONSTRAINED|CONSTRAINED|CONSTRAINED_202547_2025-11-20_0656|BY_IF
2000-280-868|VF|3| |1|26-JUL-2025|0|0|0|0|0|524160|0|1|0|0|26-JUL-2025|0|5|25-JUL-2026|0|0|0|1| |0|0|0|0| |0|0|0|1|202547|CONSTRAINED|CONSTRAINED|CONSTRAINED_202547_2025-11-20_0656|BY_IF
2000-280-868|VF|3| |2|25-JUL-2026|0|0|0|0|0|524160|0|75|0|0|25-JUL-2026|0|5|24-JUL-2027|0|0|0|2| |0|0|0|0| |0|0|0|1|202547|CONSTRAINED|CONSTRAINED|CONSTRAINED_202547_2025-11-20_0656|BY_IF
2000-280-868|VF|3| |3|24-JUL-2027|0|0|0|0|0|2880|0|1|0|0|24-JUL-2027|0|5|26-JUL-2027|0|0|0|3| |0|0|0|0| |0|0|0|1|202547|CONSTRAINED|CONSTRAINED|CONSTRAINED_202547_2025-11-20_0656|BY_IF
2000-280-869|1003|3| |1|26-JUL-2025|0|0|0|0|0|1051200|0|1|0|0|26-JUL-2025|0|5|26-JUL-2027|0|0|0|1| |0|0|0|0| |0|0|0|1|202547|CONSTRAINED|CONSTRAINED|CONSTRAINED_202547_2025-11-20_0656|BY_IF
2000-280-869|1006|3| |1|26-JUL-2025|0|0|0|0|0|1440|0|391.661713|0|0|26-JUL-2025|0|5|27-JUL-2025|0|0|0|1| |0|0|0|0| |0|0|0|1|202547|CONSTRAINED|CONSTRAINED|CONSTRAINED_202547_2025-11-20_0656|BY_IF
2000-280-869|1006|3| |2|27-JUL-2025|0|0|0|0|0|8640|0|391.661713|0|0|27-JUL-2025|0|5|02-AUG-2025|0|0|0|2| |0|0|0|0| |0|0|0|1|202547|CONSTRAINED|CONSTRAINED|CONSTRAINED_202547_2025-11-20_0656|BY_IF
2000-280-869|1006|3| |3|02-AUG-2025|0|0|0|0|0|1440|0|438.042725|0|0|02-AUG-2025|0|5|03-AUG-2025|0|0|0|3| |0|0|0|0| |0|0|0|1|202547|CONSTRAINED|CONSTRAINED|CONSTRAINED_202547_2025-11-20_0656|BY_IF
2000-280-869|1006|3| |4|03-AUG-2025|0|0|0|0|0|8640|0|438.042725|0|0|03-AUG-2025|0|5|09-AUG-2025|0|0|0|4| |0|0|0|0| |0|0|0|1|202547|CONSTRAINED|CONSTRAINED|CONSTRAINED_202547_2025-11-20_0656|BY_IF
2000-280-869|1006|3| |5|09-AUG-2025|0|0|0|0|0|1440|0|105.130249|0|0|09-AUG-2025|0|5|10-AUG-2025|0|0|0|5| |0|0|0|0| |0|0|0|1|202547|CONSTRAINED|CONSTRAINED|CONSTRAINED_202547_2025-11-20_0656|BY_IF
2000-280-869|1006|3| |6|10-AUG-2025|0|0|0|0|0|8640|0|105.130249|0|0|10-AUG-2025|0|5|16-AUG-2025|0|0|0|6| |0|0|0|0| |0|0|0|1|202547|CONSTRAINED|CONSTRAINED|CONSTRAINED_202547_2025-11-20_0656|BY_IF
2000-280-869|1006|3| |7|16-AUG-2025|0|0|0|0|0|1440|0|113.375732|0|0|16-AUG-2025|0|5|17-AUG-2025|0|0|0|7| |0|0|0|0| |0|0|0|1|202547|CONSTRAINED|CONSTRAINED|CONSTRAINED_202547_2025-11-20_0656|BY_IF
2000-280-869|1006|3| |8|17-AUG-2025|0|0|0|0|0|8640|0|113.375732|0|0|17-AUG-2025|0|5|23-AUG-2025|0|0|0|8| |0|0|0|0| |0|0|0|1|202547|CONSTRAINED|CONSTRAINED|CONSTRAINED_202547_2025-11-20_0656|BY_IF
2000-280-869|1006|3| |9|23-AUG-2025|0|0|0|0|0|1440|0|1|0|0|23-AUG-2025|0|5|24-AUG-2025|0|0|0|9| |0|0|0|0| |0|0|0|1|202547|CONSTRAINED|CONSTRAINED|CONSTRAINED_202547_2025-11-20_0656|BY_IF
2000-280-869|1006|3| |10|24-AUG-2025|0|0|0|0|0|18720|0|1|0|0|24-AUG-2025|0|5|06-SEP-2025|0|0|0|10| |0|0|0|0| |0|0|0|1|202547|CONSTRAINED|CONSTRAINED|CONSTRAINED_202547_2025-11-20_0656|BY_IF
2000-280-869|1006|3| |11|06-SEP-2025|0|0|0|0|0|10080|0|51.534435|0|0|06-SEP-2025|0|5|13-SEP-2025|0|0|0|11| |0|0|0|0| |0|0|0|1|202547|CONSTRAINED|CONSTRAINED|CONSTRAINED_202547_2025-11-20_0656|BY_IF
2000-280-869|1006|3| |12|13-SEP-2025|0|0|0|0|0|1440|0|1|0|0|13-SEP-2025|0|5|14-SEP-2025|0|0|0|12| |0|0|0|0| |0|0|0|1|202547|CONSTRAINED|CONSTRAINED|CONSTRAINED_202547_2025-11-20_0656|BY_IF
2000-280-869|1006|3| |13|14-SEP-2025|0|0|0|0|0|89280|0|1|0|0|14-SEP-2025|0|5|15-NOV-2025|0|0|0|13| |0|0|0|0| |0|0|0|1|202547|CONSTRAINED|CONSTRAINED|CONSTRAINED_202547_2025-11-20_0656|BY_IF
2000-280-869|1006|3| |14|15-NOV-2025|0|0|0|0|0|10080|0|78.332336|0|0|15-NOV-2025|0|5|22-NOV-2025|0|0|0|14| |0|0|0|0| |0|0|0|1|202547|CONSTRAINED|CONSTRAINED|CONSTRAINED_202547_2025-11-20_0656|BY_IF
2000-280-869|1006|3| |15|22-NOV-2025|0|0|0|0|0|1440|0|1|0|0|22-NOV-2025|0|5|23-NOV-2025|0|0|0|15| |0|0|0|0| |0|0|0|1|202547|CONSTRAINED|CONSTRAINED|CONSTRAINED_202547_2025-11-20_0656|BY_IF
2000-280-869|1006|3| |16|23-NOV-2025|0|0|0|0|0|8640|0|1|0|0|23-NOV-2025|0|5|29-NOV-2025|0|0|0|16| |0|0|0|0| |0|0|0|1|202547|CONSTRAINED|CONSTRAINED|CONSTRAINED_202547_2025-11-20_0656|BY_IF
2000-280-869|1006|3| |17|29-NOV-2025|0|0|0|0|0|10080|0|50.503742|0|0|29-NOV-2025|0|5|06-DEC-2025|0|0|0|17| |0|0|0|0| |0|0|0|1|202547|CONSTRAINED|CONSTRAINED|CONSTRAINED_202547_2025-11-20_0656|BY_IF
2000-280-869|1006|3| |18|06-DEC-2025|0|0|0|0|0|1440|0|77.301651|0|0|06-DEC-2025|0|5|07-DEC-2025|0|0|0|18| |0|0|0|0| |0|0|0|1|202547|CONSTRAINED|CONSTRAINED|CONSTRAINED_202547_2025-11-20_0656|BY_IF
2000-280-869|1006|3| |19|07-DEC-2025|0|0|0|0|0|8640|0|77.301651|0|0|07-DEC-2025|0|4|13-DEC-2025|0|0|0|19| |0|0|0|0| |0|0|0|1|202547|CONSTRAINED|CONSTRAINED|CONSTRAINED_202547_2025-11-20_0656|BY_IF
2000-280-869|1006|3| |20|13-DEC-2025|0|0|0|0|0|1440|0|77.301651|0|0|13-DEC-2025|0|5|14-DEC-2025|0|0|0|20| |0|0|0|0| |0|0|0|1|202547|CONSTRAINED|CONSTRAINED|CONSTRAINED_202547_2025-11-20_0656|BY_IF
2000-280-869|1006|3| |21|14-DEC-2025|0|0|0|0|0|8640|0|77.301651|0|0|14-DEC-2025|0|4|20-DEC-2025|0|0|0|21| |0|0|0|0| |0|0|0|1|202547|CONSTRAINED|CONSTRAINED|CONSTRAINED_202547_2025-11-20_0656|BY_IF
2000-280-869|1006|3| |22|20-DEC-2025|0|0|0|0|0|1440|0|77.301651|0|0|20-DEC-2025|0|5|21-DEC-2025|0|0|0|22| |0|0|0|0| |0|0|0|1|202547|CONSTRAINED|CONSTRAINED|CONSTRAINED_202547_2025-11-20_0656|BY_IF
2000-280-869|1006|3| |23|21-DEC-2025|0|0|0|0|0|8640|0|77.301651|0|0|21-DEC-2025|0|4|27-DEC-2025|0|0|0|23| |0|0|0|0| |0|0|0|1|202547|CONSTRAINED|CONSTRAINED|CONSTRAINED_202547_2025-11-20_0656|BY_IF
2000-280-869|1006|3| |24|27-DEC-2025|0|0|0|0|0|1440|0|77.301651|0|0|27-DEC-2025|0|5|28-DEC-2025|0|0|0|24| |0|0|0|0| |0|0|0|1|202547|CONSTRAINED|CONSTRAINED|CONSTRAINED_202547_2025-11-20_0656|BY_IF
2000-280-869|1006|3| |25|28-DEC-2025|0|0|0|0|0|8640|0|77.301651|0|0|28-DEC-2025|0|4|03-JAN-2026|0|0|0|25| |0|0|0|0| |0|0|0|1|202547|CONSTRAINED|CONSTRAINED|CONSTRAINED_202547_2025-11-20_0656|BY_IF
2000-280-869|1006|3| |26|03-JAN-2026|0|0|0|0|0|1440|0|77.301651|0|0|03-JAN-2026|0|5|04-JAN-2026|0|0|0|26| |0|0|0|0| |0|0|0|1|202547|CONSTRAINED|CONSTRAINED|CONSTRAINED_202547_2025-11-20_0656|BY_IF
2000-280-869|1006|3| |27|04-JAN-2026|0|0|0|0|0|8640|0|77.301651|0|0|04-JAN-2026|0|4|10-JAN-2026|0|0|0|27| |0|0|0|0| |0|0|0|1|202547|CONSTRAINED|CONSTRAINED|CONSTRAINED_202547_2025-11-20_0656|BY_IF
2000-280-869|1006|3| |28|10-JAN-2026|0|0|0|0|0|1440|0|77.301651|0|0|10-JAN-2026|0|5|11-JAN-2026|0|0|0|28| |0|0|0|0| |0|0|0|1|202547|CONSTRAINED|CONSTRAINED|CONSTRAINED_202547_2025-11-20_0656|BY_IF
2000-280-869|1006|3| |29|11-JAN-2026|0|0|0|0|0|8640|0|77.301651|0|0|11-JAN-2026|0|4|17-JAN-2026|0|0|0|29| |0|0|0|0| |0|0|0|1|202547|CONSTRAINED|CONSTRAINED|CONSTRAINED_202547_2025-11-20_0656|BY_IF
2000-280-869|1006|3| |30|17-JAN-2026|0|0|0|0|0|1440|0|77.301651|0|0|17-JAN-2026|0|5|18-JAN-2026|0|0|0|30| |0|0|0|0| |0|0|0|1|202547|CONSTRAINED|CONSTRAINED|CONSTRAINED_202547_2025-11-20_0656|BY_IF
2000-280-869|1006|3| |31|18-JAN-2026|0|0|0|0|0|8640|0|77.301651|0|0|18-JAN-2026|0|4|24-JAN-2026|0|0|0|31| |0|0|0|0| |0|0|0|1|202547|CONSTRAINED|CONSTRAINED|CONSTRAINED_202547_2025-11-20_0656|BY_IF
2000-280-869|1006|3| |32|24-JAN-2026|0|0|0|0|0|1440|0|77.301651|0|0|24-JAN-2026|0|5|25-JAN-2026|0|0|0|32| |0|0|0|0| |0|0|0|1|202547|CONSTRAINED|CONSTRAINED|CONSTRAINED_202547_2025-11-20_0656|BY_IF
2000-280-869|1006|3| |33|25-JAN-2026|0|0|0|0|0|8640|0|77.301651|0|0|25-JAN-2026|0|4|31-JAN-2026|0|0|0|33| |0|0|0|0| |0|0|0|1|202547|CONSTRAINED|CONSTRAINED|CONSTRAINED_202547_2025-11-20_0656|BY_IF
2000-280-869|1006|3| |34|31-JAN-2026|0|0|0|0|0|1440|0|77.301651|0|0|31-JAN-2026|0|5|01-FEB-2026|0|0|0|34| |0|0|0|0| |0|0|0|1|202547|CONSTRAINED|CONSTRAINED|CONSTRAINED_202547_2025-11-20_0656|BY_IF
2000-280-869|1006|3| |35|01-FEB-2026|0|0|0|0|0|8640|0|77.301651|0|0|01-FEB-2026|0|4|07-FEB-2026|0|0|0|35| |0|0|0|0| |0|0|0|1|202547|CONSTRAINED|CONSTRAINED|CONSTRAINED_202547_2025-11-20_0656|BY_IF
2000-280-869|1006|3| |36|07-FEB-2026|0|0|0|0|0|1440|0|77.301651|0|0|07-FEB-2026|0|5|08-FEB-2026|0|0|0|36| |0|0|0|0| |0|0|0|1|202547|CONSTRAINED|CONSTRAINED|CONSTRAINED_202547_2025-11-20_0656|BY_IF
2000-280-869|1006|3| |37|08-FEB-2026|0|0|0|0|0|8640|0|77.301651|0|0|08-FEB-2026|0|4|14-FEB-2026|0|0|0|37| |0|0|0|0| |0|0|0|1|202547|CONSTRAINED|CONSTRAINED|CONSTRAINED_202547_2025-11-20_0656|BY_IF
2000-280-869|1006|3| |38|14-FEB-2026|0|0|0|0|0|1440|0|77.301651|0|0|14-FEB-2026|0|5|15-FEB-2026|0|0|0|38| |0|0|0|0| |0|0|0|1|202547|CONSTRAINED|CONSTRAINED|CONSTRAINED_202547_2025-11-20_0656|BY_IF
2000-280-869|1006|3| |39|15-FEB-2026|0|0|0|0|0|8640|0|77.301651|0|0|15-FEB-2026|0|4|21-FEB-2026|0|0|0|39| |0|0|0|0| |0|0|0|1|202547|CONSTRAINED|CONSTRAINED|CONSTRAINED_202547_2025-11-20_0656|BY_IF
2000-280-869|1006|3| |40|21-FEB-2026|0|0|0|0|0|1440|0|77.301651|0|0|21-FEB-2026|0|5|22-FEB-2026|0|0|0|40| |0|0|0|0| |0|0|0|1|202547|CONSTRAINED|CONSTRAINED|CONSTRAINED_202547_2025-11-20_0656|BY_IF
2000-280-869|1006|3| |41|22-FEB-2026|0|0|0|0|0|8640|0|77.301651|0|0|22-FEB-2026|0|4|28-FEB-2026|0|0|0|41| |0|0|0|0| |0|0|0|1|202547|CONSTRAINED|CONSTRAINED|CONSTRAINED_202547_2025-11-20_0656|BY_IF
2000-280-869|1006|3| |42|28-FEB-2026|0|0|0|0|0|1440|0|77.301651|0|0|28-FEB-2026|0|5|01-MAR-2026|0|0|0|42| |0|0|0|0| |0|0|0|1|202547|CONSTRAINED|CONSTRAINED|CONSTRAINED_202547_2025-11-20_0656|BY_IF
2000-280-869|1006|3| |43|01-MAR-2026|0|0|0|0|0|8640|0|77.301651|0|0|01-MAR-2026|0|4|07-MAR-2026|0|0|0|43| |0|0|0|0| |0|0|0|1|202547|CONSTRAINED|CONSTRAINED|CONSTRAINED_202547_2025-11-20_0656|BY_IF
2000-280-869|1006|3| |44|07-MAR-2026|0|0|0|0|0|1440|0|77.301651|0|0|07-MAR-2026|0|5|08-MAR-2026|0|0|0|44| |0|0|0|0| |0|0|0|1|202547|CONSTRAINED|CONSTRAINED|CONSTRAINED_202547_2025-11-20_0656|BY_IF
2000-280-869|1006|3| |45|08-MAR-2026|0|0|0|0|0|8640|0|77.301651|0|0|08-MAR-2026|0|4|14-MAR-2026|0|0|0|45| |0|0|0|0| |0|0|0|1|202547|CONSTRAINED|CONSTRAINED|CONSTRAINED_202547_2025-11-20_0656|BY_IF
2000-280-869|1006|3| |46|14-MAR-2026|0|0|0|0|0|1440|0|77.301651|0|0|14-MAR-2026|0|5|15-MAR-2026|0|0|0|46| |0|0|0|0| |0|0|0|1|202547|CONSTRAINED|CONSTRAINED|CONSTRAINED_202547_2025-11-20_0656|BY_IF
2000-280-869|1006|3| |47|15-MAR-2026|0|0|0|0|0|8640|0|77.301651|0|0|15-MAR-2026|0|4|21-MAR-2026|0|0|0|47| |0|0|0|0| |0|0|0|1|202547|CONSTRAINED|CONSTRAINED|CONSTRAINED_202547_2025-11-20_0656|BY_IF
2000-280-869|1006|3| |48|21-MAR-2026|0|0|0|0|0|1440|0|77.301651|0|0|21-MAR-2026|0|5|22-MAR-2026|0|0|0|48| |0|0|0|0| |0|0|0|1|202547|CONSTRAINED|CONSTRAINED|CONSTRAINED_202547_2025-11-20_0656|BY_IF
2000-280-869|1006|3| |49|22-MAR-2026|0|0|0|0|0|8640|0|77.301651|0|0|22-MAR-2026|0|4|28-MAR-2026|0|0|0|49| |0|0|0|0| |0|0|0|1|202547|CONSTRAINED|CONSTRAINED|CONSTRAINED_202547_2025-11-20_0656|BY_IF
2000-280-869|1006|3| |50|28-MAR-2026|0|0|0|0|0|1440|0|77.301651|0|0|28-MAR-2026|0|5|29-MAR-2026|0|0|0|50| |0|0|0|0| |0|0|0|1|202547|CONSTRAINED|CONSTRAINED|CONSTRAINED_202547_2025-11-20_0656|BY_IF
2000-280-869|1006|3| |51|29-MAR-2026|0|0|0|0|0|8640|0|77.301651|0|0|29-MAR-2026|0|4|04-APR-2026|0|0|0|51| |0|0|0|0| |0|0|0|1|202547|CONSTRAINED|CONSTRAINED|CONSTRAINED_202547_2025-11-20_0656|BY_IF
2000-280-869|1006|3| |52|04-APR-2026|0|0|0|0|0|1440|0|77.301651|0|0|04-APR-2026|0|5|05-APR-2026|0|0|0|52| |0|0|0|0| |0|0|0|1|202547|CONSTRAINED|CONSTRAINED|CONSTRAINED_202547_2025-11-20_0656|BY_IF
2000-280-869|1006|3| |53|05-APR-2026|0|0|0|0|0|8640|0|77.301651|0|0|05-APR-2026|0|4|11-APR-2026|0|0|0|53| |0|0|0|0| |0|0|0|1|202547|CONSTRAINED|CONSTRAINED|CONSTRAINED_202547_2025-11-20_0656|BY_IF
2000-280-869|1006|3| |54|11-APR-2026|0|0|0|0|0|1440|0|77.301651|0|0|11-APR-2026|0|5|12-APR-2026|0|0|0|54| |0|0|0|0| |0|0|0|1|202547|CONSTRAINED|CONSTRAINED|CONSTRAINED_202547_2025-11-20_0656|BY_IF
2000-280-869|1006|3| |55|12-APR-2026|0|0|0|0|0|8640|0|77.301651|0|0|12-APR-2026|0|4|18-APR-2026|0|0|0|55| |0|0|0|0| |0|0|0|1|202547|CONSTRAINED|CONSTRAINED|CONSTRAINED_202547_2025-11-20_0656|BY_IF
2000-280-869|1006|3| |56|18-APR-2026|0|0|0|0|0|1440|0|77.301651|0|0|18-APR-2026|0|5|19-APR-2026|0|0|0|56| |0|0|0|0| |0|0|0|1|202547|CONSTRAINED|CONSTRAINED|CONSTRAINED_202547_2025-11-20_0656|BY_IF
2000-280-869|1006|3| |57|19-APR-2026|0|0|0|0|0|8640|0|77.301651|0|0|19-APR-2026|0|4|25-APR-2026|0|0|0|57| |0|0|0|0| |0|0|0|1|202547|CONSTRAINED|CONSTRAINED|CONSTRAINED_202547_2025-11-20_0656|BY_IF
2000-280-869|1006|3| |58|25-APR-2026|0|0|0|0|0|1440|0|77.301651|0|0|25-APR-2026|0|5|26-APR-2026|0|0|0|58| |0|0|0|0| |0|0|0|1|202547|CONSTRAINED|CONSTRAINED|CONSTRAINED_202547_2025-11-20_0656|BY_IF
2000-280-869|1006|3| |59|26-APR-2026|0|0|0|0|0|8640|0|77.301651|0|0|26-APR-2026|0|4|02-MAY-2026|0|0|0|59| |0|0|0|0| |0|0|0|1|202547|CONSTRAINED|CONSTRAINED|CONSTRAINED_202547_2025-11-20_0656|BY_IF
2000-280-869|1006|3| |60|02-MAY-2026|0|0|0|0|0|1440|0|77.301651|0|0|02-MAY-2026|0|5|03-MAY-2026|0|0|0|60| |0|0|0|0| |0|0|0|1|202547|CONSTRAINED|CONSTRAINED|CONSTRAINED_202547_2025-11-20_0656|BY_IF
2000-280-869|1006|3| |61|03-MAY-2026|0|0|0|0|0|8640|0|77.301651|0|0|03-MAY-2026|0|4|09-MAY-2026|0|0|0|61| |0|0|0|0| |0|0|0|1|202547|CONSTRAINED|CONSTRAINED|CONSTRAINED_202547_2025-11-20_0656|BY_IF
2000-280-869|1006|3| |62|09-MAY-2026|0|0|0|0|0|1440|0|77.301651|0|0|09-MAY-2026|0|5|10-MAY-2026|0|0|0|62| |0|0|0|0| |0|0|0|1|202547|CONSTRAINED|CONSTRAINED|CONSTRAINED_202547_2025-11-20_0656|BY_IF
2000-280-869|1006|3| |63|10-MAY-2026|0|0|0|0|0|8640|0|77.301651|0|0|10-MAY-2026|0|4|16-MAY-2026|0|0|0|63| |0|0|0|0| |0|0|0|1|202547|CONSTRAINED|CONSTRAINED|CONSTRAINED_202547_2025-11-20_0656|BY_IF
2000-280-869|1006|3| |64|16-MAY-2026|0|0|0|0|0|1440|0|77.301651|0|0|16-MAY-2026|0|5|17-MAY-2026|0|0|0|64| |0|0|0|0| |0|0|0|1|202547|CONSTRAINED|CONSTRAINED|CONSTRAINED_202547_2025-11-20_0656|BY_IF
2000-280-869|1006|3| |65|17-MAY-2026|0|0|0|0|0|8640|0|77.301651|0|0|17-MAY-2026|0|4|23-MAY-2026|0|0|0|65| |0|0|0|0| |0|0|0|1|202547|CONSTRAINED|CONSTRAINED|CONSTRAINED_202547_2025-11-20_0656|BY_IF
2000-280-869|1006|3| |66|23-MAY-2026|0|0|0|0|0|1440|0|77.301651|0|0|23-MAY-2026|0|5|24-MAY-2026|0|0|0|66| |0|0|0|0| |0|0|0|1|202547|CONSTRAINED|CONSTRAINED|CONSTRAINED_202547_2025-11-20_0656|BY_IF
2000-280-869|1006|3| |67|24-MAY-2026|0|0|0|0|0|8640|0|77.301651|0|0|24-MAY-2026|0|4|30-MAY-2026|0|0|0|67| |0|0|0|0| |0|0|0|1|202547|CONSTRAINED|CONSTRAINED|CONSTRAINED_202547_2025-11-20_0656|BY_IF
2000-280-869|1006|3| |68|30-MAY-2026|0|0|0|0|0|1440|0|77.301651|0|0|30-MAY-2026|0|5|31-MAY-2026|0|0|0|68| |0|0|0|0| |0|0|0|1|202547|CONSTRAINED|CONSTRAINED|CONSTRAINED_202547_2025-11-20_0656|BY_IF
2000-280-869|1006|3| |69|31-MAY-2026|0|0|0|0|0|8640|0|77.301651|0|0|31-MAY-2026|0|4|06-JUN-2026|0|0|0|69| |0|0|0|0| |0|0|0|1|202547|CONSTRAINED|CONSTRAINED|CONSTRAINED_202547_2025-11-20_0656|BY_IF
2000-280-869|1006|3| |70|06-JUN-2026|0|0|0|0|0|1440|0|77.301651|0|0|06-JUN-2026|0|5|07-JUN-2026|0|0|0|70| |0|0|0|0| |0|0|0|1|202547|CONSTRAINED|CONSTRAINED|CONSTRAINED_202547_2025-11-20_0656|BY_IF
2000-280-869|1006|3| |71|07-JUN-2026|0|0|0|0|0|8640|0|77.301651|0|0|07-JUN-2026|0|4|13-JUN-2026|0|0|0|71| |0|0|0|0| |0|0|0|1|202547|CONSTRAINED|CONSTRAINED|CONSTRAINED_202547_2025-11-20_0656|BY_IF
2000-280-869|1006|3| |72|13-JUN-2026|0|0|0|0|0|1440|0|77.301651|0|0|13-JUN-2026|0|5|14-JUN-2026|0|0|0|72| |0|0|0|0| |0|0|0|1|202547|CONSTRAINED|CONSTRAINED|CONSTRAINED_202547_2025-11-20_0656|BY_IF
2000-280-869|1006|3| |73|14-JUN-2026|0|0|0|0|0|8640|0|77.301651|0|0|14-JUN-2026|0|4|20-JUN-2026|0|0|0|73| |0|0|0|0| |0|0|0|1|202547|CONSTRAINED|CONSTRAINED|CONSTRAINED_202547_2025-11-20_0656|BY_IF
2000-280-869|1006|3| |74|20-JUN-2026|0|0|0|0|0|1440|0|77.301651|0|0|20-JUN-2026|0|5|21-JUN-2026|0|0|0|74| |0|0|0|0| |0|0|0|1|202547|CONSTRAINED|CONSTRAINED|CONSTRAINED_202547_2025-11-20_0656|BY_IF
2000-280-869|1006|3| |75|21-JUN-2026|0|0|0|0|0|8640|0|77.301651|0|0|21-JUN-2026|0|4|27-JUN-2026|0|0|0|75| |0|0|0|0| |0|0|0|1|202547|CONSTRAINED|CONSTRAINED|CONSTRAINED_202547_2025-11-20_0656|BY_IF
2000-280-869|1006|3| |76|27-JUN-2026|0|0|0|0|0|1440|0|77.301651|0|0|27-JUN-2026|0|5|28-JUN-2026|0|0|0|76| |0|0|0|0| |0|0|0|1|202547|CONSTRAINED|CONSTRAINED|CONSTRAINED_202547_2025-11-20_0656|BY_IF
2000-280-869|1006|3| |77|28-JUN-2026|0|0|0|0|0|8640|0|77.301651|0|0|28-JUN-2026|0|4|04-JUL-2026|0|0|0|77| |0|0|0|0| |0|0|0|1|202547|CONSTRAINED|CONSTRAINED|CONSTRAINED_202547_2025-11-20_0656|BY_IF
2000-280-869|1006|3| |78|04-JUL-2026|0|0|0|0|0|1440|0|77.301651|0|0|04-JUL-2026|0|5|05-JUL-2026|0|0|0|78| |0|0|0|0| |0|0|0|1|202547|CONSTRAINED|CONSTRAINED|CONSTRAINED_202547_2025-11-20_0656|BY_IF
2000-280-869|1006|3| |79|05-JUL-2026|0|0|0|0|0|8640|0|77.301651|0|0|05-JUL-2026|0|4|11-JUL-2026|0|0|0|79| |0|0|0|0| |0|0|0|1|202547|CONSTRAINED|CONSTRAINED|CONSTRAINED_202547_2025-11-20_0656|BY_IF
2000-280-869|1006|3| |80|11-JUL-2026|0|0|0|0|0|1440|0|77.301651|0|0|11-JUL-2026|0|5|12-JUL-2026|0|0|0|80| |0|0|0|0| |0|0|0|1|202547|CONSTRAINED|CONSTRAINED|CONSTRAINED_202547_2025-11-20_0656|BY_IF
2000-280-869|1006|3| |81|12-JUL-2026|0|0|0|0|0|8640|0|77.301651|0|0|12-JUL-2026|0|4|18-JUL-2026|0|0|0|81| |0|0|0|0| |0|0|0|1|202547|CONSTRAINED|CONSTRAINED|CONSTRAINED_202547_2025-11-20_0656|BY_IF
2000-280-869|1006|3| |82|18-JUL-2026|0|0|0|0|0|1440|0|77.301651|0|0|18-JUL-2026|0|5|19-JUL-2026|0|0|0|82| |0|0|0|0| |0|0|0|1|202547|CONSTRAINED|CONSTRAINED|CONSTRAINED_202547_2025-11-20_0656|BY_IF
2000-280-869|1006|3| |83|19-JUL-2026|0|0|0|0|0|8640|0|77.301651|0|0|19-JUL-2026|0|4|25-JUL-2026|0|0|0|83| |0|0|0|0| |0|0|0|1|202547|CONSTRAINED|CONSTRAINED|CONSTRAINED_202547_2025-11-20_0656|BY_IF
2000-280-869|1006|3| |84|25-JUL-2026|0|0|0|0|0|1440|0|77.301651|0|0|25-JUL-2026|0|5|26-JUL-2026|0|0|0|84| |0|0|0|0| |0|0|0|1|202547|CONSTRAINED|CONSTRAINED|CONSTRAINED_202547_2025-11-20_0656|BY_IF
2000-280-869|1006|3| |85|26-JUL-2026|0|0|0|0|0|8640|0|77.301651|0|0|26-JUL-2026|0|4|01-AUG-2026|0|0|0|85| |0|0|0|0| |0|0|0|1|202547|CONSTRAINED|CONSTRAINED|CONSTRAINED_202547_2025-11-20_0656|BY_IF
2000-280-869|1006|3| |86|01-AUG-2026|0|0|0|0|0|1440|0|77.301651|0|0|01-AUG-2026|0|5|02-AUG-2026|0|0|0|86| |0|0|0|0| |0|0|0|1|202547|CONSTRAINED|CONSTRAINED|CONSTRAINED_202547_2025-11-20_0656|BY_IF
2000-280-869|1006|3| |87|02-AUG-2026|0|0|0|0|0|8640|0|77.301651|0|0|02-AUG-2026|0|4|08-AUG-2026|0|0|0|87| |0|0|0|0| |0|0|0|1|202547|CONSTRAINED|CONSTRAINED|CONSTRAINED_202547_2025-11-20_0656|BY_IF
2000-280-869|1006|3| |88|08-AUG-2026|0|0|0|0|0|1440|0|77.301651|0|0|08-AUG-2026|0|5|09-AUG-2026|0|0|0|88| |0|0|0|0| |0|0|0|1|202547|CONSTRAINED|CONSTRAINED|CONSTRAINED_202547_2025-11-20_0656|BY_IF
2000-280-869|1006|3| |89|09-AUG-2026|0|0|0|0|0|8640|0|77.301651|0|0|09-AUG-2026|0|4|15-AUG-2026|0|0|0|89| |0|0|0|0| |0|0|0|1|202547|CONSTRAINED|CONSTRAINED|CONSTRAINED_202547_2025-11-20_0656|BY_IF
2000-280-869|1006|3| |90|15-AUG-2026|0|0|0|0|0|1440|0|77.301651|0|0|15-AUG-2026|0|5|16-AUG-2026|0|0|0|90| |0|0|0|0| |0|0|0|1|202547|CONSTRAINED|CONSTRAINED|CONSTRAINED_202547_2025-11-20_0656|BY_IF
2000-280-869|1006|3| |91|16-AUG-2026|0|0|0|0|0|8640|0|77.301651|0|0|16-AUG-2026|0|4|22-AUG-2026|0|0|0|91| |0|0|0|0| |0|0|0|1|202547|CONSTRAINED|CONSTRAINED|CONSTRAINED_202547_2025-11-20_0656|BY_IF
2000-280-869|1006|3| |92|22-AUG-2026|0|0|0|0|0|1440|0|77.301651|0|0|22-AUG-2026|0|5|23-AUG-2026|0|0|0|92| |0|0|0|0| |0|0|0|1|202547|CONSTRAINED|CONSTRAINED|CONSTRAINED_202547_2025-11-20_0656|BY_IF
2000-280-869|1006|3| |93|23-AUG-2026|0|0|0|0|0|8640|0|77.301651|0|0|23-AUG-2026|0|4|29-AUG-2026|0|0|0|93| |0|0|0|0| |0|0|0|1|202547|CONSTRAINED|CONSTRAINED|CONSTRAINED_202547_2025-11-20_0656|BY_IF
2000-280-869|1006|3| |94|29-AUG-2026|0|0|0|0|0|1440|0|77.301651|0|0|29-AUG-2026|0|5|30-AUG-2026|0|0|0|94| |0|0|0|0| |0|0|0|1|202547|CONSTRAINED|CONSTRAINED|CONSTRAINED_202547_2025-11-20_0656|BY_IF
2000-280-869|1006|3| |95|30-AUG-2026|0|0|0|0|0|8640|0|77.301651|0|0|30-AUG-2026|0|4|05-SEP-2026|0|0|0|95| |0|0|0|0| |0|0|0|1|202547|CONSTRAINED|CONSTRAINED|CONSTRAINED_202547_2025-11-20_0656|BY_IF
2000-280-869|1006|3| |96|05-SEP-2026|0|0|0|0|0|1440|0|77.301651|0|0|05-SEP-2026|0|5|06-SEP-2026|0|0|0|96| |0|0|0|0| |0|0|0|1|202547|CONSTRAINED|CONSTRAINED|CONSTRAINED_202547_2025-11-20_0656|BY_IF
2000-280-869|1006|3| |97|06-SEP-2026|0|0|0|0|0|8640|0|77.301651|0|0|06-SEP-2026|0|4|12-SEP-2026|0|0|0|97| |0|0|0|0| |0|0|0|1|202547|CONSTRAINED|CONSTRAINED|CONSTRAINED_202547_2025-11-20_0656|BY_IF
2000-280-869|1006|3| |98|12-SEP-2026|0|0|0|0|0|1440|0|77.301651|0|0|12-SEP-2026|0|5|13-SEP-2026|0|0|0|98| |0|0|0|0| |0|0|0|1|202547|CONSTRAINED|CONSTRAINED|CONSTRAINED_202547_2025-11-20_0656|BY_IF
2000-280-869|1006|3| |99|13-SEP-2026|0|0|0|0|0|8640|0|77.301651|0|0|13-SEP-2026|0|4|19-SEP-2026|0|0|0|99| |0|0|0|0| |0|0|0|1|202547|CONSTRAINED|CONSTRAINED|CONSTRAINED_202547_2025-11-20_0656|BY_IF
2000-280-869|1006|3| |100|19-SEP-2026|0|0|0|0|0|1440|0|77.301651|0|0|19-SEP-2026|0|5|20-SEP-2026|0|0|0|100| |0|0|0|0| |0|0|0|1|202547|CONSTRAINED|CONSTRAINED|CONSTRAINED_202547_2025-11-20_0656|BY_IF
2000-280-869|1006|3| |101|20-SEP-2026|0|0|0|0|0|8640|0|77.301651|0|0|20-SEP-2026|0|4|26-SEP-2026|0|0|0|101| |0|0|0|0| |0|0|0|1|202547|CONSTRAINED|CONSTRAINED|CONSTRAINED_202547_2025-11-20_0656|BY_IF
2000-280-869|1006|3| |102|26-SEP-2026|0|0|0|0|0|1440|0|77.301651|0|0|26-SEP-2026|0|5|27-SEP-2026|0|0|0|102| |0|0|0|0| |0|0|0|1|202547|CONSTRAINED|CONSTRAINED|CONSTRAINED_202547_2025-11-20_0656|BY_IF
2000-280-869|1006|3| |103|27-SEP-2026|0|0|0|0|0|8640|0|77.301651|0|0|27-SEP-2026|0|4|03-OCT-2026|0|0|0|103| |0|0|0|0| |0|0|0|1|202547|CONSTRAINED|CONSTRAINED|CONSTRAINED_202547_2025-11-20_0656|BY_IF
2000-280-869|1006|3| |104|03-OCT-2026|0|0|0|0|0|1440|0|77.301651|0|0|03-OCT-2026|0|5|04-OCT-2026|0|0|0|104| |0|0|0|0| |0|0|0|1|202547|CONSTRAINED|CONSTRAINED|CONSTRAINED_202547_2025-11-20_0656|BY_IF
2000-280-869|1006|3| |105|04-OCT-2026|0|0|0|0|0|8640|0|77.301651|0|0|04-OCT-2026|0|4|10-OCT-2026|0|0|0|105| |0|0|0|0| |0|0|0|1|202547|CONSTRAINED|CONSTRAINED|CONSTRAINED_202547_2025-11-20_0656|BY_IF
2000-280-869|1006|3| |106|10-OCT-2026|0|0|0|0|0|1440|0|77.301651|0|0|10-OCT-2026|0|5|11-OCT-2026|0|0|0|106| |0|0|0|0| |0|0|0|1|202547|CONSTRAINED|CONSTRAINED|CONSTRAINED_202547_2025-11-20_0656|BY_IF
2000-280-869|1006|3| |107|11-OCT-2026|0|0|0|0|0|8640|0|77.301651|0|0|11-OCT-2026|0|4|17-OCT-2026|0|0|0|107| |0|0|0|0| |0|0|0|1|202547|CONSTRAINED|CONSTRAINED|CONSTRAINED_202547_2025-11-20_0656|BY_IF
2000-280-869|1006|3| |108|17-OCT-2026|0|0|0|0|0|1440|0|77.301651|0|0|17-OCT-2026|0|5|18-OCT-2026|0|0|0|108| |0|0|0|0| |0|0|0|1|202547|CONSTRAINED|CONSTRAINED|CONSTRAINED_202547_2025-11-20_0656|BY_IF
2000-280-869|1006|3| |109|18-OCT-2026|0|0|0|0|0|8640|0|77.301651|0|0|18-OCT-2026|0|4|24-OCT-2026|0|0|0|109| |0|0|0|0| |0|0|0|1|202547|CONSTRAINED|CONSTRAINED|CONSTRAINED_202547_2025-11-20_0656|BY_IF
2000-280-869|1006|3| |110|24-OCT-2026|0|0|0|0|0|1440|0|77.301651|0|0|24-OCT-2026|0|5|25-OCT-2026|0|0|0|110| |0|0|0|0| |0|0|0|1|202547|CONSTRAINED|CONSTRAINED|CONSTRAINED_202547_2025-11-20_0656|BY_IF
2000-280-869|1006|3| |111|25-OCT-2026|0|0|0|0|0|8640|0|77.301651|0|0|25-OCT-2026|0|4|31-OCT-2026|0|0|0|111| |0|0|0|0| |0|0|0|1|202547|CONSTRAINED|CONSTRAINED|CONSTRAINED_202547_2025-11-20_0656|BY_IF
2000-280-869|1006|3| |112|31-OCT-2026|0|0|0|0|0|1440|0|77.301651|0|0|31-OCT-2026|0|5|01-NOV-2026|0|0|0|112| |0|0|0|0| |0|0|0|1|202547|CONSTRAINED|CONSTRAINED|CONSTRAINED_202547_2025-11-20_0656|BY_IF
2000-280-869|1006|3| |113|01-NOV-2026|0|0|0|0|0|8640|0|77.301651|0|0|01-NOV-2026|0|4|07-NOV-2026|0|0|0|113| |0|0|0|0| |0|0|0|1|202547|CONSTRAINED|CONSTRAINED|CONSTRAINED_202547_2025-11-20_0656|BY_IF
2000-280-869|1006|3| |114|07-NOV-2026|0|0|0|0|0|1440|0|77.301651|0|0|07-NOV-2026|0|5|08-NOV-2026|0|0|0|114| |0|0|0|0| |0|0|0|1|202547|CONSTRAINED|CONSTRAINED|CONSTRAINED_202547_2025-11-20_0656|BY_IF
2000-280-869|1006|3| |115|08-NOV-2026|0|0|0|0|0|8640|0|77.301651|0|0|08-NOV-2026|0|4|14-NOV-2026|0|0|0|115| |0|0|0|0| |0|0|0|1|202547|CONSTRAINED|CONSTRAINED|CONSTRAINED_202547_2025-11-20_0656|BY_IF
2000-280-869|1006|3| |116|14-NOV-2026|0|0|0|0|0|1440|0|77.301651|0|0|14-NOV-2026|0|5|15-NOV-2026|0|0|0|116| |0|0|0|0| |0|0|0|1|202547|CONSTRAINED|CONSTRAINED|CONSTRAINED_202547_2025-11-20_0656|BY_IF
2000-280-869|1006|3| |117|15-NOV-2026|0|0|0|0|0|8640|0|77.301651|0|0|15-NOV-2026|0|4|21-NOV-2026|0|0|0|117| |0|0|0|0| |0|0|0|1|202547|CONSTRAINED|CONSTRAINED|CONSTRAINED_202547_2025-11-20_0656|BY_IF
2000-280-869|1006|3| |118|21-NOV-2026|0|0|0|0|0|1440|0|77.301651|0|0|21-NOV-2026|0|5|22-NOV-2026|0|0|0|118| |0|0|0|0| |0|0|0|1|202547|CONSTRAINED|CONSTRAINED|CONSTRAINED_202547_2025-11-20_0656|BY_IF
2000-280-869|1006|3| |119|22-NOV-2026|0|0|0|0|0|8640|0|77.301651|0|0|22-NOV-2026|0|4|28-NOV-2026|0|0|0|119| |0|0|0|0| |0|0|0|1|202547|CONSTRAINED|CONSTRAINED|CONSTRAINED_202547_2025-11-20_0656|BY_IF
2000-280-869|1006|3| |120|28-NOV-2026|0|0|0|0|0|1440|0|77.301651|0|0|28-NOV-2026|0|5|29-NOV-2026|0|0|0|120| |0|0|0|0| |0|0|0|1|202547|CONSTRAINED|CONSTRAINED|CONSTRAINED_202547_2025-11-20_0656|BY_IF
2000-280-869|1006|3| |121|29-NOV-2026|0|0|0|0|0|8640|0|77.301651|0|0|29-NOV-2026|0|4|05-DEC-2026|0|0|0|121| |0|0|0|0| |0|0|0|1|202547|CONSTRAINED|CONSTRAINED|CONSTRAINED_202547_2025-11-20_0656|BY_IF
2000-280-869|1006|3| |122|05-DEC-2026|0|0|0|0|0|1440|0|77.301651|0|0|05-DEC-2026|0|5|06-DEC-2026|0|0|0|122| |0|0|0|0| |0|0|0|1|202547|CONSTRAINED|CONSTRAINED|CONSTRAINED_202547_2025-11-20_0656|BY_IF
2000-280-869|1006|3| |123|06-DEC-2026|0|0|0|0|0|8640|0|77.301651|0|0|06-DEC-2026|0|4|12-DEC-2026|0|0|0|123| |0|0|0|0| |0|0|0|1|202547|CONSTRAINED|CONSTRAINED|CONSTRAINED_202547_2025-11-20_0656|BY_IF
2000-280-869|1006|3| |124|12-DEC-2026|0|0|0|0|0|1440|0|77.301651|0|0|12-DEC-2026|0|5|13-DEC-2026|0|0|0|124| |0|0|0|0| |0|0|0|1|202547|CONSTRAINED|CONSTRAINED|CONSTRAINED_202547_2025-11-20_0656|BY_IF
2000-280-869|1006|3| |125|13-DEC-2026|0|0|0|0|0|8640|0|77.301651|0|0|13-DEC-2026|0|4|19-DEC-2026|0|0|0|125| |0|0|0|0| |0|0|0|1|202547|CONSTRAINED|CONSTRAINED|CONSTRAINED_202547_2025-11-20_0656|BY_IF
2000-280-869|1006|3| |126|19-DEC-2026|0|0|0|0|0|1440|0|77.301651|0|0|19-DEC-2026|0|5|20-DEC-2026|0|0|0|126| |0|0|0|0| |0|0|0|1|202547|CONSTRAINED|CONSTRAINED|CONSTRAINED_202547_2025-11-20_0656|BY_IF
2000-280-869|1006|3| |127|20-DEC-2026|0|0|0|0|0|8640|0|77.301651|0|0|20-DEC-2026|0|4|26-DEC-2026|0|0|0|127| |0|0|0|0| |0|0|0|1|202547|CONSTRAINED|CONSTRAINED|CONSTRAINED_202547_2025-11-20_0656|BY_IF
2000-280-869|1006|3| |128|26-DEC-2026|0|0|0|0|0|1440|0|77.301651|0|0|26-DEC-2026|0|5|27-DEC-2026|0|0|0|128| |0|0|0|0| |0|0|0|1|202547|CONSTRAINED|CONSTRAINED|CONSTRAINED_202547_2025-11-20_0656|BY_IF
2000-280-869|1006|3| |129|27-DEC-2026|0|0|0|0|0|8640|0|77.301651|0|0|27-DEC-2026|0|4|02-JAN-2027|0|0|0|129| |0|0|0|0| |0|0|0|1|202547|CONSTRAINED|CONSTRAINED|CONSTRAINED_202547_2025-11-20_0656|BY_IF
2000-280-869|1006|3| |130|02-JAN-2027|0|0|0|0|0|1440|0|77.301651|0|0|02-JAN-2027|0|5|03-JAN-2027|0|0|0|130| |0|0|0|0| |0|0|0|1|202547|CONSTRAINED|CONSTRAINED|CONSTRAINED_202547_2025-11-20_0656|BY_IF
2000-280-869|1006|3| |131|03-JAN-2027|0|0|0|0|0|8640|0|77.301651|0|0|03-JAN-2027|0|4|09-JAN-2027|0|0|0|131| |0|0|0|0| |0|0|0|1|202547|CONSTRAINED|CONSTRAINED|CONSTRAINED_202547_2025-11-20_0656|BY_IF
2000-280-869|1006|3| |132|09-JAN-2027|0|0|0|0|0|1440|0|77.301651|0|0|09-JAN-2027|0|5|10-JAN-2027|0|0|0|132| |0|0|0|0| |0|0|0|1|202547|CONSTRAINED|CONSTRAINED|CONSTRAINED_202547_2025-11-20_0656|BY_IF
2000-280-869|1006|3| |133|10-JAN-2027|0|0|0|0|0|8640|0|77.301651|0|0|10-JAN-2027|0|4|16-JAN-2027|0|0|0|133| |0|0|0|0| |0|0|0|1|202547|CONSTRAINED|CONSTRAINED|CONSTRAINED_202547_2025-11-20_0656|BY_IF
2000-280-869|1006|3| |134|16-JAN-2027|0|0|0|0|0|1440|0|77.301651|0|0|16-JAN-2027|0|5|17-JAN-2027|0|0|0|134| |0|0|0|0| |0|0|0|1|202547|CONSTRAINED|CONSTRAINED|CONSTRAINED_202547_2025-11-20_0656|BY_IF
2000-280-869|1006|3| |135|17-JAN-2027|0|0|0|0|0|8640|0|77.301651|0|0|17-JAN-2027|0|4|23-JAN-2027|0|0|0|135| |0|0|0|0| |0|0|0|1|202547|CONSTRAINED|CONSTRAINED|CONSTRAINED_202547_2025-11-20_0656|BY_IF
2000-280-869|1006|3| |136|23-JAN-2027|0|0|0|0|0|1440|0|77.301651|0|0|23-JAN-2027|0|5|24-JAN-2027|0|0|0|136| |0|0|0|0| |0|0|0|1|202547|CONSTRAINED|CONSTRAINED|CONSTRAINED_202547_2025-11-20_0656|BY_IF
2000-280-869|1006|3| |137|24-JAN-2027|0|0|0|0|0|8640|0|77.301651|0|0|24-JAN-2027|0|4|30-JAN-2027|0|0|0|137| |0|0|0|0| |0|0|0|1|202547|CONSTRAINED|CONSTRAINED|CONSTRAINED_202547_2025-11-20_0656|BY_IF
2000-280-869|1006|3| |138|30-JAN-2027|0|0|0|0|0|1440|0|77.301651|0|0|30-JAN-2027|0|5|31-JAN-2027|0|0|0|138| |0|0|0|0| |0|0|0|1|202547|CONSTRAINED|CONSTRAINED|CONSTRAINED_202547_2025-11-20_0656|BY_IF
2000-280-869|1006|3| |139|31-JAN-2027|0|0|0|0|0|8640|0|77.301651|0|0|31-JAN-2027|0|4|06-FEB-2027|0|0|0|139| |0|0|0|0| |0|0|0|1|202547|CONSTRAINED|CONSTRAINED|CONSTRAINED_202547_2025-11-20_0656|BY_IF
2000-280-869|1006|3| |140|06-FEB-2027|0|0|0|0|0|1440|0|77.301651|0|0|06-FEB-2027|0|5|07-FEB-2027|0|0|0|140| |0|0|0|0| |0|0|0|1|202547|CONSTRAINED|CONSTRAINED|CONSTRAINED_202547_2025-11-20_0656|BY_IF
2000-280-869|1006|3| |141|07-FEB-2027|0|0|0|0|0|8640|0|77.301651|0|0|07-FEB-2027|0|4|13-FEB-2027|0|0|0|141| |0|0|0|0| |0|0|0|1|202547|CONSTRAINED|CONSTRAINED|CONSTRAINED_202547_2025-11-20_0656|BY_IF
2000-280-869|1006|3| |142|13-FEB-2027|0|0|0|0|0|1440|0|77.301651|0|0|13-FEB-2027|0|5|14-FEB-2027|0|0|0|142| |0|0|0|0| |0|0|0|1|202547|CONSTRAINED|CONSTRAINED|CONSTRAINED_202547_2025-11-20_0656|BY_IF
2000-280-869|1006|3| |143|14-FEB-2027|0|0|0|0|0|8640|0|77.301651|0|0|14-FEB-2027|0|4|20-FEB-2027|0|0|0|143| |0|0|0|0| |0|0|0|1|202547|CONSTRAINED|CONSTRAINED|CONSTRAINED_202547_2025-11-20_0656|BY_IF
2000-280-869|1006|3| |144|20-FEB-2027|0|0|0|0|0|1440|0|77.301651|0|0|20-FEB-2027|0|5|21-FEB-2027|0|0|0|144| |0|0|0|0| |0|0|0|1|202547|CONSTRAINED|CONSTRAINED|CONSTRAINED_202547_2025-11-20_0656|BY_IF
2000-280-869|1006|3| |145|21-FEB-2027|0|0|0|0|0|8640|0|77.301651|0|0|21-FEB-2027|0|4|27-FEB-2027|0|0|0|145| |0|0|0|0| |0|0|0|1|202547|CONSTRAINED|CONSTRAINED|CONSTRAINED_202547_2025-11-20_0656|BY_IF
2000-280-869|1006|3| |146|27-FEB-2027|0|0|0|0|0|1440|0|77.301651|0|0|27-FEB-2027|0|5|28-FEB-2027|0|0|0|146| |0|0|0|0| |0|0|0|1|202547|CONSTRAINED|CONSTRAINED|CONSTRAINED_202547_2025-11-20_0656|BY_IF
2000-280-869|1006|3| |147|28-FEB-2027|0|0|0|0|0|8640|0|77.301651|0|0|28-FEB-2027|0|4|06-MAR-2027|0|0|0|147| |0|0|0|0| |0|0|0|1|202547|CONSTRAINED|CONSTRAINED|CONSTRAINED_202547_2025-11-20_0656|BY_IF
2000-280-869|1006|3| |148|06-MAR-2027|0|0|0|0|0|1440|0|77.301651|0|0|06-MAR-2027|0|5|07-MAR-2027|0|0|0|148| |0|0|0|0| |0|0|0|1|202547|CONSTRAINED|CONSTRAINED|CONSTRAINED_202547_2025-11-20_0656|BY_IF
2000-280-869|1006|3| |149|07-MAR-2027|0|0|0|0|0|8640|0|77.301651|0|0|07-MAR-2027|0|4|13-MAR-2027|0|0|0|149| |0|0|0|0| |0|0|0|1|202547|CONSTRAINED|CONSTRAINED|CONSTRAINED_202547_2025-11-20_0656|BY_IF
2000-280-869|1006|3| |150|13-MAR-2027|0|0|0|0|0|1440|0|77.301651|0|0|13-MAR-2027|0|5|14-MAR-2027|0|0|0|150| |0|0|0|0| |0|0|0|1|202547|CONSTRAINED|CONSTRAINED|CONSTRAINED_202547_2025-11-20_0656|BY_IF
2000-280-869|1006|3| |151|14-MAR-2027|0|0|0|0|0|8640|0|77.301651|0|0|14-MAR-2027|0|4|20-MAR-2027|0|0|0|151| |0|0|0|0| |0|0|0|1|202547|CONSTRAINED|CONSTRAINED|CONSTRAINED_202547_2025-11-20_0656|BY_IF
2000-280-869|1006|3| |152|20-MAR-2027|0|0|0|0|0|1440|0|77.301651|0|0|20-MAR-2027|0|5|21-MAR-2027|0|0|0|152| |0|0|0|0| |0|0|0|1|202547|CONSTRAINED|CONSTRAINED|CONSTRAINED_202547_2025-11-20_0656|BY_IF
2000-280-869|1006|3| |153|21-MAR-2027|0|0|0|0|0|8640|0|77.301651|0|0|21-MAR-2027|0|4|27-MAR-2027|0|0|0|153| |0|0|0|0| |0|0|0|1|202547|CONSTRAINED|CONSTRAINED|CONSTRAINED_202547_2025-11-20_0656|BY_IF
2000-280-869|1006|3| |154|27-MAR-2027|0|0|0|0|0|1440|0|77.301651|0|0|27-MAR-2027|0|5|28-MAR-2027|0|0|0|154| |0|0|0|0| |0|0|0|1|202547|CONSTRAINED|CONSTRAINED|CONSTRAINED_202547_2025-11-20_0656|BY_IF
2000-280-869|1006|3| |155|28-MAR-2027|0|0|0|0|0|8640|0|77.301651|0|0|28-MAR-2027|0|4|03-APR-2027|0|0|0|155| |0|0|0|0| |0|0|0|1|202547|CONSTRAINED|CONSTRAINED|CONSTRAINED_202547_2025-11-20_0656|BY_IF
2000-280-869|1006|3| |156|03-APR-2027|0|0|0|0|0|1440|0|77.301651|0|0|03-APR-2027|0|5|04-APR-2027|0|0|0|156| |0|0|0|0| |0|0|0|1|202547|CONSTRAINED|CONSTRAINED|CONSTRAINED_202547_2025-11-20_0656|BY_IF
2000-280-869|1006|3| |157|04-APR-2027|0|0|0|0|0|8640|0|77.301651|0|0|04-APR-2027|0|4|10-APR-2027|0|0|0|157| |0|0|0|0| |0|0|0|1|202547|CONSTRAINED|CONSTRAINED|CONSTRAINED_202547_2025-11-20_0656|BY_IF
2000-280-869|1006|3| |158|10-APR-2027|0|0|0|0|0|1440|0|77.301651|0|0|10-APR-2027|0|5|11-APR-2027|0|0|0|158| |0|0|0|0| |0|0|0|1|202547|CONSTRAINED|CONSTRAINED|CONSTRAINED_202547_2025-11-20_0656|BY_IF
2000-280-869|1006|3| |159|11-APR-2027|0|0|0|0|0|8640|0|77.301651|0|0|11-APR-2027|0|4|17-APR-2027|0|0|0|159| |0|0|0|0| |0|0|0|1|202547|CONSTRAINED|CONSTRAINED|CONSTRAINED_202547_2025-11-20_0656|BY_IF
2000-280-869|1006|3| |160|17-APR-2027|0|0|0|0|0|1440|0|77.301651|0|0|17-APR-2027|0|5|18-APR-2027|0|0|0|160| |0|0|0|0| |0|0|0|1|202547|CONSTRAINED|CONSTRAINED|CONSTRAINED_202547_2025-11-20_0656|BY_IF
2000-280-869|1006|3| |161|18-APR-2027|0|0|0|0|0|8640|0|77.301651|0|0|18-APR-2027|0|4|24-APR-2027|0|0|0|161| |0|0|0|0| |0|0|0|1|202547|CONSTRAINED|CONSTRAINED|CONSTRAINED_202547_2025-11-20_0656|BY_IF
2000-280-869|1006|3| |162|24-APR-2027|0|0|0|0|0|1440|0|77.301651|0|0|24-APR-2027|0|5|25-APR-2027|0|0|0|162| |0|0|0|0| |0|0|0|1|202547|CONSTRAINED|CONSTRAINED|CONSTRAINED_202547_2025-11-20_0656|BY_IF
2000-280-869|1006|3| |163|25-APR-2027|0|0|0|0|0|8640|0|77.301651|0|0|25-APR-2027|0|4|01-MAY-2027|0|0|0|163| |0|0|0|0| |0|0|0|1|202547|CONSTRAINED|CONSTRAINED|CONSTRAINED_202547_2025-11-20_0656|BY_IF
2000-280-869|1006|3| |164|01-MAY-2027|0|0|0|0|0|1440|0|77.301651|0|0|01-MAY-2027|0|5|02-MAY-2027|0|0|0|164| |0|0|0|0| |0|0|0|1|202547|CONSTRAINED|CONSTRAINED|CONSTRAINED_202547_2025-11-20_0656|BY_IF
2000-280-869|1006|3| |165|02-MAY-2027|0|0|0|0|0|8640|0|77.301651|0|0|02-MAY-2027|0|4|08-MAY-2027|0|0|0|165| |0|0|0|0| |0|0|0|1|202547|CONSTRAINED|CONSTRAINED|CONSTRAINED_202547_2025-11-20_0656|BY_IF
2000-280-869|1006|3| |166|08-MAY-2027|0|0|0|0|0|1440|0|77.301651|0|0|08-MAY-2027|0|5|09-MAY-2027|0|0|0|166| |0|0|0|0| |0|0|0|1|202547|CONSTRAINED|CONSTRAINED|CONSTRAINED_202547_2025-11-20_0656|BY_IF
2000-280-869|1006|3| |167|09-MAY-2027|0|0|0|0|0|8640|0|77.301651|0|0|09-MAY-2027|0|4|15-MAY-2027|0|0|0|167| |0|0|0|0| |0|0|0|1|202547|CONSTRAINED|CONSTRAINED|CONSTRAINED_202547_2025-11-20_0656|BY_IF
2000-280-869|1006|3| |168|15-MAY-2027|0|0|0|0|0|1440|0|77.301651|0|0|15-MAY-2027|0|5|16-MAY-2027|0|0|0|168| |0|0|0|0| |0|0|0|1|202547|CONSTRAINED|CONSTRAINED|CONSTRAINED_202547_2025-11-20_0656|BY_IF
2000-280-869|1006|3| |169|16-MAY-2027|0|0|0|0|0|8640|0|77.301651|0|0|16-MAY-2027|0|4|22-MAY-2027|0|0|0|169| |0|0|0|0| |0|0|0|1|202547|CONSTRAINED|CONSTRAINED|CONSTRAINED_202547_2025-11-20_0656|BY_IF
2000-280-869|1006|3| |170|22-MAY-2027|0|0|0|0|0|1440|0|77.301651|0|0|22-MAY-2027|0|5|23-MAY-2027|0|0|0|170| |0|0|0|0| |0|0|0|1|202547|CONSTRAINED|CONSTRAINED|CONSTRAINED_202547_2025-11-20_0656|BY_IF
2000-280-869|1006|3| |171|23-MAY-2027|0|0|0|0|0|8640|0|77.301651|0|0|23-MAY-2027|0|4|29-MAY-2027|0|0|0|171| |0|0|0|0| |0|0|0|1|202547|CONSTRAINED|CONSTRAINED|CONSTRAINED_202547_2025-11-20_0656|BY_IF
2000-280-869|1006|3| |172|29-MAY-2027|0|0|0|0|0|1440|0|77.301651|0|0|29-MAY-2027|0|5|30-MAY-2027|0|0|0|172| |0|0|0|0| |0|0|0|1|202547|CONSTRAINED|CONSTRAINED|CONSTRAINED_202547_2025-11-20_0656|BY_IF
2000-280-869|1006|3| |173|30-MAY-2027|0|0|0|0|0|8640|0|77.301651|0|0|30-MAY-2027|0|4|05-JUN-2027|0|0|0|173| |0|0|0|0| |0|0|0|1|202547|CONSTRAINED|CONSTRAINED|CONSTRAINED_202547_2025-11-20_0656|BY_IF
2000-280-869|1006|3| |174|05-JUN-2027|0|0|0|0|0|1440|0|77.301651|0|0|05-JUN-2027|0|5|06-JUN-2027|0|0|0|174| |0|0|0|0| |0|0|0|1|202547|CONSTRAINED|CONSTRAINED|CONSTRAINED_202547_2025-11-20_0656|BY_IF
2000-280-869|1006|3| |175|06-JUN-2027|0|0|0|0|0|8640|0|77.301651|0|0|06-JUN-2027|0|4|12-JUN-2027|0|0|0|175| |0|0|0|0| |0|0|0|1|202547|CONSTRAINED|CONSTRAINED|CONSTRAINED_202547_2025-11-20_0656|BY_IF
2000-280-869|1006|3| |176|12-JUN-2027|0|0|0|0|0|1440|0|77.301651|0|0|12-JUN-2027|0|5|13-JUN-2027|0|0|0|176| |0|0|0|0| |0|0|0|1|202547|CONSTRAINED|CONSTRAINED|CONSTRAINED_202547_2025-11-20_0656|BY_IF
2000-280-869|1006|3| |177|13-JUN-2027|0|0|0|0|0|8640|0|77.301651|0|0|13-JUN-2027|0|4|19-JUN-2027|0|0|0|177| |0|0|0|0| |0|0|0|1|202547|CONSTRAINED|CONSTRAINED|CONSTRAINED_202547_2025-11-20_0656|BY_IF
2000-280-869|1006|3| |178|19-JUN-2027|0|0|0|0|0|1440|0|77.301651|0|0|19-JUN-2027|0|5|20-JUN-2027|0|0|0|178| |0|0|0|0| |0|0|0|1|202547|CONSTRAINED|CONSTRAINED|CONSTRAINED_202547_2025-11-20_0656|BY_IF
2000-280-869|1006|3| |179|20-JUN-2027|0|0|0|0|0|8640|0|77.301651|0|0|20-JUN-2027|0|4|26-JUN-2027|0|0|0|179| |0|0|0|0| |0|0|0|1|202547|CONSTRAINED|CONSTRAINED|CONSTRAINED_202547_2025-11-20_0656|BY_IF
2000-280-869|1006|3| |180|26-JUN-2027|0|0|0|0|0|1440|0|77.301651|0|0|26-JUN-2027|0|5|27-JUN-2027|0|0|0|180| |0|0|0|0| |0|0|0|1|202547|CONSTRAINED|CONSTRAINED|CONSTRAINED_202547_2025-11-20_0656|BY_IF
2000-280-869|1006|3| |181|27-JUN-2027|0|0|0|0|0|8640|0|77.301651|0|0|27-JUN-2027|0|4|03-JUL-2027|0|0|0|181| |0|0|0|0| |0|0|0|1|202547|CONSTRAINED|CONSTRAINED|CONSTRAINED_202547_2025-11-20_0656|BY_IF
2000-280-869|1006|3| |182|03-JUL-2027|0|0|0|0|0|1440|0|77.301651|0|0|03-JUL-2027|0|5|04-JUL-2027|0|0|0|182| |0|0|0|0| |0|0|0|1|202547|CONSTRAINED|CONSTRAINED|CONSTRAINED_202547_2025-11-20_0656|BY_IF
2000-280-869|1006|3| |183|04-JUL-2027|0|0|0|0|0|8640|0|77.301651|0|0|04-JUL-2027|0|4|10-JUL-2027|0|0|0|183| |0|0|0|0| |0|0|0|1|202547|CONSTRAINED|CONSTRAINED|CONSTRAINED_202547_2025-11-20_0656|BY_IF
2000-280-869|1006|3| |184|10-JUL-2027|0|0|0|0|0|1440|0|154.603348|0|0|10-JUL-2027|0|5|11-JUL-2027|0|0|0|184| |0|0|0|0| |0|0|0|1|202547|CONSTRAINED|CONSTRAINED|CONSTRAINED_202547_2025-11-20_0656|BY_IF
2000-280-869|1006|3| |185|11-JUL-2027|0|0|0|0|0|8640|0|154.603348|0|0|11-JUL-2027|0|4|17-JUL-2027|0|0|0|185| |0|0|0|0| |0|0|0|1|202547|CONSTRAINED|CONSTRAINED|CONSTRAINED_202547_2025-11-20_0656|BY_IF
2000-280-869|1006|3| |186|17-JUL-2027|0|0|0|0|0|1440|0|1|0|0|17-JUL-2027|0|5|18-JUL-2027|0|0|0|186| |0|0|0|0| |0|0|0|1|202547|CONSTRAINED|CONSTRAINED|CONSTRAINED_202547_2025-11-20_0656|BY_IF
2000-280-869|1006|3| |187|18-JUL-2027|0|0|0|0|0|11520|0|1|0|0|18-JUL-2027|0|5|26-JUL-2027|0|0|0|187| |0|0|0|0| |0|0|0|1|202547|CONSTRAINED|CONSTRAINED|CONSTRAINED_202547_2025-11-20_0656|BY_IF
2000-280-869|1020|3| |1|26-JUL-2025|0|0|0|0|0|1051200|0|1|0|0|26-JUL-2025|0|5|26-JUL-2027|0|0|0|1| |0|0|0|0| |0|0|0|1|202547|CONSTRAINED|CONSTRAINED|CONSTRAINED_202547_2025-11-20_0656|BY_IF
2000-285-610|1006|1|1020000800_0010_0001|0|14-AUG-2025|0|0|1020000800|1|0|120960|200|70|0|0|14-AUG-2025|70|1|01-JAN-1970|0|-1|0|0|6200000072|0|0|0|0|6200000072|0|8306|0|1|202547|CONSTRAINED|CONSTRAINED|CONSTRAINED_202547_2025-11-20_0656|BY_IF
2000-285-610|1006|1|1020000801_0010_0001|0|13-AUG-2025|0|0|1020000801|1|0|120960|200|25|0|0|13-AUG-2025|25|1|01-JAN-1970|0|-1|0|0|6200000072|0|0|0|0|6200000072|0|8375|0|1|202547|CONSTRAINED|CONSTRAINED|CONSTRAINED_202547_2025-11-20_0656|BY_IF
2000-285-610|1006|1|1020000802_0010_0001|0|24-SEP-2025|0|0|1020000802|1|0|120960|200|25|0|0|24-SEP-2025|25|1|01-JAN-1970|0|-1|0|0|6200000072|0|0|0|0|6200000072|0|8067|0|1|202547|CONSTRAINED|CONSTRAINED|CONSTRAINED_202547_2025-11-20_0656|BY_IF
2000-285-610|1006|1|1020000803_0010_0001|0|23-JUL-2025|0|0|1020000803|1|0|120960|200|25|0|0|26-JUL-2025|25|3|01-JAN-1970|0|-1|0|0|6200000072|0|0|0|0|6200000072|0|9608|0|1|202547|CONSTRAINED|CONSTRAINED|CONSTRAINED_202547_2025-11-20_0656|BY_IF
2000-285-610|1006|1|1020000804_0010_0001|0|16-AUG-2025|0|0|1020000804|1|0|120960|200|25|0|0|16-AUG-2025|25|1|01-JAN-1970|0|-1|0|0|6200000072|0|0|0|0|6200000072|0|8270|0|1|202547|CONSTRAINED|CONSTRAINED|CONSTRAINED_202547_2025-11-20_0656|BY_IF
2000-285-610|1006|1|1020000805_0010_0001|0|12-AUG-2025|0|0|1020000805|1|0|120960|200|10|0|0|12-AUG-2025|10|1|01-JAN-1970|0|-1|0|0|6200000072|0|0|0|0|6200000072|0|8448|0|1|202547|CONSTRAINED|CONSTRAINED|CONSTRAINED_202547_2025-11-20_0656|BY_IF
2000-285-610|1006|1|1020000806_0010_0001|0|11-AUG-2025|0|0|1020000806|1|0|120960|200|25|0|0|11-AUG-2025|25|1|01-JAN-1970|0|-1|0|0|6200000072|0|0|0|0|6200000072|0|8535|0|1|202547|CONSTRAINED|CONSTRAINED|CONSTRAINED_202547_2025-11-20_0656|BY_IF
2000-285-610|1006|1|1020000807_0010_0001|0|11-AUG-2025|0|0|1020000807|1|0|120960|200|25|0|0|11-AUG-2025|25|1|01-JAN-1970|0|-1|0|0|6200000072|0|0|0|0|6200000072|0|8534|0|1|202547|CONSTRAINED|CONSTRAINED|CONSTRAINED_202547_2025-11-20_0656|BY_IF
2000-285-610|1006|1|1020000808_0010_0001|0|24-JUL-2025|0|0|1020000808|1|0|120960|200|75|0|0|26-JUL-2025|75|3|01-JAN-1970|0|-1|0|0|6200000072|0|0|0|0|6200000072|0|9237|0|1|202547|CONSTRAINED|CONSTRAINED|CONSTRAINED_202547_2025-11-20_0656|BY_IF
2000-285-610|1006|1|1020000809_0010_0001|0|12-AUG-2025|0|0|1020000809|1|0|120960|800|25|0|0|12-AUG-2025|25|1|01-JAN-1970|0|-1|0|0|6200000072|0|0|0|0|6200000072|0|8446|0|1|202547|CONSTRAINED|CONSTRAINED|CONSTRAINED_202547_2025-11-20_0656|BY_IF
2000-285-610|1006|1|1020000810_0010_0001|0|12-AUG-2025|0|0|1020000810|1|0|120960|800|50|0|0|12-AUG-2025|50|1|01-JAN-1970|0|-1|0|0|6200000072|0|0|0|0|6200000072|0|8445|0|1|202547|CONSTRAINED|CONSTRAINED|CONSTRAINED_202547_2025-11-20_0656|BY_IF
2000-285-610|1006|1|1020000811_0010_0001|0|30-AUG-2025|0|0|1020000811|1|0|120960|200|10|0|0|30-AUG-2025|10|1|01-JAN-1970|0|-1|0|0|6200000072|0|0|0|0|6200000072|0|8100|0|1|202547|CONSTRAINED|CONSTRAINED|CONSTRAINED_202547_2025-11-20_0656|BY_IF
2000-285-610|1006|1|1020000812_0010_0001|0|24-SEP-2025|0|0|1020000812|1|0|120960|200|25|0|0|24-SEP-2025|25|1|01-JAN-1970|0|-1|0|0|6200000072|0|0|0|0|6200000072|0|8066|0|1|202547|CONSTRAINED|CONSTRAINED|CONSTRAINED_202547_2025-11-20_0656|BY_IF
2000-285-610|1006|1|1020000813_0010_0001|0|12-AUG-2025|0|0|1020000813|1|0|120960|800|25|0|0|12-AUG-2025|25|1|01-JAN-1970|0|-1|0|0|6200000072|0|0|0|0|6200000072|0|8444|0|1|202547|CONSTRAINED|CONSTRAINED|CONSTRAINED_202547_2025-11-20_0656|BY_IF
2000-285-610|1006|1|1020000814_0010_0001|0|23-JUL-2025|0|0|1020000814|1|0|120960|200|20|0|0|26-JUL-2025|20|3|01-JAN-1970|0|-1|0|0|6200000072|0|0|0|0|6200000072|0|9598|0|1|202547|CONSTRAINED|CONSTRAINED|CONSTRAINED_202547_2025-11-20_0656|BY_IF
2000-285-610|1006|1|1020000815_0010_0001|0|17-AUG-2025|0|0|1020000815|1|0|120960|800|100|0|0|17-AUG-2025|100|1|01-JAN-1970|0|-1|0|0|6200000072|0|0|0|0|6200000072|0|8236|0|1|202547|CONSTRAINED|CONSTRAINED|CONSTRAINED_202547_2025-11-20_0656|BY_IF
2000-285-610|1006|1|1020000816_0010_0001|0|18-AUG-2025|0|0|1020000816|1|0|120960|800|100|0|0|18-AUG-2025|100|1|01-JAN-1970|0|-1|0|0|6200000072|0|0|0|0|6200000072|0|8173|0|1|202547|CONSTRAINED|CONSTRAINED|CONSTRAINED_202547_2025-11-20_0656|BY_IF
2000-285-610|1006|1|1020000817_0010_0001|0|14-AUG-2025|0|0|1020000817|1|0|120960|800|100|0|0|14-AUG-2025|100|1|01-JAN-1970|0|-1|0|0|6200000072|0|0|0|0|6200000072|0|8305|0|1|202547|CONSTRAINED|CONSTRAINED|CONSTRAINED_202547_2025-11-20_0656|BY_IF
2000-285-610|1006|1|1020000818_0010_0001|0|11-AUG-2025|0|0|1020000818|1|0|120960|800|25|0|0|11-AUG-2025|25|1|01-JAN-1970|0|-1|0|0|6200000072|0|0|0|0|6200000072|0|8533|0|1|202547|CONSTRAINED|CONSTRAINED|CONSTRAINED_202547_2025-11-20_0656|BY_IF
2000-285-610|1006|1|1020000819_0010_0001|0|18-AUG-2025|0|0|1020000819|1|0|120960|800|50|0|0|18-AUG-2025|50|1|01-JAN-1970|0|-1|0|0|6200000072|0|0|0|0|6200000072|0|8172|0|1|202547|CONSTRAINED|CONSTRAINED|CONSTRAINED_202547_2025-11-20_0656|BY_IF
2000-285-610|1006|1|1020000820_0010_0001|0|22-JUL-2025|0|0|1020000820|1|0|120960|200|20|0|0|26-JUL-2025|20|3|01-JAN-1970|0|-1|0|0|6200000072|0|0|0|0|6200000072|0|8479|0|1|202547|CONSTRAINED|CONSTRAINED|CONSTRAINED_202547_2025-11-20_0656|BY_IF
2000-285-610|1006|1|1020000821_0010_0001|0|23-JUL-2025|0|0|1020000821|1|0|120960|200|25|0|0|26-JUL-2025|25|3|01-JAN-1970|0|-1|0|0|6200000072|0|0|0|0|6200000072|0|9587|0|1|202547|CONSTRAINED|CONSTRAINED|CONSTRAINED_202547_2025-11-20_0656|BY_IF
2000-285-610|1006|1|1020000822_0010_0001|0|13-AUG-2025|0|0|1020000822|1|0|120960|800|100|0|0|13-AUG-2025|100|1|01-JAN-1970|0|-1|0|0|6200000072|0|0|0|0|6200000072|0|8374|0|1|202547|CONSTRAINED|CONSTRAINED|CONSTRAINED_202547_2025-11-20_0656|BY_IF
2000-285-610|1006|1|1020000823_0010_0001|0|23-JUL-2025|0|0|1020000823|1|0|120960|200|25|0|0|26-JUL-2025|25|3|01-JAN-1970|0|-1|0|0|6200000072|0|0|0|0|6200000072|0|9577|0|1|202547|CONSTRAINED|CONSTRAINED|CONSTRAINED_202547_2025-11-20_0656|BY_IF
2000-285-610|1006|1|1020000824_0010_0001|0|09-AUG-2025|0|0|1020000824|1|0|120960|200|10|0|0|09-AUG-2025|10|1|01-JAN-1970|0|-1|0|0|6200000072|0|0|0|0|6200000072|0|8891|0|1|202547|CONSTRAINED|CONSTRAINED|CONSTRAINED_202547_2025-11-20_0656|BY_IF
2000-285-610|1006|1|1020000825_0010_0001|0|23-JUL-2025|0|0|1020000825|1|0|120960|200|30|0|0|26-JUL-2025|30|3|01-JAN-1970|0|-1|0|0|6200000072|0|0|0|0|6200000072|0|9566|0|1|202547|CONSTRAINED|CONSTRAINED|CONSTRAINED_202547_2025-11-20_0656|BY_IF
2000-285-610|1006|1|1020000826_0010_0001|0|23-JUL-2025|0|0|1020000826|1|0|120960|200|35|0|0|26-JUL-2025|35|3|01-JAN-1970|0|-1|0|0|6200000072|0|0|0|0|6200000072|0|9556|0|1|202547|CONSTRAINED|CONSTRAINED|CONSTRAINED_202547_2025-11-20_0656|BY_IF
2000-285-610|1006|1|1020000827_0010_0001|0|18-AUG-2025|0|0|1020000827|1|0|120960|800|25|0|0|18-AUG-2025|25|1|01-JAN-1970|0|-1|0|0|6200000072|0|0|0|0|6200000072|0|8171|0|1|202547|CONSTRAINED|CONSTRAINED|CONSTRAINED_202547_2025-11-20_0656|BY_IF
2000-285-610|1006|1|1020000828_0010_0001|0|13-AUG-2025|0|0|1020000828|1|0|120960|800|25|0|0|13-AUG-2025|25|1|01-JAN-1970|0|-1|0|0|6200000072|0|0|0|0|6200000072|0|8373|0|1|202547|CONSTRAINED|CONSTRAINED|CONSTRAINED_202547_2025-11-20_0656|BY_IF
2000-285-610|1006|1|1020000829_0010_0001|0|11-AUG-2025|0|0|1020000829|1|0|120960|800|50|0|0|11-AUG-2025|50|1|01-JAN-1970|0|-1|0|0|6200000072|0|0|0|0|6200000072|0|8532|0|1|202547|CONSTRAINED|CONSTRAINED|CONSTRAINED_202547_2025-11-20_0656|BY_IF
2000-285-610|1006|1|1020000830_0010_0001|0|12-AUG-2025|0|0|1020000830|1|0|120960|800|25|0|0|12-AUG-2025|25|1|01-JAN-1970|0|-1|0|0|6200000072|0|0|0|0|6200000072|0|8443|0|1|202547|CONSTRAINED|CONSTRAINED|CONSTRAINED_202547_2025-11-20_0656|BY_IF
2000-285-610|1006|1|1020000831_0010_0001|0|16-AUG-2025|0|0|1020000831|1|0|120960|800|25|0|0|16-AUG-2025|25|1|01-JAN-1970|0|-1|0|0|6200000072|0|0|0|0|6200000072|0|8269|0|1|202547|CONSTRAINED|CONSTRAINED|CONSTRAINED_202547_2025-11-20_0656|BY_IF
2000-285-610|1006|1|1020000832_0010_0001|0|14-AUG-2025|0|0|1020000832|1|0|120960|800|75|0|0|14-AUG-2025|75|1|01-JAN-1970|0|-1|0|0|6200000072|0|0|0|0|6200000072|0|8303|0|1|202547|CONSTRAINED|CONSTRAINED|CONSTRAINED_202547_2025-11-20_0656|BY_IF
2000-285-610|1006|1|1020000833_0010_0001|0|18-AUG-2025|0|0|1020000833|1|0|120960|800|25|0|0|18-AUG-2025|25|1|01-JAN-1970|0|-1|0|0|6200000072|0|0|0|0|6200000072|0|8170|0|1|202547|CONSTRAINED|CONSTRAINED|CONSTRAINED_202547_2025-11-20_0656|BY_IF
2000-285-610|1006|1|1020000834_0010_0001|0|23-JUL-2025|0|0|1020000834|1|0|120960|200|90|0|0|26-JUL-2025|90|3|01-JAN-1970|0|-1|0|0|6200000072|0|0|0|0|6200000072|0|9544|0|1|202547|CONSTRAINED|CONSTRAINED|CONSTRAINED_202547_2025-11-20_0656|BY_IF
2000-285-610|1006|1|1020000835_0010_0001|0|23-AUG-2025|0|0|1020000835|1|0|120960|800|35|0|0|23-AUG-2025|35|1|01-JAN-1970|0|-1|0|0|6200000072|0|0|0|0|6200000072|0|8120|0|1|202547|CONSTRAINED|CONSTRAINED|CONSTRAINED_202547_2025-11-20_0656|BY_IF
2000-285-610|1006|1|1020000836_0010_0001|0|14-AUG-2025|0|0|1020000836|1|0|120960|800|25|0|0|14-AUG-2025|25|1|01-JAN-1970|0|-1|0|0|6200000072|0|0|0|0|6200000072|0|8302|0|1|202547|CONSTRAINED|CONSTRAINED|CONSTRAINED_202547_2025-11-20_0656|BY_IF
2000-285-610|1006|1|1020000837_0010_0001|0|13-AUG-2025|0|0|1020000837|1|0|120960|800|25|0|0|13-AUG-2025|25|1|01-JAN-1970|0|-1|0|0|6200000072|0|0|0|0|6200000072|0|8372|0|1|202547|CONSTRAINED|CONSTRAINED|CONSTRAINED_202547_2025-11-20_0656|BY_IF
2000-285-610|1006|1|1020000838_0010_0001|0|23-AUG-2025|0|0|1020000838|1|0|120960|800|65|0|0|23-AUG-2025|65|1|01-JAN-1970|0|-1|0|0|6200000072|0|0|0|0|6200000072|0|8119|0|1|202547|CONSTRAINED|CONSTRAINED|CONSTRAINED_202547_2025-11-20_0656|BY_IF
2000-285-610|1006|1|1020000839_0010_0001|0|20-AUG-2025|0|0|1020000839|1|0|120960|800|2|0|0|20-AUG-2025|2|1|01-JAN-1970|0|-1|0|0|6200000072|0|0|0|0|6200000072|0|8151|0|1|202547|CONSTRAINED|CONSTRAINED|CONSTRAINED_202547_2025-11-20_0656|BY_IF
2000-285-610|1006|1|1020000840_0010_0001|0|17-AUG-2025|0|0|1020000840|1|0|120960|800|25|0|0|17-AUG-2025|25|1|01-JAN-1970|0|-1|0|0|6200000072|0|0|0|0|6200000072|0|8235|0|1|202547|CONSTRAINED|CONSTRAINED|CONSTRAINED_202547_2025-11-20_0656|BY_IF
2000-285-610|1006|1|1020000841_0010_0001|0|21-JUL-2025|0|0|1020000841|1|0|120960|200|25|0|0|26-JUL-2025|25|3|01-JAN-1970|0|-1|0|0|6200000072|0|0|0|0|6200000072|0|9545|0|1|202547|CONSTRAINED|CONSTRAINED|CONSTRAINED_202547_2025-11-20_0656|BY_IF
2000-285-610|1006|1|1033500004_10_002|0|28-JUL-2025|0|0|1033500004|1|0|120960|200|75|0|0|28-JUL-2025|75|1|01-JAN-1970|0|-1|0|0|6200000072|0|0|0|0|6200000072|0|9058|0|1|202547|CONSTRAINED|CONSTRAINED|CONSTRAINED_202547_2025-11-20_0656|BY_IF
2000-285-610|1006|1|1033500004_10_002-1|0|28-JUL-2025|0|0|1033500004|1|0|120960|200|25|0|0|28-JUL-2025|0|6|01-JAN-1970|0|0|0|0|6200000072|0|||0|6200000072|0|0|0|3|202547|CONSTRAINED|CONSTRAINED|CONSTRAINED_202547_2025-11-20_0656|BY_IF
2000-285-610|1006|2| |182|06-DEC-2025|0|0|0|0|0|0|400|49|0|0|06-DEC-2025|0|6|01-JAN-1970|0|0|182|0| |0|||0|6200000072|10|0|0|1|202547|CONSTRAINED|CONSTRAINED|CONSTRAINED_202547_2025-11-20_0656|BY_IF
2000-285-610|1006|2| |183|20-DEC-2025|0|0|0|0|0|0|400|75|0|0|20-DEC-2025|0|6|01-JAN-1970|0|0|183|0| |0|||0|6200000072|10|0|0|1|202547|CONSTRAINED|CONSTRAINED|CONSTRAINED_202547_2025-11-20_0656|BY_IF
2000-285-610|1006|2| |184|03-JAN-2026|0|0|0|0|0|0|400|75|0|0|03-JAN-2026|0|6|01-JAN-1970|0|0|184|0| |0|||0|6200000072|10|0|0|1|202547|CONSTRAINED|CONSTRAINED|CONSTRAINED_202547_2025-11-20_0656|BY_IF
2000-285-610|1006|2| |185|13-DEC-2025|0|0|0|0|0|0|400|75|0|0|13-DEC-2025|0|6|01-JAN-1970|0|0|185|0| |0|||0|6200000072|10|0|0|1|202547|CONSTRAINED|CONSTRAINED|CONSTRAINED_202547_2025-11-20_0656|BY_IF
2000-285-610|1006|2| |186|27-DEC-2025|0|0|0|0|0|0|400|75|0|0|27-DEC-2025|0|6|01-JAN-1970|0|0|186|0| |0|||0|6200000072|10|0|0|1|202547|CONSTRAINED|CONSTRAINED|CONSTRAINED_202547_2025-11-20_0656|BY_IF
2000-285-610|1006|2| |187|10-JAN-2026|0|0|0|0|0|0|400|75|0|0|10-JAN-2026|0|6|01-JAN-1970|0|0|187|0| |0|||0|6200000072|10|0|0|1|202547|CONSTRAINED|CONSTRAINED|CONSTRAINED_202547_2025-11-20_0656|BY_IF
2000-285-610|1006|3| |1|26-JUL-2025|0|0|0|0|0|1440|0|75|0|0|26-JUL-2025|0|5|27-JUL-2025|0|0|0|1| |0|0|0|0| |0|0|0|1|202547|CONSTRAINED|CONSTRAINED|CONSTRAINED_202547_2025-11-20_0656|BY_IF
2000-285-610|1006|3| |2|27-JUL-2025|0|0|0|0|0|1440|0|75|0|0|27-JUL-2025|75|1|28-JUL-2025|0|0|0|2| |0|0|0|0| |0|0|0|1|202547|CONSTRAINED|CONSTRAINED|CONSTRAINED_202547_2025-11-20_0656|BY_IF
2000-285-610|1006|3| |3|28-JUL-2025|0|0|0|0|0|7200|0|1|0|0|28-JUL-2025|0|5|02-AUG-2025|0|0|0|3| |0|0|0|0| |0|0|0|1|202547|CONSTRAINED|CONSTRAINED|CONSTRAINED_202547_2025-11-20_0656|BY_IF
2000-285-610|1006|3| |4|02-AUG-2025|0|0|0|0|0|1440|0|10|0|0|02-AUG-2025|0|5|03-AUG-2025|0|0|0|4| |0|0|0|0| |0|0|0|1|202547|CONSTRAINED|CONSTRAINED|CONSTRAINED_202547_2025-11-20_0656|BY_IF
2000-285-610|1006|3| |5|03-AUG-2025|0|0|0|0|0|1440|0|10|0|0|03-AUG-2025|9|4|04-AUG-2025|0|0|0|5| |0|0|0|0| |0|0|0|1|202547|CONSTRAINED|CONSTRAINED|CONSTRAINED_202547_2025-11-20_0656|BY_IF
2000-285-610|1006|3| |6|04-AUG-2025|0|0|0|0|0|1440|0|135|0|0|04-AUG-2025|9|4|05-AUG-2025|0|0|0|6| |0|0|0|0| |0|0|0|1|202547|CONSTRAINED|CONSTRAINED|CONSTRAINED_202547_2025-11-20_0656|BY_IF
2000-285-610|1006|3| |7|05-AUG-2025|0|0|0|0|0|1440|0|270|0|0|05-AUG-2025|9|4|06-AUG-2025|0|0|0|7| |0|0|0|0| |0|0|0|1|202547|CONSTRAINED|CONSTRAINED|CONSTRAINED_202547_2025-11-20_0656|BY_IF
2000-285-610|1006|3| |8|06-AUG-2025|0|0|0|0|0|1440|0|445|0|0|06-AUG-2025|9|4|07-AUG-2025|0|0|0|8| |0|0|0|0| |0|0|0|1|202547|CONSTRAINED|CONSTRAINED|CONSTRAINED_202547_2025-11-20_0656|BY_IF
2000-285-610|1006|3| |9|07-AUG-2025|0|0|0|0|0|2880|0|715|0|0|07-AUG-2025|9|4|09-AUG-2025|0|0|0|9| |0|0|0|0| |0|0|0|1|202547|CONSTRAINED|CONSTRAINED|CONSTRAINED_202547_2025-11-20_0656|BY_IF
2000-285-610|1006|3| |10|09-AUG-2025|0|0|0|0|0|1440|0|755|0|0|09-AUG-2025|0|5|10-AUG-2025|0|0|0|10| |0|0|0|0| |0|0|0|1|202547|CONSTRAINED|CONSTRAINED|CONSTRAINED_202547_2025-11-20_0656|BY_IF
2000-285-610|1006|3| |11|10-AUG-2025|0|0|0|0|0|1440|0|880|0|0|10-AUG-2025|705|4|11-AUG-2025|0|0|0|11| |0|0|0|0| |0|0|0|1|202547|CONSTRAINED|CONSTRAINED|CONSTRAINED_202547_2025-11-20_0656|BY_IF
2000-285-610|1006|3| |12|11-AUG-2025|0|0|0|0|0|1440|0|955|0|0|11-AUG-2025|580|4|12-AUG-2025|0|0|0|12| |0|0|0|0| |0|0|0|1|202547|CONSTRAINED|CONSTRAINED|CONSTRAINED_202547_2025-11-20_0656|BY_IF
2000-285-610|1006|3| |13|12-AUG-2025|0|0|0|0|0|1440|0|820|0|0|12-AUG-2025|444|4|13-AUG-2025|0|0|0|13| |0|0|0|0| |0|0|0|1|202547|CONSTRAINED|CONSTRAINED|CONSTRAINED_202547_2025-11-20_0656|BY_IF
2000-285-610|1006|3| |14|13-AUG-2025|0|0|0|0|0|1440|0|647|0|0|13-AUG-2025|269|4|14-AUG-2025|0|0|0|14| |0|0|0|0| |0|0|0|1|202547|CONSTRAINED|CONSTRAINED|CONSTRAINED_202547_2025-11-20_0656|BY_IF
2000-285-610|1006|3| |15|14-AUG-2025|0|0|0|0|0|2880|0|377|0|0|14-AUG-2025|0|5|16-AUG-2025|0|0|0|15| |0|0|0|0| |0|0|0|1|202547|CONSTRAINED|CONSTRAINED|CONSTRAINED_202547_2025-11-20_0656|BY_IF
2000-285-610|1006|3| |16|16-AUG-2025|0|0|0|0|0|1440|0|427|0|0|16-AUG-2025|0|5|17-AUG-2025|0|0|0|16| |0|0|0|0| |0|0|0|1|202547|CONSTRAINED|CONSTRAINED|CONSTRAINED_202547_2025-11-20_0656|BY_IF
2000-285-610|1006|3| |17|17-AUG-2025|0|0|0|0|0|1440|0|302|0|0|17-AUG-2025|201|4|18-AUG-2025|0|0|0|17| |0|0|0|0| |0|0|0|1|202547|CONSTRAINED|CONSTRAINED|CONSTRAINED_202547_2025-11-20_0656|BY_IF
2000-285-610|1006|3| |18|18-AUG-2025|0|0|0|0|0|2880|0|102|0|0|18-AUG-2025|1|4|20-AUG-2025|0|0|0|18| |0|0|0|0| |0|0|0|1|202547|CONSTRAINED|CONSTRAINED|CONSTRAINED_202547_2025-11-20_0656|BY_IF
2000-285-610|1006|3| |19|20-AUG-2025|0|0|0|0|0|4320|0|100|0|0|20-AUG-2025|0|5|23-AUG-2025|0|0|0|19| |0|0|0|0| |0|0|0|1|202547|CONSTRAINED|CONSTRAINED|CONSTRAINED_202547_2025-11-20_0656|BY_IF
2000-285-610|1006|3| |20|23-AUG-2025|0|0|0|0|0|1440|0|10|0|0|23-AUG-2025|0|5|24-AUG-2025|0|0|0|20| |0|0|0|0| |0|0|0|1|202547|CONSTRAINED|CONSTRAINED|CONSTRAINED_202547_2025-11-20_0656|BY_IF
2000-285-610|1006|3| |21|24-AUG-2025|0|0|0|0|0|8640|0|10|0|0|24-AUG-2025|0|5|30-AUG-2025|0|0|0|21| |0|0|0|0| |0|0|0|1|202547|CONSTRAINED|CONSTRAINED|CONSTRAINED_202547_2025-11-20_0656|BY_IF
2000-285-610|1006|3| |22|30-AUG-2025|0|0|0|0|0|1440|0|1|0|0|30-AUG-2025|0|5|31-AUG-2025|0|0|0|22| |0|0|0|0| |0|0|0|1|202547|CONSTRAINED|CONSTRAINED|CONSTRAINED_202547_2025-11-20_0656|BY_IF
2000-285-610|1006|3| |23|31-AUG-2025|0|0|0|0|0|20160|0|1|0|0|31-AUG-2025|0|5|14-SEP-2025|0|0|0|23| |0|0|0|0| |0|0|0|1|202547|CONSTRAINED|CONSTRAINED|CONSTRAINED_202547_2025-11-20_0656|BY_IF
2000-285-610|1006|3| |24|14-SEP-2025|0|0|0|0|0|4320|0|1|0|0|14-SEP-2025|1|1|17-SEP-2025|0|0|0|24| |0|0|0|0| |0|0|0|1|202547|CONSTRAINED|CONSTRAINED|CONSTRAINED_202547_2025-11-20_0656|BY_IF
2000-285-610|1006|3| |25|17-SEP-2025|0|0|0|0|0|10080|0|50|0|0|17-SEP-2025|50|1|24-SEP-2025|0|0|0|25| |0|0|0|0| |0|0|0|1|202547|CONSTRAINED|CONSTRAINED|CONSTRAINED_202547_2025-11-20_0656|BY_IF
2000-285-610|1006|3| |26|24-SEP-2025|0|0|0|0|0|95040|0|1|0|0|24-SEP-2025|1|1|29-NOV-2025|0|0|0|26| |0|0|0|0| |0|0|0|1|202547|CONSTRAINED|CONSTRAINED|CONSTRAINED_202547_2025-11-20_0656|BY_IF
2000-285-610|1006|3| |27|29-NOV-2025|0|0|0|0|0|10080|0|49|0|0|29-NOV-2025|49|1|06-DEC-2025|0|0|0|27| |0|0|0|0| |0|0|0|1|202547|CONSTRAINED|CONSTRAINED|CONSTRAINED_202547_2025-11-20_0656|BY_IF
2000-285-610|1006|3| |28|06-DEC-2025|0|0|0|0|0|10080|0|75|0|0|06-DEC-2025|75|1|13-DEC-2025|0|0|0|28| |0|0|0|0| |0|0|0|1|202547|CONSTRAINED|CONSTRAINED|CONSTRAINED_202547_2025-11-20_0656|BY_IF
2000-285-610|1006|3| |29|13-DEC-2025|0|0|0|0|0|10080|0|75|0|0|13-DEC-2025|75|1|20-DEC-2025|0|0|0|29| |0|0|0|0| |0|0|0|1|202547|CONSTRAINED|CONSTRAINED|CONSTRAINED_202547_2025-11-20_0656|BY_IF
2000-285-610|1006|3| |30|20-DEC-2025|0|0|0|0|0|10080|0|75|0|0|20-DEC-2025|75|1|27-DEC-2025|0|0|0|30| |0|0|0|0| |0|0|0|1|202547|CONSTRAINED|CONSTRAINED|CONSTRAINED_202547_2025-11-20_0656|BY_IF
2000-285-610|1006|3| |31|27-DEC-2025|0|0|0|0|0|10080|0|75|0|0|27-DEC-2025|75|1|03-JAN-2026|0|0|0|31| |0|0|0|0| |0|0|0|1|202547|CONSTRAINED|CONSTRAINED|CONSTRAINED_202547_2025-11-20_0656|BY_IF
2000-285-610|1006|3| |32|03-JAN-2026|0|0|0|0|0|10080|0|75|0|0|03-JAN-2026|75|1|10-JAN-2026|0|0|0|32| |0|0|0|0| |0|0|0|1|202547|CONSTRAINED|CONSTRAINED|CONSTRAINED_202547_2025-11-20_0656|BY_IF
2000-285-610|1006|3| |33|10-JAN-2026|0|0|0|0|0|10080|0|75|0|0|10-JAN-2026|75|1|17-JAN-2026|0|0|0|33| |0|0|0|0| |0|0|0|1|202547|CONSTRAINED|CONSTRAINED|CONSTRAINED_202547_2025-11-20_0656|BY_IF
2000-285-610|1006|3| |34|17-JAN-2026|0|0|0|0|0|10080|0|75|0|0|17-JAN-2026|75|1|24-JAN-2026|0|0|0|34| |0|0|0|0| |0|0|0|1|202547|CONSTRAINED|CONSTRAINED|CONSTRAINED_202547_2025-11-20_0656|BY_IF
2000-285-610|1006|3| |35|24-JAN-2026|0|0|0|0|0|10080|0|75|0|0|24-JAN-2026|75|1|31-JAN-2026|0|0|0|35| |0|0|0|0| |0|0|0|1|202547|CONSTRAINED|CONSTRAINED|CONSTRAINED_202547_2025-11-20_0656|BY_IF
2000-285-610|1006|3| |36|31-JAN-2026|0|0|0|0|0|10080|0|75|0|0|31-JAN-2026|34|4|07-FEB-2026|0|0|0|36| |0|0|0|0| |0|0|0|1|202547|CONSTRAINED|CONSTRAINED|CONSTRAINED_202547_2025-11-20_0656|BY_IF
2000-285-610|1006|3| |37|07-FEB-2026|0|0|0|0|0|1440|0|75|0|0|07-FEB-2026|0|5|08-FEB-2026|0|0|0|37| |0|0|0|0| |0|0|0|1|202547|CONSTRAINED|CONSTRAINED|CONSTRAINED_202547_2025-11-20_0656|BY_IF
2000-285-610|1006|3| |38|08-FEB-2026|0|0|0|0|0|8640|0|75|0|0|08-FEB-2026|0|5|14-FEB-2026|0|0|0|38| |0|0|0|0| |0|0|0|1|202547|CONSTRAINED|CONSTRAINED|CONSTRAINED_202547_2025-11-20_0656|BY_IF
2000-285-610|1006|3| |39|14-FEB-2026|0|0|0|0|0|1440|0|75|0|0|14-FEB-2026|0|5|15-FEB-2026|0|0|0|39| |0|0|0|0| |0|0|0|1|202547|CONSTRAINED|CONSTRAINED|CONSTRAINED_202547_2025-11-20_0656|BY_IF
2000-285-610|1006|3| |40|15-FEB-2026|0|0|0|0|0|8640|0|75|0|0|15-FEB-2026|0|5|21-FEB-2026|0|0|0|40| |0|0|0|0| |0|0|0|1|202547|CONSTRAINED|CONSTRAINED|CONSTRAINED_202547_2025-11-20_0656|BY_IF
2000-285-610|1006|3| |41|21-FEB-2026|0|0|0|0|0|1440|0|75|0|0|21-FEB-2026|0|5|22-FEB-2026|0|0|0|41| |0|0|0|0| |0|0|0|1|202547|CONSTRAINED|CONSTRAINED|CONSTRAINED_202547_2025-11-20_0656|BY_IF
2000-285-610|1006|3| |42|22-FEB-2026|0|0|0|0|0|8640|0|75|0|0|22-FEB-2026|0|5|28-FEB-2026|0|0|0|42| |0|0|0|0| |0|0|0|1|202547|CONSTRAINED|CONSTRAINED|CONSTRAINED_202547_2025-11-20_0656|BY_IF
2000-285-610|1006|3| |43|28-FEB-2026|0|0|0|0|0|1440|0|75|0|0|28-FEB-2026|0|5|01-MAR-2026|0|0|0|43| |0|0|0|0| |0|0|0|1|202547|CONSTRAINED|CONSTRAINED|CONSTRAINED_202547_2025-11-20_0656|BY_IF
2000-285-610|1006|3| |44|01-MAR-2026|0|0|0|0|0|8640|0|75|0|0|01-MAR-2026|0|5|07-MAR-2026|0|0|0|44| |0|0|0|0| |0|0|0|1|202547|CONSTRAINED|CONSTRAINED|CONSTRAINED_202547_2025-11-20_0656|BY_IF
2000-285-610|1006|3| |45|07-MAR-2026|0|0|0|0|0|1440|0|75|0|0|07-MAR-2026|0|5|08-MAR-2026|0|0|0|45| |0|0|0|0| |0|0|0|1|202547|CONSTRAINED|CONSTRAINED|CONSTRAINED_202547_2025-11-20_0656|BY_IF
2000-285-610|1006|3| |46|08-MAR-2026|0|0|0|0|0|8640|0|75|0|0|08-MAR-2026|0|5|14-MAR-2026|0|0|0|46| |0|0|0|0| |0|0|0|1|202547|CONSTRAINED|CONSTRAINED|CONSTRAINED_202547_2025-11-20_0656|BY_IF
2000-285-610|1006|3| |47|14-MAR-2026|0|0|0|0|0|1440|0|75|0|0|14-MAR-2026|0|5|15-MAR-2026|0|0|0|47| |0|0|0|0| |0|0|0|1|202547|CONSTRAINED|CONSTRAINED|CONSTRAINED_202547_2025-11-20_0656|BY_IF
2000-285-610|1006|3| |48|15-MAR-2026|0|0|0|0|0|8640|0|75|0|0|15-MAR-2026|0|5|21-MAR-2026|0|0|0|48| |0|0|0|0| |0|0|0|1|202547|CONSTRAINED|CONSTRAINED|CONSTRAINED_202547_2025-11-20_0656|BY_IF
2000-285-610|1006|3| |49|21-MAR-2026|0|0|0|0|0|1440|0|75|0|0|21-MAR-2026|0|5|22-MAR-2026|0|0|0|49| |0|0|0|0| |0|0|0|1|202547|CONSTRAINED|CONSTRAINED|CONSTRAINED_202547_2025-11-20_0656|BY_IF
2000-285-610|1006|3| |50|22-MAR-2026|0|0|0|0|0|8640|0|75|0|0|22-MAR-2026|0|5|28-MAR-2026|0|0|0|50| |0|0|0|0| |0|0|0|1|202547|CONSTRAINED|CONSTRAINED|CONSTRAINED_202547_2025-11-20_0656|BY_IF
2000-285-610|1006|3| |51|28-MAR-2026|0|0|0|0|0|1440|0|75|0|0|28-MAR-2026|0|5|29-MAR-2026|0|0|0|51| |0|0|0|0| |0|0|0|1|202547|CONSTRAINED|CONSTRAINED|CONSTRAINED_202547_2025-11-20_0656|BY_IF
2000-285-610|1006|3| |52|29-MAR-2026|0|0|0|0|0|8640|0|75|0|0|29-MAR-2026|0|5|04-APR-2026|0|0|0|52| |0|0|0|0| |0|0|0|1|202547|CONSTRAINED|CONSTRAINED|CONSTRAINED_202547_2025-11-20_0656|BY_IF
2000-285-610|1006|3| |53|04-APR-2026|0|0|0|0|0|1440|0|75|0|0|04-APR-2026|0|5|05-APR-2026|0|0|0|53| |0|0|0|0| |0|0|0|1|202547|CONSTRAINED|CONSTRAINED|CONSTRAINED_202547_2025-11-20_0656|BY_IF
2000-285-610|1006|3| |54|05-APR-2026|0|0|0|0|0|8640|0|75|0|0|05-APR-2026|0|5|11-APR-2026|0|0|0|54| |0|0|0|0| |0|0|0|1|202547|CONSTRAINED|CONSTRAINED|CONSTRAINED_202547_2025-11-20_0656|BY_IF
2000-285-610|1006|3| |55|11-APR-2026|0|0|0|0|0|1440|0|75|0|0|11-APR-2026|0|5|12-APR-2026|0|0|0|55| |0|0|0|0| |0|0|0|1|202547|CONSTRAINED|CONSTRAINED|CONSTRAINED_202547_2025-11-20_0656|BY_IF
2000-285-610|1006|3| |56|12-APR-2026|0|0|0|0|0|8640|0|75|0|0|12-APR-2026|0|5|18-APR-2026|0|0|0|56| |0|0|0|0| |0|0|0|1|202547|CONSTRAINED|CONSTRAINED|CONSTRAINED_202547_2025-11-20_0656|BY_IF
2000-285-610|1006|3| |57|18-APR-2026|0|0|0|0|0|1440|0|75|0|0|18-APR-2026|0|5|19-APR-2026|0|0|0|57| |0|0|0|0| |0|0|0|1|202547|CONSTRAINED|CONSTRAINED|CONSTRAINED_202547_2025-11-20_0656|BY_IF
2000-285-610|1006|3| |58|19-APR-2026|0|0|0|0|0|8640|0|75|0|0|19-APR-2026|0|5|25-APR-2026|0|0|0|58| |0|0|0|0| |0|0|0|1|202547|CONSTRAINED|CONSTRAINED|CONSTRAINED_202547_2025-11-20_0656|BY_IF
2000-285-610|1006|3| |59|25-APR-2026|0|0|0|0|0|1440|0|75|0|0|25-APR-2026|0|5|26-APR-2026|0|0|0|59| |0|0|0|0| |0|0|0|1|202547|CONSTRAINED|CONSTRAINED|CONSTRAINED_202547_2025-11-20_0656|BY_IF
2000-285-610|1006|3| |60|26-APR-2026|0|0|0|0|0|8640|0|75|0|0|26-APR-2026|0|5|02-MAY-2026|0|0|0|60| |0|0|0|0| |0|0|0|1|202547|CONSTRAINED|CONSTRAINED|CONSTRAINED_202547_2025-11-20_0656|BY_IF
2000-285-610|1006|3| |61|02-MAY-2026|0|0|0|0|0|1440|0|75|0|0|02-MAY-2026|0|5|03-MAY-2026|0|0|0|61| |0|0|0|0| |0|0|0|1|202547|CONSTRAINED|CONSTRAINED|CONSTRAINED_202547_2025-11-20_0656|BY_IF
2000-285-610|1006|3| |62|03-MAY-2026|0|0|0|0|0|8640|0|75|0|0|03-MAY-2026|0|5|09-MAY-2026|0|0|0|62| |0|0|0|0| |0|0|0|1|202547|CONSTRAINED|CONSTRAINED|CONSTRAINED_202547_2025-11-20_0656|BY_IF
2000-285-610|1006|3| |63|09-MAY-2026|0|0|0|0|0|1440|0|75|0|0|09-MAY-2026|0|5|10-MAY-2026|0|0|0|63| |0|0|0|0| |0|0|0|1|202547|CONSTRAINED|CONSTRAINED|CONSTRAINED_202547_2025-11-20_0656|BY_IF
2000-285-610|1006|3| |64|10-MAY-2026|0|0|0|0|0|8640|0|75|0|0|10-MAY-2026|0|5|16-MAY-2026|0|0|0|64| |0|0|0|0| |0|0|0|1|202547|CONSTRAINED|CONSTRAINED|CONSTRAINED_202547_2025-11-20_0656|BY_IF
2000-285-610|1006|3| |65|16-MAY-2026|0|0|0|0|0|1440|0|75|0|0|16-MAY-2026|0|5|17-MAY-2026|0|0|0|65| |0|0|0|0| |0|0|0|1|202547|CONSTRAINED|CONSTRAINED|CONSTRAINED_202547_2025-11-20_0656|BY_IF
2000-285-610|1006|3| |66|17-MAY-2026|0|0|0|0|0|8640|0|75|0|0|17-MAY-2026|0|5|23-MAY-2026|0|0|0|66| |0|0|0|0| |0|0|0|1|202547|CONSTRAINED|CONSTRAINED|CONSTRAINED_202547_2025-11-20_0656|BY_IF
2000-285-610|1006|3| |67|23-MAY-2026|0|0|0|0|0|1440|0|75|0|0|23-MAY-2026|0|5|24-MAY-2026|0|0|0|67| |0|0|0|0| |0|0|0|1|202547|CONSTRAINED|CONSTRAINED|CONSTRAINED_202547_2025-11-20_0656|BY_IF
2000-285-610|1006|3| |68|24-MAY-2026|0|0|0|0|0|8640|0|75|0|0|24-MAY-2026|0|5|30-MAY-2026|0|0|0|68| |0|0|0|0| |0|0|0|1|202547|CONSTRAINED|CONSTRAINED|CONSTRAINED_202547_2025-11-20_0656|BY_IF
2000-285-610|1006|3| |69|30-MAY-2026|0|0|0|0|0|1440|0|75|0|0|30-MAY-2026|0|5|31-MAY-2026|0|0|0|69| |0|0|0|0| |0|0|0|1|202547|CONSTRAINED|CONSTRAINED|CONSTRAINED_202547_2025-11-20_0656|BY_IF
2000-285-610|1006|3| |70|31-MAY-2026|0|0|0|0|0|8640|0|75|0|0|31-MAY-2026|0|5|06-JUN-2026|0|0|0|70| |0|0|0|0| |0|0|0|1|202547|CONSTRAINED|CONSTRAINED|CONSTRAINED_202547_2025-11-20_0656|BY_IF
2000-285-610|1006|3| |71|06-JUN-2026|0|0|0|0|0|1440|0|75|0|0|06-JUN-2026|0|5|07-JUN-2026|0|0|0|71| |0|0|0|0| |0|0|0|1|202547|CONSTRAINED|CONSTRAINED|CONSTRAINED_202547_2025-11-20_0656|BY_IF
2000-285-610|1006|3| |72|07-JUN-2026|0|0|0|0|0|8640|0|75|0|0|07-JUN-2026|0|5|13-JUN-2026|0|0|0|72| |0|0|0|0| |0|0|0|1|202547|CONSTRAINED|CONSTRAINED|CONSTRAINED_202547_2025-11-20_0656|BY_IF
2000-285-610|1006|3| |73|13-JUN-2026|0|0|0|0|0|1440|0|75|0|0|13-JUN-2026|0|5|14-JUN-2026|0|0|0|73| |0|0|0|0| |0|0|0|1|202547|CONSTRAINED|CONSTRAINED|CONSTRAINED_202547_2025-11-20_0656|BY_IF
2000-285-610|1006|3| |74|14-JUN-2026|0|0|0|0|0|8640|0|75|0|0|14-JUN-2026|0|5|20-JUN-2026|0|0|0|74| |0|0|0|0| |0|0|0|1|202547|CONSTRAINED|CONSTRAINED|CONSTRAINED_202547_2025-11-20_0656|BY_IF
2000-285-610|1006|3| |75|20-JUN-2026|0|0|0|0|0|1440|0|75|0|0|20-JUN-2026|0|5|21-JUN-2026|0|0|0|75| |0|0|0|0| |0|0|0|1|202547|CONSTRAINED|CONSTRAINED|CONSTRAINED_202547_2025-11-20_0656|BY_IF
2000-285-610|1006|3| |76|21-JUN-2026|0|0|0|0|0|8640|0|75|0|0|21-JUN-2026|0|5|27-JUN-2026|0|0|0|76| |0|0|0|0| |0|0|0|1|202547|CONSTRAINED|CONSTRAINED|CONSTRAINED_202547_2025-11-20_0656|BY_IF
2000-285-610|1006|3| |77|27-JUN-2026|0|0|0|0|0|1440|0|75|0|0|27-JUN-2026|0|5|28-JUN-2026|0|0|0|77| |0|0|0|0| |0|0|0|1|202547|CONSTRAINED|CONSTRAINED|CONSTRAINED_202547_2025-11-20_0656|BY_IF
2000-285-610|1006|3| |78|28-JUN-2026|0|0|0|0|0|8640|0|75|0|0|28-JUN-2026|0|5|04-JUL-2026|0|0|0|78| |0|0|0|0| |0|0|0|1|202547|CONSTRAINED|CONSTRAINED|CONSTRAINED_202547_2025-11-20_0656|BY_IF
2000-285-610|1006|3| |79|04-JUL-2026|0|0|0|0|0|1440|0|75|0|0|04-JUL-2026|0|5|05-JUL-2026|0|0|0|79| |0|0|0|0| |0|0|0|1|202547|CONSTRAINED|CONSTRAINED|CONSTRAINED_202547_2025-11-20_0656|BY_IF
2000-285-610|1006|3| |80|05-JUL-2026|0|0|0|0|0|8640|0|75|0|0|05-JUL-2026|0|5|11-JUL-2026|0|0|0|80| |0|0|0|0| |0|0|0|1|202547|CONSTRAINED|CONSTRAINED|CONSTRAINED_202547_2025-11-20_0656|BY_IF
2000-285-610|1006|3| |81|11-JUL-2026|0|0|0|0|0|1440|0|75|0|0|11-JUL-2026|0|5|12-JUL-2026|0|0|0|81| |0|0|0|0| |0|0|0|1|202547|CONSTRAINED|CONSTRAINED|CONSTRAINED_202547_2025-11-20_0656|BY_IF
2000-285-610|1006|3| |82|12-JUL-2026|0|0|0|0|0|8640|0|75|0|0|12-JUL-2026|0|5|18-JUL-2026|0|0|0|82| |0|0|0|0| |0|0|0|1|202547|CONSTRAINED|CONSTRAINED|CONSTRAINED_202547_2025-11-20_0656|BY_IF
2000-285-610|1006|3| |83|18-JUL-2026|0|0|0|0|0|1440|0|75|0|0|18-JUL-2026|0|5|19-JUL-2026|0|0|0|83| |0|0|0|0| |0|0|0|1|202547|CONSTRAINED|CONSTRAINED|CONSTRAINED_202547_2025-11-20_0656|BY_IF
2000-285-610|1006|3| |84|19-JUL-2026|0|0|0|0|0|8640|0|75|0|0|19-JUL-2026|0|5|25-JUL-2026|0|0|0|84| |0|0|0|0| |0|0|0|1|202547|CONSTRAINED|CONSTRAINED|CONSTRAINED_202547_2025-11-20_0656|BY_IF
2000-285-610|1006|3| |85|25-JUL-2026|0|0|0|0|0|1440|0|75|0|0|25-JUL-2026|0|5|26-JUL-2026|0|0|0|85| |0|0|0|0| |0|0|0|1|202547|CONSTRAINED|CONSTRAINED|CONSTRAINED_202547_2025-11-20_0656|BY_IF
2000-285-610|1006|3| |86|26-JUL-2026|0|0|0|0|0|8640|0|75|0|0|26-JUL-2026|0|5|01-AUG-2026|0|0|0|86| |0|0|0|0| |0|0|0|1|202547|CONSTRAINED|CONSTRAINED|CONSTRAINED_202547_2025-11-20_0656|BY_IF
2000-285-610|1006|3| |87|01-AUG-2026|0|0|0|0|0|1440|0|75|0|0|01-AUG-2026|0|5|02-AUG-2026|0|0|0|87| |0|0|0|0| |0|0|0|1|202547|CONSTRAINED|CONSTRAINED|CONSTRAINED_202547_2025-11-20_0656|BY_IF
2000-285-610|1006|3| |88|02-AUG-2026|0|0|0|0|0|8640|0|75|0|0|02-AUG-2026|0|5|08-AUG-2026|0|0|0|88| |0|0|0|0| |0|0|0|1|202547|CONSTRAINED|CONSTRAINED|CONSTRAINED_202547_2025-11-20_0656|BY_IF
2000-285-610|1006|3| |89|08-AUG-2026|0|0|0|0|0|1440|0|75|0|0|08-AUG-2026|0|5|09-AUG-2026|0|0|0|89| |0|0|0|0| |0|0|0|1|202547|CONSTRAINED|CONSTRAINED|CONSTRAINED_202547_2025-11-20_0656|BY_IF
2000-285-610|1006|3| |90|09-AUG-2026|0|0|0|0|0|8640|0|75|0|0|09-AUG-2026|0|5|15-AUG-2026|0|0|0|90| |0|0|0|0| |0|0|0|1|202547|CONSTRAINED|CONSTRAINED|CONSTRAINED_202547_2025-11-20_0656|BY_IF
2000-285-610|1006|3| |91|15-AUG-2026|0|0|0|0|0|1440|0|75|0|0|15-AUG-2026|0|5|16-AUG-2026|0|0|0|91| |0|0|0|0| |0|0|0|1|202547|CONSTRAINED|CONSTRAINED|CONSTRAINED_202547_2025-11-20_0656|BY_IF
2000-285-610|1006|3| |92|16-AUG-2026|0|0|0|0|0|8640|0|75|0|0|16-AUG-2026|0|5|22-AUG-2026|0|0|0|92| |0|0|0|0| |0|0|0|1|202547|CONSTRAINED|CONSTRAINED|CONSTRAINED_202547_2025-11-20_0656|BY_IF
2000-285-610|1006|3| |93|22-AUG-2026|0|0|0|0|0|1440|0|75|0|0|22-AUG-2026|0|5|23-AUG-2026|0|0|0|93| |0|0|0|0| |0|0|0|1|202547|CONSTRAINED|CONSTRAINED|CONSTRAINED_202547_2025-11-20_0656|BY_IF
2000-285-610|1006|3| |94|23-AUG-2026|0|0|0|0|0|8640|0|75|0|0|23-AUG-2026|0|5|29-AUG-2026|0|0|0|94| |0|0|0|0| |0|0|0|1|202547|CONSTRAINED|CONSTRAINED|CONSTRAINED_202547_2025-11-20_0656|BY_IF
2000-285-610|1006|3| |95|29-AUG-2026|0|0|0|0|0|1440|0|75|0|0|29-AUG-2026|0|5|30-AUG-2026|0|0|0|95| |0|0|0|0| |0|0|0|1|202547|CONSTRAINED|CONSTRAINED|CONSTRAINED_202547_2025-11-20_0656|BY_IF
2000-285-610|1006|3| |96|30-AUG-2026|0|0|0|0|0|8640|0|75|0|0|30-AUG-2026|0|5|05-SEP-2026|0|0|0|96| |0|0|0|0| |0|0|0|1|202547|CONSTRAINED|CONSTRAINED|CONSTRAINED_202547_2025-11-20_0656|BY_IF
2000-285-610|1006|3| |97|05-SEP-2026|0|0|0|0|0|1440|0|75|0|0|05-SEP-2026|0|5|06-SEP-2026|0|0|0|97| |0|0|0|0| |0|0|0|1|202547|CONSTRAINED|CONSTRAINED|CONSTRAINED_202547_2025-11-20_0656|BY_IF
2000-285-610|1006|3| |98|06-SEP-2026|0|0|0|0|0|8640|0|75|0|0|06-SEP-2026|0|5|12-SEP-2026|0|0|0|98| |0|0|0|0| |0|0|0|1|202547|CONSTRAINED|CONSTRAINED|CONSTRAINED_202547_2025-11-20_0656|BY_IF
2000-285-610|1006|3| |99|12-SEP-2026|0|0|0|0|0|1440|0|75|0|0|12-SEP-2026|0|5|13-SEP-2026|0|0|0|99| |0|0|0|0| |0|0|0|1|202547|CONSTRAINED|CONSTRAINED|CONSTRAINED_202547_2025-11-20_0656|BY_IF
2000-285-610|1006|3| |100|13-SEP-2026|0|0|0|0|0|8640|0|75|0|0|13-SEP-2026|0|5|19-SEP-2026|0|0|0|100| |0|0|0|0| |0|0|0|1|202547|CONSTRAINED|CONSTRAINED|CONSTRAINED_202547_2025-11-20_0656|BY_IF
2000-285-610|1006|3| |101|19-SEP-2026|0|0|0|0|0|1440|0|75|0|0|19-SEP-2026|0|5|20-SEP-2026|0|0|0|101| |0|0|0|0| |0|0|0|1|202547|CONSTRAINED|CONSTRAINED|CONSTRAINED_202547_2025-11-20_0656|BY_IF
2000-285-610|1006|3| |102|20-SEP-2026|0|0|0|0|0|8640|0|75|0|0|20-SEP-2026|0|5|26-SEP-2026|0|0|0|102| |0|0|0|0| |0|0|0|1|202547|CONSTRAINED|CONSTRAINED|CONSTRAINED_202547_2025-11-20_0656|BY_IF
2000-285-610|1006|3| |103|26-SEP-2026|0|0|0|0|0|1440|0|75|0|0|26-SEP-2026|0|5|27-SEP-2026|0|0|0|103| |0|0|0|0| |0|0|0|1|202547|CONSTRAINED|CONSTRAINED|CONSTRAINED_202547_2025-11-20_0656|BY_IF
2000-285-610|1006|3| |104|27-SEP-2026|0|0|0|0|0|8640|0|75|0|0|27-SEP-2026|0|5|03-OCT-2026|0|0|0|104| |0|0|0|0| |0|0|0|1|202547|CONSTRAINED|CONSTRAINED|CONSTRAINED_202547_2025-11-20_0656|BY_IF
2000-285-610|1006|3| |105|03-OCT-2026|0|0|0|0|0|1440|0|75|0|0|03-OCT-2026|0|5|04-OCT-2026|0|0|0|105| |0|0|0|0| |0|0|0|1|202547|CONSTRAINED|CONSTRAINED|CONSTRAINED_202547_2025-11-20_0656|BY_IF
2000-285-610|1006|3| |106|04-OCT-2026|0|0|0|0|0|8640|0|75|0|0|04-OCT-2026|0|5|10-OCT-2026|0|0|0|106| |0|0|0|0| |0|0|0|1|202547|CONSTRAINED|CONSTRAINED|CONSTRAINED_202547_2025-11-20_0656|BY_IF
2000-285-610|1006|3| |107|10-OCT-2026|0|0|0|0|0|1440|0|75|0|0|10-OCT-2026|0|5|11-OCT-2026|0|0|0|107| |0|0|0|0| |0|0|0|1|202547|CONSTRAINED|CONSTRAINED|CONSTRAINED_202547_2025-11-20_0656|BY_IF
2000-285-610|1006|3| |108|11-OCT-2026|0|0|0|0|0|8640|0|75|0|0|11-OCT-2026|0|5|17-OCT-2026|0|0|0|108| |0|0|0|0| |0|0|0|1|202547|CONSTRAINED|CONSTRAINED|CONSTRAINED_202547_2025-11-20_0656|BY_IF
2000-285-610|1006|3| |109|17-OCT-2026|0|0|0|0|0|1440|0|75|0|0|17-OCT-2026|0|5|18-OCT-2026|0|0|0|109| |0|0|0|0| |0|0|0|1|202547|CONSTRAINED|CONSTRAINED|CONSTRAINED_202547_2025-11-20_0656|BY_IF
2000-285-610|1006|3| |110|18-OCT-2026|0|0|0|0|0|8640|0|75|0|0|18-OCT-2026|0|5|24-OCT-2026|0|0|0|110| |0|0|0|0| |0|0|0|1|202547|CONSTRAINED|CONSTRAINED|CONSTRAINED_202547_2025-11-20_0656|BY_IF
2000-285-610|1006|3| |111|24-OCT-2026|0|0|0|0|0|1440|0|75|0|0|24-OCT-2026|0|5|25-OCT-2026|0|0|0|111| |0|0|0|0| |0|0|0|1|202547|CONSTRAINED|CONSTRAINED|CONSTRAINED_202547_2025-11-20_0656|BY_IF
2000-285-610|1006|3| |112|25-OCT-2026|0|0|0|0|0|8640|0|75|0|0|25-OCT-2026|0|5|31-OCT-2026|0|0|0|112| |0|0|0|0| |0|0|0|1|202547|CONSTRAINED|CONSTRAINED|CONSTRAINED_202547_2025-11-20_0656|BY_IF
2000-285-610|1006|3| |113|31-OCT-2026|0|0|0|0|0|1440|0|75|0|0|31-OCT-2026|0|5|01-NOV-2026|0|0|0|113| |0|0|0|0| |0|0|0|1|202547|CONSTRAINED|CONSTRAINED|CONSTRAINED_202547_2025-11-20_0656|BY_IF
2000-285-610|1006|3| |114|01-NOV-2026|0|0|0|0|0|8640|0|75|0|0|01-NOV-2026|0|5|07-NOV-2026|0|0|0|114| |0|0|0|0| |0|0|0|1|202547|CONSTRAINED|CONSTRAINED|CONSTRAINED_202547_2025-11-20_0656|BY_IF
2000-285-610|1006|3| |115|07-NOV-2026|0|0|0|0|0|1440|0|75|0|0|07-NOV-2026|0|5|08-NOV-2026|0|0|0|115| |0|0|0|0| |0|0|0|1|202547|CONSTRAINED|CONSTRAINED|CONSTRAINED_202547_2025-11-20_0656|BY_IF
2000-285-610|1006|3| |116|08-NOV-2026|0|0|0|0|0|8640|0|75|0|0|08-NOV-2026|0|5|14-NOV-2026|0|0|0|116| |0|0|0|0| |0|0|0|1|202547|CONSTRAINED|CONSTRAINED|CONSTRAINED_202547_2025-11-20_0656|BY_IF
2000-285-610|1006|3| |117|14-NOV-2026|0|0|0|0|0|1440|0|75|0|0|14-NOV-2026|0|5|15-NOV-2026|0|0|0|117| |0|0|0|0| |0|0|0|1|202547|CONSTRAINED|CONSTRAINED|CONSTRAINED_202547_2025-11-20_0656|BY_IF
2000-285-610|1006|3| |118|15-NOV-2026|0|0|0|0|0|8640|0|75|0|0|15-NOV-2026|0|5|21-NOV-2026|0|0|0|118| |0|0|0|0| |0|0|0|1|202547|CONSTRAINED|CONSTRAINED|CONSTRAINED_202547_2025-11-20_0656|BY_IF
2000-285-610|1006|3| |119|21-NOV-2026|0|0|0|0|0|1440|0|75|0|0|21-NOV-2026|0|5|22-NOV-2026|0|0|0|119| |0|0|0|0| |0|0|0|1|202547|CONSTRAINED|CONSTRAINED|CONSTRAINED_202547_2025-11-20_0656|BY_IF
2000-285-610|1006|3| |120|22-NOV-2026|0|0|0|0|0|8640|0|75|0|0|22-NOV-2026|0|5|28-NOV-2026|0|0|0|120| |0|0|0|0| |0|0|0|1|202547|CONSTRAINED|CONSTRAINED|CONSTRAINED_202547_2025-11-20_0656|BY_IF
2000-285-610|1006|3| |121|28-NOV-2026|0|0|0|0|0|1440|0|75|0|0|28-NOV-2026|0|5|29-NOV-2026|0|0|0|121| |0|0|0|0| |0|0|0|1|202547|CONSTRAINED|CONSTRAINED|CONSTRAINED_202547_2025-11-20_0656|BY_IF
2000-285-610|1006|3| |122|29-NOV-2026|0|0|0|0|0|8640|0|75|0|0|29-NOV-2026|0|5|05-DEC-2026|0|0|0|122| |0|0|0|0| |0|0|0|1|202547|CONSTRAINED|CONSTRAINED|CONSTRAINED_202547_2025-11-20_0656|BY_IF
2000-285-610|1006|3| |123|05-DEC-2026|0|0|0|0|0|1440|0|75|0|0|05-DEC-2026|0|5|06-DEC-2026|0|0|0|123| |0|0|0|0| |0|0|0|1|202547|CONSTRAINED|CONSTRAINED|CONSTRAINED_202547_2025-11-20_0656|BY_IF
2000-285-610|1006|3| |124|06-DEC-2026|0|0|0|0|0|8640|0|75|0|0|06-DEC-2026|0|5|12-DEC-2026|0|0|0|124| |0|0|0|0| |0|0|0|1|202547|CONSTRAINED|CONSTRAINED|CONSTRAINED_202547_2025-11-20_0656|BY_IF
2000-285-610|1006|3| |125|12-DEC-2026|0|0|0|0|0|1440|0|75|0|0|12-DEC-2026|0|5|13-DEC-2026|0|0|0|125| |0|0|0|0| |0|0|0|1|202547|CONSTRAINED|CONSTRAINED|CONSTRAINED_202547_2025-11-20_0656|BY_IF
2000-285-610|1006|3| |126|13-DEC-2026|0|0|0|0|0|8640|0|75|0|0|13-DEC-2026|0|5|19-DEC-2026|0|0|0|126| |0|0|0|0| |0|0|0|1|202547|CONSTRAINED|CONSTRAINED|CONSTRAINED_202547_2025-11-20_0656|BY_IF
2000-285-610|1006|3| |127|19-DEC-2026|0|0|0|0|0|1440|0|75|0|0|19-DEC-2026|0|5|20-DEC-2026|0|0|0|127| |0|0|0|0| |0|0|0|1|202547|CONSTRAINED|CONSTRAINED|CONSTRAINED_202547_2025-11-20_0656|BY_IF
2000-285-610|1006|3| |128|20-DEC-2026|0|0|0|0|0|8640|0|75|0|0|20-DEC-2026|0|5|26-DEC-2026|0|0|0|128| |0|0|0|0| |0|0|0|1|202547|CONSTRAINED|CONSTRAINED|CONSTRAINED_202547_2025-11-20_0656|BY_IF
2000-285-610|1006|3| |129|26-DEC-2026|0|0|0|0|0|1440|0|75|0|0|26-DEC-2026|0|5|27-DEC-2026|0|0|0|129| |0|0|0|0| |0|0|0|1|202547|CONSTRAINED|CONSTRAINED|CONSTRAINED_202547_2025-11-20_0656|BY_IF
2000-285-610|1006|3| |130|27-DEC-2026|0|0|0|0|0|8640|0|75|0|0|27-DEC-2026|0|5|02-JAN-2027|0|0|0|130| |0|0|0|0| |0|0|0|1|202547|CONSTRAINED|CONSTRAINED|CONSTRAINED_202547_2025-11-20_0656|BY_IF
2000-285-610|1006|3| |131|02-JAN-2027|0|0|0|0|0|1440|0|75|0|0|02-JAN-2027|0|5|03-JAN-2027|0|0|0|131| |0|0|0|0| |0|0|0|1|202547|CONSTRAINED|CONSTRAINED|CONSTRAINED_202547_2025-11-20_0656|BY_IF
2000-285-610|1006|3| |132|03-JAN-2027|0|0|0|0|0|8640|0|75|0|0|03-JAN-2027|0|5|09-JAN-2027|0|0|0|132| |0|0|0|0| |0|0|0|1|202547|CONSTRAINED|CONSTRAINED|CONSTRAINED_202547_2025-11-20_0656|BY_IF
2000-285-610|1006|3| |133|09-JAN-2027|0|0|0|0|0|1440|0|75|0|0|09-JAN-2027|0|5|10-JAN-2027|0|0|0|133| |0|0|0|0| |0|0|0|1|202547|CONSTRAINED|CONSTRAINED|CONSTRAINED_202547_2025-11-20_0656|BY_IF
2000-285-610|1006|3| |134|10-JAN-2027|0|0|0|0|0|8640|0|75|0|0|10-JAN-2027|0|5|16-JAN-2027|0|0|0|134| |0|0|0|0| |0|0|0|1|202547|CONSTRAINED|CONSTRAINED|CONSTRAINED_202547_2025-11-20_0656|BY_IF
2000-285-610|1006|3| |135|16-JAN-2027|0|0|0|0|0|1440|0|75|0|0|16-JAN-2027|0|5|17-JAN-2027|0|0|0|135| |0|0|0|0| |0|0|0|1|202547|CONSTRAINED|CONSTRAINED|CONSTRAINED_202547_2025-11-20_0656|BY_IF
2000-285-610|1006|3| |136|17-JAN-2027|0|0|0|0|0|8640|0|75|0|0|17-JAN-2027|0|5|23-JAN-2027|0|0|0|136| |0|0|0|0| |0|0|0|1|202547|CONSTRAINED|CONSTRAINED|CONSTRAINED_202547_2025-11-20_0656|BY_IF
2000-285-610|1006|3| |137|23-JAN-2027|0|0|0|0|0|1440|0|75|0|0|23-JAN-2027|0|5|24-JAN-2027|0|0|0|137| |0|0|0|0| |0|0|0|1|202547|CONSTRAINED|CONSTRAINED|CONSTRAINED_202547_2025-11-20_0656|BY_IF
2000-285-610|1006|3| |138|24-JAN-2027|0|0|0|0|0|8640|0|75|0|0|24-JAN-2027|0|5|30-JAN-2027|0|0|0|138| |0|0|0|0| |0|0|0|1|202547|CONSTRAINED|CONSTRAINED|CONSTRAINED_202547_2025-11-20_0656|BY_IF
2000-285-610|1006|3| |139|30-JAN-2027|0|0|0|0|0|1440|0|75|0|0|30-JAN-2027|0|5|31-JAN-2027|0|0|0|139| |0|0|0|0| |0|0|0|1|202547|CONSTRAINED|CONSTRAINED|CONSTRAINED_202547_2025-11-20_0656|BY_IF
2000-285-610|1006|3| |140|31-JAN-2027|0|0|0|0|0|8640|0|75|0|0|31-JAN-2027|0|5|06-FEB-2027|0|0|0|140| |0|0|0|0| |0|0|0|1|202547|CONSTRAINED|CONSTRAINED|CONSTRAINED_202547_2025-11-20_0656|BY_IF
2000-285-610|1006|3| |141|06-FEB-2027|0|0|0|0|0|1440|0|75|0|0|06-FEB-2027|0|5|07-FEB-2027|0|0|0|141| |0|0|0|0| |0|0|0|1|202547|CONSTRAINED|CONSTRAINED|CONSTRAINED_202547_2025-11-20_0656|BY_IF
2000-285-610|1006|3| |142|07-FEB-2027|0|0|0|0|0|8640|0|75|0|0|07-FEB-2027|0|5|13-FEB-2027|0|0|0|142| |0|0|0|0| |0|0|0|1|202547|CONSTRAINED|CONSTRAINED|CONSTRAINED_202547_2025-11-20_0656|BY_IF
2000-285-610|1006|3| |143|13-FEB-2027|0|0|0|0|0|1440|0|75|0|0|13-FEB-2027|0|5|14-FEB-2027|0|0|0|143| |0|0|0|0| |0|0|0|1|202547|CONSTRAINED|CONSTRAINED|CONSTRAINED_202547_2025-11-20_0656|BY_IF
2000-285-610|1006|3| |144|14-FEB-2027|0|0|0|0|0|8640|0|75|0|0|14-FEB-2027|0|5|20-FEB-2027|0|0|0|144| |0|0|0|0| |0|0|0|1|202547|CONSTRAINED|CONSTRAINED|CONSTRAINED_202547_2025-11-20_0656|BY_IF
2000-285-610|1006|3| |145|20-FEB-2027|0|0|0|0|0|1440|0|75|0|0|20-FEB-2027|0|5|21-FEB-2027|0|0|0|145| |0|0|0|0| |0|0|0|1|202547|CONSTRAINED|CONSTRAINED|CONSTRAINED_202547_2025-11-20_0656|BY_IF
2000-285-610|1006|3| |146|21-FEB-2027|0|0|0|0|0|8640|0|75|0|0|21-FEB-2027|0|5|27-FEB-2027|0|0|0|146| |0|0|0|0| |0|0|0|1|202547|CONSTRAINED|CONSTRAINED|CONSTRAINED_202547_2025-11-20_0656|BY_IF
2000-285-610|1006|3| |147|27-FEB-2027|0|0|0|0|0|1440|0|75|0|0|27-FEB-2027|0|5|28-FEB-2027|0|0|0|147| |0|0|0|0| |0|0|0|1|202547|CONSTRAINED|CONSTRAINED|CONSTRAINED_202547_2025-11-20_0656|BY_IF
2000-285-610|1006|3| |148|28-FEB-2027|0|0|0|0|0|8640|0|75|0|0|28-FEB-2027|0|5|06-MAR-2027|0|0|0|148| |0|0|0|0| |0|0|0|1|202547|CONSTRAINED|CONSTRAINED|CONSTRAINED_202547_2025-11-20_0656|BY_IF
2000-285-610|1006|3| |149|06-MAR-2027|0|0|0|0|0|1440|0|75|0|0|06-MAR-2027|0|5|07-MAR-2027|0|0|0|149| |0|0|0|0| |0|0|0|1|202547|CONSTRAINED|CONSTRAINED|CONSTRAINED_202547_2025-11-20_0656|BY_IF
2000-285-610|1006|3| |150|07-MAR-2027|0|0|0|0|0|8640|0|75|0|0|07-MAR-2027|0|5|13-MAR-2027|0|0|0|150| |0|0|0|0| |0|0|0|1|202547|CONSTRAINED|CONSTRAINED|CONSTRAINED_202547_2025-11-20_0656|BY_IF
2000-285-610|1006|3| |151|13-MAR-2027|0|0|0|0|0|1440|0|75|0|0|13-MAR-2027|0|5|14-MAR-2027|0|0|0|151| |0|0|0|0| |0|0|0|1|202547|CONSTRAINED|CONSTRAINED|CONSTRAINED_202547_2025-11-20_0656|BY_IF
2000-285-610|1006|3| |152|14-MAR-2027|0|0|0|0|0|8640|0|75|0|0|14-MAR-2027|0|5|20-MAR-2027|0|0|0|152| |0|0|0|0| |0|0|0|1|202547|CONSTRAINED|CONSTRAINED|CONSTRAINED_202547_2025-11-20_0656|BY_IF
2000-285-610|1006|3| |153|20-MAR-2027|0|0|0|0|0|1440|0|75|0|0|20-MAR-2027|0|5|21-MAR-2027|0|0|0|153| |0|0|0|0| |0|0|0|1|202547|CONSTRAINED|CONSTRAINED|CONSTRAINED_202547_2025-11-20_0656|BY_IF
2000-285-610|1006|3| |154|21-MAR-2027|0|0|0|0|0|8640|0|75|0|0|21-MAR-2027|0|5|27-MAR-2027|0|0|0|154| |0|0|0|0| |0|0|0|1|202547|CONSTRAINED|CONSTRAINED|CONSTRAINED_202547_2025-11-20_0656|BY_IF
2000-285-610|1006|3| |155|27-MAR-2027|0|0|0|0|0|1440|0|75|0|0|27-MAR-2027|0|5|28-MAR-2027|0|0|0|155| |0|0|0|0| |0|0|0|1|202547|CONSTRAINED|CONSTRAINED|CONSTRAINED_202547_2025-11-20_0656|BY_IF
2000-285-610|1006|3| |156|28-MAR-2027|0|0|0|0|0|8640|0|75|0|0|28-MAR-2027|0|5|03-APR-2027|0|0|0|156| |0|0|0|0| |0|0|0|1|202547|CONSTRAINED|CONSTRAINED|CONSTRAINED_202547_2025-11-20_0656|BY_IF
2000-285-610|1006|3| |157|03-APR-2027|0|0|0|0|0|1440|0|75|0|0|03-APR-2027|0|5|04-APR-2027|0|0|0|157| |0|0|0|0| |0|0|0|1|202547|CONSTRAINED|CONSTRAINED|CONSTRAINED_202547_2025-11-20_0656|BY_IF
2000-285-610|1006|3| |158|04-APR-2027|0|0|0|0|0|8640|0|75|0|0|04-APR-2027|0|5|10-APR-2027|0|0|0|158| |0|0|0|0| |0|0|0|1|202547|CONSTRAINED|CONSTRAINED|CONSTRAINED_202547_2025-11-20_0656|BY_IF
2000-285-610|1006|3| |159|10-APR-2027|0|0|0|0|0|1440|0|75|0|0|10-APR-2027|0|5|11-APR-2027|0|0|0|159| |0|0|0|0| |0|0|0|1|202547|CONSTRAINED|CONSTRAINED|CONSTRAINED_202547_2025-11-20_0656|BY_IF
2000-285-610|1006|3| |160|11-APR-2027|0|0|0|0|0|8640|0|75|0|0|11-APR-2027|0|5|17-APR-2027|0|0|0|160| |0|0|0|0| |0|0|0|1|202547|CONSTRAINED|CONSTRAINED|CONSTRAINED_202547_2025-11-20_0656|BY_IF
2000-285-610|1006|3| |161|17-APR-2027|0|0|0|0|0|1440|0|75|0|0|17-APR-2027|0|5|18-APR-2027|0|0|0|161| |0|0|0|0| |0|0|0|1|202547|CONSTRAINED|CONSTRAINED|CONSTRAINED_202547_2025-11-20_0656|BY_IF
2000-285-610|1006|3| |162|18-APR-2027|0|0|0|0|0|8640|0|75|0|0|18-APR-2027|0|5|24-APR-2027|0|0|0|162| |0|0|0|0| |0|0|0|1|202547|CONSTRAINED|CONSTRAINED|CONSTRAINED_202547_2025-11-20_0656|BY_IF
2000-285-610|1006|3| |163|24-APR-2027|0|0|0|0|0|1440|0|75|0|0|24-APR-2027|0|5|25-APR-2027|0|0|0|163| |0|0|0|0| |0|0|0|1|202547|CONSTRAINED|CONSTRAINED|CONSTRAINED_202547_2025-11-20_0656|BY_IF
2000-285-610|1006|3| |164|25-APR-2027|0|0|0|0|0|8640|0|75|0|0|25-APR-2027|0|5|01-MAY-2027|0|0|0|164| |0|0|0|0| |0|0|0|1|202547|CONSTRAINED|CONSTRAINED|CONSTRAINED_202547_2025-11-20_0656|BY_IF
2000-285-610|1006|3| |165|01-MAY-2027|0|0|0|0|0|1440|0|75|0|0|01-MAY-2027|0|5|02-MAY-2027|0|0|0|165| |0|0|0|0| |0|0|0|1|202547|CONSTRAINED|CONSTRAINED|CONSTRAINED_202547_2025-11-20_0656|BY_IF
2000-285-610|1006|3| |166|02-MAY-2027|0|0|0|0|0|8640|0|75|0|0|02-MAY-2027|0|5|08-MAY-2027|0|0|0|166| |0|0|0|0| |0|0|0|1|202547|CONSTRAINED|CONSTRAINED|CONSTRAINED_202547_2025-11-20_0656|BY_IF
2000-285-610|1006|3| |167|08-MAY-2027|0|0|0|0|0|1440|0|75|0|0|08-MAY-2027|0|5|09-MAY-2027|0|0|0|167| |0|0|0|0| |0|0|0|1|202547|CONSTRAINED|CONSTRAINED|CONSTRAINED_202547_2025-11-20_0656|BY_IF
2000-285-610|1006|3| |168|09-MAY-2027|0|0|0|0|0|8640|0|75|0|0|09-MAY-2027|0|5|15-MAY-2027|0|0|0|168| |0|0|0|0| |0|0|0|1|202547|CONSTRAINED|CONSTRAINED|CONSTRAINED_202547_2025-11-20_0656|BY_IF
2000-285-610|1006|3| |169|15-MAY-2027|0|0|0|0|0|1440|0|75|0|0|15-MAY-2027|0|5|16-MAY-2027|0|0|0|169| |0|0|0|0| |0|0|0|1|202547|CONSTRAINED|CONSTRAINED|CONSTRAINED_202547_2025-11-20_0656|BY_IF
2000-285-610|1006|3| |170|16-MAY-2027|0|0|0|0|0|8640|0|75|0|0|16-MAY-2027|0|5|22-MAY-2027|0|0|0|170| |0|0|0|0| |0|0|0|1|202547|CONSTRAINED|CONSTRAINED|CONSTRAINED_202547_2025-11-20_0656|BY_IF
2000-285-610|1006|3| |171|22-MAY-2027|0|0|0|0|0|1440|0|75|0|0|22-MAY-2027|0|5|23-MAY-2027|0|0|0|171| |0|0|0|0| |0|0|0|1|202547|CONSTRAINED|CONSTRAINED|CONSTRAINED_202547_2025-11-20_0656|BY_IF
2000-285-610|1006|3| |172|23-MAY-2027|0|0|0|0|0|8640|0|75|0|0|23-MAY-2027|0|5|29-MAY-2027|0|0|0|172| |0|0|0|0| |0|0|0|1|202547|CONSTRAINED|CONSTRAINED|CONSTRAINED_202547_2025-11-20_0656|BY_IF
2000-285-610|1006|3| |173|29-MAY-2027|0|0|0|0|0|1440|0|75|0|0|29-MAY-2027|0|5|30-MAY-2027|0|0|0|173| |0|0|0|0| |0|0|0|1|202547|CONSTRAINED|CONSTRAINED|CONSTRAINED_202547_2025-11-20_0656|BY_IF
2000-285-610|1006|3| |174|30-MAY-2027|0|0|0|0|0|8640|0|75|0|0|30-MAY-2027|0|5|05-JUN-2027|0|0|0|174| |0|0|0|0| |0|0|0|1|202547|CONSTRAINED|CONSTRAINED|CONSTRAINED_202547_2025-11-20_0656|BY_IF
2000-285-610|1006|3| |175|05-JUN-2027|0|0|0|0|0|1440|0|75|0|0|05-JUN-2027|0|5|06-JUN-2027|0|0|0|175| |0|0|0|0| |0|0|0|1|202547|CONSTRAINED|CONSTRAINED|CONSTRAINED_202547_2025-11-20_0656|BY_IF
2000-285-610|1006|3| |176|06-JUN-2027|0|0|0|0|0|8640|0|75|0|0|06-JUN-2027|0|5|12-JUN-2027|0|0|0|176| |0|0|0|0| |0|0|0|1|202547|CONSTRAINED|CONSTRAINED|CONSTRAINED_202547_2025-11-20_0656|BY_IF
2000-285-610|1006|3| |177|12-JUN-2027|0|0|0|0|0|1440|0|75|0|0|12-JUN-2027|0|5|13-JUN-2027|0|0|0|177| |0|0|0|0| |0|0|0|1|202547|CONSTRAINED|CONSTRAINED|CONSTRAINED_202547_2025-11-20_0656|BY_IF
2000-285-610|1006|3| |178|13-JUN-2027|0|0|0|0|0|8640|0|75|0|0|13-JUN-2027|0|5|19-JUN-2027|0|0|0|178| |0|0|0|0| |0|0|0|1|202547|CONSTRAINED|CONSTRAINED|CONSTRAINED_202547_2025-11-20_0656|BY_IF
2000-285-610|1006|3| |179|19-JUN-2027|0|0|0|0|0|1440|0|75|0|0|19-JUN-2027|0|5|20-JUN-2027|0|0|0|179| |0|0|0|0| |0|0|0|1|202547|CONSTRAINED|CONSTRAINED|CONSTRAINED_202547_2025-11-20_0656|BY_IF
2000-285-610|1006|3| |180|20-JUN-2027|0|0|0|0|0|8640|0|75|0|0|20-JUN-2027|0|5|26-JUN-2027|0|0|0|180| |0|0|0|0| |0|0|0|1|202547|CONSTRAINED|CONSTRAINED|CONSTRAINED_202547_2025-11-20_0656|BY_IF
2000-285-610|1006|3| |181|26-JUN-2027|0|0|0|0|0|1440|0|75|0|0|26-JUN-2027|0|5|27-JUN-2027|0|0|0|181| |0|0|0|0| |0|0|0|1|202547|CONSTRAINED|CONSTRAINED|CONSTRAINED_202547_2025-11-20_0656|BY_IF
2000-285-610|1006|3| |182|27-JUN-2027|0|0|0|0|0|8640|0|75|0|0|27-JUN-2027|0|5|03-JUL-2027|0|0|0|182| |0|0|0|0| |0|0|0|1|202547|CONSTRAINED|CONSTRAINED|CONSTRAINED_202547_2025-11-20_0656|BY_IF
2000-285-610|1006|3| |183|03-JUL-2027|0|0|0|0|0|1440|0|75|0|0|03-JUL-2027|0|5|04-JUL-2027|0|0|0|183| |0|0|0|0| |0|0|0|1|202547|CONSTRAINED|CONSTRAINED|CONSTRAINED_202547_2025-11-20_0656|BY_IF
2000-285-610|1006|3| |184|04-JUL-2027|0|0|0|0|0|8640|0|75|0|0|04-JUL-2027|0|5|10-JUL-2027|0|0|0|184| |0|0|0|0| |0|0|0|1|202547|CONSTRAINED|CONSTRAINED|CONSTRAINED_202547_2025-11-20_0656|BY_IF
2000-285-610|1006|3| |185|10-JUL-2027|0|0|0|0|0|1440|0|75|0|0|10-JUL-2027|0|5|11-JUL-2027|0|0|0|185| |0|0|0|0| |0|0|0|1|202547|CONSTRAINED|CONSTRAINED|CONSTRAINED_202547_2025-11-20_0656|BY_IF
2000-285-610|1006|3| |186|11-JUL-2027|0|0|0|0|0|8640|0|75|0|0|11-JUL-2027|0|5|17-JUL-2027|0|0|0|186| |0|0|0|0| |0|0|0|1|202547|CONSTRAINED|CONSTRAINED|CONSTRAINED_202547_2025-11-20_0656|BY_IF
2000-285-610|1006|3| |187|17-JUL-2027|0|0|0|0|0|1440|0|75|0|0|17-JUL-2027|0|5|18-JUL-2027|0|0|0|187| |0|0|0|0| |0|0|0|1|202547|CONSTRAINED|CONSTRAINED|CONSTRAINED_202547_2025-11-20_0656|BY_IF
2000-285-610|1006|3| |188|18-JUL-2027|0|0|0|0|0|8640|0|75|0|0|18-JUL-2027|75|1|24-JUL-2027|0|0|0|188| |0|0|0|0| |0|0|0|1|202547|CONSTRAINED|CONSTRAINED|CONSTRAINED_202547_2025-11-20_0656|BY_IF
2000-285-610|1006|3| |189|24-JUL-2027|0|0|0|0|0|2880|0|1|0|0|24-JUL-2027|0|5|26-JUL-2027|0|0|0|189| |0|0|0|0| |0|0|0|1|202547|CONSTRAINED|CONSTRAINED|CONSTRAINED_202547_2025-11-20_0656|BY_IF
2000-285-610|1020|3| |1|26-JUL-2025|0|0|0|0|0|1051200|0|1|0|0|26-JUL-2025|0|5|26-JUL-2027|0|0|0|1| |0|0|0|0| |0|0|0|1|202547|CONSTRAINED|CONSTRAINED|CONSTRAINED_202547_2025-11-20_0656|BY_IF
2000-285-610|VF|2| |433|06-JUN-2026|0|0|0|0|0|0|400|75|0|0|29-MAY-2027|75|1|01-JAN-1970|0|-1|433|0| |0|0|0|0|6200000072|10|8721|0|1|202547|CONSTRAINED|CONSTRAINED|CONSTRAINED_202547_2025-11-20_0656|BY_IF
2000-285-610|VF|2| |434|30-MAY-2026|0|0|0|0|0|0|400|75|0|0|30-MAY-2026|0|6|01-JAN-1970|0|0|434|0| |0|||0|6200000072|10|0|0|1|202547|CONSTRAINED|CONSTRAINED|CONSTRAINED_202547_2025-11-20_0656|BY_IF
2000-285-610|VF|2| |435|22-NOV-2025|0|0|0|0|0|0|510|60|0|0|22-NOV-2025|0|6|01-JAN-1970|0|0|435|0| |0|||0|6200000072|11|0|0|1|202547|CONSTRAINED|CONSTRAINED|CONSTRAINED_202547_2025-11-20_0656|BY_IF
2000-285-610|VF|2| |436|17-JAN-2026|0|0|0|0|0|0|400|75|0|0|17-JAN-2026|0|6|01-JAN-1970|0|0|436|0| |0|||0|6200000072|10|0|0|1|202547|CONSTRAINED|CONSTRAINED|CONSTRAINED_202547_2025-11-20_0656|BY_IF
2000-285-610|VF|2| |437|23-MAY-2026|0|0|0|0|0|0|400|75|0|0|19-DEC-2026|75|1|01-JAN-1970|0|-1|437|0| |0|0|0|0|6200000072|10|9154|0|1|202547|CONSTRAINED|CONSTRAINED|CONSTRAINED_202547_2025-11-20_0656|BY_IF
2000-285-610|VF|2| |438|16-MAY-2026|0|0|0|0|0|0|400|75|0|0|16-MAY-2026|0|6|01-JAN-1970|0|0|438|0| |0|||0|6200000072|10|0|0|1|202547|CONSTRAINED|CONSTRAINED|CONSTRAINED_202547_2025-11-20_0656|BY_IF
2000-285-610|VF|2| |439|09-MAY-2026|0|0|0|0|0|0|400|75|0|0|09-MAY-2026|0|6|01-JAN-1970|0|0|439|0| |0|||0|6200000072|10|0|0|1|202547|CONSTRAINED|CONSTRAINED|CONSTRAINED_202547_2025-11-20_0656|BY_IF
2000-285-610|VF|2| |440|02-MAY-2026|0|0|0|0|0|0|400|75|0|0|17-OCT-2026|75|1|01-JAN-1970|0|-1|440|0| |0|0|0|0|6200000072|10|9324|0|1|202547|CONSTRAINED|CONSTRAINED|CONSTRAINED_202547_2025-11-20_0656|BY_IF
2000-285-610|VF|2| |441|25-APR-2026|0|0|0|0|0|0|400|75|0|0|25-APR-2026|0|6|01-JAN-1970|0|0|441|0| |0|||0|6200000072|10|0|0|1|202547|CONSTRAINED|CONSTRAINED|CONSTRAINED_202547_2025-11-20_0656|BY_IF
2000-285-610|VF|2| |442|18-APR-2026|0|0|0|0|0|0|400|75|0|0|12-SEP-2026|75|1|01-JAN-1970|0|-1|442|0| |0|0|0|0|6200000072|10|9418|0|1|202547|CONSTRAINED|CONSTRAINED|CONSTRAINED_202547_2025-11-20_0656|BY_IF
2000-285-610|VF|2| |443|11-APR-2026|0|0|0|0|0|0|400|75|0|0|11-APR-2026|0|6|01-JAN-1970|0|0|443|0| |0|||0|6200000072|10|0|0|1|202547|CONSTRAINED|CONSTRAINED|CONSTRAINED_202547_2025-11-20_0656|BY_IF
2000-285-610|VF|2| |444|04-APR-2026|0|0|0|0|0|0|400|75|0|0|20-MAR-2027|75|1|01-JAN-1970|0|-1|444|0| |0|0|0|0|6200000072|10|8908|0|1|202547|CONSTRAINED|CONSTRAINED|CONSTRAINED_202547_2025-11-20_0656|BY_IF
2000-285-610|VF|2| |445|28-MAR-2026|0|0|0|0|0|0|400|75|0|0|28-MAR-2026|0|6|01-JAN-1970|0|0|445|0| |0|||0|6200000072|10|0|0|1|202547|CONSTRAINED|CONSTRAINED|CONSTRAINED_202547_2025-11-20_0656|BY_IF
2000-285-610|VF|2| |446|21-MAR-2026|0|0|0|0|0|0|400|75|0|0|22-MAY-2027|75|1|01-JAN-1970|0|-1|446|0| |0|0|0|0|6200000072|10|8739|0|1|202547|CONSTRAINED|CONSTRAINED|CONSTRAINED_202547_2025-11-20_0656|BY_IF
2000-285-610|VF|2| |447|25-JUL-2026|0|0|0|0|0|0|400|75|0|0|25-JUL-2026|0|6|01-JAN-1970|0|0|447|0| |0|||0|6200000072|10|0|0|1|202547|CONSTRAINED|CONSTRAINED|CONSTRAINED_202547_2025-11-20_0656|BY_IF
2000-285-610|VF|2| |448|14-MAR-2026|0|0|0|0|0|0|400|75|0|0|03-OCT-2026|75|1|01-JAN-1970|0|-1|448|0| |0|0|0|0|6200000072|10|9362|0|1|202547|CONSTRAINED|CONSTRAINED|CONSTRAINED_202547_2025-11-20_0656|BY_IF
2000-285-610|VF|2| |449|07-MAR-2026|0|0|0|0|0|0|400|75|0|0|07-MAR-2026|0|6|01-JAN-1970|0|0|449|0| |0|||0|6200000072|10|0|0|1|202547|CONSTRAINED|CONSTRAINED|CONSTRAINED_202547_2025-11-20_0656|BY_IF
2000-285-610|VF|2| |450|21-FEB-2026|0|0|0|0|0|0|400|75|0|0|26-SEP-2026|75|1|01-JAN-1970|0|-1|450|0| |0|0|0|0|6200000072|10|9380|0|1|202547|CONSTRAINED|CONSTRAINED|CONSTRAINED_202547_2025-11-20_0656|BY_IF
2000-285-610|VF|2| |451|28-FEB-2026|0|0|0|0|0|0|400|75|0|0|28-FEB-2026|0|6|01-JAN-1970|0|0|451|0| |0|||0|6200000072|10|0|0|1|202547|CONSTRAINED|CONSTRAINED|CONSTRAINED_202547_2025-11-20_0656|BY_IF
2000-285-610|VF|2| |452|11-JUL-2026|0|0|0|0|0|0|400|75|0|0|11-JUL-2026|0|6|01-JAN-1970|0|0|452|0| |0|||0|6200000072|10|0|0|1|202547|CONSTRAINED|CONSTRAINED|CONSTRAINED_202547_2025-11-20_0656|BY_IF
2000-285-610|VF|2| |453|18-JUL-2026|0|0|0|0|0|0|400|75|0|0|18-JUL-2026|0|6|01-JAN-1970|0|0|453|0| |0|||0|6200000072|10|0|0|1|202547|CONSTRAINED|CONSTRAINED|CONSTRAINED_202547_2025-11-20_0656|BY_IF
2000-285-610|VF|2| |454|07-FEB-2026|0|0|0|0|0|0|400|75|0|0|07-FEB-2026|0|6|01-JAN-1970|0|0|454|0| |0|||0|6200000072|10|0|0|1|202547|CONSTRAINED|CONSTRAINED|CONSTRAINED_202547_2025-11-20_0656|BY_IF
2000-285-610|VF|2| |455|14-FEB-2026|0|0|0|0|0|0|400|75|0|0|14-FEB-2026|0|6|01-JAN-1970|0|0|455|0| |0|||0|6200000072|10|0|0|1|202547|CONSTRAINED|CONSTRAINED|CONSTRAINED_202547_2025-11-20_0656|BY_IF
2000-285-610|VF|2| |456|27-JUN-2026|0|0|0|0|0|0|400|75|0|0|27-JUN-2026|0|6|01-JAN-1970|0|0|456|0| |0|||0|6200000072|10|0|0|1|202547|CONSTRAINED|CONSTRAINED|CONSTRAINED_202547_2025-11-20_0656|BY_IF
2000-285-610|VF|2| |457|04-JUL-2026|0|0|0|0|0|0|400|75|0|0|04-JUL-2026|0|6|01-JAN-1970|0|0|457|0| |0|||0|6200000072|10|0|0|1|202547|CONSTRAINED|CONSTRAINED|CONSTRAINED_202547_2025-11-20_0656|BY_IF
2000-285-610|VF|2| |458|20-JUN-2026|0|0|0|0|0|0|400|75|0|0|20-JUN-2026|0|6|01-JAN-1970|0|0|458|0| |0|||0|6200000072|10|0|0|1|202547|CONSTRAINED|CONSTRAINED|CONSTRAINED_202547_2025-11-20_0656|BY_IF
2000-285-610|VF|2| |459|13-JUN-2026|0|0|0|0|0|0|400|75|0|0|13-JUN-2026|0|6|01-JAN-1970|0|0|459|0| |0|||0|6200000072|10|0|0|1|202547|CONSTRAINED|CONSTRAINED|CONSTRAINED_202547_2025-11-20_0656|BY_IF
2000-285-610|VF|2| |460|24-JAN-2026|0|0|0|0|0|0|400|75|0|0|24-JAN-2026|0|6|01-JAN-1970|0|0|460|0| |0|||0|6200000072|10|0|0|1|202547|CONSTRAINED|CONSTRAINED|CONSTRAINED_202547_2025-11-20_0656|BY_IF
2000-285-610|VF|2| |461|31-JAN-2026|0|0|0|0|0|0|400|75|0|0|31-JAN-2026|0|6|01-JAN-1970|0|0|461|0| |0|||0|6200000072|10|0|0|1|202547|CONSTRAINED|CONSTRAINED|CONSTRAINED_202547_2025-11-20_0656|BY_IF
2000-285-610|VF|2| |1384|10-OCT-2026|0|0|0|0|0|0|1200|75|0|0|10-OCT-2026|0|6|01-JAN-1970|0|0|1384|0| |0|||0|6200000072|13|0|0|1|202547|CONSTRAINED|CONSTRAINED|CONSTRAINED_202547_2025-11-20_0656|BY_IF
2000-285-610|VF|2| |1385|15-MAY-2027|0|0|0|0|0|0|1200|75|0|0|15-MAY-2027|0|6|01-JAN-1970|0|0|1385|0| |0|||0|6200000072|13|0|0|1|202547|CONSTRAINED|CONSTRAINED|CONSTRAINED_202547_2025-11-20_0656|BY_IF
2000-285-610|VF|2| |1386|03-JUL-2027|0|0|0|0|0|0|1200|75|0|0|03-JUL-2027|0|6|01-JAN-1970|0|0|1386|0| |0|||0|6200000072|13|0|0|1|202547|CONSTRAINED|CONSTRAINED|CONSTRAINED_202547_2025-11-20_0656|BY_IF
2000-285-610|VF|2| |1387|26-SEP-2026|0|0|0|0|0|0|1200|75|0|0|26-SEP-2026|0|6|01-JAN-1970|0|0|1387|0| |0|||0|6200000072|13|0|0|1|202547|CONSTRAINED|CONSTRAINED|CONSTRAINED_202547_2025-11-20_0656|BY_IF
2000-285-610|VF|2| |1388|20-FEB-2027|0|0|0|0|0|0|1200|75|0|0|20-FEB-2027|0|6|01-JAN-1970|0|0|1388|0| |0|||0|6200000072|13|0|0|1|202547|CONSTRAINED|CONSTRAINED|CONSTRAINED_202547_2025-11-20_0656|BY_IF
2000-285-610|VF|2| |1389|17-JUL-2027|0|0|0|0|0|0|1200|75|0|0|17-JUL-2027|0|6|01-JAN-1970|0|0|1389|0| |0|||0|6200000072|13|0|0|1|202547|CONSTRAINED|CONSTRAINED|CONSTRAINED_202547_2025-11-20_0656|BY_IF
2000-285-610|VF|2| |1390|07-NOV-2026|0|0|0|0|0|0|1200|75|0|0|07-NOV-2026|0|6|01-JAN-1970|0|0|1390|0| |0|||0|6200000072|13|0|0|1|202547|CONSTRAINED|CONSTRAINED|CONSTRAINED_202547_2025-11-20_0656|BY_IF
2000-285-610|VF|2| |1391|20-MAR-2027|0|0|0|0|0|0|1200|75|0|0|20-MAR-2027|0|6|01-JAN-1970|0|0|1391|0| |0|||0|6200000072|13|0|0|1|202547|CONSTRAINED|CONSTRAINED|CONSTRAINED_202547_2025-11-20_0656|BY_IF
2000-285-610|VF|2| |1392|21-NOV-2026|0|0|0|0|0|0|1200|75|0|0|21-NOV-2026|0|6|01-JAN-1970|0|0|1392|0| |0|||0|6200000072|13|0|0|1|202547|CONSTRAINED|CONSTRAINED|CONSTRAINED_202547_2025-11-20_0656|BY_IF
2000-285-610|VF|2| |1393|03-APR-2027|0|0|0|0|0|0|1200|75|0|0|03-APR-2027|0|6|01-JAN-1970|0|0|1393|0| |0|||0|6200000072|13|0|0|1|202547|CONSTRAINED|CONSTRAINED|CONSTRAINED_202547_2025-11-20_0656|BY_IF
2000-285-610|VF|2| |1394|24-OCT-2026|0|0|0|0|0|0|1200|75|0|0|24-OCT-2026|0|6|01-JAN-1970|0|0|1394|0| |0|||0|6200000072|13|0|0|1|202547|CONSTRAINED|CONSTRAINED|CONSTRAINED_202547_2025-11-20_0656|BY_IF
2000-285-610|VF|2| |1395|06-MAR-2027|0|0|0|0|0|0|1200|75|0|0|06-MAR-2027|0|6|01-JAN-1970|0|0|1395|0| |0|||0|6200000072|13|0|0|1|202547|CONSTRAINED|CONSTRAINED|CONSTRAINED_202547_2025-11-20_0656|BY_IF
2000-285-610|VF|2| |1396|05-DEC-2026|0|0|0|0|0|0|1200|75|0|0|05-DEC-2026|0|6|01-JAN-1970|0|0|1396|0| |0|||0|6200000072|13|0|0|1|202547|CONSTRAINED|CONSTRAINED|CONSTRAINED_202547_2025-11-20_0656|BY_IF
2000-285-610|VF|2| |1397|17-APR-2027|0|0|0|0|0|0|1200|75|0|0|17-APR-2027|0|6|01-JAN-1970|0|0|1397|0| |0|||0|6200000072|13|0|0|1|202547|CONSTRAINED|CONSTRAINED|CONSTRAINED_202547_2025-11-20_0656|BY_IF
2000-285-610|VF|2| |1398|19-DEC-2026|0|0|0|0|0|0|1200|75|0|0|19-DEC-2026|0|6|01-JAN-1970|0|0|1398|0| |0|||0|6200000072|13|0|0|1|202547|CONSTRAINED|CONSTRAINED|CONSTRAINED_202547_2025-11-20_0656|BY_IF
2000-285-610|VF|2| |1399|01-MAY-2027|0|0|0|0|0|0|1200|75|0|0|01-MAY-2027|0|6|01-JAN-1970|0|0|1399|0| |0|||0|6200000072|13|0|0|1|202547|CONSTRAINED|CONSTRAINED|CONSTRAINED_202547_2025-11-20_0656|BY_IF
2000-285-610|VF|2| |1400|12-SEP-2026|0|0|0|0|0|0|1200|75|0|0|12-SEP-2026|0|6|01-JAN-1970|0|0|1400|0| |0|||0|6200000072|13|0|0|1|202547|CONSTRAINED|CONSTRAINED|CONSTRAINED_202547_2025-11-20_0656|BY_IF
2000-285-610|VF|2| |1401|09-JAN-2027|0|0|0|0|0|0|1200|75|0|0|09-JAN-2027|0|6|01-JAN-1970|0|0|1401|0| |0|||0|6200000072|13|0|0|1|202547|CONSTRAINED|CONSTRAINED|CONSTRAINED_202547_2025-11-20_0656|BY_IF
2000-285-610|VF|2| |1402|05-JUN-2027|0|0|0|0|0|0|1200|75|0|0|05-JUN-2027|0|6|01-JAN-1970|0|0|1402|0| |0|||0|6200000072|13|0|0|1|202547|CONSTRAINED|CONSTRAINED|CONSTRAINED_202547_2025-11-20_0656|BY_IF
2000-285-610|VF|2| |1403|29-AUG-2026|0|0|0|0|0|0|1200|75|0|0|29-AUG-2026|0|6|01-JAN-1970|0|0|1403|0| |0|||0|6200000072|13|0|0|1|202547|CONSTRAINED|CONSTRAINED|CONSTRAINED_202547_2025-11-20_0656|BY_IF
2000-285-610|VF|2| |1404|23-JAN-2027|0|0|0|0|0|0|1200|75|0|0|23-JAN-2027|0|6|01-JAN-1970|0|0|1404|0| |0|||0|6200000072|13|0|0|1|202547|CONSTRAINED|CONSTRAINED|CONSTRAINED_202547_2025-11-20_0656|BY_IF
2000-285-610|VF|2| |1405|19-JUN-2027|0|0|0|0|0|0|1200|75|0|0|19-JUN-2027|0|6|01-JAN-1970|0|0|1405|0| |0|||0|6200000072|13|0|0|1|202547|CONSTRAINED|CONSTRAINED|CONSTRAINED_202547_2025-11-20_0656|BY_IF
2000-285-610|VF|2| |1406|15-AUG-2026|0|0|0|0|0|0|1200|75|0|0|15-AUG-2026|0|6|01-JAN-1970|0|0|1406|0| |0|||0|6200000072|13|0|0|1|202547|CONSTRAINED|CONSTRAINED|CONSTRAINED_202547_2025-11-20_0656|BY_IF
2000-285-610|VF|2| |1407|26-DEC-2026|0|0|0|0|0|0|1200|75|0|0|26-DEC-2026|0|6|01-JAN-1970|0|0|1407|0| |0|||0|6200000072|13|0|0|1|202547|CONSTRAINED|CONSTRAINED|CONSTRAINED_202547_2025-11-20_0656|BY_IF
2000-285-610|VF|2| |1408|22-MAY-2027|0|0|0|0|0|0|1200|75|0|0|22-MAY-2027|0|6|01-JAN-1970|0|0|1408|0| |0|||0|6200000072|13|0|0|1|202547|CONSTRAINED|CONSTRAINED|CONSTRAINED_202547_2025-11-20_0656|BY_IF
2000-285-610|VF|2| |1409|03-OCT-2026|0|0|0|0|0|0|1200|75|0|0|03-OCT-2026|0|6|01-JAN-1970|0|0|1409|0| |0|||0|6200000072|13|0|0|1|202547|CONSTRAINED|CONSTRAINED|CONSTRAINED_202547_2025-11-20_0656|BY_IF
2000-285-610|VF|2| |1410|13-FEB-2027|0|0|0|0|0|0|1200|75|0|0|13-FEB-2027|0|6|01-JAN-1970|0|0|1410|0| |0|||0|6200000072|13|0|0|1|202547|CONSTRAINED|CONSTRAINED|CONSTRAINED_202547_2025-11-20_0656|BY_IF
2000-285-610|VF|2| |1411|26-JUN-2027|0|0|0|0|0|0|1200|75|0|0|26-JUN-2027|0|6|01-JAN-1970|0|0|1411|0| |0|||0|6200000072|13|0|0|1|202547|CONSTRAINED|CONSTRAINED|CONSTRAINED_202547_2025-11-20_0656|BY_IF
2000-285-610|VF|2| |1412|19-SEP-2026|0|0|0|0|0|0|1200|75|0|0|19-SEP-2026|0|6|01-JAN-1970|0|0|1412|0| |0|||0|6200000072|13|0|0|1|202547|CONSTRAINED|CONSTRAINED|CONSTRAINED_202547_2025-11-20_0656|BY_IF
2000-285-610|VF|2| |1413|27-FEB-2027|0|0|0|0|0|0|1200|75|0|0|27-FEB-2027|0|6|01-JAN-1970|0|0|1413|0| |0|||0|6200000072|13|0|0|1|202547|CONSTRAINED|CONSTRAINED|CONSTRAINED_202547_2025-11-20_0656|BY_IF
2000-285-610|VF|2| |1414|10-JUL-2027|0|0|0|0|0|0|1200|75|0|0|10-JUL-2027|0|6|01-JAN-1970|0|0|1414|0| |0|||0|6200000072|13|0|0|1|202547|CONSTRAINED|CONSTRAINED|CONSTRAINED_202547_2025-11-20_0656|BY_IF
2000-285-610|VF|2| |1415|31-OCT-2026|0|0|0|0|0|0|1200|75|0|0|31-OCT-2026|0|6|01-JAN-1970|0|0|1415|0| |0|||0|6200000072|13|0|0|1|202547|CONSTRAINED|CONSTRAINED|CONSTRAINED_202547_2025-11-20_0656|BY_IF
2000-285-610|VF|2| |1416|27-MAR-2027|0|0|0|0|0|0|1200|75|0|0|27-MAR-2027|0|6|01-JAN-1970|0|0|1416|0| |0|||0|6200000072|13|0|0|1|202547|CONSTRAINED|CONSTRAINED|CONSTRAINED_202547_2025-11-20_0656|BY_IF
2000-285-610|VF|2| |1417|14-NOV-2026|0|0|0|0|0|0|1200|75|0|0|14-NOV-2026|0|6|01-JAN-1970|0|0|1417|0| |0|||0|6200000072|13|0|0|1|202547|CONSTRAINED|CONSTRAINED|CONSTRAINED_202547_2025-11-20_0656|BY_IF
2000-285-610|VF|2| |1418|10-APR-2027|0|0|0|0|0|0|1200|75|0|0|10-APR-2027|0|6|01-JAN-1970|0|0|1418|0| |0|||0|6200000072|13|0|0|1|202547|CONSTRAINED|CONSTRAINED|CONSTRAINED_202547_2025-11-20_0656|BY_IF
2000-285-610|VF|2| |1419|17-OCT-2026|0|0|0|0|0|0|1200|75|0|0|17-OCT-2026|0|6|01-JAN-1970|0|0|1419|0| |0|||0|6200000072|13|0|0|1|202547|CONSTRAINED|CONSTRAINED|CONSTRAINED_202547_2025-11-20_0656|BY_IF
2000-285-610|VF|2| |1420|13-MAR-2027|0|0|0|0|0|0|1200|75|0|0|13-MAR-2027|0|6|01-JAN-1970|0|0|1420|0| |0|||0|6200000072|13|0|0|1|202547|CONSTRAINED|CONSTRAINED|CONSTRAINED_202547_2025-11-20_0656|BY_IF
2000-285-610|VF|2| |1421|01-AUG-2026|0|0|0|0|0|0|1200|75|0|0|01-AUG-2026|0|6|01-JAN-1970|0|0|1421|0| |0|||0|6200000072|13|0|0|1|202547|CONSTRAINED|CONSTRAINED|CONSTRAINED_202547_2025-11-20_0656|BY_IF
2000-285-610|VF|2| |1422|28-NOV-2026|0|0|0|0|0|0|1200|75|0|0|28-NOV-2026|0|6|01-JAN-1970|0|0|1422|0| |0|||0|6200000072|13|0|0|1|202547|CONSTRAINED|CONSTRAINED|CONSTRAINED_202547_2025-11-20_0656|BY_IF
2000-285-610|VF|2| |1423|24-APR-2027|0|0|0|0|0|0|1200|75|0|0|24-APR-2027|0|6|01-JAN-1970|0|0|1423|0| |0|||0|6200000072|13|0|0|1|202547|CONSTRAINED|CONSTRAINED|CONSTRAINED_202547_2025-11-20_0656|BY_IF
2000-285-610|VF|2| |1424|12-DEC-2026|0|0|0|0|0|0|1200|75|0|0|12-DEC-2026|0|6|01-JAN-1970|0|0|1424|0| |0|||0|6200000072|13|0|0|1|202547|CONSTRAINED|CONSTRAINED|CONSTRAINED_202547_2025-11-20_0656|BY_IF
2000-285-610|VF|2| |1425|08-MAY-2027|0|0|0|0|0|0|1200|75|0|0|08-MAY-2027|0|6|01-JAN-1970|0|0|1425|0| |0|||0|6200000072|13|0|0|1|202547|CONSTRAINED|CONSTRAINED|CONSTRAINED_202547_2025-11-20_0656|BY_IF
2000-285-610|VF|2| |1426|24-JUL-2027|0|0|0|0|0|0|1200|75|0|0|24-JUL-2027|0|6|01-JAN-1970|0|0|1426|0| |0|||0|6200000072|13|0|0|1|202547|CONSTRAINED|CONSTRAINED|CONSTRAINED_202547_2025-11-20_0656|BY_IF
2000-285-610|VF|2| |1427|05-SEP-2026|0|0|0|0|0|0|1200|75|0|0|05-SEP-2026|0|6|01-JAN-1970|0|0|1427|0| |0|||0|6200000072|13|0|0|1|202547|CONSTRAINED|CONSTRAINED|CONSTRAINED_202547_2025-11-20_0656|BY_IF
2000-285-610|VF|2| |1428|16-JAN-2027|0|0|0|0|0|0|1200|75|0|0|16-JAN-2027|0|6|01-JAN-1970|0|0|1428|0| |0|||0|6200000072|13|0|0|1|202547|CONSTRAINED|CONSTRAINED|CONSTRAINED_202547_2025-11-20_0656|BY_IF
2000-285-610|VF|2| |1429|29-MAY-2027|0|0|0|0|0|0|1200|75|0|0|29-MAY-2027|0|6|01-JAN-1970|0|0|1429|0| |0|||0|6200000072|13|0|0|1|202547|CONSTRAINED|CONSTRAINED|CONSTRAINED_202547_2025-11-20_0656|BY_IF
2000-285-610|VF|2| |1430|22-AUG-2026|0|0|0|0|0|0|1200|75|0|0|22-AUG-2026|0|6|01-JAN-1970|0|0|1430|0| |0|||0|6200000072|13|0|0|1|202547|CONSTRAINED|CONSTRAINED|CONSTRAINED_202547_2025-11-20_0656|BY_IF
2000-285-610|VF|2| |1431|30-JAN-2027|0|0|0|0|0|0|1200|75|0|0|30-JAN-2027|0|6|01-JAN-1970|0|0|1431|0| |0|||0|6200000072|13|0|0|1|202547|CONSTRAINED|CONSTRAINED|CONSTRAINED_202547_2025-11-20_0656|BY_IF
2000-285-610|VF|2| |1432|12-JUN-2027|0|0|0|0|0|0|1200|75|0|0|12-JUN-2027|0|6|01-JAN-1970|0|0|1432|0| |0|||0|6200000072|13|0|0|1|202547|CONSTRAINED|CONSTRAINED|CONSTRAINED_202547_2025-11-20_0656|BY_IF
2000-285-610|VF|2| |1433|08-AUG-2026|0|0|0|0|0|0|1200|75|0|0|08-AUG-2026|0|6|01-JAN-1970|0|0|1433|0| |0|||0|6200000072|13|0|0|1|202547|CONSTRAINED|CONSTRAINED|CONSTRAINED_202547_2025-11-20_0656|BY_IF
2000-285-610|VF|2| |1434|02-JAN-2027|0|0|0|0|0|0|1200|75|0|0|02-JAN-2027|0|6|01-JAN-1970|0|0|1434|0| |0|||0|6200000072|13|0|0|1|202547|CONSTRAINED|CONSTRAINED|CONSTRAINED_202547_2025-11-20_0656|BY_IF
2000-285-610|VF|2| |1435|06-FEB-2027|0|0|0|0|0|0|1200|75|0|0|06-FEB-2027|0|6|01-JAN-1970|0|0|1435|0| |0|||0|6200000072|13|0|0|1|202547|CONSTRAINED|CONSTRAINED|CONSTRAINED_202547_2025-11-20_0656|BY_IF
2000-285-610|VF|3| |1|26-JUL-2025|0|0|0|0|0|524160|0|1|0|0|26-JUL-2025|0|5|25-JUL-2026|0|0|0|1| |0|0|0|0| |0|0|0|1|202547|CONSTRAINED|CONSTRAINED|CONSTRAINED_202547_2025-11-20_0656|BY_IF
2000-285-610|VF|3| |2|25-JUL-2026|0|0|0|0|0|524160|0|75|0|0|25-JUL-2026|0|5|24-JUL-2027|0|0|0|2| |0|0|0|0| |0|0|0|1|202547|CONSTRAINED|CONSTRAINED|CONSTRAINED_202547_2025-11-20_0656|BY_IF
2000-285-610|VF|3| |3|24-JUL-2027|0|0|0|0|0|2880|0|1|0|0|24-JUL-2027|0|5|26-JUL-2027|0|0|0|3| |0|0|0|0| |0|0|0|1|202547|CONSTRAINED|CONSTRAINED|CONSTRAINED_202547_2025-11-20_0656|BY_IF
2001-000-001|1004|1|1010201210_10_001|0|14-AUG-2025|0|0|1010201210|1|0|120960|800|20|0|0|14-AUG-2025|0|5|01-JAN-1970|0|-1|0|0|6200000072|0|0|0|0|6200000072|0|10003|0|1|202547|CONSTRAINED|CONSTRAINED|CONSTRAINED_202547_2025-11-20_0656|BY_IF
2001-000-001|1004|1|1010201211_10_001|0|13-AUG-2025|0|0|1010201211|1|0|120960|800|25|0|0|13-AUG-2025|0|5|01-JAN-1970|0|-1|0|0|6200000072|0|0|0|0|6200000072|0|10054|0|1|202547|CONSTRAINED|CONSTRAINED|CONSTRAINED_202547_2025-11-20_0656|BY_IF
2001-000-001|1004|1|1010201212_10_001|0|24-SEP-2025|0|0|1010201212|1|0|120960|800|25|0|0|24-SEP-2025|0|5|01-JAN-1970|0|-1|0|0|6200000072|0|0|0|0|6200000072|0|10075|0|1|202547|CONSTRAINED|CONSTRAINED|CONSTRAINED_202547_2025-11-20_0656|BY_IF
2001-000-001|1004|1|1010201213_10_001|0|23-JUL-2025|0|0|1010201213|1|0|120960|800|30|0|0|26-JUL-2025|0|5|01-JAN-1970|0|-1|0|0|6200000072|0|0|0|0|6200000072|0|10088|0|1|202547|CONSTRAINED|CONSTRAINED|CONSTRAINED_202547_2025-11-20_0656|BY_IF
2001-000-001|1004|1|1010201214_10_001|0|16-AUG-2025|0|0|1010201214|1|0|120960|800|20|0|0|16-AUG-2025|0|5|01-JAN-1970|0|-1|0|0|6200000072|0|0|0|0|6200000072|0|10058|0|1|202547|CONSTRAINED|CONSTRAINED|CONSTRAINED_202547_2025-11-20_0656|BY_IF
2001-000-001|1004|1|1010201215_10_001|0|12-AUG-2025|0|0|1010201215|1|0|120960|800|30|0|0|12-AUG-2025|0|5|01-JAN-1970|0|-1|0|0|6200000072|0|0|0|0|6200000072|0|10115|0|1|202547|CONSTRAINED|CONSTRAINED|CONSTRAINED_202547_2025-11-20_0656|BY_IF
2001-000-001|1004|1|1010201216_10_001|0|11-AUG-2025|0|0|1010201216|1|0|120960|800|25|0|0|11-AUG-2025|0|5|01-JAN-1970|0|-1|0|0|6200000072|0|0|0|0|6200000072|0|10147|0|1|202547|CONSTRAINED|CONSTRAINED|CONSTRAINED_202547_2025-11-20_0656|BY_IF
2001-000-001|1004|1|1010201217_10_001|0|11-AUG-2025|0|0|1010201217|1|0|120960|800|25|0|0|11-AUG-2025|0|5|01-JAN-1970|0|-1|0|0|6200000072|0|0|0|0|6200000072|0|9972|0|1|202547|CONSTRAINED|CONSTRAINED|CONSTRAINED_202547_2025-11-20_0656|BY_IF
2001-000-001|1004|1|1010201218_10_001|0|24-JUL-2025|0|0|1010201218|1|0|120960|800|75|0|0|26-JUL-2025|0|5|01-JAN-1970|0|-1|0|0|6200000072|0|0|0|0|6200000072|0|10138|0|1|202547|CONSTRAINED|CONSTRAINED|CONSTRAINED_202547_2025-11-20_0656|BY_IF
2001-000-001|1004|1|1010201219_10_001|0|12-AUG-2025|0|0|1010201219|1|0|120960|800|25|0|0|12-AUG-2025|0|5|01-JAN-1970|0|-1|0|0|6200000072|0|0|0|0|6200000072|0|10118|0|1|202547|CONSTRAINED|CONSTRAINED|CONSTRAINED_202547_2025-11-20_0656|BY_IF
2001-000-001|1004|1|1010201220_10_001|0|12-AUG-2025|0|0|1010201220|1|0|120960|800|50|0|0|12-AUG-2025|0|5|01-JAN-1970|0|-1|0|0|6200000072|0|0|0|0|6200000072|0|10122|0|1|202547|CONSTRAINED|CONSTRAINED|CONSTRAINED_202547_2025-11-20_0656|BY_IF
2001-000-001|1004|1|1010201221_10_001|0|30-AUG-2025|0|0|1010201221|1|0|120960|800|10|0|0|30-AUG-2025|0|5|01-JAN-1970|0|-1|0|0|6200000072|0|0|0|0|6200000072|0|9997|0|1|202547|CONSTRAINED|CONSTRAINED|CONSTRAINED_202547_2025-11-20_0656|BY_IF
2001-000-001|1004|1|1010201222_10_001|0|24-SEP-2025|0|0|1010201222|1|0|120960|800|25|0|0|24-SEP-2025|0|5|01-JAN-1970|0|-1|0|0|6200000072|0|0|0|0|6200000072|0|10077|0|1|202547|CONSTRAINED|CONSTRAINED|CONSTRAINED_202547_2025-11-20_0656|BY_IF
2001-000-001|1004|1|1010201223_10_001|0|12-AUG-2025|0|0|1010201223|1|0|120960|800|25|0|0|12-AUG-2025|0|5|01-JAN-1970|0|-1|0|0|6200000072|0|0|0|0|6200000072|0|10126|0|1|202547|CONSTRAINED|CONSTRAINED|CONSTRAINED_202547_2025-11-20_0656|BY_IF
2001-000-001|1004|1|1010201224_10_001|0|23-JUL-2025|0|0|1010201224|1|0|120960|800|20|0|0|26-JUL-2025|0|5|01-JAN-1970|0|-1|0|0|6200000072|0|0|0|0|6200000072|0|10091|0|1|202547|CONSTRAINED|CONSTRAINED|CONSTRAINED_202547_2025-11-20_0656|BY_IF
2001-000-001|1004|1|1010201225_10_001|0|17-AUG-2025|0|0|1010201225|1|0|120960|800|45|0|0|17-AUG-2025|0|5|01-JAN-1970|0|-1|0|0|6200000072|0|0|0|0|6200000072|0|10132|0|1|202547|CONSTRAINED|CONSTRAINED|CONSTRAINED_202547_2025-11-20_0656|BY_IF
2001-000-001|1004|1|1010201226_10_001|0|18-AUG-2025|0|0|1010201226|1|0|120960|800|70|0|0|18-AUG-2025|0|5|01-JAN-1970|0|-1|0|0|6200000072|0|0|0|0|6200000072|0|10070|0|1|202547|CONSTRAINED|CONSTRAINED|CONSTRAINED_202547_2025-11-20_0656|BY_IF
2001-000-001|1004|1|1010201227_10_001|0|14-AUG-2025|0|0|1010201227|1|0|120960|800|70|0|0|14-AUG-2025|0|5|01-JAN-1970|0|-1|0|0|6200000072|0|0|0|0|6200000072|0|10010|0|1|202547|CONSTRAINED|CONSTRAINED|CONSTRAINED_202547_2025-11-20_0656|BY_IF
2001-000-001|1004|1|1010201228_10_001|0|11-AUG-2025|0|0|1010201228|1|0|120960|800|25|0|0|11-AUG-2025|0|5|01-JAN-1970|0|-1|0|0|6200000072|0|0|0|0|6200000072|0|10137|0|1|202547|CONSTRAINED|CONSTRAINED|CONSTRAINED_202547_2025-11-20_0656|BY_IF
2001-000-001|1004|1|1010201229_10_001|0|18-AUG-2025|0|0|1010201229|1|0|120960|800|50|0|0|18-AUG-2025|0|5|01-JAN-1970|0|-1|0|0|6200000072|0|0|0|0|6200000072|0|10072|0|1|202547|CONSTRAINED|CONSTRAINED|CONSTRAINED_202547_2025-11-20_0656|BY_IF
2001-000-001|1004|1|1010201230_10_001|0|22-JUL-2025|0|0|1010201230|1|0|120960|800|20|0|0|26-JUL-2025|0|5|01-JAN-1970|0|-1|0|0|6200000072|0|0|0|0|6200000072|0|10078|0|1|202547|CONSTRAINED|CONSTRAINED|CONSTRAINED_202547_2025-11-20_0656|BY_IF
2001-000-001|1004|1|1010201231_10_001|0|23-JUL-2025|0|0|1010201231|1|0|120960|800|25|0|0|26-JUL-2025|0|5|01-JAN-1970|0|-1|0|0|6200000072|0|0|0|0|6200000072|0|10095|0|1|202547|CONSTRAINED|CONSTRAINED|CONSTRAINED_202547_2025-11-20_0656|BY_IF
2001-000-001|1004|1|1010201232_10_001|0|13-AUG-2025|0|0|1010201232|1|0|120960|800|45|0|0|13-AUG-2025|0|5|01-JAN-1970|0|-1|0|0|6200000072|0|0|0|0|6200000072|0|10055|0|1|202547|CONSTRAINED|CONSTRAINED|CONSTRAINED_202547_2025-11-20_0656|BY_IF
2001-000-001|1004|1|1010201233_10_001|0|23-JUL-2025|0|0|1010201233|1|0|120960|800|25|0|0|26-JUL-2025|0|5|01-JAN-1970|0|-1|0|0|6200000072|0|0|0|0|6200000072|0|10097|0|1|202547|CONSTRAINED|CONSTRAINED|CONSTRAINED_202547_2025-11-20_0656|BY_IF
2001-000-001|1004|1|1010201234_10_001|0|09-AUG-2025|0|0|1010201234|1|0|120960|800|12|0|0|09-AUG-2025|0|5|01-JAN-1970|0|-1|0|0|6200000072|0|0|0|0|6200000072|0|10019|0|1|202547|CONSTRAINED|CONSTRAINED|CONSTRAINED_202547_2025-11-20_0656|BY_IF
2001-000-001|1004|1|1010201235_10_001|0|23-JUL-2025|0|0|1010201235|1|0|120960|800|20|0|0|26-JUL-2025|0|5|01-JAN-1970|0|-1|0|0|6200000072|0|0|0|0|6200000072|0|10101|0|1|202547|CONSTRAINED|CONSTRAINED|CONSTRAINED_202547_2025-11-20_0656|BY_IF
2001-000-001|1004|1|1010201236_10_001|0|23-JUL-2025|0|0|1010201236|1|0|120960|800|20|0|0|26-JUL-2025|0|5|01-JAN-1970|0|-1|0|0|6200000072|0|0|0|0|6200000072|0|10106|0|1|202547|CONSTRAINED|CONSTRAINED|CONSTRAINED_202547_2025-11-20_0656|BY_IF
2001-000-001|1004|1|1010201237_10_001|0|18-AUG-2025|0|0|1010201237|1|0|120960|800|25|0|0|18-AUG-2025|0|5|01-JAN-1970|0|-1|0|0|6200000072|0|0|0|0|6200000072|0|10059|0|1|202547|CONSTRAINED|CONSTRAINED|CONSTRAINED_202547_2025-11-20_0656|BY_IF
2001-000-001|1004|1|1010201238_10_001|0|13-AUG-2025|0|0|1010201238|1|0|120960|800|25|0|0|13-AUG-2025|0|5|01-JAN-1970|0|-1|0|0|6200000072|0|0|0|0|6200000072|0|10060|0|1|202547|CONSTRAINED|CONSTRAINED|CONSTRAINED_202547_2025-11-20_0656|BY_IF
2001-000-001|1004|1|1010201239_10_001|0|11-AUG-2025|0|0|1010201239|1|0|120960|800|65|0|0|11-AUG-2025|0|5|01-JAN-1970|0|-1|0|0|6200000072|0|0|0|0|6200000072|0|10139|0|1|202547|CONSTRAINED|CONSTRAINED|CONSTRAINED_202547_2025-11-20_0656|BY_IF
2001-000-001|1004|1|1010201240_10_001|0|12-AUG-2025|0|0|1010201240|1|0|120960|800|18|0|0|12-AUG-2025|0|5|01-JAN-1970|0|-1|0|0|6200000072|0|0|0|0|6200000072|0|10129|0|1|202547|CONSTRAINED|CONSTRAINED|CONSTRAINED_202547_2025-11-20_0656|BY_IF
2001-000-001|1004|1|1010201241_10_001|0|16-AUG-2025|0|0|1010201241|1|0|120960|800|20|0|0|16-AUG-2025|0|5|01-JAN-1970|0|-1|0|0|6200000072|0|0|0|0|6200000072|0|10063|0|1|202547|CONSTRAINED|CONSTRAINED|CONSTRAINED_202547_2025-11-20_0656|BY_IF
2001-000-001|1004|1|1010201242_10_001|0|14-AUG-2025|0|0|1010201242|1|0|120960|800|65|0|0|14-AUG-2025|0|5|01-JAN-1970|0|-1|0|0|6200000072|0|0|0|0|6200000072|0|10015|0|1|202547|CONSTRAINED|CONSTRAINED|CONSTRAINED_202547_2025-11-20_0656|BY_IF
2001-000-001|1004|1|1010201243_10_001|0|18-AUG-2025|0|0|1010201243|1|0|120960|800|25|0|0|18-AUG-2025|0|5|01-JAN-1970|0|-1|0|0|6200000072|0|0|0|0|6200000072|0|10064|0|1|202547|CONSTRAINED|CONSTRAINED|CONSTRAINED_202547_2025-11-20_0656|BY_IF
2001-000-001|1004|1|1010201244_10_001|0|23-JUL-2025|0|0|1010201244|1|0|120960|800|25|0|0|26-JUL-2025|0|5|01-JAN-1970|0|-1|0|0|6200000072|0|0|0|0|6200000072|0|10107|0|1|202547|CONSTRAINED|CONSTRAINED|CONSTRAINED_202547_2025-11-20_0656|BY_IF
2001-000-001|1004|1|1010201245_10_001|0|23-AUG-2025|0|0|1010201245|1|0|120960|800|35|0|0|23-AUG-2025|0|5|01-JAN-1970|0|-1|0|0|6200000072|0|0|0|0|6200000072|0|9981|0|1|202547|CONSTRAINED|CONSTRAINED|CONSTRAINED_202547_2025-11-20_0656|BY_IF
2001-000-001|1004|1|1010201246_10_001|0|14-AUG-2025|0|0|1010201246|1|0|120960|800|20|0|0|14-AUG-2025|0|5|01-JAN-1970|0|-1|0|0|6200000072|0|0|0|0|6200000072|0|10023|0|1|202547|CONSTRAINED|CONSTRAINED|CONSTRAINED_202547_2025-11-20_0656|BY_IF
2001-000-001|1004|1|1010201247_10_001|0|13-AUG-2025|0|0|1010201247|1|0|120960|800|35|0|0|13-AUG-2025|0|5|01-JAN-1970|0|-1|0|0|6200000072|0|0|0|0|6200000072|0|10067|0|1|202547|CONSTRAINED|CONSTRAINED|CONSTRAINED_202547_2025-11-20_0656|BY_IF
2001-000-001|1004|1|1010201248_10_001|0|23-AUG-2025|0|0|1010201248|1|0|120960|800|70|0|0|23-AUG-2025|0|5|01-JAN-1970|0|-1|0|0|6200000072|0|0|0|0|6200000072|0|9985|0|1|202547|CONSTRAINED|CONSTRAINED|CONSTRAINED_202547_2025-11-20_0656|BY_IF
2001-000-001|1004|1|1010201249_10_001|0|20-AUG-2025|0|0|1010201249|1|0|120960|800|12|0|0|20-AUG-2025|0|5|01-JAN-1970|0|-1|0|0|6200000072|0|0|0|0|6200000072|0|10104|0|1|202547|CONSTRAINED|CONSTRAINED|CONSTRAINED_202547_2025-11-20_0656|BY_IF
2001-000-001|1004|1|1010201250_10_001|0|17-AUG-2025|0|0|1010201250|1|0|120960|800|25|0|0|17-AUG-2025|0|5|01-JAN-1970|0|-1|0|0|6200000072|0|0|0|0|6200000072|0|10134|0|1|202547|CONSTRAINED|CONSTRAINED|CONSTRAINED_202547_2025-11-20_0656|BY_IF
2001-000-001|1004|1|1010201251_10_001|0|21-JUL-2025|0|0|1010201251|1|0|120960|800|25|0|0|26-JUL-2025|0|5|01-JAN-1970|0|-1|0|0|6200000072|0|0|0|0|6200000072|0|10120|0|1|202547|CONSTRAINED|CONSTRAINED|CONSTRAINED_202547_2025-11-20_0656|BY_IF
2001-000-001|1004|1|1033500018_10_002|0|28-JUL-2025|0|0|1033500018|1|0|120960|800|70|0|0|28-JUL-2025|0|5|01-JAN-1970|0|-1|0|0|6200000072|0|0|0|0|6200000072|0|10005|0|1|202547|CONSTRAINED|CONSTRAINED|CONSTRAINED_202547_2025-11-20_0656|BY_IF
2001-000-001|1004|1|1033500018_10_002-1|0|28-JUL-2025|0|0|1033500018|1|0|120960|800|30|0|0|28-JUL-2025|0|6|01-JAN-1970|0|0|0|0|6200000072|0|||0|6200000072|0|0|0|3|202547|CONSTRAINED|CONSTRAINED|CONSTRAINED_202547_2025-11-20_0656|BY_IF
2001-000-001|VF|2| |1436|08-MAY-2027|0|0|0|0|0|0|1200|75|0|0|08-MAY-2027|0|6|01-JAN-1970|0|0|1436|0| |0|||0|6200000072|13|0|0|1|202547|CONSTRAINED|CONSTRAINED|CONSTRAINED_202547_2025-11-20_0656|BY_IF
2001-000-001|VF|2| |1437|14-NOV-2026|0|0|0|0|0|0|1200|75|0|0|14-NOV-2026|0|6|01-JAN-1970|0|0|1437|0| |0|||0|6200000072|13|0|0|1|202547|CONSTRAINED|CONSTRAINED|CONSTRAINED_202547_2025-11-20_0656|BY_IF
2001-000-001|VF|2| |1438|04-JUL-2026|0|0|0|0|0|0|1200|75|0|0|04-JUL-2026|0|6|01-JAN-1970|0|0|1438|0| |0|||0|6200000072|13|0|0|1|202547|CONSTRAINED|CONSTRAINED|CONSTRAINED_202547_2025-11-20_0656|BY_IF
2001-000-001|VF|2| |1440|24-JAN-2026|0|0|0|0|0|0|1200|75|0|0|24-JAN-2026|0|6|01-JAN-1970|0|0|1440|0| |0|||0|6200000072|13|0|0|1|202547|CONSTRAINED|CONSTRAINED|CONSTRAINED_202547_2025-11-20_0656|BY_IF
2001-000-001|VF|2| |1441|24-APR-2027|0|0|0|0|0|0|1200|75|0|0|24-APR-2027|0|6|01-JAN-1970|0|0|1441|0| |0|||0|6200000072|13|0|0|1|202547|CONSTRAINED|CONSTRAINED|CONSTRAINED_202547_2025-11-20_0656|BY_IF
2001-000-001|VF|2| |1443|10-JAN-2026|0|0|0|0|0|0|1200|75|0|0|10-JAN-2026|0|6|01-JAN-1970|0|0|1443|0| |0|||0|6200000072|13|0|0|1|202547|CONSTRAINED|CONSTRAINED|CONSTRAINED_202547_2025-11-20_0656|BY_IF
2001-000-001|VF|2| |1444|17-OCT-2026|0|0|0|0|0|0|1200|75|0|0|17-OCT-2026|0|6|01-JAN-1970|0|0|1444|0| |0|||0|6200000072|13|0|0|1|202547|CONSTRAINED|CONSTRAINED|CONSTRAINED_202547_2025-11-20_0656|BY_IF
2001-000-001|VF|2| |1445|06-JUN-2026|0|0|0|0|0|0|1200|75|0|0|06-JUN-2026|0|6|01-JAN-1970|0|0|1445|0| |0|||0|6200000072|13|0|0|1|202547|CONSTRAINED|CONSTRAINED|CONSTRAINED_202547_2025-11-20_0656|BY_IF
2001-000-001|VF|2| |1446|13-MAR-2027|0|0|0|0|0|0|1200|75|0|0|13-MAR-2027|0|6|01-JAN-1970|0|0|1446|0| |0|||0|6200000072|13|0|0|1|202547|CONSTRAINED|CONSTRAINED|CONSTRAINED_202547_2025-11-20_0656|BY_IF
2001-000-001|VF|2| |1447|25-OCT-2025|0|0|0|0|0|0|1200|25|0|0|25-OCT-2025|0|6|01-JAN-1970|0|0|1447|0| |0|||0|6200000072|13|0|0|1|202547|CONSTRAINED|CONSTRAINED|CONSTRAINED_202547_2025-11-20_0656|BY_IF
2001-000-001|VF|2| |1448|15-MAY-2027|0|0|0|0|0|0|1200|75|0|0|15-MAY-2027|0|6|01-JAN-1970|0|0|1448|0| |0|||0|6200000072|13|0|0|1|202547|CONSTRAINED|CONSTRAINED|CONSTRAINED_202547_2025-11-20_0656|BY_IF
2001-000-001|VF|2| |1449|24-JUL-2027|0|0|0|0|0|0|1200|75|0|0|24-JUL-2027|0|6|01-JAN-1970|0|0|1449|0| |0|||0|6200000072|13|0|0|1|202547|CONSTRAINED|CONSTRAINED|CONSTRAINED_202547_2025-11-20_0656|BY_IF
2001-000-001|VF|2| |1450|11-JUL-2026|0|0|0|0|0|0|1200|75|0|0|11-JUL-2026|0|6|01-JAN-1970|0|0|1450|0| |0|||0|6200000072|13|0|0|1|202547|CONSTRAINED|CONSTRAINED|CONSTRAINED_202547_2025-11-20_0656|BY_IF
2001-000-001|VF|2| |1452|14-MAR-2026|0|0|0|0|0|0|1200|75|0|0|14-MAR-2026|0|6|01-JAN-1970|0|0|1452|0| |0|||0|6200000072|13|0|0|1|202547|CONSTRAINED|CONSTRAINED|CONSTRAINED_202547_2025-11-20_0656|BY_IF
2001-000-001|VF|2| |1453|05-DEC-2026|0|0|0|0|0|0|1200|75|0|0|05-DEC-2026|0|6|01-JAN-1970|0|0|1453|0| |0|||0|6200000072|13|0|0|1|202547|CONSTRAINED|CONSTRAINED|CONSTRAINED_202547_2025-11-20_0656|BY_IF
2001-000-001|VF|2| |1454|03-APR-2027|0|0|0|0|0|0|1200|75|0|0|03-APR-2027|0|6|01-JAN-1970|0|0|1454|0| |0|||0|6200000072|13|0|0|1|202547|CONSTRAINED|CONSTRAINED|CONSTRAINED_202547_2025-11-20_0656|BY_IF
2001-000-001|VF|2| |1455|25-JUL-2026|0|0|0|0|0|0|1200|75|0|0|25-JUL-2026|0|6|01-JAN-1970|0|0|1455|0| |0|||0|6200000072|13|0|0|1|202547|CONSTRAINED|CONSTRAINED|CONSTRAINED_202547_2025-11-20_0656|BY_IF
2001-000-001|VF|2| |1457|28-FEB-2026|0|0|0|0|0|0|1200|75|0|0|28-FEB-2026|0|6|01-JAN-1970|0|0|1457|0| |0|||0|6200000072|13|0|0|1|202547|CONSTRAINED|CONSTRAINED|CONSTRAINED_202547_2025-11-20_0656|BY_IF
2001-000-001|VF|2| |1458|19-DEC-2026|0|0|0|0|0|0|1200|75|0|0|19-DEC-2026|0|6|01-JAN-1970|0|0|1458|0| |0|||0|6200000072|13|0|0|1|202547|CONSTRAINED|CONSTRAINED|CONSTRAINED_202547_2025-11-20_0656|BY_IF
2001-000-001|VF|2| |1459|20-MAR-2027|0|0|0|0|0|0|1200|75|0|0|20-MAR-2027|0|6|01-JAN-1970|0|0|1459|0| |0|||0|6200000072|13|0|0|1|202547|CONSTRAINED|CONSTRAINED|CONSTRAINED_202547_2025-11-20_0656|BY_IF
2001-000-001|VF|2| |1460|07-NOV-2026|0|0|0|0|0|0|1200|75|0|0|07-NOV-2026|0|6|01-JAN-1970|0|0|1460|0| |0|||0|6200000072|13|0|0|1|202547|CONSTRAINED|CONSTRAINED|CONSTRAINED_202547_2025-11-20_0656|BY_IF
2001-000-001|VF|2| |1461|13-JUN-2026|0|0|0|0|0|0|1200|75|0|0|13-JUN-2026|0|6|01-JAN-1970|0|0|1461|0| |0|||0|6200000072|13|0|0|1|202547|CONSTRAINED|CONSTRAINED|CONSTRAINED_202547_2025-11-20_0656|BY_IF
2001-000-001|VF|2| |1463|14-FEB-2026|0|0|0|0|0|0|1200|75|0|0|14-FEB-2026|0|6|01-JAN-1970|0|0|1463|0| |0|||0|6200000072|13|0|0|1|202547|CONSTRAINED|CONSTRAINED|CONSTRAINED_202547_2025-11-20_0656|BY_IF
2001-000-001|VF|2| |1464|01-MAY-2027|0|0|0|0|0|0|1200|75|0|0|01-MAY-2027|0|6|01-JAN-1970|0|0|1464|0| |0|||0|6200000072|13|0|0|1|202547|CONSTRAINED|CONSTRAINED|CONSTRAINED_202547_2025-11-20_0656|BY_IF
2001-000-001|VF|2| |1465|27-JUN-2026|0|0|0|0|0|0|1200|75|0|0|27-JUN-2026|0|6|01-JAN-1970|0|0|1465|0| |0|||0|6200000072|13|0|0|1|202547|CONSTRAINED|CONSTRAINED|CONSTRAINED_202547_2025-11-20_0656|BY_IF
2001-000-001|VF|2| |1467|31-JAN-2026|0|0|0|0|0|0|1200|75|0|0|31-JAN-2026|0|6|01-JAN-1970|0|0|1467|0| |0|||0|6200000072|13|0|0|1|202547|CONSTRAINED|CONSTRAINED|CONSTRAINED_202547_2025-11-20_0656|BY_IF
2001-000-001|VF|2| |1468|21-NOV-2026|0|0|0|0|0|0|1200|75|0|0|21-NOV-2026|0|6|01-JAN-1970|0|0|1468|0| |0|||0|6200000072|13|0|0|1|202547|CONSTRAINED|CONSTRAINED|CONSTRAINED_202547_2025-11-20_0656|BY_IF
2001-000-001|VF|2| |1469|17-APR-2027|0|0|0|0|0|0|1200|75|0|0|17-APR-2027|0|6|01-JAN-1970|0|0|1469|0| |0|||0|6200000072|13|0|0|1|202547|CONSTRAINED|CONSTRAINED|CONSTRAINED_202547_2025-11-20_0656|BY_IF
2001-000-001|VF|2| |1470|17-JAN-2026|0|0|0|0|0|0|1200|75|0|0|17-JAN-2026|0|6|01-JAN-1970|0|0|1470|0| |0|||0|6200000072|13|0|0|1|202547|CONSTRAINED|CONSTRAINED|CONSTRAINED_202547_2025-11-20_0656|BY_IF
2001-000-001|VF|2| |1471|24-OCT-2026|0|0|0|0|0|0|1200|75|0|0|24-OCT-2026|0|6|01-JAN-1970|0|0|1471|0| |0|||0|6200000072|13|0|0|1|202547|CONSTRAINED|CONSTRAINED|CONSTRAINED_202547_2025-11-20_0656|BY_IF
2001-000-001|VF|2| |1472|30-MAY-2026|0|0|0|0|0|0|1200|75|0|0|30-MAY-2026|0|6|01-JAN-1970|0|0|1472|0| |0|||0|6200000072|13|0|0|1|202547|CONSTRAINED|CONSTRAINED|CONSTRAINED_202547_2025-11-20_0656|BY_IF
2001-000-001|VF|2| |1473|06-MAR-2027|0|0|0|0|0|0|1200|75|0|0|06-MAR-2027|0|6|01-JAN-1970|0|0|1473|0| |0|||0|6200000072|13|0|0|1|202547|CONSTRAINED|CONSTRAINED|CONSTRAINED_202547_2025-11-20_0656|BY_IF
2001-000-001|VF|2| |1474|26-SEP-2026|0|0|0|0|0|0|1200|75|0|0|26-SEP-2026|0|6|01-JAN-1970|0|0|1474|0| |0|||0|6200000072|13|0|0|1|202547|CONSTRAINED|CONSTRAINED|CONSTRAINED_202547_2025-11-20_0656|BY_IF
2001-000-001|VF|2| |1475|02-MAY-2026|0|0|0|0|0|0|1200|75|0|0|02-MAY-2026|0|6|01-JAN-1970|0|0|1475|0| |0|||0|6200000072|13|0|0|1|202547|CONSTRAINED|CONSTRAINED|CONSTRAINED_202547_2025-11-20_0656|BY_IF
2001-000-001|VF|2| |1476|03-JAN-2026|0|0|0|0|0|0|1200|75|0|0|03-JAN-2026|0|6|01-JAN-1970|0|0|1476|0| |0|||0|6200000072|13|0|0|1|202547|CONSTRAINED|CONSTRAINED|CONSTRAINED_202547_2025-11-20_0656|BY_IF
2001-000-001|VF|2| |1477|23-JAN-2027|0|0|0|0|0|0|1200|75|0|0|23-JAN-2027|0|6|01-JAN-1970|0|0|1477|0| |0|||0|6200000072|13|0|0|1|202547|CONSTRAINED|CONSTRAINED|CONSTRAINED_202547_2025-11-20_0656|BY_IF
2001-000-001|VF|2| |1478|19-JUN-2027|0|0|0|0|0|0|1200|75|0|0|19-JUN-2027|0|6|01-JAN-1970|0|0|1478|0| |0|||0|6200000072|13|0|0|1|202547|CONSTRAINED|CONSTRAINED|CONSTRAINED_202547_2025-11-20_0656|BY_IF
2001-000-001|VF|2| |1479|10-OCT-2026|0|0|0|0|0|0|1200|75|0|0|10-OCT-2026|0|6|01-JAN-1970|0|0|1479|0| |0|||0|6200000072|13|0|0|1|202547|CONSTRAINED|CONSTRAINED|CONSTRAINED_202547_2025-11-20_0656|BY_IF
2001-000-001|VF|2| |1480|16-MAY-2026|0|0|0|0|0|0|1200|75|0|0|16-MAY-2026|0|6|01-JAN-1970|0|0|1480|0| |0|||0|6200000072|13|0|0|1|202547|CONSTRAINED|CONSTRAINED|CONSTRAINED_202547_2025-11-20_0656|BY_IF
2001-000-001|VF|2| |1481|20-DEC-2025|0|0|0|0|0|0|1200|75|0|0|20-DEC-2025|0|6|01-JAN-1970|0|0|1481|0| |0|||0|6200000072|13|0|0|1|202547|CONSTRAINED|CONSTRAINED|CONSTRAINED_202547_2025-11-20_0656|BY_IF
2001-000-001|VF|2| |1482|09-JAN-2027|0|0|0|0|0|0|1200|75|0|0|09-JAN-2027|0|6|01-JAN-1970|0|0|1482|0| |0|||0|6200000072|13|0|0|1|202547|CONSTRAINED|CONSTRAINED|CONSTRAINED_202547_2025-11-20_0656|BY_IF
2001-000-001|VF|2| |1483|05-JUN-2027|0|0|0|0|0|0|1200|75|0|0|05-JUN-2027|0|6|01-JAN-1970|0|0|1483|0| |0|||0|6200000072|13|0|0|1|202547|CONSTRAINED|CONSTRAINED|CONSTRAINED_202547_2025-11-20_0656|BY_IF
2001-000-001|VF|2| |1484|29-AUG-2026|0|0|0|0|0|0|1200|75|0|0|29-AUG-2026|0|6|01-JAN-1970|0|0|1484|0| |0|||0|6200000072|13|0|0|1|202547|CONSTRAINED|CONSTRAINED|CONSTRAINED_202547_2025-11-20_0656|BY_IF
2001-000-001|VF|2| |1485|06-DEC-2025|0|0|0|0|0|0|1200|49|0|0|06-DEC-2025|0|6|01-JAN-1970|0|0|1485|0| |0|||0|6200000072|13|0|0|1|202547|CONSTRAINED|CONSTRAINED|CONSTRAINED_202547_2025-11-20_0656|BY_IF
2001-000-001|VF|2| |1486|04-APR-2026|0|0|0|0|0|0|1200|75|0|0|04-APR-2026|0|6|01-JAN-1970|0|0|1486|0| |0|||0|6200000072|13|0|0|1|202547|CONSTRAINED|CONSTRAINED|CONSTRAINED_202547_2025-11-20_0656|BY_IF
2001-000-001|VF|2| |1487|20-FEB-2027|0|0|0|0|0|0|1200|75|0|0|20-FEB-2027|0|6|01-JAN-1970|0|0|1487|0| |0|||0|6200000072|13|0|0|1|202547|CONSTRAINED|CONSTRAINED|CONSTRAINED_202547_2025-11-20_0656|BY_IF
2001-000-001|VF|2| |1488|17-JUL-2027|0|0|0|0|0|0|1200|75|0|0|17-JUL-2027|0|6|01-JAN-1970|0|0|1488|0| |0|||0|6200000072|13|0|0|1|202547|CONSTRAINED|CONSTRAINED|CONSTRAINED_202547_2025-11-20_0656|BY_IF
2001-000-001|VF|2| |1489|12-SEP-2026|0|0|0|0|0|0|1200|75|0|0|12-SEP-2026|0|6|01-JAN-1970|0|0|1489|0| |0|||0|6200000072|13|0|0|1|202547|CONSTRAINED|CONSTRAINED|CONSTRAINED_202547_2025-11-20_0656|BY_IF
2001-000-001|VF|2| |1490|18-APR-2026|0|0|0|0|0|0|1200|75|0|0|18-APR-2026|0|6|01-JAN-1970|0|0|1490|0| |0|||0|6200000072|13|0|0|1|202547|CONSTRAINED|CONSTRAINED|CONSTRAINED_202547_2025-11-20_0656|BY_IF
2001-000-001|VF|2| |1491|06-FEB-2027|0|0|0|0|0|0|1200|75|0|0|06-FEB-2027|0|6|01-JAN-1970|0|0|1491|0| |0|||0|6200000072|13|0|0|1|202547|CONSTRAINED|CONSTRAINED|CONSTRAINED_202547_2025-11-20_0656|BY_IF
2001-000-001|VF|2| |1492|03-JUL-2027|0|0|0|0|0|0|1200|75|0|0|03-JUL-2027|0|6|01-JAN-1970|0|0|1492|0| |0|||0|6200000072|13|0|0|1|202547|CONSTRAINED|CONSTRAINED|CONSTRAINED_202547_2025-11-20_0656|BY_IF
2001-000-001|VF|2| |1494|15-AUG-2026|0|0|0|0|0|0|1200|75|0|0|15-AUG-2026|0|6|01-JAN-1970|0|0|1494|0| |0|||0|6200000072|13|0|0|1|202547|CONSTRAINED|CONSTRAINED|CONSTRAINED_202547_2025-11-20_0656|BY_IF
2001-000-001|VF|2| |1495|21-MAR-2026|0|0|0|0|0|0|1200|75|0|0|21-MAR-2026|0|6|01-JAN-1970|0|0|1495|0| |0|||0|6200000072|13|0|0|1|202547|CONSTRAINED|CONSTRAINED|CONSTRAINED_202547_2025-11-20_0656|BY_IF
2001-000-001|VF|2| |1496|26-DEC-2026|0|0|0|0|0|0|1200|75|0|0|26-DEC-2026|0|6|01-JAN-1970|0|0|1496|0| |0|||0|6200000072|13|0|0|1|202547|CONSTRAINED|CONSTRAINED|CONSTRAINED_202547_2025-11-20_0656|BY_IF
2001-000-001|VF|2| |1497|22-MAY-2027|0|0|0|0|0|0|1200|75|0|0|22-MAY-2027|0|6|01-JAN-1970|0|0|1497|0| |0|||0|6200000072|13|0|0|1|202547|CONSTRAINED|CONSTRAINED|CONSTRAINED_202547_2025-11-20_0656|BY_IF
2001-000-001|VF|2| |1498|18-JUL-2026|0|0|0|0|0|0|1200|75|0|0|18-JUL-2026|0|6|01-JAN-1970|0|0|1498|0| |0|||0|6200000072|13|0|0|1|202547|CONSTRAINED|CONSTRAINED|CONSTRAINED_202547_2025-11-20_0656|BY_IF
2001-000-001|VF|2| |1500|07-MAR-2026|0|0|0|0|0|0|1200|75|0|0|07-MAR-2026|0|6|01-JAN-1970|0|0|1500|0| |0|||0|6200000072|13|0|0|1|202547|CONSTRAINED|CONSTRAINED|CONSTRAINED_202547_2025-11-20_0656|BY_IF
2001-000-001|VF|2| |1501|28-NOV-2026|0|0|0|0|0|0|1200|75|0|0|28-NOV-2026|0|6|01-JAN-1970|0|0|1501|0| |0|||0|6200000072|13|0|0|1|202547|CONSTRAINED|CONSTRAINED|CONSTRAINED_202547_2025-11-20_0656|BY_IF
2001-000-001|VF|2| |1502|10-APR-2027|0|0|0|0|0|0|1200|75|0|0|10-APR-2027|0|6|01-JAN-1970|0|0|1502|0| |0|||0|6200000072|13|0|0|1|202547|CONSTRAINED|CONSTRAINED|CONSTRAINED_202547_2025-11-20_0656|BY_IF
2001-000-001|VF|2| |1503|01-AUG-2026|0|0|0|0|0|0|1200|75|0|0|01-AUG-2026|0|6|01-JAN-1970|0|0|1503|0| |0|||0|6200000072|13|0|0|1|202547|CONSTRAINED|CONSTRAINED|CONSTRAINED_202547_2025-11-20_0656|BY_IF
2001-000-001|VF|2| |1505|21-FEB-2026|0|0|0|0|0|0|1200|75|0|0|21-FEB-2026|0|6|01-JAN-1970|0|0|1505|0| |0|||0|6200000072|13|0|0|1|202547|CONSTRAINED|CONSTRAINED|CONSTRAINED_202547_2025-11-20_0656|BY_IF
2001-000-001|VF|2| |1506|12-DEC-2026|0|0|0|0|0|0|1200|75|0|0|12-DEC-2026|0|6|01-JAN-1970|0|0|1506|0| |0|||0|6200000072|13|0|0|1|202547|CONSTRAINED|CONSTRAINED|CONSTRAINED_202547_2025-11-20_0656|BY_IF
2001-000-001|VF|2| |1507|27-MAR-2027|0|0|0|0|0|0|1200|75|0|0|27-MAR-2027|0|6|01-JAN-1970|0|0|1507|0| |0|||0|6200000072|13|0|0|1|202547|CONSTRAINED|CONSTRAINED|CONSTRAINED_202547_2025-11-20_0656|BY_IF
2001-000-001|VF|2| |1508|31-OCT-2026|0|0|0|0|0|0|1200|75|0|0|31-OCT-2026|0|6|01-JAN-1970|0|0|1508|0| |0|||0|6200000072|13|0|0|1|202547|CONSTRAINED|CONSTRAINED|CONSTRAINED_202547_2025-11-20_0656|BY_IF
2001-000-001|VF|2| |1509|20-JUN-2026|0|0|0|0|0|0|1200|75|0|0|20-JUN-2026|0|6|01-JAN-1970|0|0|1509|0| |0|||0|6200000072|13|0|0|1|202547|CONSTRAINED|CONSTRAINED|CONSTRAINED_202547_2025-11-20_0656|BY_IF
2001-000-001|VF|2| |1511|07-FEB-2026|0|0|0|0|0|0|1200|75|0|0|07-FEB-2026|0|6|01-JAN-1970|0|0|1511|0| |0|||0|6200000072|13|0|0|1|202547|CONSTRAINED|CONSTRAINED|CONSTRAINED_202547_2025-11-20_0656|BY_IF
2001-000-001|VF|2| |1512|19-SEP-2026|0|0|0|0|0|0|1200|75|0|0|19-SEP-2026|0|6|01-JAN-1970|0|0|1512|0| |0|||0|6200000072|13|0|0|1|202547|CONSTRAINED|CONSTRAINED|CONSTRAINED_202547_2025-11-20_0656|BY_IF
2001-000-001|VF|2| |1513|09-MAY-2026|0|0|0|0|0|0|1200|75|0|0|09-MAY-2026|0|6|01-JAN-1970|0|0|1513|0| |0|||0|6200000072|13|0|0|1|202547|CONSTRAINED|CONSTRAINED|CONSTRAINED_202547_2025-11-20_0656|BY_IF
2001-000-001|VF|2| |1514|27-DEC-2025|0|0|0|0|0|0|1200|75|0|0|27-DEC-2025|0|6|01-JAN-1970|0|0|1514|0| |0|||0|6200000072|13|0|0|1|202547|CONSTRAINED|CONSTRAINED|CONSTRAINED_202547_2025-11-20_0656|BY_IF
2001-000-001|VF|2| |1515|30-JAN-2027|0|0|0|0|0|0|1200|75|0|0|30-JAN-2027|0|6|01-JAN-1970|0|0|1515|0| |0|||0|6200000072|13|0|0|1|202547|CONSTRAINED|CONSTRAINED|CONSTRAINED_202547_2025-11-20_0656|BY_IF
2001-000-001|VF|2| |1516|12-JUN-2027|0|0|0|0|0|0|1200|75|0|0|12-JUN-2027|0|6|01-JAN-1970|0|0|1516|0| |0|||0|6200000072|13|0|0|1|202547|CONSTRAINED|CONSTRAINED|CONSTRAINED_202547_2025-11-20_0656|BY_IF
2001-000-001|VF|2| |1517|03-OCT-2026|0|0|0|0|0|0|1200|75|0|0|19-SEP-2026|0|5|01-JAN-1970|0|-1|1517|0| |0|0|0|0|6200000072|13|10124|0|1|202547|CONSTRAINED|CONSTRAINED|CONSTRAINED_202547_2025-11-20_0656|BY_IF
2001-000-001|VF|2| |1518|23-MAY-2026|0|0|0|0|0|0|1200|75|0|0|09-MAY-2026|0|5|01-JAN-1970|0|-1|1518|0| |0|0|0|0|6200000072|13|10016|0|1|202547|CONSTRAINED|CONSTRAINED|CONSTRAINED_202547_2025-11-20_0656|BY_IF
2001-000-001|VF|2| |1519|13-DEC-2025|0|0|0|0|0|0|1200|75|0|0|27-DEC-2025|0|5|01-JAN-1970|0|-1|1519|0| |0|0|0|0|6200000072|13|10066|0|1|202547|CONSTRAINED|CONSTRAINED|CONSTRAINED_202547_2025-11-20_0656|BY_IF
2001-000-001|VF|2| |1520|16-JAN-2027|0|0|0|0|0|0|1200|75|0|0|30-JAN-2027|0|5|01-JAN-1970|0|-1|1520|0| |0|0|0|0|6200000072|13|10130|0|1|202547|CONSTRAINED|CONSTRAINED|CONSTRAINED_202547_2025-11-20_0656|BY_IF
2001-000-001|VF|2| |1521|29-MAY-2027|0|0|0|0|0|0|1200|75|0|0|12-JUN-2027|0|5|01-JAN-1970|0|-1|1521|0| |0|0|0|0|6200000072|13|10082|0|1|202547|CONSTRAINED|CONSTRAINED|CONSTRAINED_202547_2025-11-20_0656|BY_IF
2001-000-001|VF|2| |1522|22-AUG-2026|0|0|0|0|0|0|1200|75|0|0|03-OCT-2026|0|5|01-JAN-1970|0|-1|1522|0| |0|0|0|0|6200000072|13|10094|0|1|202547|CONSTRAINED|CONSTRAINED|CONSTRAINED_202547_2025-11-20_0656|BY_IF
2001-000-001|VF|2| |1523|11-APR-2026|0|0|0|0|0|0|1200|75|0|0|23-MAY-2026|0|5|01-JAN-1970|0|-1|1523|0| |0|0|0|0|6200000072|13|10081|0|1|202547|CONSTRAINED|CONSTRAINED|CONSTRAINED_202547_2025-11-20_0656|BY_IF
2001-000-001|VF|2| |1524|22-NOV-2025|0|0|0|0|0|0|1200|98|0|0|13-DEC-2025|0|5|01-JAN-1970|0|-1|1524|0| |0|0|0|0|6200000072|13|10011|0|1|202547|CONSTRAINED|CONSTRAINED|CONSTRAINED_202547_2025-11-20_0656|BY_IF
2001-000-001|VF|2| |1525|27-FEB-2027|0|0|0|0|0|0|1200|75|0|0|16-JAN-2027|0|5|01-JAN-1970|0|-1|1525|0| |0|0|0|0|6200000072|13|10135|0|1|202547|CONSTRAINED|CONSTRAINED|CONSTRAINED_202547_2025-11-20_0656|BY_IF
2001-000-001|VF|2| |1526|10-JUL-2027|0|0|0|0|0|0|1200|75|0|0|29-MAY-2027|0|5|01-JAN-1970|0|-1|1526|0| |0|0|0|0|6200000072|13|10127|0|1|202547|CONSTRAINED|CONSTRAINED|CONSTRAINED_202547_2025-11-20_0656|BY_IF
2001-000-001|VF|2| |1527|05-SEP-2026|0|0|0|0|0|0|1200|75|0|0|22-AUG-2026|0|5|01-JAN-1970|0|-1|1527|0| |0|0|0|0|6200000072|13|9995|0|1|202547|CONSTRAINED|CONSTRAINED|CONSTRAINED_202547_2025-11-20_0656|BY_IF
2001-000-001|VF|2| |1528|25-APR-2026|0|0|0|0|0|0|1200|75|0|0|11-APR-2026|0|5|01-JAN-1970|0|-1|1528|0| |0|0|0|0|6200000072|13|10036|0|1|202547|CONSTRAINED|CONSTRAINED|CONSTRAINED_202547_2025-11-20_0656|BY_IF
2001-000-001|VF|2| |1529|18-OCT-2025|0|0|0|0|0|0|1200|49|0|0|22-NOV-2025|0|5|01-JAN-1970|0|-1|1529|0| |0|0|0|0|6200000072|13|10119|0|1|202547|CONSTRAINED|CONSTRAINED|CONSTRAINED_202547_2025-11-20_0656|BY_IF
2001-000-001|VF|2| |1530|13-FEB-2027|0|0|0|0|0|0|1200|75|0|0|27-FEB-2027|0|5|01-JAN-1970|0|-1|1530|0| |0|0|0|0|6200000072|13|10049|0|1|202547|CONSTRAINED|CONSTRAINED|CONSTRAINED_202547_2025-11-20_0656|BY_IF
2001-000-001|VF|2| |1531|26-JUN-2027|0|0|0|0|0|0|1200|75|0|0|10-JUL-2027|0|5|01-JAN-1970|0|-1|1531|0| |0|0|0|0|6200000072|13|10028|0|1|202547|CONSTRAINED|CONSTRAINED|CONSTRAINED_202547_2025-11-20_0656|BY_IF
2001-000-001|VF|2| |1533|08-AUG-2026|0|0|0|0|0|0|1200|75|0|0|25-APR-2026|0|5|01-JAN-1970|0|-1|1533|0| |0|0|0|0|6200000072|13|10114|0|1|202547|CONSTRAINED|CONSTRAINED|CONSTRAINED_202547_2025-11-20_0656|BY_IF
2001-000-001|VF|2| |1534|28-MAR-2026|0|0|0|0|0|0|1200|75|0|0|18-OCT-2025|0|5|01-JAN-1970|0|-1|1534|0| |0|0|0|0|6200000072|13|10093|0|1|202547|CONSTRAINED|CONSTRAINED|CONSTRAINED_202547_2025-11-20_0656|BY_IF
2001-000-001|VF|2| |1535|02-JAN-2027|0|0|0|0|0|0|1200|75|0|0|13-FEB-2027|0|5|01-JAN-1970|0|-1|1535|0| |0|0|0|0|6200000072|13|10086|0|1|202547|CONSTRAINED|CONSTRAINED|CONSTRAINED_202547_2025-11-20_0656|BY_IF
2001-001-001|1004|1|1020000700_0010_0001|0|14-AUG-2025|0|0|1020000700|1|0|120960|200|70|0|0|14-AUG-2025|70|1|01-JAN-1970|0|-1|0|0|6200000072|0|0|0|0|6200000072|0|8301|0|1|202547|CONSTRAINED|CONSTRAINED|CONSTRAINED_202547_2025-11-20_0656|BY_IF
2001-001-001|1004|1|1020000701_0010_0001|0|13-AUG-2025|0|0|1020000701|1|0|120960|200|25|0|0|13-AUG-2025|25|1|01-JAN-1970|0|-1|0|0|6200000072|0|0|0|0|6200000072|0|8371|0|1|202547|CONSTRAINED|CONSTRAINED|CONSTRAINED_202547_2025-11-20_0656|BY_IF
2001-001-001|1004|1|1020000702_0010_0001|0|24-SEP-2025|0|0|1020000702|1|0|120960|200|25|0|0|24-SEP-2025|25|1|01-JAN-1970|0|-1|0|0|6200000072|0|0|0|0|6200000072|0|8065|0|1|202547|CONSTRAINED|CONSTRAINED|CONSTRAINED_202547_2025-11-20_0656|BY_IF
2001-001-001|1004|1|1020000703_0010_0001|0|23-JUL-2025|0|0|1020000703|1|0|120960|200|25|0|0|26-JUL-2025|25|3|01-JAN-1970|0|-1|0|0|6200000072|0|0|0|0|6200000072|0|9468|0|1|202547|CONSTRAINED|CONSTRAINED|CONSTRAINED_202547_2025-11-20_0656|BY_IF
2001-001-001|1004|1|1020000704_0010_0001|0|16-AUG-2025|0|0|1020000704|1|0|120960|200|25|0|0|16-AUG-2025|25|1|01-JAN-1970|0|-1|0|0|6200000072|0|0|0|0|6200000072|0|8268|0|1|202547|CONSTRAINED|CONSTRAINED|CONSTRAINED_202547_2025-11-20_0656|BY_IF
2001-001-001|1004|1|1020000705_0010_0001|0|12-AUG-2025|0|0|1020000705|1|0|120960|200|10|0|0|12-AUG-2025|10|1|01-JAN-1970|0|-1|0|0|6200000072|0|0|0|0|6200000072|0|8442|0|1|202547|CONSTRAINED|CONSTRAINED|CONSTRAINED_202547_2025-11-20_0656|BY_IF
2001-001-001|1004|1|1020000706_0010_0001|0|11-AUG-2025|0|0|1020000706|1|0|120960|200|25|0|0|11-AUG-2025|25|1|01-JAN-1970|0|-1|0|0|6200000072|0|0|0|0|6200000072|0|8530|0|1|202547|CONSTRAINED|CONSTRAINED|CONSTRAINED_202547_2025-11-20_0656|BY_IF
2001-001-001|1004|1|1020000707_0010_0001|0|11-AUG-2025|0|0|1020000707|1|0|120960|800|25|0|0|11-AUG-2025|25|1|01-JAN-1970|0|-1|0|0|6200000072|0|0|0|0|6200000072|0|8529|0|1|202547|CONSTRAINED|CONSTRAINED|CONSTRAINED_202547_2025-11-20_0656|BY_IF
2001-001-001|1004|1|1020000708_0010_0001|0|24-JUL-2025|0|0|1020000708|1|0|120960|200|75|0|0|26-JUL-2025|75|3|01-JAN-1970|0|-1|0|0|6200000072|0|0|0|0|6200000072|0|9217|0|1|202547|CONSTRAINED|CONSTRAINED|CONSTRAINED_202547_2025-11-20_0656|BY_IF
2001-001-001|1004|1|1020000709_0010_0001|0|12-AUG-2025|0|0|1020000709|1|0|120960|800|25|0|0|12-AUG-2025|25|1|01-JAN-1970|0|-1|0|0|6200000072|0|0|0|0|6200000072|0|8440|0|1|202547|CONSTRAINED|CONSTRAINED|CONSTRAINED_202547_2025-11-20_0656|BY_IF
2001-001-001|1004|1|1020000710_0010_0001|0|12-AUG-2025|0|0|1020000710|1|0|120960|800|50|0|0|12-AUG-2025|50|1|01-JAN-1970|0|-1|0|0|6200000072|0|0|0|0|6200000072|0|8439|0|1|202547|CONSTRAINED|CONSTRAINED|CONSTRAINED_202547_2025-11-20_0656|BY_IF
2001-001-001|1004|1|1020000711_0010_0001|0|30-AUG-2025|0|0|1020000711|1|0|120960|200|10|0|0|30-AUG-2025|10|1|01-JAN-1970|0|-1|0|0|6200000072|0|0|0|0|6200000072|0|8097|0|1|202547|CONSTRAINED|CONSTRAINED|CONSTRAINED_202547_2025-11-20_0656|BY_IF
2001-001-001|1004|1|1020000712_0010_0001|0|24-SEP-2025|0|0|1020000712|1|0|120960|200|25|0|0|24-SEP-2025|25|1|01-JAN-1970|0|-1|0|0|6200000072|0|0|0|0|6200000072|0|8064|0|1|202547|CONSTRAINED|CONSTRAINED|CONSTRAINED_202547_2025-11-20_0656|BY_IF
2001-001-001|1004|1|1020000713_0010_0001|0|12-AUG-2025|0|0|1020000713|1|0|120960|800|25|0|0|12-AUG-2025|25|1|01-JAN-1970|0|-1|0|0|6200000072|0|0|0|0|6200000072|0|8438|0|1|202547|CONSTRAINED|CONSTRAINED|CONSTRAINED_202547_2025-11-20_0656|BY_IF
2001-001-001|1004|1|1020000714_0010_0001|0|23-JUL-2025|0|0|1020000714|1|0|120960|200|20|0|0|26-JUL-2025|20|3|01-JAN-1970|0|-1|0|0|6200000072|0|0|0|0|6200000072|0|9457|0|1|202547|CONSTRAINED|CONSTRAINED|CONSTRAINED_202547_2025-11-20_0656|BY_IF
2001-001-001|1004|1|1020000715_0010_0001|0|17-AUG-2025|0|0|1020000715|1|0|120960|800|100|0|0|17-AUG-2025|100|1|01-JAN-1970|0|-1|0|0|6200000072|0|0|0|0|6200000072|0|8234|0|1|202547|CONSTRAINED|CONSTRAINED|CONSTRAINED_202547_2025-11-20_0656|BY_IF
2001-001-001|1004|1|1020000716_0010_0001|0|18-AUG-2025|0|0|1020000716|1|0|120960|800|100|0|0|18-AUG-2025|100|1|01-JAN-1970|0|-1|0|0|6200000072|0|0|0|0|6200000072|0|8168|0|1|202547|CONSTRAINED|CONSTRAINED|CONSTRAINED_202547_2025-11-20_0656|BY_IF
2001-001-001|1004|1|1020000717_0010_0001|0|14-AUG-2025|0|0|1020000717|1|0|120960|800|100|0|0|14-AUG-2025|100|1|01-JAN-1970|0|-1|0|0|6200000072|0|0|0|0|6200000072|0|8300|0|1|202547|CONSTRAINED|CONSTRAINED|CONSTRAINED_202547_2025-11-20_0656|BY_IF
2001-001-001|1004|1|1020000718_0010_0001|0|11-AUG-2025|0|0|1020000718|1|0|120960|800|25|0|0|11-AUG-2025|25|1|01-JAN-1970|0|-1|0|0|6200000072|0|0|0|0|6200000072|0|8528|0|1|202547|CONSTRAINED|CONSTRAINED|CONSTRAINED_202547_2025-11-20_0656|BY_IF
2001-001-001|1004|1|1020000719_0010_0001|0|18-AUG-2025|0|0|1020000719|1|0|120960|800|50|0|0|18-AUG-2025|50|1|01-JAN-1970|0|-1|0|0|6200000072|0|0|0|0|6200000072|0|8167|0|1|202547|CONSTRAINED|CONSTRAINED|CONSTRAINED_202547_2025-11-20_0656|BY_IF
2001-001-001|1004|1|1020000720_0010_0001|0|22-JUL-2025|0|0|1020000720|1|0|120960|200|20|0|0|26-JUL-2025|20|3|01-JAN-1970|0|-1|0|0|6200000072|0|0|0|0|6200000072|0|8458|0|1|202547|CONSTRAINED|CONSTRAINED|CONSTRAINED_202547_2025-11-20_0656|BY_IF
2001-001-001|1004|1|1033500003_10_002|0|28-JUL-2025|0|0|1033500003|1|0|120960|200|80|0|0|28-JUL-2025|80|1|01-JAN-1970|0|-1|0|0|6200000072|0|0|0|0|6200000072|0|9039|0|1|202547|CONSTRAINED|CONSTRAINED|CONSTRAINED_202547_2025-11-20_0656|BY_IF
2001-001-001|1004|1|1033500003_10_002-1|0|28-JUL-2025|0|0|1033500003|1|0|120960|200|20|0|0|28-JUL-2025|0|6|01-JAN-1970|0|0|0|0|6200000072|0|||0|6200000072|0|0|0|3|202547|CONSTRAINED|CONSTRAINED|CONSTRAINED_202547_2025-11-20_0656|BY_IF
2001-001-001|1011|1|1020000721_0010_0001|0|23-JUL-2025|0|0|1020000721|1|0|120960|200|25|0|0|02-AUG-2025|25|3|01-JAN-1970|0|-1|0|0|6200000072|0|0|0|0|6200000072|0|9447|0|1|202547|CONSTRAINED|CONSTRAINED|CONSTRAINED_202547_2025-11-20_0656|BY_IF
2001-001-001|1011|1|1020000722_0010_0001|0|13-AUG-2025|0|0|1020000722|1|0|120960|800|100|0|0|13-AUG-2025|100|1|01-JAN-1970|0|-1|0|0|6200000072|0|0|0|0|6200000072|0|8370|0|1|202547|CONSTRAINED|CONSTRAINED|CONSTRAINED_202547_2025-11-20_0656|BY_IF
2001-001-001|1011|1|1020000723_0010_0001|0|23-JUL-2025|0|0|1020000723|1|0|120960|200|25|0|0|02-AUG-2025|25|3|01-JAN-1970|0|-1|0|0|6200000072|0|0|0|0|6200000072|0|9436|0|1|202547|CONSTRAINED|CONSTRAINED|CONSTRAINED_202547_2025-11-20_0656|BY_IF
2001-001-001|1011|1|1020000724_0010_0001|0|09-AUG-2025|0|0|1020000724|1|0|120960|200|10|0|0|09-AUG-2025|10|1|01-JAN-1970|0|-1|0|0|6200000072|0|0|0|0|6200000072|0|8871|0|1|202547|CONSTRAINED|CONSTRAINED|CONSTRAINED_202547_2025-11-20_0656|BY_IF
2001-001-001|1011|1|1020000725_0010_0001|0|23-JUL-2025|0|0|1020000725|1|0|120960|200|20|0|0|02-AUG-2025|20|3|01-JAN-1970|0|-1|0|0|6200000072|0|0|0|0|6200000072|0|9426|0|1|202547|CONSTRAINED|CONSTRAINED|CONSTRAINED_202547_2025-11-20_0656|BY_IF
2001-001-001|1011|1|1020000726_0010_0001|0|23-JUL-2025|0|0|1020000726|1|0|120960|200|20|0|0|02-AUG-2025|20|3|01-JAN-1970|0|-1|0|0|6200000072|0|0|0|0|6200000072|0|9416|0|1|202547|CONSTRAINED|CONSTRAINED|CONSTRAINED_202547_2025-11-20_0656|BY_IF
2001-001-001|1011|1|1020000727_0010_0001|0|18-AUG-2025|0|0|1020000727|1|0|120960|800|25|0|0|18-AUG-2025|25|1|01-JAN-1970|0|-1|0|0|6200000072|0|0|0|0|6200000072|0|8166|0|1|202547|CONSTRAINED|CONSTRAINED|CONSTRAINED_202547_2025-11-20_0656|BY_IF
2001-001-001|1011|1|1020000728_0010_0001|0|13-AUG-2025|0|0|1020000728|1|0|120960|800|25|0|0|13-AUG-2025|25|1|01-JAN-1970|0|-1|0|0|6200000072|0|0|0|0|6200000072|0|8368|0|1|202547|CONSTRAINED|CONSTRAINED|CONSTRAINED_202547_2025-11-20_0656|BY_IF
2001-001-001|1011|1|1020000729_0010_0001|0|11-AUG-2025|0|0|1020000729|1|0|120960|800|50|0|0|11-AUG-2025|50|1|01-JAN-1970|0|-1|0|0|6200000072|0|0|0|0|6200000072|0|8527|0|1|202547|CONSTRAINED|CONSTRAINED|CONSTRAINED_202547_2025-11-20_0656|BY_IF
2001-001-001|1011|1|1020000730_0010_0001|0|12-AUG-2025|0|0|1020000730|1|0|120960|800|25|0|0|12-AUG-2025|25|1|01-JAN-1970|0|-1|0|0|6200000072|0|0|0|0|6200000072|0|8437|0|1|202547|CONSTRAINED|CONSTRAINED|CONSTRAINED_202547_2025-11-20_0656|BY_IF
2001-001-001|1011|1|1020000731_0010_0001|0|16-AUG-2025|0|0|1020000731|1|0|120960|800|25|0|0|16-AUG-2025|25|1|01-JAN-1970|0|-1|0|0|6200000072|0|0|0|0|6200000072|0|8267|0|1|202547|CONSTRAINED|CONSTRAINED|CONSTRAINED_202547_2025-11-20_0656|BY_IF
2001-001-001|1011|1|1020000732_0010_0001|0|14-AUG-2025|0|0|1020000732|1|0|120960|800|75|0|0|14-AUG-2025|75|1|01-JAN-1970|0|-1|0|0|6200000072|0|0|0|0|6200000072|0|8299|0|1|202547|CONSTRAINED|CONSTRAINED|CONSTRAINED_202547_2025-11-20_0656|BY_IF
2001-001-001|1011|1|1020000733_0010_0001|0|18-AUG-2025|0|0|1020000733|1|0|120960|800|25|0|0|18-AUG-2025|25|1|01-JAN-1970|0|-1|0|0|6200000072|0|0|0|0|6200000072|0|8165|0|1|202547|CONSTRAINED|CONSTRAINED|CONSTRAINED_202547_2025-11-20_0656|BY_IF
2001-001-001|1011|1|1020000734_0010_0001|0|23-JUL-2025|0|0|1020000734|1|0|120960|200|25|0|0|02-AUG-2025|25|3|01-JAN-1970|0|-1|0|0|6200000072|0|0|0|0|6200000072|0|9405|0|1|202547|CONSTRAINED|CONSTRAINED|CONSTRAINED_202547_2025-11-20_0656|BY_IF
2001-001-001|1011|1|1020000735_0010_0001|0|23-AUG-2025|0|0|1020000735|1|0|120960|800|35|0|0|23-AUG-2025|35|1|01-JAN-1970|0|-1|0|0|6200000072|0|0|0|0|6200000072|0|8117|0|1|202547|CONSTRAINED|CONSTRAINED|CONSTRAINED_202547_2025-11-20_0656|BY_IF
2001-001-001|1011|1|1020000736_0010_0001|0|14-AUG-2025|0|0|1020000736|1|0|120960|800|25|0|0|14-AUG-2025|25|1|01-JAN-1970|0|-1|0|0|6200000072|0|0|0|0|6200000072|0|8298|0|1|202547|CONSTRAINED|CONSTRAINED|CONSTRAINED_202547_2025-11-20_0656|BY_IF
2001-001-001|1011|1|1020000737_0010_0001|0|13-AUG-2025|0|0|1020000737|1|0|120960|800|25|0|0|13-AUG-2025|25|1|01-JAN-1970|0|-1|0|0|6200000072|0|0|0|0|6200000072|0|8367|0|1|202547|CONSTRAINED|CONSTRAINED|CONSTRAINED_202547_2025-11-20_0656|BY_IF
2001-001-001|1011|1|1020000738_0010_0001|0|23-AUG-2025|0|0|1020000738|1|0|120960|800|65|0|0|23-AUG-2025|65|1|01-JAN-1970|0|-1|0|0|6200000072|0|0|0|0|6200000072|0|8116|0|1|202547|CONSTRAINED|CONSTRAINED|CONSTRAINED_202547_2025-11-20_0656|BY_IF
2001-001-001|1011|1|1020000739_0010_0001|0|20-AUG-2025|0|0|1020000739|1|0|120960|800|2|0|0|20-AUG-2025|2|1|01-JAN-1970|0|-1|0|0|6200000072|0|0|0|0|6200000072|0|8149|0|1|202547|CONSTRAINED|CONSTRAINED|CONSTRAINED_202547_2025-11-20_0656|BY_IF
2001-001-001|1011|1|1020000740_0010_0001|0|17-AUG-2025|0|0|1020000740|1|0|120960|800|25|0|0|17-AUG-2025|25|1|01-JAN-1970|0|-1|0|0|6200000072|0|0|0|0|6200000072|0|8233|0|1|202547|CONSTRAINED|CONSTRAINED|CONSTRAINED_202547_2025-11-20_0656|BY_IF
2001-001-001|1011|1|1020000741_0010_0001|0|21-JUL-2025|0|0|1020000741|1|0|120960|200|25|0|0|02-AUG-2025|25|3|01-JAN-1970|0|-1|0|0|6200000072|0|0|0|0|6200000072|0|9343|0|1|202547|CONSTRAINED|CONSTRAINED|CONSTRAINED_202547_2025-11-20_0656|BY_IF
2001-001-001|VF|2| |286|14-MAR-2026|0|0|0|0|0|0|400|75|0|0|14-MAR-2026|0|6|01-JAN-1970|0|0|286|0| |0|||0|6200000072|10|0|0|1|202547|CONSTRAINED|CONSTRAINED|CONSTRAINED_202547_2025-11-20_0656|BY_IF
2001-001-001|VF|2| |287|07-MAR-2026|0|0|0|0|0|0|400|75|0|0|07-MAR-2026|0|6|01-JAN-1970|0|0|287|0| |0|||0|6200000072|10|0|0|1|202547|CONSTRAINED|CONSTRAINED|CONSTRAINED_202547_2025-11-20_0656|BY_IF
2001-001-001|VF|2| |288|25-JUL-2026|0|0|0|0|0|0|400|75|0|0|25-JUL-2026|0|6|01-JAN-1970|0|0|288|0| |0|||0|6200000072|10|0|0|1|202547|CONSTRAINED|CONSTRAINED|CONSTRAINED_202547_2025-11-20_0656|BY_IF
2001-001-001|VF|2| |289|10-JAN-2026|0|0|0|0|0|0|400|75|0|0|10-JAN-2026|0|6|01-JAN-1970|0|0|289|0| |0|||0|6200000072|10|0|0|1|202547|CONSTRAINED|CONSTRAINED|CONSTRAINED_202547_2025-11-20_0656|BY_IF
2001-001-001|VF|2| |290|17-JAN-2026|0|0|0|0|0|0|400|75|0|0|17-JAN-2026|0|6|01-JAN-1970|0|0|290|0| |0|||0|6200000072|10|0|0|1|202547|CONSTRAINED|CONSTRAINED|CONSTRAINED_202547_2025-11-20_0656|BY_IF
2001-001-001|VF|2| |291|30-MAY-2026|0|0|0|0|0|0|400|75|0|0|30-MAY-2026|0|6|01-JAN-1970|0|0|291|0| |0|||0|6200000072|10|0|0|1|202547|CONSTRAINED|CONSTRAINED|CONSTRAINED_202547_2025-11-20_0656|BY_IF
2001-001-001|VF|2| |292|06-JUN-2026|0|0|0|0|0|0|400|75|0|0|06-JUN-2026|0|6|01-JAN-1970|0|0|292|0| |0|||0|6200000072|10|0|0|1|202547|CONSTRAINED|CONSTRAINED|CONSTRAINED_202547_2025-11-20_0656|BY_IF
2001-001-001|VF|2| |293|31-JAN-2026|0|0|0|0|0|0|400|75|0|0|31-JAN-2026|0|6|01-JAN-1970|0|0|293|0| |0|||0|6200000072|10|0|0|1|202547|CONSTRAINED|CONSTRAINED|CONSTRAINED_202547_2025-11-20_0656|BY_IF
2001-001-001|VF|2| |294|24-JAN-2026|0|0|0|0|0|0|400|75|0|0|24-JAN-2026|0|6|01-JAN-1970|0|0|294|0| |0|||0|6200000072|10|0|0|1|202547|CONSTRAINED|CONSTRAINED|CONSTRAINED_202547_2025-11-20_0656|BY_IF
2001-001-001|VF|2| |295|13-JUN-2026|0|0|0|0|0|0|400|75|0|0|13-JUN-2026|0|6|01-JAN-1970|0|0|295|0| |0|||0|6200000072|10|0|0|1|202547|CONSTRAINED|CONSTRAINED|CONSTRAINED_202547_2025-11-20_0656|BY_IF
2001-001-001|VF|2| |296|20-JUN-2026|0|0|0|0|0|0|400|75|0|0|20-JUN-2026|0|6|01-JAN-1970|0|0|296|0| |0|||0|6200000072|10|0|0|1|202547|CONSTRAINED|CONSTRAINED|CONSTRAINED_202547_2025-11-20_0656|BY_IF
2001-001-001|VF|2| |297|14-FEB-2026|0|0|0|0|0|0|400|75|0|0|14-FEB-2026|0|6|01-JAN-1970|0|0|297|0| |0|||0|6200000072|10|0|0|1|202547|CONSTRAINED|CONSTRAINED|CONSTRAINED_202547_2025-11-20_0656|BY_IF
2001-001-001|VF|2| |298|07-FEB-2026|0|0|0|0|0|0|400|75|0|0|07-FEB-2026|0|6|01-JAN-1970|0|0|298|0| |0|||0|6200000072|10|0|0|1|202547|CONSTRAINED|CONSTRAINED|CONSTRAINED_202547_2025-11-20_0656|BY_IF
2001-001-001|VF|2| |299|27-JUN-2026|0|0|0|0|0|0|400|75|0|0|27-JUN-2026|0|6|01-JAN-1970|0|0|299|0| |0|||0|6200000072|10|0|0|1|202547|CONSTRAINED|CONSTRAINED|CONSTRAINED_202547_2025-11-20_0656|BY_IF
2001-001-001|VF|2| |300|04-JUL-2026|0|0|0|0|0|0|400|75|0|0|04-JUL-2026|0|6|01-JAN-1970|0|0|300|0| |0|||0|6200000072|10|0|0|1|202547|CONSTRAINED|CONSTRAINED|CONSTRAINED_202547_2025-11-20_0656|BY_IF
2001-001-001|VF|2| |301|28-FEB-2026|0|0|0|0|0|0|400|75|0|0|28-FEB-2026|0|6|01-JAN-1970|0|0|301|0| |0|||0|6200000072|10|0|0|1|202547|CONSTRAINED|CONSTRAINED|CONSTRAINED_202547_2025-11-20_0656|BY_IF
2001-001-001|VF|2| |302|21-FEB-2026|0|0|0|0|0|0|400|75|0|0|21-FEB-2026|0|6|01-JAN-1970|0|0|302|0| |0|||0|6200000072|10|0|0|1|202547|CONSTRAINED|CONSTRAINED|CONSTRAINED_202547_2025-11-20_0656|BY_IF
2001-001-001|VF|2| |303|11-JUL-2026|0|0|0|0|0|0|400|75|0|0|11-JUL-2026|0|6|01-JAN-1970|0|0|303|0| |0|||0|6200000072|10|0|0|1|202547|CONSTRAINED|CONSTRAINED|CONSTRAINED_202547_2025-11-20_0656|BY_IF
2001-001-001|VF|2| |304|18-JUL-2026|0|0|0|0|0|0|400|75|0|0|18-JUL-2026|0|6|01-JAN-1970|0|0|304|0| |0|||0|6200000072|10|0|0|1|202547|CONSTRAINED|CONSTRAINED|CONSTRAINED_202547_2025-11-20_0656|BY_IF
2001-001-001|VF|2| |305|27-DEC-2025|0|0|0|0|0|0|400|75|0|0|27-DEC-2025|0|6|01-JAN-1970|0|0|305|0| |0|||0|6200000072|10|0|0|1|202547|CONSTRAINED|CONSTRAINED|CONSTRAINED_202547_2025-11-20_0656|BY_IF
2001-001-001|VF|2| |306|03-JAN-2026|0|0|0|0|0|0|400|75|0|0|03-JAN-2026|0|6|01-JAN-1970|0|0|306|0| |0|||0|6200000072|10|0|0|1|202547|CONSTRAINED|CONSTRAINED|CONSTRAINED_202547_2025-11-20_0656|BY_IF
2001-001-001|VF|2| |307|16-MAY-2026|0|0|0|0|0|0|400|75|0|0|16-MAY-2026|0|6|01-JAN-1970|0|0|307|0| |0|||0|6200000072|10|0|0|1|202547|CONSTRAINED|CONSTRAINED|CONSTRAINED_202547_2025-11-20_0656|BY_IF
2001-001-001|VF|2| |308|23-MAY-2026|0|0|0|0|0|0|400|75|0|0|23-MAY-2026|0|6|01-JAN-1970|0|0|308|0| |0|||0|6200000072|10|0|0|1|202547|CONSTRAINED|CONSTRAINED|CONSTRAINED_202547_2025-11-20_0656|BY_IF
2001-001-001|VF|2| |309|28-MAR-2026|0|0|0|0|0|0|400|75|0|0|28-MAR-2026|0|6|01-JAN-1970|0|0|309|0| |0|||0|6200000072|10|0|0|1|202547|CONSTRAINED|CONSTRAINED|CONSTRAINED_202547_2025-11-20_0656|BY_IF
2001-001-001|VF|2| |310|21-MAR-2026|0|0|0|0|0|0|400|75|0|0|21-MAR-2026|0|6|01-JAN-1970|0|0|310|0| |0|||0|6200000072|10|0|0|1|202547|CONSTRAINED|CONSTRAINED|CONSTRAINED_202547_2025-11-20_0656|BY_IF
2001-001-001|VF|2| |311|11-APR-2026|0|0|0|0|0|0|400|75|0|0|11-APR-2026|0|6|01-JAN-1970|0|0|311|0| |0|||0|6200000072|10|0|0|1|202547|CONSTRAINED|CONSTRAINED|CONSTRAINED_202547_2025-11-20_0656|BY_IF
2001-001-001|VF|2| |312|04-APR-2026|0|0|0|0|0|0|400|75|0|0|04-APR-2026|0|6|01-JAN-1970|0|0|312|0| |0|||0|6200000072|10|0|0|1|202547|CONSTRAINED|CONSTRAINED|CONSTRAINED_202547_2025-11-20_0656|BY_IF
2001-001-001|VF|2| |313|25-APR-2026|0|0|0|0|0|0|400|75|0|0|25-APR-2026|0|6|01-JAN-1970|0|0|313|0| |0|||0|6200000072|10|0|0|1|202547|CONSTRAINED|CONSTRAINED|CONSTRAINED_202547_2025-11-20_0656|BY_IF
2001-001-001|VF|2| |314|18-APR-2026|0|0|0|0|0|0|400|75|0|0|18-APR-2026|0|6|01-JAN-1970|0|0|314|0| |0|||0|6200000072|10|0|0|1|202547|CONSTRAINED|CONSTRAINED|CONSTRAINED_202547_2025-11-20_0656|BY_IF
2001-001-001|VF|2| |315|13-DEC-2025|0|0|0|0|0|0|400|75|0|0|13-DEC-2025|0|6|01-JAN-1970|0|0|315|0| |0|||0|6200000072|10|0|0|1|202547|CONSTRAINED|CONSTRAINED|CONSTRAINED_202547_2025-11-20_0656|BY_IF
2001-001-001|VF|2| |316|20-DEC-2025|0|0|0|0|0|0|400|75|0|0|20-DEC-2025|0|6|01-JAN-1970|0|0|316|0| |0|||0|6200000072|10|0|0|1|202547|CONSTRAINED|CONSTRAINED|CONSTRAINED_202547_2025-11-20_0656|BY_IF
2001-001-001|VF|2| |317|09-MAY-2026|0|0|0|0|0|0|400|75|0|0|09-MAY-2026|0|6|01-JAN-1970|0|0|317|0| |0|||0|6200000072|10|0|0|1|202547|CONSTRAINED|CONSTRAINED|CONSTRAINED_202547_2025-11-20_0656|BY_IF
2001-001-001|VF|2| |318|02-MAY-2026|0|0|0|0|0|0|400|75|0|0|02-MAY-2026|0|6|01-JAN-1970|0|0|318|0| |0|||0|6200000072|10|0|0|1|202547|CONSTRAINED|CONSTRAINED|CONSTRAINED_202547_2025-11-20_0656|BY_IF
2001-001-001|VF|2| |319|22-NOV-2025|0|0|0|0|0|0|510|38|0|0|22-NOV-2025|0|6|01-JAN-1970|0|0|319|0| |0|||0|6200000072|11|0|0|1|202547|CONSTRAINED|CONSTRAINED|CONSTRAINED_202547_2025-11-20_0656|BY_IF
2001-001-001|VF|2| |320|06-DEC-2025|0|0|0|0|0|0|400|49|0|0|06-DEC-2025|0|6|01-JAN-1970|0|0|320|0| |0|||0|6200000072|10|0|0|1|202547|CONSTRAINED|CONSTRAINED|CONSTRAINED_202547_2025-11-20_0656|BY_IF
2001-001-001|VF|2| |1536|03-JUL-2027|0|0|0|0|0|0|1200|75|0|0|03-JUL-2027|0|6|01-JAN-1970|0|0|1536|0| |0|||0|6200000072|13|0|0|1|202547|CONSTRAINED|CONSTRAINED|CONSTRAINED_202547_2025-11-20_0656|BY_IF
2001-001-001|VF|2| |1537|21-NOV-2026|0|0|0|0|0|0|1200|75|0|0|21-NOV-2026|0|6|01-JAN-1970|0|0|1537|0| |0|||0|6200000072|13|0|0|1|202547|CONSTRAINED|CONSTRAINED|CONSTRAINED_202547_2025-11-20_0656|BY_IF
2001-001-001|VF|2| |1538|26-DEC-2026|0|0|0|0|0|0|1200|75|0|0|26-DEC-2026|0|6|01-JAN-1970|0|0|1538|0| |0|||0|6200000072|13|0|0|1|202547|CONSTRAINED|CONSTRAINED|CONSTRAINED_202547_2025-11-20_0656|BY_IF
2001-001-001|VF|2| |1539|08-MAY-2027|0|0|0|0|0|0|1200|75|0|0|08-MAY-2027|0|6|01-JAN-1970|0|0|1539|0| |0|||0|6200000072|13|0|0|1|202547|CONSTRAINED|CONSTRAINED|CONSTRAINED_202547_2025-11-20_0656|BY_IF
2001-001-001|VF|2| |1540|10-APR-2027|0|0|0|0|0|0|1200|75|0|0|10-APR-2027|0|6|01-JAN-1970|0|0|1540|0| |0|||0|6200000072|13|0|0|1|202547|CONSTRAINED|CONSTRAINED|CONSTRAINED_202547_2025-11-20_0656|BY_IF
2001-001-001|VF|2| |1541|20-FEB-2027|0|0|0|0|0|0|1200|75|0|0|20-FEB-2027|0|6|01-JAN-1970|0|0|1541|0| |0|||0|6200000072|13|0|0|1|202547|CONSTRAINED|CONSTRAINED|CONSTRAINED_202547_2025-11-20_0656|BY_IF
2001-001-001|VF|2| |1542|13-MAR-2027|0|0|0|0|0|0|1200|75|0|0|13-MAR-2027|0|6|01-JAN-1970|0|0|1542|0| |0|||0|6200000072|13|0|0|1|202547|CONSTRAINED|CONSTRAINED|CONSTRAINED_202547_2025-11-20_0656|BY_IF
2001-001-001|VF|2| |1543|15-AUG-2026|0|0|0|0|0|0|1200|75|0|0|15-AUG-2026|0|6|01-JAN-1970|0|0|1543|0| |0|||0|6200000072|13|0|0|1|202547|CONSTRAINED|CONSTRAINED|CONSTRAINED_202547_2025-11-20_0656|BY_IF
2001-001-001|VF|2| |1544|12-DEC-2026|0|0|0|0|0|0|1200|75|0|0|12-DEC-2026|0|6|01-JAN-1970|0|0|1544|0| |0|||0|6200000072|13|0|0|1|202547|CONSTRAINED|CONSTRAINED|CONSTRAINED_202547_2025-11-20_0656|BY_IF
2001-001-001|VF|2| |1545|26-JUN-2027|0|0|0|0|0|0|1200|75|0|0|26-JUN-2027|0|6|01-JAN-1970|0|0|1545|0| |0|||0|6200000072|13|0|0|1|202547|CONSTRAINED|CONSTRAINED|CONSTRAINED_202547_2025-11-20_0656|BY_IF
2001-001-001|VF|2| |1546|12-SEP-2026|0|0|0|0|0|0|1200|75|0|0|12-SEP-2026|0|6|01-JAN-1970|0|0|1546|0| |0|||0|6200000072|13|0|0|1|202547|CONSTRAINED|CONSTRAINED|CONSTRAINED_202547_2025-11-20_0656|BY_IF
2001-001-001|VF|2| |1547|29-MAY-2027|0|0|0|0|0|0|1200|75|0|0|29-MAY-2027|0|6|01-JAN-1970|0|0|1547|0| |0|||0|6200000072|13|0|0|1|202547|CONSTRAINED|CONSTRAINED|CONSTRAINED_202547_2025-11-20_0656|BY_IF
2001-001-001|VF|2| |1548|17-OCT-2026|0|0|0|0|0|0|1200|75|0|0|17-OCT-2026|0|6|01-JAN-1970|0|0|1548|0| |0|||0|6200000072|13|0|0|1|202547|CONSTRAINED|CONSTRAINED|CONSTRAINED_202547_2025-11-20_0656|BY_IF
2001-001-001|VF|2| |1549|10-OCT-2026|0|0|0|0|0|0|1200|75|0|0|10-OCT-2026|0|6|01-JAN-1970|0|0|1549|0| |0|||0|6200000072|13|0|0|1|202547|CONSTRAINED|CONSTRAINED|CONSTRAINED_202547_2025-11-20_0656|BY_IF
2001-001-001|VF|2| |1550|14-NOV-2026|0|0|0|0|0|0|1200|75|0|0|14-NOV-2026|0|6|01-JAN-1970|0|0|1550|0| |0|||0|6200000072|13|0|0|1|202547|CONSTRAINED|CONSTRAINED|CONSTRAINED_202547_2025-11-20_0656|BY_IF
2001-001-001|VF|2| |1551|01-AUG-2026|0|0|0|0|0|0|1200|75|0|0|01-AUG-2026|0|6|01-JAN-1970|0|0|1551|0| |0|||0|6200000072|13|0|0|1|202547|CONSTRAINED|CONSTRAINED|CONSTRAINED_202547_2025-11-20_0656|BY_IF
2001-001-001|VF|2| |1552|16-JAN-2027|0|0|0|0|0|0|1200|75|0|0|16-JAN-2027|0|6|01-JAN-1970|0|0|1552|0| |0|||0|6200000072|13|0|0|1|202547|CONSTRAINED|CONSTRAINED|CONSTRAINED_202547_2025-11-20_0656|BY_IF
2001-001-001|VF|2| |1553|17-APR-2027|0|0|0|0|0|0|1200|75|0|0|17-APR-2027|0|6|01-JAN-1970|0|0|1553|0| |0|||0|6200000072|13|0|0|1|202547|CONSTRAINED|CONSTRAINED|CONSTRAINED_202547_2025-11-20_0656|BY_IF
2001-001-001|VF|2| |1554|13-FEB-2027|0|0|0|0|0|0|1200|75|0|0|13-FEB-2027|0|6|01-JAN-1970|0|0|1554|0| |0|||0|6200000072|13|0|0|1|202547|CONSTRAINED|CONSTRAINED|CONSTRAINED_202547_2025-11-20_0656|BY_IF
2001-001-001|VF|2| |1555|20-MAR-2027|0|0|0|0|0|0|1200|75|0|0|20-MAR-2027|0|6|01-JAN-1970|0|0|1555|0| |0|||0|6200000072|13|0|0|1|202547|CONSTRAINED|CONSTRAINED|CONSTRAINED_202547_2025-11-20_0656|BY_IF
2001-001-001|VF|2| |1556|22-AUG-2026|0|0|0|0|0|0|1200|75|0|0|22-AUG-2026|0|6|01-JAN-1970|0|0|1556|0| |0|||0|6200000072|13|0|0|1|202547|CONSTRAINED|CONSTRAINED|CONSTRAINED_202547_2025-11-20_0656|BY_IF
2001-001-001|VF|2| |1557|05-DEC-2026|0|0|0|0|0|0|1200|75|0|0|05-DEC-2026|0|6|01-JAN-1970|0|0|1557|0| |0|||0|6200000072|13|0|0|1|202547|CONSTRAINED|CONSTRAINED|CONSTRAINED_202547_2025-11-20_0656|BY_IF
2001-001-001|VF|2| |1558|19-JUN-2027|0|0|0|0|0|0|1200|75|0|0|19-JUN-2027|0|6|01-JAN-1970|0|0|1558|0| |0|||0|6200000072|13|0|0|1|202547|CONSTRAINED|CONSTRAINED|CONSTRAINED_202547_2025-11-20_0656|BY_IF
2001-001-001|VF|2| |1559|24-JUL-2027|0|0|0|0|0|0|1200|75|0|0|24-JUL-2027|0|6|01-JAN-1970|0|0|1559|0| |0|||0|6200000072|13|0|0|1|202547|CONSTRAINED|CONSTRAINED|CONSTRAINED_202547_2025-11-20_0656|BY_IF
2001-001-001|VF|2| |1560|19-SEP-2026|0|0|0|0|0|0|1200|75|0|0|19-SEP-2026|0|6|01-JAN-1970|0|0|1560|0| |0|||0|6200000072|13|0|0|1|202547|CONSTRAINED|CONSTRAINED|CONSTRAINED_202547_2025-11-20_0656|BY_IF
2001-001-001|VF|2| |1561|22-MAY-2027|0|0|0|0|0|0|1200|75|0|0|22-MAY-2027|0|6|01-JAN-1970|0|0|1561|0| |0|||0|6200000072|13|0|0|1|202547|CONSTRAINED|CONSTRAINED|CONSTRAINED_202547_2025-11-20_0656|BY_IF
2001-001-001|VF|2| |1562|07-NOV-2026|0|0|0|0|0|0|1200|75|0|0|07-NOV-2026|0|6|01-JAN-1970|0|0|1562|0| |0|||0|6200000072|13|0|0|1|202547|CONSTRAINED|CONSTRAINED|CONSTRAINED_202547_2025-11-20_0656|BY_IF
2001-001-001|VF|2| |1563|17-JUL-2027|0|0|0|0|0|0|1200|75|0|0|17-JUL-2027|0|6|01-JAN-1970|0|0|1563|0| |0|||0|6200000072|13|0|0|1|202547|CONSTRAINED|CONSTRAINED|CONSTRAINED_202547_2025-11-20_0656|BY_IF
2001-001-001|VF|2| |1564|06-FEB-2027|0|0|0|0|0|0|1200|75|0|0|06-FEB-2027|0|6|01-JAN-1970|0|0|1564|0| |0|||0|6200000072|13|0|0|1|202547|CONSTRAINED|CONSTRAINED|CONSTRAINED_202547_2025-11-20_0656|BY_IF
2001-001-001|VF|2| |1565|09-JAN-2027|0|0|0|0|0|0|1200|75|0|0|09-JAN-2027|0|6|01-JAN-1970|0|0|1565|0| |0|||0|6200000072|13|0|0|1|202547|CONSTRAINED|CONSTRAINED|CONSTRAINED_202547_2025-11-20_0656|BY_IF
2001-001-001|VF|2| |1566|24-APR-2027|0|0|0|0|0|0|1200|75|0|0|24-APR-2027|0|6|01-JAN-1970|0|0|1566|0| |0|||0|6200000072|13|0|0|1|202547|CONSTRAINED|CONSTRAINED|CONSTRAINED_202547_2025-11-20_0656|BY_IF
2001-001-001|VF|2| |1567|27-MAR-2027|0|0|0|0|0|0|1200|75|0|0|27-MAR-2027|0|6|01-JAN-1970|0|0|1567|0| |0|||0|6200000072|13|0|0|1|202547|CONSTRAINED|CONSTRAINED|CONSTRAINED_202547_2025-11-20_0656|BY_IF
2001-001-001|VF|2| |1568|12-JUN-2027|0|0|0|0|0|0|1200|75|0|0|12-JUN-2027|0|6|01-JAN-1970|0|0|1568|0| |0|||0|6200000072|13|0|0|1|202547|CONSTRAINED|CONSTRAINED|CONSTRAINED_202547_2025-11-20_0656|BY_IF
2001-001-001|VF|2| |1569|29-AUG-2026|0|0|0|0|0|0|1200|75|0|0|29-AUG-2026|0|6|01-JAN-1970|0|0|1569|0| |0|||0|6200000072|13|0|0|1|202547|CONSTRAINED|CONSTRAINED|CONSTRAINED_202547_2025-11-20_0656|BY_IF
2001-001-001|VF|2| |1570|15-MAY-2027|0|0|0|0|0|0|1200|75|0|0|15-MAY-2027|0|6|01-JAN-1970|0|0|1570|0| |0|||0|6200000072|13|0|0|1|202547|CONSTRAINED|CONSTRAINED|CONSTRAINED_202547_2025-11-20_0656|BY_IF
2001-001-001|VF|2| |1571|31-OCT-2026|0|0|0|0|0|0|1200|75|0|0|31-OCT-2026|0|6|01-JAN-1970|0|0|1571|0| |0|||0|6200000072|13|0|0|1|202547|CONSTRAINED|CONSTRAINED|CONSTRAINED_202547_2025-11-20_0656|BY_IF
2001-001-001|VF|2| |1572|26-SEP-2026|0|0|0|0|0|0|1200|75|0|0|26-SEP-2026|0|6|01-JAN-1970|0|0|1572|0| |0|||0|6200000072|13|0|0|1|202547|CONSTRAINED|CONSTRAINED|CONSTRAINED_202547_2025-11-20_0656|BY_IF
2001-001-001|VF|2| |1573|28-NOV-2026|0|0|0|0|0|0|1200|75|0|0|28-NOV-2026|0|6|01-JAN-1970|0|0|1573|0| |0|||0|6200000072|13|0|0|1|202547|CONSTRAINED|CONSTRAINED|CONSTRAINED_202547_2025-11-20_0656|BY_IF
2001-001-001|VF|2| |1574|10-JUL-2027|0|0|0|0|0|0|1200|75|0|0|10-JUL-2027|0|6|01-JAN-1970|0|0|1574|0| |0|||0|6200000072|13|0|0|1|202547|CONSTRAINED|CONSTRAINED|CONSTRAINED_202547_2025-11-20_0656|BY_IF
2001-001-001|VF|2| |1575|30-JAN-2027|0|0|0|0|0|0|1200|75|0|0|30-JAN-2027|0|6|01-JAN-1970|0|0|1575|0| |0|||0|6200000072|13|0|0|1|202547|CONSTRAINED|CONSTRAINED|CONSTRAINED_202547_2025-11-20_0656|BY_IF
2001-001-001|VF|2| |1576|02-JAN-2027|0|0|0|0|0|0|1200|75|0|0|02-JAN-2027|0|6|01-JAN-1970|0|0|1576|0| |0|||0|6200000072|13|0|0|1|202547|CONSTRAINED|CONSTRAINED|CONSTRAINED_202547_2025-11-20_0656|BY_IF
2001-001-001|VF|2| |1577|01-MAY-2027|0|0|0|0|0|0|1200|75|0|0|01-MAY-2027|0|6|01-JAN-1970|0|0|1577|0| |0|||0|6200000072|13|0|0|1|202547|CONSTRAINED|CONSTRAINED|CONSTRAINED_202547_2025-11-20_0656|BY_IF
2001-001-001|VF|2| |1578|03-APR-2027|0|0|0|0|0|0|1200|75|0|0|03-APR-2027|0|6|01-JAN-1970|0|0|1578|0| |0|||0|6200000072|13|0|0|1|202547|CONSTRAINED|CONSTRAINED|CONSTRAINED_202547_2025-11-20_0656|BY_IF
2001-001-001|VF|2| |1579|27-FEB-2027|0|0|0|0|0|0|1200|75|0|0|27-FEB-2027|0|6|01-JAN-1970|0|0|1579|0| |0|||0|6200000072|13|0|0|1|202547|CONSTRAINED|CONSTRAINED|CONSTRAINED_202547_2025-11-20_0656|BY_IF
2001-001-001|VF|2| |1580|06-MAR-2027|0|0|0|0|0|0|1200|75|0|0|06-MAR-2027|0|6|01-JAN-1970|0|0|1580|0| |0|||0|6200000072|13|0|0|1|202547|CONSTRAINED|CONSTRAINED|CONSTRAINED_202547_2025-11-20_0656|BY_IF
2001-001-001|VF|2| |1581|08-AUG-2026|0|0|0|0|0|0|1200|75|0|0|08-AUG-2026|0|6|01-JAN-1970|0|0|1581|0| |0|||0|6200000072|13|0|0|1|202547|CONSTRAINED|CONSTRAINED|CONSTRAINED_202547_2025-11-20_0656|BY_IF
2001-001-001|VF|2| |1582|19-DEC-2026|0|0|0|0|0|0|1200|75|0|0|19-DEC-2026|0|6|01-JAN-1970|0|0|1582|0| |0|||0|6200000072|13|0|0|1|202547|CONSTRAINED|CONSTRAINED|CONSTRAINED_202547_2025-11-20_0656|BY_IF
2001-001-001|VF|2| |1583|05-JUN-2027|0|0|0|0|0|0|1200|75|0|0|05-JUN-2027|0|6|01-JAN-1970|0|0|1583|0| |0|||0|6200000072|13|0|0|1|202547|CONSTRAINED|CONSTRAINED|CONSTRAINED_202547_2025-11-20_0656|BY_IF
2001-001-001|VF|2| |1584|05-SEP-2026|0|0|0|0|0|0|1200|75|0|0|05-SEP-2026|0|6|01-JAN-1970|0|0|1584|0| |0|||0|6200000072|13|0|0|1|202547|CONSTRAINED|CONSTRAINED|CONSTRAINED_202547_2025-11-20_0656|BY_IF
2001-001-001|VF|2| |1585|24-OCT-2026|0|0|0|0|0|0|1200|75|0|0|24-OCT-2026|0|6|01-JAN-1970|0|0|1585|0| |0|||0|6200000072|13|0|0|1|202547|CONSTRAINED|CONSTRAINED|CONSTRAINED_202547_2025-11-20_0656|BY_IF
2001-001-001|VF|2| |1586|03-OCT-2026|0|0|0|0|0|0|1200|75|0|0|03-OCT-2026|0|6|01-JAN-1970|0|0|1586|0| |0|||0|6200000072|13|0|0|1|202547|CONSTRAINED|CONSTRAINED|CONSTRAINED_202547_2025-11-20_0656|BY_IF
2001-001-001|VF|2| |1587|23-JAN-2027|0|0|0|0|0|0|1200|75|0|0|23-JAN-2027|0|6|01-JAN-1970|0|0|1587|0| |0|||0|6200000072|13|0|0|1|202547|CONSTRAINED|CONSTRAINED|CONSTRAINED_202547_2025-11-20_0656|BY_IF
