CUST|EXTREF|ORDERID|ITEM|LOC|QTY|U_ORDER_TYPE|U_CREATION_DT|U_RGID_DT|U_CGID_DT|MAXLATEDUR|U_COMMITTED_CO_FLAG|U_ENGINEERING|U_SHUTTLE|U_SAMPLE|U_NPI|U_EXPEDITE|U_DPAS|U_SPECIAL|U_BACKLOG|LINEITEMEXTREF|FCSTSW|STATUS|OP_CONSUMEEARLY|U_PLANMODULE|DELRDD_CALC_DT|GI_DT
6200000072|1020000500|1020000500_0010_0001|100000000004|1004|50|ZOR|14-08-2025|14-08-2025||120960|0|0|0|0|0|0|0|0|1|10|1|1|86|BY_IF||
6200000072|1020000501|1020000501_0010_0001|100000000004|1004|25|ZOR|13-08-2025|13-08-2025||120960|0|0|0|0|0|0|0|0|1|10|1|1|86|BY_IF||
6200000072|1020000502|1020000502_0010_0001|100000000004|1004|25|ZOR|17-07-2025|24-09-2025||120960|0|0|0|0|0|0|0|0|0|10|1|1|86|BY_IF||
6200000072|1020000503|1020000503_0010_0001|100000000004|1004|25|ZOR|23-07-2025|23-07-2025||120960|0|0|0|0|0|0|0|0|1|10|1|1|86|BY_IF||
6200000072|1020000504|1020000504_0010_0001|100000000004|1004|25|ZOR|16-08-2025|16-08-2025||120960|0|0|0|0|0|0|0|0|1|10|1|1|86|BY_IF||
6200000072|1020000505|1020000505_0010_0001|100000000004|1004|10|ZOR|12-08-2025|12-08-2025||120960|0|0|0|0|0|0|0|0|1|10|1|1|86|BY_IF||
6200000072|1020000506|1020000506_0010_0001|100000000004|1004|25|ZOR|11-08-2025|11-08-2025||120960|0|0|0|0|0|0|0|0|1|10|1|1|86|BY_IF||
6200000072|1020000507|1020000507_0010_0001|100000000004|1004|25|ZOR|11-08-2025|11-08-2025||120960|0|0|0|0|0|0|0|0|1|10|1|1|86|BY_IF||
6200000072|1020000508|1020000508_0010_0001|100000000004|1004|75|ZOR|24-07-2025|24-07-2025||120960|0|0|0|0|0|0|0|0|1|10|1|1|86|BY_IF||
6200000072|1020000509|1020000509_0010_0001|100000000004|1004|25|ZOR|12-08-2025|12-08-2025||120960|0|0|0|0|0|0|0|0|1|10|1|1|86|BY_IF||
6200000072|1020000510|1020000510_0010_0001|100000000004|1004|50|ZOR|12-08-2025|12-08-2025||120960|0|0|0|0|0|0|0|0|1|10|1|1|86|BY_IF||
6200000072|1020000511|1020000511_0010_0001|100000000004|1004|10|ZOR|30-08-2025|30-08-2025||120960|0|0|0|0|0|0|0|0|1|10|1|1|86|BY_IF||
6200000072|1020000512|1020000512_0010_0001|100000000004|1004|25|ZOR|27-06-2025|24-09-2025||120960|0|0|0|0|0|0|0|0|0|10|1|1|86|BY_IF||
6200000072|1020000513|1020000513_0010_0001|100000000004|1004|25|ZOR|12-08-2025|12-08-2025||120960|0|0|0|0|0|0|0|0|1|10|1|1|86|BY_IF||
6200000072|1020000514|1020000514_0010_0001|100000000004|1004|20|ZOR|23-07-2025|23-07-2025||120960|0|0|0|0|0|0|0|0|1|10|1|1|86|BY_IF||
6200000072|1020000515|1020000515_0010_0001|100000000004|1004|100|ZOR|17-08-2025|17-08-2025||120960|0|0|0|0|0|0|0|0|1|10|1|1|86|BY_IF||
6200000072|1020000516|1020000516_0010_0001|100000000004|1004|100|ZOR|18-08-2025|18-08-2025||120960|0|0|0|0|0|0|0|0|1|10|1|1|86|BY_IF||
6200000072|1020000517|1020000517_0010_0001|100000000004|1004|100|ZOR|14-08-2025|14-08-2025||120960|0|0|0|0|0|0|0|0|1|10|1|1|86|BY_IF||
6200000072|1020000518|1020000518_0010_0001|100000000004|1004|25|ZOR|11-08-2025|11-08-2025||120960|0|0|0|0|0|0|0|0|1|10|1|1|86|BY_IF||
6200000072|1020000519|1020000519_0010_0001|100000000004|1004|50|ZOR|18-08-2025|18-08-2025||120960|0|0|0|0|0|0|0|0|1|10|1|1|86|BY_IF||
6200000072|1020000520|1020000520_0010_0001|100000000004|1004|20|ZOR|22-07-2025|22-07-2025||120960|0|0|0|0|0|0|0|0|1|10|1|1|86|BY_IF||
6200000072|1020000521|1020000521_0010_0001|100000000004|1004|50|ZOR|23-07-2025|23-07-2025||120960|0|0|0|0|0|0|0|0|1|10|1|1|86|BY_IF||
6200000072|1020000522|1020000522_0010_0001|100000000004|1004|100|ZOR|13-08-2025|13-08-2025||120960|0|0|0|0|0|0|0|0|1|10|1|1|86|BY_IF||
6200000072|1020000523|1020000523_0010_0001|100000000004|1004|25|ZOR|23-07-2025|23-07-2025||120960|0|0|0|0|0|0|0|0|1|10|1|1|86|BY_IF||
6200000072|1020000524|1020000524_0010_0001|100000000004|1012|10|ZOR|09-08-2025|09-08-2025||120960|0|0|0|0|0|0|0|0|1|10|1|1|86|BY_IF||
6200000072|1020000525|1020000525_0010_0001|100000000004|1012|20|ZOR|23-07-2025|23-07-2025||120960|0|0|0|0|0|0|0|0|1|10|1|1|86|BY_IF||
6200000072|1020000526|1020000526_0010_0001|100000000004|1012|20|ZOR|23-07-2025|23-07-2025||120960|0|0|0|0|0|0|0|0|1|10|1|1|86|BY_IF||
6200000072|1020000527|1020000527_0010_0001|100000000004|1012|25|ZOR|18-08-2025|18-08-2025||120960|0|0|0|0|0|0|0|0|1|10|1|1|86|BY_IF||
6200000072|1020000528|1020000528_0010_0001|100000000004|1012|25|ZOR|13-08-2025|13-08-2025||120960|0|0|0|0|0|0|0|0|1|10|1|1|86|BY_IF||
6200000072|1020000529|1020000529_0010_0001|100000000004|1012|50|ZOR|11-08-2025|11-08-2025||120960|0|0|0|0|0|0|0|0|1|10|1|1|86|BY_IF||
6200000072|1020000530|1020000530_0010_0001|100000000004|1012|25|ZOR|12-08-2025|12-08-2025||120960|0|0|0|0|0|0|0|0|1|10|1|1|86|BY_IF||
6200000072|1020000531|1020000531_0010_0001|100000000004|1012|25|ZOR|16-08-2025|16-08-2025||120960|0|0|0|0|0|0|0|0|1|10|1|1|86|BY_IF||
6200000072|1020000532|1020000532_0010_0001|100000000004|1012|75|ZOR|14-08-2025|14-08-2025||120960|0|0|0|0|0|0|0|0|1|10|1|1|86|BY_IF||
6200000072|1020000533|1020000533_0010_0001|100000000004|1012|25|ZOR|18-08-2025|18-08-2025||120960|0|0|0|0|0|0|0|0|1|10|1|1|86|BY_IF||
6200000072|1020000534|1020000534_0010_0001|100000000004|1012|25|ZOR|23-07-2025|23-07-2025||120960|0|0|0|0|0|0|0|0|1|10|1|1|86|BY_IF||
6200000072|1020000535|1020000535_0010_0001|100000000004|1012|35|ZOR|23-08-2025|23-08-2025||120960|0|0|0|0|0|0|0|0|1|10|1|1|86|BY_IF||
6200000072|1020000536|1020000536_0010_0001|100000000004|1012|25|ZOR|14-08-2025|14-08-2025||120960|0|0|0|0|0|0|0|0|1|10|1|1|86|BY_IF||
6200000072|1020000537|1020000537_0010_0001|100000000004|1012|25|ZOR|13-08-2025|13-08-2025||120960|0|0|0|0|0|0|0|0|1|10|1|1|86|BY_IF||
6200000072|1020000538|1020000538_0010_0001|100000000004|1012|65|ZOR|23-08-2025|23-08-2025||120960|0|0|0|0|0|0|0|0|1|10|1|1|86|BY_IF||
6200000072|1020000539|1020000539_0010_0001|100000000004|1012|2|ZOR|20-08-2025|20-08-2025||120960|0|0|0|0|0|0|0|0|1|10|1|1|86|BY_IF||
6200000072|1020000540|1020000540_0010_0001|100000000004|1012|25|ZOR|17-08-2025|17-08-2025||120960|0|0|0|0|0|0|0|0|1|10|1|1|86|BY_IF||
6200000072|1020000541|1020000541_0010_0001|100000000004|1012|25|ZOR|21-07-2025|21-07-2025||120960|0|0|0|0|0|0|0|0|1|10|1|1|86|BY_IF||
6200000072|1020000600|1020000600_0010_0001|100000000008|1003|70|ZOR|14-08-2025|14-08-2025||120960|0|0|0|0|0|0|0|0|1|10|1|1|86|BY_IF||
6200000072|1020000601|1020000601_0010_0001|100000000008|1003|25|ZOR|13-08-2025|13-08-2025||120960|0|0|0|0|0|0|0|0|1|10|1|1|86|BY_IF||
6200000072|1020000602|1020000602_0010_0001|100000000008|1003|25|ZOR|17-07-2025|24-09-2025||120960|0|0|0|0|0|0|0|0|0|10|1|1|86|BY_IF||
6200000072|1020000603|1020000603_0010_0001|100000000008|1003|25|ZOR|23-07-2025|23-07-2025||120960|0|0|0|0|0|0|0|0|1|10|1|1|86|BY_IF||
6200000072|1020000604|1020000604_0010_0001|100000000008|1003|25|ZOR|16-08-2025|16-08-2025||120960|0|0|0|0|0|0|0|0|1|10|1|1|86|BY_IF||
6200000072|1020000605|1020000605_0010_0001|100000000008|1003|10|ZOR|12-08-2025|12-08-2025||120960|0|0|0|0|0|0|0|0|1|10|1|1|86|BY_IF||
6200000072|1020000606|1020000606_0010_0001|100000000008|1003|25|ZOR|11-08-2025|11-08-2025||120960|0|0|0|0|0|0|0|0|1|10|1|1|86|BY_IF||
6200000072|1020000607|1020000607_0010_0001|100000000008|1003|25|ZOR|11-08-2025|11-08-2025||120960|0|0|0|0|0|0|0|0|1|10|1|1|86|BY_IF||
6200000072|1020000608|1020000608_0010_0001|100000000008|1003|75|ZOR|24-07-2025|24-07-2025||120960|0|0|0|0|0|0|0|0|1|10|1|1|86|BY_IF||
6200000072|1020000609|1020000609_0010_0001|100000000008|1003|25|ZOR|12-08-2025|12-08-2025||120960|0|0|0|0|0|0|0|0|1|10|1|1|86|BY_IF||
6200000072|1020000610|1020000610_0010_0001|100000000008|1003|50|ZOR|12-08-2025|12-08-2025||120960|0|0|0|0|0|0|0|0|1|10|1|1|86|BY_IF||
6200000072|1020000611|1020000611_0010_0001|100000000008|1003|10|ZOR|30-08-2025|30-08-2025||120960|0|0|0|0|0|0|0|0|1|10|1|1|86|BY_IF||
6200000072|1020000612|1020000612_0010_0001|100000000008|1003|25|ZOR|27-06-2025|24-09-2025||120960|0|0|0|0|0|0|0|0|0|10|1|1|86|BY_IF||
6200000072|1020000613|1020000613_0010_0001|100000000008|1003|25|ZOR|12-08-2025|12-08-2025||120960|0|0|0|0|0|0|0|0|1|10|1|1|86|BY_IF||
6200000072|1020000614|1020000614_0010_0001|100000000008|1003|20|ZOR|23-07-2025|23-07-2025||120960|0|0|0|0|0|0|0|0|1|10|1|1|86|BY_IF||
6200000072|1020000615|1020000615_0010_0001|100000000008|1003|100|ZOR|17-08-2025|17-08-2025||120960|0|0|0|0|0|0|0|0|1|10|1|1|86|BY_IF||
6200000072|1020000616|1020000616_0010_0001|100000000008|1003|100|ZOR|18-08-2025|18-08-2025||120960|0|0|0|0|0|0|0|0|1|10|1|1|86|BY_IF||
6200000072|1020000617|1020000617_0010_0001|100000000008|1003|100|ZOR|14-08-2025|14-08-2025||120960|0|0|0|0|0|0|0|0|1|10|1|1|86|BY_IF||
6200000072|1020000618|1020000618_0010_0001|100000000008|1003|25|ZOR|11-08-2025|11-08-2025||120960|0|0|0|0|0|0|0|0|1|10|1|1|86|BY_IF||
6200000072|1020000619|1020000619_0010_0001|100000000008|1003|50|ZOR|18-08-2025|18-08-2025||120960|0|0|0|0|0|0|0|0|1|10|1|1|86|BY_IF||
6200000072|1020000620|1020000620_0010_0001|100000000008|1003|20|ZOR|22-07-2025|22-07-2025||120960|0|0|0|0|0|0|0|0|1|10|1|1|86|BY_IF||
6200000072|1020000621|1020000621_0010_0001|100000000008|1003|50|ZOR|23-07-2025|23-07-2025||120960|0|0|0|0|0|0|0|0|1|10|1|1|86|BY_IF||
6200000072|1020000622|1020000622_0010_0001|100000000008|1003|100|ZOR|13-08-2025|13-08-2025||120960|0|0|0|0|0|0|0|0|1|10|1|1|86|BY_IF||
6200000072|1020000623|1020000623_0010_0001|100000000008|1006|25|ZOR|23-07-2025|23-07-2025||120960|0|0|0|0|0|0|0|0|1|10|1|1|86|BY_IF||
6200000072|1020000624|1020000624_0010_0001|100000000008|1006|10|ZOR|09-08-2025|09-08-2025||120960|0|0|0|0|0|0|0|0|1|10|1|1|86|BY_IF||
6200000072|1020000625|1020000625_0010_0001|100000000008|1006|20|ZOR|23-07-2025|23-07-2025||120960|0|0|0|0|0|0|0|0|1|10|1|1|86|BY_IF||
6200000072|1020000626|1020000626_0010_0001|100000000008|1006|20|ZOR|23-07-2025|23-07-2025||120960|0|0|0|0|0|0|0|0|1|10|1|1|86|BY_IF||
6200000072|1020000627|1020000627_0010_0001|100000000008|1006|25|ZOR|18-08-2025|18-08-2025||120960|0|0|0|0|0|0|0|0|1|10|1|1|86|BY_IF||
6200000072|1020000628|1020000628_0010_0001|100000000008|1006|25|ZOR|13-08-2025|13-08-2025||120960|0|0|0|0|0|0|0|0|1|10|1|1|86|BY_IF||
6200000072|1020000629|1020000629_0010_0001|100000000008|1006|50|ZOR|11-08-2025|11-08-2025||120960|0|0|0|0|0|0|0|0|1|10|1|1|86|BY_IF||
6200000072|1020000630|1020000630_0010_0001|100000000008|1006|25|ZOR|12-08-2025|12-08-2025||120960|0|0|0|0|0|0|0|0|1|10|1|1|86|BY_IF||
6200000072|1020000631|1020000631_0010_0001|100000000008|1006|25|ZOR|16-08-2025|16-08-2025||120960|0|0|0|0|0|0|0|0|1|10|1|1|86|BY_IF||
6200000072|1020000632|1020000632_0010_0001|100000000008|1006|75|ZOR|14-08-2025|14-08-2025||120960|0|0|0|0|0|0|0|0|1|10|1|1|86|BY_IF||
6200000072|1020000633|1020000633_0010_0001|100000000008|1006|25|ZOR|18-08-2025|18-08-2025||120960|0|0|0|0|0|0|0|0|1|10|1|1|86|BY_IF||
6200000072|1020000634|1020000634_0010_0001|100000000008|1006|25|ZOR|23-07-2025|23-07-2025||120960|0|0|0|0|0|0|0|0|1|10|1|1|86|BY_IF||
6200000072|1020000635|1020000635_0010_0001|100000000008|1006|35|ZOR|23-08-2025|23-08-2025||120960|0|0|0|0|0|0|0|0|1|10|1|1|86|BY_IF||
6200000072|1020000636|1020000636_0010_0001|100000000008|1006|25|ZOR|14-08-2025|14-08-2025||120960|0|0|0|0|0|0|0|0|1|10|1|1|86|BY_IF||
6200000072|1020000637|1020000637_0010_0001|100000000008|1006|25|ZOR|13-08-2025|13-08-2025||120960|0|0|0|0|0|0|0|0|1|10|1|1|86|BY_IF||
6200000072|1020000638|1020000638_0010_0001|100000000008|1006|65|ZOR|23-08-2025|23-08-2025||120960|0|0|0|0|0|0|0|0|1|10|1|1|86|BY_IF||
6200000072|1020000639|1020000639_0010_0001|100000000008|1006|2|ZOR|20-08-2025|20-08-2025||120960|0|0|0|0|0|0|0|0|1|10|1|1|86|BY_IF||
6200000072|1020000640|1020000640_0010_0001|100000000008|1006|25|ZOR|17-08-2025|17-08-2025||120960|0|0|0|0|0|0|0|0|1|10|1|1|86|BY_IF||
6200000072|1020000641|1020000641_0010_0001|100000000008|1006|25|ZOR|21-07-2025|21-07-2025||120960|0|0|0|0|0|0|0|0|1|10|1|1|86|BY_IF||
6200000072|1020000700|1020000700_0010_0001|2001-001-001|1004|70|ZOR|14-08-2025|14-08-2025||120960|0|0|0|0|0|0|0|0|1|10|1|1|86|BY_IF||
6200000072|1020000701|1020000701_0010_0001|2001-001-001|1004|25|ZOR|13-08-2025|13-08-2025||120960|0|0|0|0|0|0|0|0|1|10|1|1|86|BY_IF||
6200000072|1020000702|1020000702_0010_0001|2001-001-001|1004|25|ZOR|17-07-2025|24-09-2025||120960|0|0|0|0|0|0|0|0|0|10|1|1|86|BY_IF||
6200000072|1020000703|1020000703_0010_0001|2001-001-001|1004|25|ZOR|23-07-2025|23-07-2025||120960|0|0|0|0|0|0|0|0|1|10|1|1|86|BY_IF||
6200000072|1020000704|1020000704_0010_0001|2001-001-001|1004|25|ZOR|16-08-2025|16-08-2025||120960|0|0|0|0|0|0|0|0|1|10|1|1|86|BY_IF||
6200000072|1020000705|1020000705_0010_0001|2001-001-001|1004|10|ZOR|12-08-2025|12-08-2025||120960|0|0|0|0|0|0|0|0|1|10|1|1|86|BY_IF||
6200000072|1020000706|1020000706_0010_0001|2001-001-001|1004|25|ZOR|11-08-2025|11-08-2025||120960|0|0|0|0|0|0|0|0|1|10|1|1|86|BY_IF||
6200000072|1020000707|1020000707_0010_0001|2001-001-001|1004|25|ZOR|11-08-2025|11-08-2025||120960|0|0|0|0|0|0|0|0|1|10|1|1|86|BY_IF||
6200000072|1020000708|1020000708_0010_0001|2001-001-001|1004|75|ZOR|24-07-2025|24-07-2025||120960|0|0|0|0|0|0|0|0|1|10|1|1|86|BY_IF||
6200000072|1020000709|1020000709_0010_0001|2001-001-001|1004|25|ZOR|12-08-2025|12-08-2025||120960|0|0|0|0|0|0|0|0|1|10|1|1|86|BY_IF||
6200000072|1020000710|1020000710_0010_0001|2001-001-001|1004|50|ZOR|12-08-2025|12-08-2025||120960|0|0|0|0|0|0|0|0|1|10|1|1|86|BY_IF||
6200000072|1020000711|1020000711_0010_0001|2001-001-001|1004|10|ZOR|30-08-2025|30-08-2025||120960|0|0|0|0|0|0|0|0|1|10|1|1|86|BY_IF||
6200000072|1020000712|1020000712_0010_0001|2001-001-001|1004|25|ZOR|27-06-2025|24-09-2025||120960|0|0|0|0|0|0|0|0|0|10|1|1|86|BY_IF||
6200000072|1020000713|1020000713_0010_0001|2001-001-001|1004|25|ZOR|12-08-2025|12-08-2025||120960|0|0|0|0|0|0|0|0|1|10|1|1|86|BY_IF||
6200000072|1020000714|1020000714_0010_0001|2001-001-001|1004|20|ZOR|23-07-2025|23-07-2025||120960|0|0|0|0|0|0|0|0|1|10|1|1|86|BY_IF||
6200000072|1020000715|1020000715_0010_0001|2001-001-001|1004|100|ZOR|17-08-2025|17-08-2025||120960|0|0|0|0|0|0|0|0|1|10|1|1|86|BY_IF||
6200000072|1020000716|1020000716_0010_0001|2001-001-001|1004|100|ZOR|18-08-2025|18-08-2025||120960|0|0|0|0|0|0|0|0|1|10|1|1|86|BY_IF||
6200000072|1020000717|1020000717_0010_0001|2001-001-001|1004|100|ZOR|14-08-2025|14-08-2025||120960|0|0|0|0|0|0|0|0|1|10|1|1|86|BY_IF||
6200000072|1020000718|1020000718_0010_0001|2001-001-001|1004|25|ZOR|11-08-2025|11-08-2025||120960|0|0|0|0|0|0|0|0|1|10|1|1|86|BY_IF||
6200000072|1020000719|1020000719_0010_0001|2001-001-001|1004|50|ZOR|18-08-2025|18-08-2025||120960|0|0|0|0|0|0|0|0|1|10|1|1|86|BY_IF||
6200000072|1020000720|1020000720_0010_0001|2001-001-001|1004|20|ZOR|22-07-2025|22-07-2025||120960|0|0|0|0|0|0|0|0|1|10|1|1|86|BY_IF||
6200000072|1020000721|1020000721_0010_0001|2001-001-001|1011|25|ZOR|23-07-2025|23-07-2025||120960|0|0|0|0|0|0|0|0|1|10|1|1|86|BY_IF||
6200000072|1020000722|1020000722_0010_0001|2001-001-001|1011|100|ZOR|13-08-2025|13-08-2025||120960|0|0|0|0|0|0|0|0|1|10|1|1|86|BY_IF||
6200000072|1020000723|1020000723_0010_0001|2001-001-001|1011|25|ZOR|23-07-2025|23-07-2025||120960|0|0|0|0|0|0|0|0|1|10|1|1|86|BY_IF||
6200000072|1020000724|1020000724_0010_0001|2001-001-001|1011|10|ZOR|09-08-2025|09-08-2025||120960|0|0|0|0|0|0|0|0|1|10|1|1|86|BY_IF||
6200000072|1020000725|1020000725_0010_0001|2001-001-001|1011|20|ZOR|23-07-2025|23-07-2025||120960|0|0|0|0|0|0|0|0|1|10|1|1|86|BY_IF||
6200000072|1020000726|1020000726_0010_0001|2001-001-001|1011|20|ZOR|23-07-2025|23-07-2025||120960|0|0|0|0|0|0|0|0|1|10|1|1|86|BY_IF||
6200000072|1020000727|1020000727_0010_0001|2001-001-001|1011|25|ZOR|18-08-2025|18-08-2025||120960|0|0|0|0|0|0|0|0|1|10|1|1|86|BY_IF||
6200000072|1020000728|1020000728_0010_0001|2001-001-001|1011|25|ZOR|13-08-2025|13-08-2025||120960|0|0|0|0|0|0|0|0|1|10|1|1|86|BY_IF||
6200000072|1020000729|1020000729_0010_0001|2001-001-001|1011|50|ZOR|11-08-2025|11-08-2025||120960|0|0|0|0|0|0|0|0|1|10|1|1|86|BY_IF||
6200000072|1020000730|1020000730_0010_0001|2001-001-001|1011|25|ZOR|12-08-2025|12-08-2025||120960|0|0|0|0|0|0|0|0|1|10|1|1|86|BY_IF||
6200000072|1020000731|1020000731_0010_0001|2001-001-001|1011|25|ZOR|16-08-2025|16-08-2025||120960|0|0|0|0|0|0|0|0|1|10|1|1|86|BY_IF||
6200000072|1020000732|1020000732_0010_0001|2001-001-001|1011|75|ZOR|14-08-2025|14-08-2025||120960|0|0|0|0|0|0|0|0|1|10|1|1|86|BY_IF||
6200000072|1020000733|1020000733_0010_0001|2001-001-001|1011|25|ZOR|18-08-2025|18-08-2025||120960|0|0|0|0|0|0|0|0|1|10|1|1|86|BY_IF||
6200000072|1020000734|1020000734_0010_0001|2001-001-001|1011|25|ZOR|23-07-2025|23-07-2025||120960|0|0|0|0|0|0|0|0|1|10|1|1|86|BY_IF||
6200000072|1020000735|1020000735_0010_0001|2001-001-001|1011|35|ZOR|23-08-2025|23-08-2025||120960|0|0|0|0|0|0|0|0|1|10|1|1|86|BY_IF||
6200000072|1020000736|1020000736_0010_0001|2001-001-001|1011|25|ZOR|14-08-2025|14-08-2025||120960|0|0|0|0|0|0|0|0|1|10|1|1|86|BY_IF||
6200000072|1020000737|1020000737_0010_0001|2001-001-001|1011|25|ZOR|13-08-2025|13-08-2025||120960|0|0|0|0|0|0|0|0|1|10|1|1|86|BY_IF||
6200000072|1020000738|1020000738_0010_0001|2001-001-001|1011|65|ZOR|23-08-2025|23-08-2025||120960|0|0|0|0|0|0|0|0|1|10|1|1|86|BY_IF||
6200000072|1020000739|1020000739_0010_0001|2001-001-001|1011|2|ZOR|20-08-2025|20-08-2025||120960|0|0|0|0|0|0|0|0|1|10|1|1|86|BY_IF||
6200000072|1020000740|1020000740_0010_0001|2001-001-001|1011|25|ZOR|17-08-2025|17-08-2025||120960|0|0|0|0|0|0|0|0|1|10|1|1|86|BY_IF||
6200000072|1020000741|1020000741_0010_0001|2001-001-001|1011|25|ZOR|21-07-2025|21-07-2025||120960|0|0|0|0|0|0|0|0|1|10|1|1|86|BY_IF||
6200000072|1020000800|1020000800_0010_0001|2000-285-610|1006|70|ZOR|14-08-2025|14-08-2025||120960|0|0|0|0|0|0|0|0|1|10|1|1|86|BY_IF||
6200000072|1020000801|1020000801_0010_0001|2000-285-610|1006|25|ZOR|13-08-2025|13-08-2025||120960|0|0|0|0|0|0|0|0|1|10|1|1|86|BY_IF||
6200000072|1020000802|1020000802_0010_0001|2000-285-610|1006|25|ZOR|17-07-2025|24-09-2025||120960|0|0|0|0|0|0|0|0|0|10|1|1|86|BY_IF||
6200000072|1020000803|1020000803_0010_0001|2000-285-610|1006|25|ZOR|23-07-2025|23-07-2025||120960|0|0|0|0|0|0|0|0|1|10|1|1|86|BY_IF||
6200000072|1020000804|1020000804_0010_0001|2000-285-610|1006|25|ZOR|16-08-2025|16-08-2025||120960|0|0|0|0|0|0|0|0|1|10|1|1|86|BY_IF||
6200000072|1020000805|1020000805_0010_0001|2000-285-610|1006|10|ZOR|12-08-2025|12-08-2025||120960|0|0|0|0|0|0|0|0|1|10|1|1|86|BY_IF||
6200000072|1020000806|1020000806_0010_0001|2000-285-610|1006|25|ZOR|11-08-2025|11-08-2025||120960|0|0|0|0|0|0|0|0|1|10|1|1|86|BY_IF||
6200000072|1020000807|1020000807_0010_0001|2000-285-610|1006|25|ZOR|11-08-2025|11-08-2025||120960|0|0|0|0|0|0|0|0|1|10|1|1|86|BY_IF||
6200000072|1020000808|1020000808_0010_0001|2000-285-610|1006|75|ZOR|24-07-2025|24-07-2025||120960|0|0|0|0|0|0|0|0|1|10|1|1|86|BY_IF||
6200000072|1020000809|1020000809_0010_0001|2000-285-610|1006|25|ZOR|12-08-2025|12-08-2025||120960|0|0|0|0|0|0|0|0|1|10|1|1|86|BY_IF||
6200000072|1020000810|1020000810_0010_0001|2000-285-610|1006|50|ZOR|12-08-2025|12-08-2025||120960|0|0|0|0|0|0|0|0|1|10|1|1|86|BY_IF||
6200000072|1020000811|1020000811_0010_0001|2000-285-610|1006|10|ZOR|30-08-2025|30-08-2025||120960|0|0|0|0|0|0|0|0|1|10|1|1|86|BY_IF||
6200000072|1020000812|1020000812_0010_0001|2000-285-610|1006|25|ZOR|27-06-2025|24-09-2025||120960|0|0|0|0|0|0|0|0|0|10|1|1|86|BY_IF||
6200000072|1020000813|1020000813_0010_0001|2000-285-610|1006|25|ZOR|12-08-2025|12-08-2025||120960|0|0|0|0|0|0|0|0|1|10|1|1|86|BY_IF||
6200000072|1020000814|1020000814_0010_0001|2000-285-610|1006|20|ZOR|23-07-2025|23-07-2025||120960|0|0|0|0|0|0|0|0|1|10|1|1|86|BY_IF||
6200000072|1020000815|1020000815_0010_0001|2000-285-610|1006|100|ZOR|17-08-2025|17-08-2025||120960|0|0|0|0|0|0|0|0|1|10|1|1|86|BY_IF||
6200000072|1020000816|1020000816_0010_0001|2000-285-610|1006|100|ZOR|18-08-2025|18-08-2025||120960|0|0|0|0|0|0|0|0|1|10|1|1|86|BY_IF||
6200000072|1020000817|1020000817_0010_0001|2000-285-610|1006|100|ZOR|14-08-2025|14-08-2025||120960|0|0|0|0|0|0|0|0|1|10|1|1|86|BY_IF||
6200000072|1020000818|1020000818_0010_0001|2000-285-610|1006|25|ZOR|11-08-2025|11-08-2025||120960|0|0|0|0|0|0|0|0|1|10|1|1|86|BY_IF||
6200000072|1020000819|1020000819_0010_0001|2000-285-610|1006|50|ZOR|18-08-2025|18-08-2025||120960|0|0|0|0|0|0|0|0|1|10|1|1|86|BY_IF||
6200000072|1020000820|1020000820_0010_0001|2000-285-610|1006|20|ZOR|22-07-2025|22-07-2025||120960|0|0|0|0|0|0|0|0|1|10|1|1|86|BY_IF||
6200000072|1020000821|1020000821_0010_0001|2000-285-610|1006|25|ZOR|23-07-2025|23-07-2025||120960|0|0|0|0|0|0|0|0|1|10|1|1|86|BY_IF||
6200000072|1020000822|1020000822_0010_0001|2000-285-610|1006|100|ZOR|13-08-2025|13-08-2025||120960|0|0|0|0|0|0|0|0|1|10|1|1|86|BY_IF||
6200000072|1020000823|1020000823_0010_0001|2000-285-610|1006|25|ZOR|23-07-2025|23-07-2025||120960|0|0|0|0|0|0|0|0|1|10|1|1|86|BY_IF||
6200000072|1020000824|1020000824_0010_0001|2000-285-610|1006|10|ZOR|09-08-2025|09-08-2025||120960|0|0|0|0|0|0|0|0|1|10|1|1|86|BY_IF||
6200000072|1020000825|1020000825_0010_0001|2000-285-610|1006|30|ZOR|23-07-2025|23-07-2025||120960|0|0|0|0|0|0|0|0|1|10|1|1|86|BY_IF||
6200000072|1020000826|1020000826_0010_0001|2000-285-610|1006|35|ZOR|23-07-2025|23-07-2025||120960|0|0|0|0|0|0|0|0|1|10|1|1|86|BY_IF||
6200000072|1020000827|1020000827_0010_0001|2000-285-610|1006|25|ZOR|18-08-2025|18-08-2025||120960|0|0|0|0|0|0|0|0|1|10|1|1|86|BY_IF||
6200000072|1020000828|1020000828_0010_0001|2000-285-610|1006|25|ZOR|13-08-2025|13-08-2025||120960|0|0|0|0|0|0|0|0|1|10|1|1|86|BY_IF||
6200000072|1020000829|1020000829_0010_0001|2000-285-610|1006|50|ZOR|11-08-2025|11-08-2025||120960|0|0|0|0|0|0|0|0|1|10|1|1|86|BY_IF||
6200000072|1020000830|1020000830_0010_0001|2000-285-610|1006|25|ZOR|12-08-2025|12-08-2025||120960|0|0|0|0|0|0|0|0|1|10|1|1|86|BY_IF||
6200000072|1020000831|1020000831_0010_0001|2000-285-610|1006|25|ZOR|16-08-2025|16-08-2025||120960|0|0|0|0|0|0|0|0|1|10|1|1|86|BY_IF||
6200000072|1020000832|1020000832_0010_0001|2000-285-610|1006|75|ZOR|14-08-2025|14-08-2025||120960|0|0|0|0|0|0|0|0|1|10|1|1|86|BY_IF||
6200000072|1020000833|1020000833_0010_0001|2000-285-610|1006|25|ZOR|18-08-2025|18-08-2025||120960|0|0|0|0|0|0|0|0|1|10|1|1|86|BY_IF||
6200000072|1020000834|1020000834_0010_0001|2000-285-610|1006|90|ZOR|23-07-2025|23-07-2025||120960|0|0|0|0|0|0|0|0|1|10|1|1|86|BY_IF||
6200000072|1020000835|1020000835_0010_0001|2000-285-610|1006|35|ZOR|23-08-2025|23-08-2025||120960|0|0|0|0|0|0|0|0|1|10|1|1|86|BY_IF||
6200000072|1020000836|1020000836_0010_0001|2000-285-610|1006|25|ZOR|14-08-2025|14-08-2025||120960|0|0|0|0|0|0|0|0|1|10|1|1|86|BY_IF||
6200000072|1020000837|1020000837_0010_0001|2000-285-610|1006|25|ZOR|13-08-2025|13-08-2025||120960|0|0|0|0|0|0|0|0|1|10|1|1|86|BY_IF||
6200000072|1020000838|1020000838_0010_0001|2000-285-610|1006|65|ZOR|23-08-2025|23-08-2025||120960|0|0|0|0|0|0|0|0|1|10|1|1|86|BY_IF||
6200000072|1020000839|1020000839_0010_0001|2000-285-610|1006|2|ZOR|20-08-2025|20-08-2025||120960|0|0|0|0|0|0|0|0|1|10|1|1|86|BY_IF||
6200000072|1020000840|1020000840_0010_0001|2000-285-610|1006|25|ZOR|17-08-2025|17-08-2025||120960|0|0|0|0|0|0|0|0|1|10|1|1|86|BY_IF||
6200000072|1020000841|1020000841_0010_0001|2000-285-610|1006|25|ZOR|21-07-2025|21-07-2025||120960|0|0|0|0|0|0|0|0|1|10|1|1|86|BY_IF||
6200000072|1020000400|1020000400_10_0001|100000000005|1004|50|ZOR|14-08-2025|14-08-2025||120960|0|0|0|0|0|0|0|0|1|10|1|1|86|BY_IF||
6200000072|1020000401|1020000401_10_0001|100000000005|1004|25|ZOR|13-08-2025|13-08-2025||120960|0|0|0|0|0|0|0|0|1|10|1|1|86|BY_IF||
6200000072|1020000402|1020000402_10_0001|100000000005|1004|25|ZOR|17-07-2025|24-09-2025||120960|0|0|0|0|0|0|0|0|0|10|1|1|86|BY_IF||
6200000072|1020000403|1020000403_10_0001|100000000005|1004|25|ZOR|23-07-2025|23-07-2025||120960|0|0|0|0|0|0|0|0|1|10|1|1|86|BY_IF||
6200000072|1020000404|1020000404_10_0001|100000000005|1004|25|ZOR|16-08-2025|16-08-2025||120960|0|0|0|0|0|0|0|0|1|10|1|1|86|BY_IF||
6200000072|1020000405|1020000405_10_0001|100000000005|1004|10|ZOR|12-08-2025|12-08-2025||120960|0|0|0|0|0|0|0|0|1|10|1|1|86|BY_IF||
6200000072|1020000406|1020000406_10_0001|100000000005|1004|25|ZOR|11-08-2025|11-08-2025||120960|0|0|0|0|0|0|0|0|1|10|1|1|86|BY_IF||
6200000072|1020000407|1020000407_10_0001|100000000005|1004|25|ZOR|11-08-2025|11-08-2025||120960|0|0|0|0|0|0|0|0|1|10|1|1|86|BY_IF||
6200000072|1020000408|1020000408_10_0001|100000000005|1004|75|ZOR|24-07-2025|24-07-2025||120960|0|0|0|0|0|0|0|0|1|10|1|1|86|BY_IF||
6200000072|1020000409|1020000409_10_0001|100000000005|1004|25|ZOR|12-08-2025|12-08-2025||120960|0|0|0|0|0|0|0|0|1|10|1|1|86|BY_IF||
6200000072|1020000410|1020000410_10_0001|100000000005|1004|50|ZOR|12-08-2025|12-08-2025||120960|0|0|0|0|0|0|0|0|1|10|1|1|86|BY_IF||
6200000072|1020000411|1020000411_10_0001|100000000005|1004|10|ZOR|30-08-2025|30-08-2025||120960|0|0|0|0|0|0|0|0|1|10|1|1|86|BY_IF||
6200000072|1020000412|1020000412_10_0001|100000000005|1004|25|ZOR|27-06-2025|24-09-2025||120960|0|0|0|0|0|0|0|0|0|10|1|1|86|BY_IF||
6200000072|1020000413|1020000413_10_0001|100000000005|1004|25|ZOR|12-08-2025|12-08-2025||120960|0|0|0|0|0|0|0|0|1|10|1|1|86|BY_IF||
6200000072|1020000414|1020000414_10_0001|100000000005|1004|20|ZOR|23-07-2025|23-07-2025||120960|0|0|0|0|0|0|0|0|1|10|1|1|86|BY_IF||
6200000072|1020000415|1020000415_10_0001|100000000005|1004|90|ZOR|17-08-2025|17-08-2025||120960|0|0|0|0|0|0|0|0|1|10|1|1|86|BY_IF||
6200000072|1020000416|1020000416_10_0001|100000000005|1004|110|ZOR|18-08-2025|18-08-2025||120960|0|0|0|0|0|0|0|0|1|10|1|1|86|BY_IF||
6200000072|1020000417|1020000417_10_0001|100000000005|1004|80|ZOR|14-08-2025|14-08-2025||120960|0|0|0|0|0|0|0|0|1|10|1|1|86|BY_IF||
6200000072|1020000418|1020000418_10_0001|100000000005|1004|25|ZOR|11-08-2025|11-08-2025||120960|0|0|0|0|0|0|0|0|1|10|1|1|86|BY_IF||
6200000072|1020000419|1020000419_10_0001|100000000005|1004|50|ZOR|18-08-2025|18-08-2025||120960|0|0|0|0|0|0|0|0|1|10|1|1|86|BY_IF||
6200000072|1020000420|1020000420_10_0001|100000000005|1004|20|ZOR|22-07-2025|22-07-2025||120960|0|0|0|0|0|0|0|0|1|10|1|1|86|BY_IF||
6200000072|1020000421|1020000421_10_0001|100000000005|1004|25|ZOR|23-07-2025|23-07-2025||120960|0|0|0|0|0|0|0|0|1|10|1|1|86|BY_IF||
6200000072|1020000422|1020000422_10_0001|100000000005|1004|90|ZOR|13-08-2025|13-08-2025||120960|0|0|0|0|0|0|0|0|1|10|1|1|86|BY_IF||
6200000072|1020000423|1020000423_10_0001|100000000005|1004|25|ZOR|23-07-2025|23-07-2025||120960|0|0|0|0|0|0|0|0|1|10|1|1|86|BY_IF||
6200000072|1020000424|1020000424_10_0001|100000000005|1012|10|ZOR|09-08-2025|09-08-2025||120960|0|0|0|0|0|0|0|0|1|10|1|1|86|BY_IF||
6200000072|1020000425|1020000425_10_0001|100000000005|1012|20|ZOR|23-07-2025|23-07-2025||120960|0|0|0|0|0|0|0|0|1|10|1|1|86|BY_IF||
6200000072|1020000426|1020000426_10_0001|100000000005|1012|20|ZOR|23-07-2025|23-07-2025||120960|0|0|0|0|0|0|0|0|1|10|1|1|86|BY_IF||
6200000072|1020000427|1020000427_10_0001|100000000005|1012|25|ZOR|18-08-2025|18-08-2025||120960|0|0|0|0|0|0|0|0|1|10|1|1|86|BY_IF||
6200000072|1020000428|1020000428_10_0001|100000000005|1012|25|ZOR|13-08-2025|13-08-2025||120960|0|0|0|0|0|0|0|0|1|10|1|1|86|BY_IF||
6200000072|1020000429|1020000429_10_0001|100000000005|1012|50|ZOR|11-08-2025|11-08-2025||120960|0|0|0|0|0|0|0|0|1|10|1|1|86|BY_IF||
6200000072|1020000430|1020000430_10_0001|100000000005|1012|25|ZOR|12-08-2025|12-08-2025||120960|0|0|0|0|0|0|0|0|1|10|1|1|86|BY_IF||
6200000072|1020000431|1020000431_10_0001|100000000005|1012|25|ZOR|16-08-2025|16-08-2025||120960|0|0|0|0|0|0|0|0|1|10|1|1|86|BY_IF||
6200000072|1020000432|1020000432_10_0001|100000000005|1012|75|ZOR|14-08-2025|14-08-2025||120960|0|0|0|0|0|0|0|0|1|10|1|1|86|BY_IF||
6200000072|1020000433|1020000433_10_0001|100000000005|1012|25|ZOR|18-08-2025|18-08-2025||120960|0|0|0|0|0|0|0|0|1|10|1|1|86|BY_IF||
6200000072|1020000434|1020000434_10_0001|100000000005|1012|25|ZOR|23-07-2025|23-07-2025||120960|0|0|0|0|0|0|0|0|1|10|1|1|86|BY_IF||
6200000072|1020000435|1020000435_10_0001|100000000005|1012|35|ZOR|23-08-2025|23-08-2025||120960|0|0|0|0|0|0|0|0|1|10|1|1|86|BY_IF||
6200000072|1020000436|1020000436_10_0001|100000000005|1012|25|ZOR|14-08-2025|14-08-2025||120960|0|0|0|0|0|0|0|0|1|10|1|1|86|BY_IF||
6200000072|1020000437|1020000437_10_0001|100000000005|1012|25|ZOR|13-08-2025|13-08-2025||120960|0|0|0|0|0|0|0|0|1|10|1|1|86|BY_IF||
6200000072|1020000438|1020000438_10_0001|100000000005|1012|65|ZOR|23-08-2025|23-08-2025||120960|0|0|0|0|0|0|0|0|1|10|1|1|86|BY_IF||
6200000072|1020000439|1020000439_10_0001|100000000005|1012|2|ZOR|20-08-2025|20-08-2025||120960|0|0|0|0|0|0|0|0|1|10|1|1|86|BY_IF||
6200000072|1020000440|1020000440_10_0001|100000000005|1012|25|ZOR|17-08-2025|17-08-2025||120960|0|0|0|0|0|0|0|0|1|10|1|1|86|BY_IF||
6200000072|1020000441|1020000441_10_0001|100000000005|1012|25|ZOR|21-07-2025|21-07-2025||120960|0|0|0|0|0|0|0|0|1|10|1|1|86|BY_IF||
6200000072|1020000300|1020000300_10_0001|100000000009|1003|25|ZOR|14-08-2025|14-08-2025||120960|0|0|0|0|0|0|0|0|1|10|1|1|86|BY_IF||
6200000072|1020000301|1020000301_10_0001|100000000009|1003|25|ZOR|13-08-2025|13-08-2025||120960|0|0|0|0|0|0|0|0|1|10|1|1|86|BY_IF||
6200000072|1020000302|1020000302_10_0001|100000000009|1003|25|ZOR|17-07-2025|24-09-2025||120960|0|0|0|0|0|0|0|0|0|10|1|1|86|BY_IF||
6200000072|1020000303|1020000303_10_0001|100000000009|1003|25|ZOR|23-07-2025|23-07-2025||120960|0|0|0|0|0|0|0|0|1|10|1|1|86|BY_IF||
6200000072|1020000304|1020000304_10_0001|100000000009|1003|25|ZOR|16-08-2025|16-08-2025||120960|0|0|0|0|0|0|0|0|1|10|1|1|86|BY_IF||
6200000072|1020000305|1020000305_10_0001|100000000009|1003|10|ZOR|12-08-2025|12-08-2025||120960|0|0|0|0|0|0|0|0|1|10|1|1|86|BY_IF||
6200000072|1020000306|1020000306_10_0001|100000000009|1003|25|ZOR|11-08-2025|11-08-2025||120960|0|0|0|0|0|0|0|0|1|10|1|1|86|BY_IF||
6200000072|1020000307|1020000307_10_0001|100000000009|1003|25|ZOR|11-08-2025|11-08-2025||120960|0|0|0|0|0|0|0|0|1|10|1|1|86|BY_IF||
6200000072|1020000308|1020000308_10_0001|100000000009|1003|75|ZOR|24-07-2025|24-07-2025||120960|0|0|0|0|0|0|0|0|1|10|1|1|86|BY_IF||
6200000072|1020000309|1020000309_10_0001|100000000009|1003|25|ZOR|12-08-2025|12-08-2025||120960|0|0|0|0|0|0|0|0|1|10|1|1|86|BY_IF||
6200000072|1020000310|1020000310_10_0001|100000000009|1003|50|ZOR|12-08-2025|12-08-2025||120960|0|0|0|0|0|0|0|0|1|10|1|1|86|BY_IF||
6200000072|1020000311|1020000311_10_0001|100000000009|1003|10|ZOR|30-08-2025|30-08-2025||120960|0|0|0|0|0|0|0|0|1|10|1|1|86|BY_IF||
6200000072|1020000312|1020000312_10_0001|100000000009|1003|25|ZOR|27-06-2025|24-09-2025||120960|0|0|0|0|0|0|0|0|0|10|1|1|86|BY_IF||
6200000072|1020000313|1020000313_10_0001|100000000009|1003|25|ZOR|12-08-2025|12-08-2025||120960|0|0|0|0|0|0|0|0|1|10|1|1|86|BY_IF||
6200000072|1020000314|1020000314_10_0001|100000000009|1003|20|ZOR|23-07-2025|23-07-2025||120960|0|0|0|0|0|0|0|0|1|10|1|1|86|BY_IF||
6200000072|1020000315|1020000315_10_0001|100000000009|1003|90|ZOR|17-08-2025|17-08-2025||120960|0|0|0|0|0|0|0|0|1|10|1|1|86|BY_IF||
6200000072|1020000316|1020000316_10_0001|100000000009|1003|70|ZOR|18-08-2025|18-08-2025||120960|0|0|0|0|0|0|0|0|1|10|1|1|86|BY_IF||
6200000072|1020000317|1020000317_10_0001|100000000009|1003|80|ZOR|14-08-2025|14-08-2025||120960|0|0|0|0|0|0|0|0|1|10|1|1|86|BY_IF||
6200000072|1020000318|1020000318_10_0001|100000000009|1003|25|ZOR|11-08-2025|11-08-2025||120960|0|0|0|0|0|0|0|0|1|10|1|1|86|BY_IF||
6200000072|1020000319|1020000319_10_0001|100000000009|1003|50|ZOR|18-08-2025|18-08-2025||120960|0|0|0|0|0|0|0|0|1|10|1|1|86|BY_IF||
6200000072|1020000320|1020000320_10_0001|100000000009|1003|20|ZOR|22-07-2025|22-07-2025||120960|0|0|0|0|0|0|0|0|1|10|1|1|86|BY_IF||
6200000072|1020000321|1020000321_10_0001|100000000009|1003|25|ZOR|23-07-2025|23-07-2025||120960|0|0|0|0|0|0|0|0|1|10|1|1|86|BY_IF||
6200000072|1020000322|1020000322_10_0001|100000000009|1003|50|ZOR|13-08-2025|13-08-2025||120960|0|0|0|0|0|0|0|0|1|10|1|1|86|BY_IF||
6200000072|1020000323|1020000323_10_0001|100000000009|1003|25|ZOR|23-07-2025|23-07-2025||120960|0|0|0|0|0|0|0|0|1|10|1|1|86|BY_IF||
6200000072|1020000324|1020000324_10_0001|100000000009|1006|10|ZOR|09-08-2025|09-08-2025||120960|0|0|0|0|0|0|0|0|1|10|1|1|86|BY_IF||
6200000072|1020000325|1020000325_10_0001|100000000009|1006|20|ZOR|23-07-2025|23-07-2025||120960|0|0|0|0|0|0|0|0|1|10|1|1|86|BY_IF||
6200000072|1020000326|1020000326_10_0001|100000000009|1006|20|ZOR|23-07-2025|23-07-2025||120960|0|0|0|0|0|0|0|0|1|10|1|1|86|BY_IF||
6200000072|1020000327|1020000327_10_0001|100000000009|1006|25|ZOR|18-08-2025|18-08-2025||120960|0|0|0|0|0|0|0|0|1|10|1|1|86|BY_IF||
6200000072|1020000328|1020000328_10_0001|100000000009|1006|25|ZOR|13-08-2025|13-08-2025||120960|0|0|0|0|0|0|0|0|1|10|1|1|86|BY_IF||
6200000072|1020000329|1020000329_10_0001|100000000009|1006|50|ZOR|11-08-2025|11-08-2025||120960|0|0|0|0|0|0|0|0|1|10|1|1|86|BY_IF||
6200000072|1020000330|1020000330_10_0001|100000000009|1006|25|ZOR|12-08-2025|12-08-2025||120960|0|0|0|0|0|0|0|0|1|10|1|1|86|BY_IF||
6200000072|1020000331|1020000331_10_0001|100000000009|1006|25|ZOR|16-08-2025|16-08-2025||120960|0|0|0|0|0|0|0|0|1|10|1|1|86|BY_IF||
6200000072|1020000332|1020000332_10_0001|100000000009|1006|75|ZOR|14-08-2025|14-08-2025||120960|0|0|0|0|0|0|0|0|1|10|1|1|86|BY_IF||
6200000072|1020000333|1020000333_10_0001|100000000009|1006|25|ZOR|18-08-2025|18-08-2025||120960|0|0|0|0|0|0|0|0|1|10|1|1|86|BY_IF||
6200000072|1020000334|1020000334_10_0001|100000000009|1006|25|ZOR|23-07-2025|23-07-2025||120960|0|0|0|0|0|0|0|0|1|10|1|1|86|BY_IF||
6200000072|1020000335|1020000335_10_0001|100000000009|1006|35|ZOR|23-08-2025|23-08-2025||120960|0|0|0|0|0|0|0|0|1|10|1|1|86|BY_IF||
6200000072|1020000336|1020000336_10_0001|100000000009|1006|25|ZOR|14-08-2025|14-08-2025||120960|0|0|0|0|0|0|0|0|1|10|1|1|86|BY_IF||
6200000072|1020000337|1020000337_10_0001|100000000009|1006|25|ZOR|13-08-2025|13-08-2025||120960|0|0|0|0|0|0|0|0|1|10|1|1|86|BY_IF||
6200000072|1020000338|1020000338_10_0001|100000000009|1006|65|ZOR|23-08-2025|23-08-2025||120960|0|0|0|0|0|0|0|0|1|10|1|1|86|BY_IF||
6200000072|1020000339|1020000339_10_0001|100000000009|1006|2|ZOR|20-08-2025|20-08-2025||120960|0|0|0|0|0|0|0|0|1|10|1|1|86|BY_IF||
6200000072|1020000340|1020000340_10_0001|100000000009|1006|25|ZOR|17-08-2025|17-08-2025||120960|0|0|0|0|0|0|0|0|1|10|1|1|86|BY_IF||
6200000072|1020000341|1020000341_10_0001|100000000009|1006|25|ZOR|21-07-2025|21-07-2025||120960|0|0|0|0|0|0|0|0|1|10|1|1|86|BY_IF||
6200000072|1011000200|1011000200_10_001|2000-280-868|1003|25|ZOR|14-08-2025|14-08-2025||120960|0|0|0|0|0|0|0|0|1|10|1|1|86|BY_IF||
6200000072|1011000201|1011000201_10_001|2000-280-868|1003|25|ZOR|13-08-2025|13-08-2025||120960|0|0|0|0|0|0|0|0|1|10|1|1|86|BY_IF||
6200000072|1011000202|1011000202_10_001|2000-280-868|1003|25|ZOR|17-07-2025|24-09-2025||120960|0|0|0|0|0|0|0|0|0|10|1|1|86|BY_IF||
6200000072|1011000203|1011000203_10_001|2000-280-868|1003|25|ZOR|23-07-2025|23-07-2025||120960|0|0|0|0|0|0|0|0|1|10|1|1|86|BY_IF||
6200000072|1011000204|1011000204_10_001|2000-280-868|1003|25|ZOR|16-08-2025|16-08-2025||120960|0|0|0|0|0|0|0|0|1|10|1|1|86|BY_IF||
6200000072|1011000205|1011000205_10_001|2000-280-868|1003|25|ZOR|12-08-2025|12-08-2025||120960|0|0|0|0|0|0|0|0|1|10|1|1|86|BY_IF||
6200000072|1011000206|1011000206_10_001|2000-280-868|1003|25|ZOR|11-08-2025|11-08-2025||120960|0|0|0|0|0|0|0|0|1|10|1|1|86|BY_IF||
6200000072|1011000207|1011000207_10_001|2000-280-868|1003|25|ZOR|11-08-2025|11-08-2025||120960|0|0|0|0|0|0|0|0|1|10|1|1|86|BY_IF||
6200000072|1011000208|1011000208_10_001|2000-280-868|1003|75|ZOR|24-07-2025|24-07-2025||120960|0|0|0|0|0|0|0|0|1|10|1|1|86|BY_IF||
6200000072|1011000209|1011000209_10_001|2000-280-868|1003|25|ZOR|12-08-2025|12-08-2025||120960|0|0|0|0|0|0|0|0|1|10|1|1|86|BY_IF||
6200000072|1011000210|1011000210_10_001|2000-280-868|1003|50|ZOR|12-08-2025|12-08-2025||120960|0|0|0|0|0|0|0|0|1|10|1|1|86|BY_IF||
6200000072|1011000211|1011000211_10_001|2000-280-868|1003|10|ZOR|30-08-2025|30-08-2025||120960|0|0|0|0|0|0|0|0|1|10|1|1|86|BY_IF||
6200000072|1011000212|1011000212_10_001|2000-280-868|1003|25|ZOR|27-06-2025|24-09-2025||120960|0|0|0|0|0|0|0|0|0|10|1|1|86|BY_IF||
6200000072|1011000213|1011000213_10_001|2000-280-868|1003|25|ZOR|12-08-2025|12-08-2025||120960|0|0|0|0|0|0|0|0|1|10|1|1|86|BY_IF||
6200000072|1011000214|1011000214_10_001|2000-280-868|1003|20|ZOR|23-07-2025|23-07-2025||120960|0|0|0|0|0|0|0|0|1|10|1|1|86|BY_IF||
6200000072|1011000215|1011000215_10_001|2000-280-868|1003|45|ZOR|17-08-2025|17-08-2025||120960|0|0|0|0|0|0|0|0|1|10|1|1|86|BY_IF||
6200000072|1011000216|1011000216_10_001|2000-280-868|1003|70|ZOR|18-08-2025|18-08-2025||120960|0|0|0|0|0|0|0|0|1|10|1|1|86|BY_IF||
6200000072|1011000217|1011000217_10_001|2000-280-868|1003|80|ZOR|14-08-2025|14-08-2025||120960|0|0|0|0|0|0|0|0|1|10|1|1|86|BY_IF||
6200000072|1011000218|1011000218_10_001|2000-280-868|1003|25|ZOR|11-08-2025|11-08-2025||120960|0|0|0|0|0|0|0|0|1|10|1|1|86|BY_IF||
6200000072|1011000219|1011000219_10_001|2000-280-868|1003|50|ZOR|18-08-2025|18-08-2025||120960|0|0|0|0|0|0|0|0|1|10|1|1|86|BY_IF||
6200000072|1011000220|1011000220_10_001|2000-280-868|1003|20|ZOR|22-07-2025|22-07-2025||120960|0|0|0|0|0|0|0|0|1|10|1|1|86|BY_IF||
6200000072|1011000221|1011000221_10_001|2000-280-868|1003|25|ZOR|23-07-2025|23-07-2025||120960|0|0|0|0|0|0|0|0|1|10|1|1|86|BY_IF||
6200000072|1011000222|1011000222_10_001|2000-280-868|1003|50|ZOR|13-08-2025|13-08-2025||120960|0|0|0|0|0|0|0|0|1|10|1|1|86|BY_IF||
6200000072|1011000223|1011000223_10_001|2000-280-868|1003|25|ZOR|23-07-2025|23-07-2025||120960|0|0|0|0|0|0|0|0|1|10|1|1|86|BY_IF||
6200000072|1011000224|1011000224_10_001|2000-280-868|1006|10|ZOR|09-08-2025|09-08-2025||120960|0|0|0|0|0|0|0|0|1|10|1|1|86|BY_IF||
6200000072|1011000225|1011000225_10_001|2000-280-868|1006|20|ZOR|23-07-2025|23-07-2025||120960|0|0|0|0|0|0|0|0|1|10|1|1|86|BY_IF||
6200000072|1011000226|1011000226_10_001|2000-280-868|1006|20|ZOR|23-07-2025|23-07-2025||120960|0|0|0|0|0|0|0|0|1|10|1|1|86|BY_IF||
6200000072|1011000227|1011000227_10_001|2000-280-868|1006|25|ZOR|18-08-2025|18-08-2025||120960|0|0|0|0|0|0|0|0|1|10|1|1|86|BY_IF||
6200000072|1011000228|1011000228_10_001|2000-280-868|1006|25|ZOR|13-08-2025|13-08-2025||120960|0|0|0|0|0|0|0|0|1|10|1|1|86|BY_IF||
6200000072|1011000229|1011000229_10_001|2000-280-868|1006|50|ZOR|11-08-2025|11-08-2025||120960|0|0|0|0|0|0|0|0|1|10|1|1|86|BY_IF||
6200000072|1011000230|1011000230_10_001|2000-280-868|1006|25|ZOR|12-08-2025|12-08-2025||120960|0|0|0|0|0|0|0|0|1|10|1|1|86|BY_IF||
6200000072|1011000231|1011000231_10_001|2000-280-868|1006|25|ZOR|16-08-2025|16-08-2025||120960|0|0|0|0|0|0|0|0|1|10|1|1|86|BY_IF||
6200000072|1011000232|1011000232_10_001|2000-280-868|1006|75|ZOR|14-08-2025|14-08-2025||120960|0|0|0|0|0|0|0|0|1|10|1|1|86|BY_IF||
6200000072|1011000233|1011000233_10_001|2000-280-868|1006|25|ZOR|18-08-2025|18-08-2025||120960|0|0|0|0|0|0|0|0|1|10|1|1|86|BY_IF||
6200000072|1011000234|1011000234_10_001|2000-280-868|1006|25|ZOR|23-07-2025|23-07-2025||120960|0|0|0|0|0|0|0|0|1|10|1|1|86|BY_IF||
6200000072|1011000235|1011000235_10_001|2000-280-868|1006|35|ZOR|23-08-2025|23-08-2025||120960|0|0|0|0|0|0|0|0|1|10|1|1|86|BY_IF||
6200000072|1011000236|1011000236_10_001|2000-280-868|1006|25|ZOR|14-08-2025|14-08-2025||120960|0|0|0|0|0|0|0|0|1|10|1|1|86|BY_IF||
6200000072|1011000237|1011000237_10_001|2000-280-868|1006|25|ZOR|13-08-2025|13-08-2025||120960|0|0|0|0|0|0|0|0|1|10|1|1|86|BY_IF||
6200000072|1011000238|1011000238_10_001|2000-280-868|1006|65|ZOR|23-08-2025|23-08-2025||120960|0|0|0|0|0|0|0|0|1|10|1|1|86|BY_IF||
6200000072|1011000239|1011000239_10_001|2000-280-868|1006|2|ZOR|20-08-2025|20-08-2025||120960|0|0|0|0|0|0|0|0|1|10|1|1|86|BY_IF||
6200000072|1011000240|1011000240_10_001|2000-280-868|1006|25|ZOR|17-08-2025|17-08-2025||120960|0|0|0|0|0|0|0|0|1|10|1|1|86|BY_IF||
6200000072|1011000241|1011000241_10_001|2000-280-868|1006|25|ZOR|21-07-2025|21-07-2025||120960|0|0|0|0|0|0|0|0|1|10|1|1|86|BY_IF||
6200000072|1030001100|1030001100_10_0001|100000000110|1006|20|ZOR|14-08-2025|14-08-2025||120960|0|0|0|0|0|0|0|0|1|10|1|1|86|BY_IF||
6200000072|1030001101|1030001101_10_0001|100000000110|1006|25|ZOR|13-08-2025|13-08-2025||120960|0|0|0|0|0|0|0|0|1|10|1|1|86|BY_IF||
6200000072|1030001102|1030001102_10_0001|100000000110|1006|25|ZOR|17-07-2025|24-09-2025||120960|0|0|0|0|0|0|0|0|0|10|1|1|86|BY_IF||
6200000072|1030001103|1030001103_10_0001|100000000110|1006|30|ZOR|23-07-2025|23-07-2025||120960|0|0|0|0|0|0|0|0|1|10|1|1|86|BY_IF||
6200000072|1030001104|1030001104_10_0001|100000000110|1006|20|ZOR|16-08-2025|16-08-2025||120960|0|0|0|0|0|0|0|0|1|10|1|1|86|BY_IF||
6200000072|1030001105|1030001105_10_0001|100000000110|1006|30|ZOR|12-08-2025|12-08-2025||120960|0|0|0|0|0|0|0|0|1|10|1|1|86|BY_IF||
6200000072|1030001106|1030001106_10_0001|100000000110|1006|25|ZOR|11-08-2025|11-08-2025||120960|0|0|0|0|0|0|0|0|1|10|1|1|86|BY_IF||
6200000072|1030001107|1030001107_10_0001|100000000110|1006|25|ZOR|11-08-2025|11-08-2025||120960|0|0|0|0|0|0|0|0|1|10|1|1|86|BY_IF||
6200000072|1030001108|1030001108_10_0001|100000000110|1006|75|ZOR|24-07-2025|24-07-2025||120960|0|0|0|0|0|0|0|0|1|10|1|1|86|BY_IF||
6200000072|1030001109|1030001109_10_0001|100000000110|1006|25|ZOR|12-08-2025|12-08-2025||120960|0|0|0|0|0|0|0|0|1|10|1|1|86|BY_IF||
6200000072|1030001110|1030001110_10_0001|100000000110|1006|50|ZOR|12-08-2025|12-08-2025||120960|0|0|0|0|0|0|0|0|1|10|1|1|86|BY_IF||
6200000072|1030001111|1030001111_10_0001|100000000110|1006|10|ZOR|30-08-2025|30-08-2025||120960|0|0|0|0|0|0|0|0|1|10|1|1|86|BY_IF||
6200000072|1030001112|1030001112_10_0001|100000000110|1006|25|ZOR|27-06-2025|24-09-2025||120960|0|0|0|0|0|0|0|0|0|10|1|1|86|BY_IF||
6200000072|1030001113|1030001113_10_0001|100000000110|1006|25|ZOR|12-08-2025|12-08-2025||120960|0|0|0|0|0|0|0|0|1|10|1|1|86|BY_IF||
6200000072|1030001114|1030001114_10_0001|100000000110|1006|20|ZOR|23-07-2025|23-07-2025||120960|0|0|0|0|0|0|0|0|1|10|1|1|86|BY_IF||
6200000072|1030001115|1030001115_10_0001|100000000110|1006|45|ZOR|17-08-2025|17-08-2025||120960|0|0|0|0|0|0|0|0|1|10|1|1|86|BY_IF||
6200000072|1030001116|1030001116_10_0001|100000000110|1006|70|ZOR|18-08-2025|18-08-2025||120960|0|0|0|0|0|0|0|0|1|10|1|1|86|BY_IF||
6200000072|1030001117|1030001117_10_0001|100000000110|1006|70|ZOR|14-08-2025|14-08-2025||120960|0|0|0|0|0|0|0|0|1|10|1|1|86|BY_IF||
6200000072|1030001118|1030001118_10_0001|100000000110|1006|25|ZOR|11-08-2025|11-08-2025||120960|0|0|0|0|0|0|0|0|1|10|1|1|86|BY_IF||
6200000072|1030001119|1030001119_10_0001|100000000110|1006|50|ZOR|18-08-2025|18-08-2025||120960|0|0|0|0|0|0|0|0|1|10|1|1|86|BY_IF||
6200000072|1030001120|1030001120_10_0001|100000000110|1006|20|ZOR|22-07-2025|22-07-2025||120960|0|0|0|0|0|0|0|0|1|10|1|1|86|BY_IF||
6200000072|1030001121|1030001121_10_0001|100000000110|1006|25|ZOR|23-07-2025|23-07-2025||120960|0|0|0|0|0|0|0|0|1|10|1|1|86|BY_IF||
6200000072|1030001122|1030001122_10_0001|100000000110|1003|45|ZOR|13-08-2025|13-08-2025||120960|0|0|0|0|0|0|0|0|1|10|1|1|86|BY_IF||
6200000072|1030001123|1030001123_10_0001|100000000110|1003|25|ZOR|23-07-2025|23-07-2025||120960|0|0|0|0|0|0|0|0|1|10|1|1|86|BY_IF||
6200000072|1030001124|1030001124_10_0001|100000000110|1003|12|ZOR|09-08-2025|09-08-2025||120960|0|0|0|0|0|0|0|0|1|10|1|1|86|BY_IF||
6200000072|1030001125|1030001125_10_0001|100000000110|1003|20|ZOR|23-07-2025|23-07-2025||120960|0|0|0|0|0|0|0|0|1|10|1|1|86|BY_IF||
6200000072|1030001126|1030001126_10_0001|100000000110|1003|20|ZOR|23-07-2025|23-07-2025||120960|0|0|0|0|0|0|0|0|1|10|1|1|86|BY_IF||
6200000072|1030001127|1030001127_10_0001|100000000110|1003|25|ZOR|18-08-2025|18-08-2025||120960|0|0|0|0|0|0|0|0|1|10|1|1|86|BY_IF||
6200000072|1030001128|1030001128_10_0001|100000000110|1003|25|ZOR|13-08-2025|13-08-2025||120960|0|0|0|0|0|0|0|0|1|10|1|1|86|BY_IF||
6200000072|1030001129|1030001129_10_0001|100000000110|1003|65|ZOR|11-08-2025|11-08-2025||120960|0|0|0|0|0|0|0|0|1|10|1|1|86|BY_IF||
6200000072|1030001130|1030001130_10_0001|100000000110|1003|18|ZOR|12-08-2025|12-08-2025||120960|0|0|0|0|0|0|0|0|1|10|1|1|86|BY_IF||
6200000072|1030001131|1030001131_10_0001|100000000110|1003|20|ZOR|16-08-2025|16-08-2025||120960|0|0|0|0|0|0|0|0|1|10|1|1|86|BY_IF||
6200000072|1030001132|1030001132_10_0001|100000000110|1003|65|ZOR|14-08-2025|14-08-2025||120960|0|0|0|0|0|0|0|0|1|10|1|1|86|BY_IF||
6200000072|1030001133|1030001133_10_0001|100000000110|1003|25|ZOR|18-08-2025|18-08-2025||120960|0|0|0|0|0|0|0|0|1|10|1|1|86|BY_IF||
6200000072|1030001134|1030001134_10_0001|100000000110|1003|25|ZOR|23-07-2025|23-07-2025||120960|0|0|0|0|0|0|0|0|1|10|1|1|86|BY_IF||
6200000072|1030001135|1030001135_10_0001|100000000110|1003|35|ZOR|23-08-2025|23-08-2025||120960|0|0|0|0|0|0|0|0|1|10|1|1|86|BY_IF||
6200000072|1030001136|1030001136_10_0001|100000000110|1003|20|ZOR|14-08-2025|14-08-2025||120960|0|0|0|0|0|0|0|0|1|10|1|1|86|BY_IF||
6200000072|1030001137|1030001137_10_0001|100000000110|1003|35|ZOR|13-08-2025|13-08-2025||120960|0|0|0|0|0|0|0|0|1|10|1|1|86|BY_IF||
6200000072|1030001138|1030001138_10_0001|100000000110|1003|70|ZOR|23-08-2025|23-08-2025||120960|0|0|0|0|0|0|0|0|1|10|1|1|86|BY_IF||
6200000072|1030001139|1030001139_10_0001|100000000110|1003|12|ZOR|20-08-2025|20-08-2025||120960|0|0|0|0|0|0|0|0|1|10|1|1|86|BY_IF||
6200000072|1030001140|1030001140_10_0001|100000000110|1003|25|ZOR|17-08-2025|17-08-2025||120960|0|0|0|0|0|0|0|0|1|10|1|1|86|BY_IF||
6200000072|1030001141|1030001141_10_0001|100000000110|1003|25|ZOR|21-07-2025|21-07-2025||120960|0|0|0|0|0|0|0|0|1|10|1|1|86|BY_IF||
6200000072|1030001200|1030001200_10_0001|100000000111|1006|20|ZOR|14-08-2025|14-08-2025||120960|0|0|0|0|0|0|0|0|1|10|1|1|86|BY_IF||
6200000072|1030001201|1030001201_10_0001|100000000111|1006|25|ZOR|13-08-2025|13-08-2025||120960|0|0|0|0|0|0|0|0|1|10|1|1|86|BY_IF||
6200000072|1030001202|1030001202_10_0001|100000000111|1006|25|ZOR|17-07-2025|24-09-2025||120960|0|0|0|0|0|0|0|0|0|10|1|1|86|BY_IF||
6200000072|1030001203|1030001203_10_0001|100000000111|1006|30|ZOR|23-07-2025|23-07-2025||120960|0|0|0|0|0|0|0|0|1|10|1|1|86|BY_IF||
6200000072|1030001204|1030001204_10_0001|100000000111|1006|20|ZOR|16-08-2025|16-08-2025||120960|0|0|0|0|0|0|0|0|1|10|1|1|86|BY_IF||
6200000072|1030001205|1030001205_10_0001|100000000111|1006|30|ZOR|12-08-2025|12-08-2025||120960|0|0|0|0|0|0|0|0|1|10|1|1|86|BY_IF||
6200000072|1030001206|1030001206_10_0001|100000000111|1006|25|ZOR|11-08-2025|11-08-2025||120960|0|0|0|0|0|0|0|0|1|10|1|1|86|BY_IF||
6200000072|1030001207|1030001207_10_0001|100000000111|1006|25|ZOR|11-08-2025|11-08-2025||120960|0|0|0|0|0|0|0|0|1|10|1|1|86|BY_IF||
6200000072|1030001208|1030001208_10_0001|100000000111|1006|75|ZOR|24-07-2025|24-07-2025||120960|0|0|0|0|0|0|0|0|1|10|1|1|86|BY_IF||
6200000072|1030001209|1030001209_10_0001|100000000111|1006|25|ZOR|12-08-2025|12-08-2025||120960|0|0|0|0|0|0|0|0|1|10|1|1|86|BY_IF||
6200000072|1030001210|1030001210_10_0001|100000000111|1006|50|ZOR|12-08-2025|12-08-2025||120960|0|0|0|0|0|0|0|0|1|10|1|1|86|BY_IF||
6200000072|1030001211|1030001211_10_0001|100000000111|1006|10|ZOR|30-08-2025|30-08-2025||120960|0|0|0|0|0|0|0|0|1|10|1|1|86|BY_IF||
6200000072|1030001212|1030001212_10_0001|100000000111|1006|25|ZOR|27-06-2025|24-09-2025||120960|0|0|0|0|0|0|0|0|0|10|1|1|86|BY_IF||
6200000072|1030001213|1030001213_10_0001|100000000111|1006|25|ZOR|12-08-2025|12-08-2025||120960|0|0|0|0|0|0|0|0|1|10|1|1|86|BY_IF||
6200000072|1030001214|1030001214_10_0001|100000000111|1006|20|ZOR|23-07-2025|23-07-2025||120960|0|0|0|0|0|0|0|0|1|10|1|1|86|BY_IF||
6200000072|1030001215|1030001215_10_0001|100000000111|1006|45|ZOR|17-08-2025|17-08-2025||120960|0|0|0|0|0|0|0|0|1|10|1|1|86|BY_IF||
6200000072|1030001216|1030001216_10_0001|100000000111|1006|70|ZOR|18-08-2025|18-08-2025||120960|0|0|0|0|0|0|0|0|1|10|1|1|86|BY_IF||
6200000072|1030001217|1030001217_10_0001|100000000111|1006|70|ZOR|14-08-2025|14-08-2025||120960|0|0|0|0|0|0|0|0|1|10|1|1|86|BY_IF||
6200000072|1030001218|1030001218_10_0001|100000000111|1006|25|ZOR|11-08-2025|11-08-2025||120960|0|0|0|0|0|0|0|0|1|10|1|1|86|BY_IF||
6200000072|1030001219|1030001219_10_0001|100000000111|1006|50|ZOR|18-08-2025|18-08-2025||120960|0|0|0|0|0|0|0|0|1|10|1|1|86|BY_IF||
6200000072|1030001220|1030001220_10_0001|100000000111|1006|20|ZOR|22-07-2025|22-07-2025||120960|0|0|0|0|0|0|0|0|1|10|1|1|86|BY_IF||
6200000072|1030001221|1030001221_10_0001|100000000111|1006|25|ZOR|23-07-2025|23-07-2025||120960|0|0|0|0|0|0|0|0|1|10|1|1|86|BY_IF||
6200000072|1030001222|1030001222_10_0001|100000000111|1003|45|ZOR|13-08-2025|13-08-2025||120960|0|0|0|0|0|0|0|0|1|10|1|1|86|BY_IF||
6200000072|1030001223|1030001223_10_0001|100000000111|1003|25|ZOR|23-07-2025|23-07-2025||120960|0|0|0|0|0|0|0|0|1|10|1|1|86|BY_IF||
6200000072|1030001224|1030001224_10_0001|100000000111|1003|12|ZOR|09-08-2025|09-08-2025||120960|0|0|0|0|0|0|0|0|1|10|1|1|86|BY_IF||
6200000072|1030001225|1030001225_10_0001|100000000111|1003|20|ZOR|23-07-2025|23-07-2025||120960|0|0|0|0|0|0|0|0|1|10|1|1|86|BY_IF||
6200000072|1030001226|1030001226_10_0001|100000000111|1003|20|ZOR|23-07-2025|23-07-2025||120960|0|0|0|0|0|0|0|0|1|10|1|1|86|BY_IF||
6200000072|1030001227|1030001227_10_0001|100000000111|1003|25|ZOR|18-08-2025|18-08-2025||120960|0|0|0|0|0|0|0|0|1|10|1|1|86|BY_IF||
6200000072|1030001228|1030001228_10_0001|100000000111|1003|25|ZOR|13-08-2025|13-08-2025||120960|0|0|0|0|0|0|0|0|1|10|1|1|86|BY_IF||
6200000072|1030001229|1030001229_10_0001|100000000111|1003|65|ZOR|11-08-2025|11-08-2025||120960|0|0|0|0|0|0|0|0|1|10|1|1|86|BY_IF||
6200000072|1030001230|1030001230_10_0001|100000000111|1003|18|ZOR|12-08-2025|12-08-2025||120960|0|0|0|0|0|0|0|0|1|10|1|1|86|BY_IF||
6200000072|1030001231|1030001231_10_0001|100000000111|1003|20|ZOR|16-08-2025|16-08-2025||120960|0|0|0|0|0|0|0|0|1|10|1|1|86|BY_IF||
6200000072|1030001232|1030001232_10_0001|100000000111|1003|65|ZOR|14-08-2025|14-08-2025||120960|0|0|0|0|0|0|0|0|1|10|1|1|86|BY_IF||
6200000072|1030001233|1030001233_10_0001|100000000111|1003|25|ZOR|18-08-2025|18-08-2025||120960|0|0|0|0|0|0|0|0|1|10|1|1|86|BY_IF||
6200000072|1030001234|1030001234_10_0001|100000000111|1003|25|ZOR|23-07-2025|23-07-2025||120960|0|0|0|0|0|0|0|0|1|10|1|1|86|BY_IF||
6200000072|1030001235|1030001235_10_0001|100000000111|1003|35|ZOR|23-08-2025|23-08-2025||120960|0|0|0|0|0|0|0|0|1|10|1|1|86|BY_IF||
6200000072|1030001236|1030001236_10_0001|100000000111|1003|20|ZOR|14-08-2025|14-08-2025||120960|0|0|0|0|0|0|0|0|1|10|1|1|86|BY_IF||
6200000072|1030001237|1030001237_10_0001|100000000111|1003|35|ZOR|13-08-2025|13-08-2025||120960|0|0|0|0|0|0|0|0|1|10|1|1|86|BY_IF||
6200000072|1030001238|1030001238_10_0001|100000000111|1003|70|ZOR|23-08-2025|23-08-2025||120960|0|0|0|0|0|0|0|0|1|10|1|1|86|BY_IF||
6200000072|1030001239|1030001239_10_0001|100000000111|1003|12|ZOR|20-08-2025|20-08-2025||120960|0|0|0|0|0|0|0|0|1|10|1|1|86|BY_IF||
6200000072|1030001240|1030001240_10_0001|100000000111|1003|25|ZOR|17-08-2025|17-08-2025||120960|0|0|0|0|0|0|0|0|1|10|1|1|86|BY_IF||
6200000072|1030001241|1030001241_10_0001|100000000111|1003|25|ZOR|21-07-2025|21-07-2025||120960|0|0|0|0|0|0|0|0|1|10|1|1|86|BY_IF||
6200000072|1030001300|1030001300_10_0001|100000000112|1006|20|ZOR|14-08-2025|14-08-2025||120960|0|0|0|0|0|0|0|0|1|10|1|1|86|BY_IF||
6200000072|1030001301|1030001301_10_0001|100000000112|1006|25|ZOR|13-08-2025|13-08-2025||120960|0|0|0|0|0|0|0|0|1|10|1|1|86|BY_IF||
6200000072|1030001302|1030001302_10_0001|100000000112|1006|25|ZOR|17-07-2025|24-09-2025||120960|0|0|0|0|0|0|0|0|0|10|1|1|86|BY_IF||
6200000072|1030001303|1030001303_10_0001|100000000112|1006|30|ZOR|23-07-2025|23-07-2025||120960|0|0|0|0|0|0|0|0|1|10|1|1|86|BY_IF||
6200000072|1030001304|1030001304_10_0001|100000000112|1006|20|ZOR|16-08-2025|16-08-2025||120960|0|0|0|0|0|0|0|0|1|10|1|1|86|BY_IF||
6200000072|1030001305|1030001305_10_0001|100000000112|1006|30|ZOR|12-08-2025|12-08-2025||120960|0|0|0|0|0|0|0|0|1|10|1|1|86|BY_IF||
6200000072|1030001306|1030001306_10_0001|100000000112|1006|25|ZOR|11-08-2025|11-08-2025||120960|0|0|0|0|0|0|0|0|1|10|1|1|86|BY_IF||
6200000072|1030001307|1030001307_10_0001|100000000112|1006|25|ZOR|11-08-2025|11-08-2025||120960|0|0|0|0|0|0|0|0|1|10|1|1|86|BY_IF||
6200000072|1030001308|1030001308_10_0001|100000000112|1006|75|ZOR|24-07-2025|24-07-2025||120960|0|0|0|0|0|0|0|0|1|10|1|1|86|BY_IF||
6200000072|1030001309|1030001309_10_0001|100000000112|1006|25|ZOR|12-08-2025|12-08-2025||120960|0|0|0|0|0|0|0|0|1|10|1|1|86|BY_IF||
6200000072|1030001310|1030001310_10_0001|100000000112|1006|50|ZOR|12-08-2025|12-08-2025||120960|0|0|0|0|0|0|0|0|1|10|1|1|86|BY_IF||
6200000072|1030001311|1030001311_10_0001|100000000112|1006|10|ZOR|30-08-2025|30-08-2025||120960|0|0|0|0|0|0|0|0|1|10|1|1|86|BY_IF||
6200000072|1030001312|1030001312_10_0001|100000000112|1006|25|ZOR|27-06-2025|24-09-2025||120960|0|0|0|0|0|0|0|0|0|10|1|1|86|BY_IF||
6200000072|1030001313|1030001313_10_0001|100000000112|1006|25|ZOR|12-08-2025|12-08-2025||120960|0|0|0|0|0|0|0|0|1|10|1|1|86|BY_IF||
6200000072|1030001314|1030001314_10_0001|100000000112|1006|20|ZOR|23-07-2025|23-07-2025||120960|0|0|0|0|0|0|0|0|1|10|1|1|86|BY_IF||
6200000072|1030001315|1030001315_10_0001|100000000112|1006|45|ZOR|17-08-2025|17-08-2025||120960|0|0|0|0|0|0|0|0|1|10|1|1|86|BY_IF||
6200000072|1030001316|1030001316_10_0001|100000000112|1006|70|ZOR|18-08-2025|18-08-2025||120960|0|0|0|0|0|0|0|0|1|10|1|1|86|BY_IF||
6200000072|1030001317|1030001317_10_0001|100000000112|1006|70|ZOR|14-08-2025|14-08-2025||120960|0|0|0|0|0|0|0|0|1|10|1|1|86|BY_IF||
6200000072|1030001318|1030001318_10_0001|100000000112|1006|25|ZOR|11-08-2025|11-08-2025||120960|0|0|0|0|0|0|0|0|1|10|1|1|86|BY_IF||
6200000072|1030001319|1030001319_10_0001|100000000112|1006|50|ZOR|18-08-2025|18-08-2025||120960|0|0|0|0|0|0|0|0|1|10|1|1|86|BY_IF||
6200000072|1030001320|1030001320_10_0001|100000000112|1006|20|ZOR|22-07-2025|22-07-2025||120960|0|0|0|0|0|0|0|0|1|10|1|1|86|BY_IF||
6200000072|1030001321|1030001321_10_0001|100000000112|1006|25|ZOR|23-07-2025|23-07-2025||120960|0|0|0|0|0|0|0|0|1|10|1|1|86|BY_IF||
6200000072|1030001322|1030001322_10_0001|100000000112|1003|45|ZOR|13-08-2025|13-08-2025||120960|0|0|0|0|0|0|0|0|1|10|1|1|86|BY_IF||
6200000072|1030001323|1030001323_10_0001|100000000112|1003|25|ZOR|23-07-2025|23-07-2025||120960|0|0|0|0|0|0|0|0|1|10|1|1|86|BY_IF||
6200000072|1030001324|1030001324_10_0001|100000000112|1003|12|ZOR|09-08-2025|09-08-2025||120960|0|0|0|0|0|0|0|0|1|10|1|1|86|BY_IF||
6200000072|1030001325|1030001325_10_0001|100000000112|1003|20|ZOR|23-07-2025|23-07-2025||120960|0|0|0|0|0|0|0|0|1|10|1|1|86|BY_IF||
6200000072|1030001326|1030001326_10_0001|100000000112|1003|20|ZOR|23-07-2025|23-07-2025||120960|0|0|0|0|0|0|0|0|1|10|1|1|86|BY_IF||
6200000072|1030001327|1030001327_10_0001|100000000112|1003|25|ZOR|18-08-2025|18-08-2025||120960|0|0|0|0|0|0|0|0|1|10|1|1|86|BY_IF||
6200000072|1030001328|1030001328_10_0001|100000000112|1003|25|ZOR|13-08-2025|13-08-2025||120960|0|0|0|0|0|0|0|0|1|10|1|1|86|BY_IF||
6200000072|1030001329|1030001329_10_0001|100000000112|1003|65|ZOR|11-08-2025|11-08-2025||120960|0|0|0|0|0|0|0|0|1|10|1|1|86|BY_IF||
6200000072|1030001330|1030001330_10_0001|100000000112|1003|18|ZOR|12-08-2025|12-08-2025||120960|0|0|0|0|0|0|0|0|1|10|1|1|86|BY_IF||
6200000072|1030001331|1030001331_10_0001|100000000112|1003|20|ZOR|16-08-2025|16-08-2025||120960|0|0|0|0|0|0|0|0|1|10|1|1|86|BY_IF||
6200000072|1030001332|1030001332_10_0001|100000000112|1003|65|ZOR|14-08-2025|14-08-2025||120960|0|0|0|0|0|0|0|0|1|10|1|1|86|BY_IF||
6200000072|1030001333|1030001333_10_0001|100000000112|1003|25|ZOR|18-08-2025|18-08-2025||120960|0|0|0|0|0|0|0|0|1|10|1|1|86|BY_IF||
6200000072|1030001334|1030001334_10_0001|100000000112|1003|25|ZOR|23-07-2025|23-07-2025||120960|0|0|0|0|0|0|0|0|1|10|1|1|86|BY_IF||
6200000072|1030001335|1030001335_10_0001|100000000112|1003|35|ZOR|23-08-2025|23-08-2025||120960|0|0|0|0|0|0|0|0|1|10|1|1|86|BY_IF||
6200000072|1030001336|1030001336_10_0001|100000000112|1003|20|ZOR|14-08-2025|14-08-2025||120960|0|0|0|0|0|0|0|0|1|10|1|1|86|BY_IF||
6200000072|1030001337|1030001337_10_0001|100000000112|1003|35|ZOR|13-08-2025|13-08-2025||120960|0|0|0|0|0|0|0|0|1|10|1|1|86|BY_IF||
6200000072|1030001338|1030001338_10_0001|100000000112|1003|70|ZOR|23-08-2025|23-08-2025||120960|0|0|0|0|0|0|0|0|1|10|1|1|86|BY_IF||
6200000072|1030001339|1030001339_10_0001|100000000112|1003|12|ZOR|20-08-2025|20-08-2025||120960|0|0|0|0|0|0|0|0|1|10|1|1|86|BY_IF||
6200000072|1030001340|1030001340_10_0001|100000000112|1003|25|ZOR|17-08-2025|17-08-2025||120960|0|0|0|0|0|0|0|0|1|10|1|1|86|BY_IF||
6200000072|1030001341|1030001341_10_0001|100000000112|1003|25|ZOR|21-07-2025|21-07-2025||120960|0|0|0|0|0|0|0|0|1|10|1|1|86|BY_IF||
6200000072|1030001400|1030001400_10_0001|100000000113|1006|20|ZOR|14-08-2025|14-08-2025||120960|0|0|0|0|0|0|0|0|1|10|1|1|86|BY_IF||
6200000072|1030001401|1030001401_10_0001|100000000113|1006|25|ZOR|13-08-2025|13-08-2025||120960|0|0|0|0|0|0|0|0|1|10|1|1|86|BY_IF||
6200000072|1030001402|1030001402_10_0001|100000000113|1006|25|ZOR|17-07-2025|24-09-2025||120960|0|0|0|0|0|0|0|0|0|10|1|1|86|BY_IF||
6200000072|1030001403|1030001403_10_0001|100000000113|1006|30|ZOR|23-07-2025|23-07-2025||120960|0|0|0|0|0|0|0|0|1|10|1|1|86|BY_IF||
6200000072|1030001404|1030001404_10_0001|100000000113|1006|20|ZOR|16-08-2025|16-08-2025||120960|0|0|0|0|0|0|0|0|1|10|1|1|86|BY_IF||
6200000072|1030001405|1030001405_10_0001|100000000113|1006|30|ZOR|12-08-2025|12-08-2025||120960|0|0|0|0|0|0|0|0|1|10|1|1|86|BY_IF||
6200000072|1030001406|1030001406_10_0001|100000000113|1006|25|ZOR|11-08-2025|11-08-2025||120960|0|0|0|0|0|0|0|0|1|10|1|1|86|BY_IF||
6200000072|1030001407|1030001407_10_0001|100000000113|1006|25|ZOR|11-08-2025|11-08-2025||120960|0|0|0|0|0|0|0|0|1|10|1|1|86|BY_IF||
6200000072|1030001408|1030001408_10_0001|100000000113|1006|75|ZOR|24-07-2025|24-07-2025||120960|0|0|0|0|0|0|0|0|1|10|1|1|86|BY_IF||
6200000072|1030001409|1030001409_10_0001|100000000113|1006|25|ZOR|12-08-2025|12-08-2025||120960|0|0|0|0|0|0|0|0|1|10|1|1|86|BY_IF||
6200000072|1030001410|1030001410_10_0001|100000000113|1006|50|ZOR|12-08-2025|12-08-2025||120960|0|0|0|0|0|0|0|0|1|10|1|1|86|BY_IF||
6200000072|1030001411|1030001411_10_0001|100000000113|1006|10|ZOR|30-08-2025|30-08-2025||120960|0|0|0|0|0|0|0|0|1|10|1|1|86|BY_IF||
6200000072|1030001412|1030001412_10_0001|100000000113|1006|25|ZOR|27-06-2025|24-09-2025||120960|0|0|0|0|0|0|0|0|0|10|1|1|86|BY_IF||
6200000072|1030001413|1030001413_10_0001|100000000113|1006|25|ZOR|12-08-2025|12-08-2025||120960|0|0|0|0|0|0|0|0|1|10|1|1|86|BY_IF||
6200000072|1030001414|1030001414_10_0001|100000000113|1006|20|ZOR|23-07-2025|23-07-2025||120960|0|0|0|0|0|0|0|0|1|10|1|1|86|BY_IF||
6200000072|1030001415|1030001415_10_0001|100000000113|1006|45|ZOR|17-08-2025|17-08-2025||120960|0|0|0|0|0|0|0|0|1|10|1|1|86|BY_IF||
6200000072|1030001416|1030001416_10_0001|100000000113|1006|70|ZOR|18-08-2025|18-08-2025||120960|0|0|0|0|0|0|0|0|1|10|1|1|86|BY_IF||
6200000072|1030001417|1030001417_10_0001|100000000113|1006|70|ZOR|14-08-2025|14-08-2025||120960|0|0|0|0|0|0|0|0|1|10|1|1|86|BY_IF||
6200000072|1030001418|1030001418_10_0001|100000000113|1006|25|ZOR|11-08-2025|11-08-2025||120960|0|0|0|0|0|0|0|0|1|10|1|1|86|BY_IF||
6200000072|1030001419|1030001419_10_0001|100000000113|1006|50|ZOR|18-08-2025|18-08-2025||120960|0|0|0|0|0|0|0|0|1|10|1|1|86|BY_IF||
6200000072|1030001420|1030001420_10_0001|100000000113|1006|20|ZOR|22-07-2025|22-07-2025||120960|0|0|0|0|0|0|0|0|1|10|1|1|86|BY_IF||
6200000072|1030001421|1030001421_10_0001|100000000113|1006|25|ZOR|23-07-2025|23-07-2025||120960|0|0|0|0|0|0|0|0|1|10|1|1|86|BY_IF||
6200000072|1030001422|1030001422_10_0001|100000000113|1003|45|ZOR|13-08-2025|13-08-2025||120960|0|0|0|0|0|0|0|0|1|10|1|1|86|BY_IF||
6200000072|1030001423|1030001423_10_0001|100000000113|1003|25|ZOR|23-07-2025|23-07-2025||120960|0|0|0|0|0|0|0|0|1|10|1|1|86|BY_IF||
6200000072|1030001424|1030001424_10_0001|100000000113|1003|12|ZOR|09-08-2025|09-08-2025||120960|0|0|0|0|0|0|0|0|1|10|1|1|86|BY_IF||
6200000072|1030001425|1030001425_10_0001|100000000113|1003|20|ZOR|23-07-2025|23-07-2025||120960|0|0|0|0|0|0|0|0|1|10|1|1|86|BY_IF||
6200000072|1030001426|1030001426_10_0001|100000000113|1003|20|ZOR|23-07-2025|23-07-2025||120960|0|0|0|0|0|0|0|0|1|10|1|1|86|BY_IF||
6200000072|1030001427|1030001427_10_0001|100000000113|1003|25|ZOR|18-08-2025|18-08-2025||120960|0|0|0|0|0|0|0|0|1|10|1|1|86|BY_IF||
6200000072|1030001428|1030001428_10_0001|100000000113|1003|25|ZOR|13-08-2025|13-08-2025||120960|0|0|0|0|0|0|0|0|1|10|1|1|86|BY_IF||
6200000072|1030001429|1030001429_10_0001|100000000113|1003|65|ZOR|11-08-2025|11-08-2025||120960|0|0|0|0|0|0|0|0|1|10|1|1|86|BY_IF||
6200000072|1030001430|1030001430_10_0001|100000000113|1003|18|ZOR|12-08-2025|12-08-2025||120960|0|0|0|0|0|0|0|0|1|10|1|1|86|BY_IF||
6200000072|1030001431|1030001431_10_0001|100000000113|1003|20|ZOR|16-08-2025|16-08-2025||120960|0|0|0|0|0|0|0|0|1|10|1|1|86|BY_IF||
6200000072|1030001432|1030001432_10_0001|100000000113|1003|65|ZOR|14-08-2025|14-08-2025||120960|0|0|0|0|0|0|0|0|1|10|1|1|86|BY_IF||
6200000072|1030001433|1030001433_10_0001|100000000113|1003|25|ZOR|18-08-2025|18-08-2025||120960|0|0|0|0|0|0|0|0|1|10|1|1|86|BY_IF||
6200000072|1030001434|1030001434_10_0001|100000000113|1003|25|ZOR|23-07-2025|23-07-2025||120960|0|0|0|0|0|0|0|0|1|10|1|1|86|BY_IF||
6200000072|1030001435|1030001435_10_0001|100000000113|1003|35|ZOR|23-08-2025|23-08-2025||120960|0|0|0|0|0|0|0|0|1|10|1|1|86|BY_IF||
6200000072|1030001436|1030001436_10_0001|100000000113|1003|20|ZOR|14-08-2025|14-08-2025||120960|0|0|0|0|0|0|0|0|1|10|1|1|86|BY_IF||
6200000072|1030001437|1030001437_10_0001|100000000113|1003|35|ZOR|13-08-2025|13-08-2025||120960|0|0|0|0|0|0|0|0|1|10|1|1|86|BY_IF||
6200000072|1030001438|1030001438_10_0001|100000000113|1003|70|ZOR|23-08-2025|23-08-2025||120960|0|0|0|0|0|0|0|0|1|10|1|1|86|BY_IF||
6200000072|1030001439|1030001439_10_0001|100000000113|1003|12|ZOR|20-08-2025|20-08-2025||120960|0|0|0|0|0|0|0|0|1|10|1|1|86|BY_IF||
6200000072|1030001440|1030001440_10_0001|100000000113|1003|25|ZOR|17-08-2025|17-08-2025||120960|0|0|0|0|0|0|0|0|1|10|1|1|86|BY_IF||
6200000072|1030001441|1030001441_10_0001|100000000113|1003|25|ZOR|21-07-2025|21-07-2025||120960|0|0|0|0|0|0|0|0|1|10|1|1|86|BY_IF||
6200000072|1030001500|1030001500_10_0001|100000002011|1004|20|ZOR|14-08-2025|14-08-2025||120960|0|0|0|0|0|0|0|0|1|10|1|1|86|BY_IF||
6200000072|1030001501|1030001501_10_0001|100000002011|1004|25|ZOR|13-08-2025|13-08-2025||120960|0|0|0|0|0|0|0|0|1|10|1|1|86|BY_IF||
6200000072|1030001502|1030001502_10_0001|100000002011|1004|25|ZOR|17-07-2025|24-09-2025||120960|0|0|0|0|0|0|0|0|0|10|1|1|86|BY_IF||
6200000072|1030001503|1030001503_10_0001|100000002011|1004|30|ZOR|23-07-2025|23-07-2025||120960|0|0|0|0|0|0|0|0|1|10|1|1|86|BY_IF||
6200000072|1030001504|1030001504_10_0001|100000002011|1004|20|ZOR|16-08-2025|16-08-2025||120960|0|0|0|0|0|0|0|0|1|10|1|1|86|BY_IF||
6200000072|1030001505|1030001505_10_0001|100000002011|1004|30|ZOR|12-08-2025|12-08-2025||120960|0|0|0|0|0|0|0|0|1|10|1|1|86|BY_IF||
6200000072|1030001506|1030001506_10_0001|100000002011|1004|25|ZOR|11-08-2025|11-08-2025||120960|0|0|0|0|0|0|0|0|1|10|1|1|86|BY_IF||
6200000072|1030001507|1030001507_10_0001|100000002011|1004|25|ZOR|11-08-2025|11-08-2025||120960|0|0|0|0|0|0|0|0|1|10|1|1|86|BY_IF||
6200000072|1030001508|1030001508_10_0001|100000002011|1004|75|ZOR|24-07-2025|24-07-2025||120960|0|0|0|0|0|0|0|0|1|10|1|1|86|BY_IF||
6200000072|1030001509|1030001509_10_0001|100000002011|1004|25|ZOR|12-08-2025|12-08-2025||120960|0|0|0|0|0|0|0|0|1|10|1|1|86|BY_IF||
6200000072|1030001510|1030001510_10_0001|100000002011|1004|50|ZOR|12-08-2025|12-08-2025||120960|0|0|0|0|0|0|0|0|1|10|1|1|86|BY_IF||
6200000072|1030001511|1030001511_10_0001|100000002011|1004|10|ZOR|30-08-2025|30-08-2025||120960|0|0|0|0|0|0|0|0|1|10|1|1|86|BY_IF||
6200000072|1030001512|1030001512_10_0001|100000002011|1004|25|ZOR|27-06-2025|24-09-2025||120960|0|0|0|0|0|0|0|0|0|10|1|1|86|BY_IF||
6200000072|1030001513|1030001513_10_0001|100000002011|1004|25|ZOR|12-08-2025|12-08-2025||120960|0|0|0|0|0|0|0|0|1|10|1|1|86|BY_IF||
6200000072|1030001514|1030001514_10_0001|100000002011|1004|20|ZOR|23-07-2025|23-07-2025||120960|0|0|0|0|0|0|0|0|1|10|1|1|86|BY_IF||
6200000072|1030001515|1030001515_10_0001|100000002011|1004|45|ZOR|17-08-2025|17-08-2025||120960|0|0|0|0|0|0|0|0|1|10|1|1|86|BY_IF||
6200000072|1030001516|1030001516_10_0001|100000002011|1004|70|ZOR|18-08-2025|18-08-2025||120960|0|0|0|0|0|0|0|0|1|10|1|1|86|BY_IF||
6200000072|1030001517|1030001517_10_0001|100000002011|1004|70|ZOR|14-08-2025|14-08-2025||120960|0|0|0|0|0|0|0|0|1|10|1|1|86|BY_IF||
6200000072|1030001518|1030001518_10_0001|100000002011|1004|25|ZOR|11-08-2025|11-08-2025||120960|0|0|0|0|0|0|0|0|1|10|1|1|86|BY_IF||
6200000072|1030001519|1030001519_10_0001|100000002011|1004|50|ZOR|18-08-2025|18-08-2025||120960|0|0|0|0|0|0|0|0|1|10|1|1|86|BY_IF||
6200000072|1030001520|1030001520_10_0001|100000002011|1004|20|ZOR|22-07-2025|22-07-2025||120960|0|0|0|0|0|0|0|0|1|10|1|1|86|BY_IF||
6200000072|1030001521|1030001521_10_0001|100000002011|1004|25|ZOR|23-07-2025|23-07-2025||120960|0|0|0|0|0|0|0|0|1|10|1|1|86|BY_IF||
6200000072|1030001522|1030001522_10_0001|100000002011|1004|45|ZOR|13-08-2025|13-08-2025||120960|0|0|0|0|0|0|0|0|1|10|1|1|86|BY_IF||
6200000072|1030001523|1030001523_10_0001|100000002011|1004|25|ZOR|23-07-2025|23-07-2025||120960|0|0|0|0|0|0|0|0|1|10|1|1|86|BY_IF||
6200000072|1030001524|1030001524_10_0001|100000002011|1004|12|ZOR|09-08-2025|09-08-2025||120960|0|0|0|0|0|0|0|0|1|10|1|1|86|BY_IF||
6200000072|1030001525|1030001525_10_0001|100000002011|1004|20|ZOR|23-07-2025|23-07-2025||120960|0|0|0|0|0|0|0|0|1|10|1|1|86|BY_IF||
6200000072|1030001526|1030001526_10_0001|100000002011|1004|20|ZOR|23-07-2025|23-07-2025||120960|0|0|0|0|0|0|0|0|1|10|1|1|86|BY_IF||
6200000072|1030001527|1030001527_10_0001|100000002011|1004|25|ZOR|18-08-2025|18-08-2025||120960|0|0|0|0|0|0|0|0|1|10|1|1|86|BY_IF||
6200000072|1030001528|1030001528_10_0001|100000002011|1004|25|ZOR|13-08-2025|13-08-2025||120960|0|0|0|0|0|0|0|0|1|10|1|1|86|BY_IF||
6200000072|1030001529|1030001529_10_0001|100000002011|1004|65|ZOR|11-08-2025|11-08-2025||120960|0|0|0|0|0|0|0|0|1|10|1|1|86|BY_IF||
6200000072|1030001530|1030001530_10_0001|100000002011|1004|18|ZOR|12-08-2025|12-08-2025||120960|0|0|0|0|0|0|0|0|1|10|1|1|86|BY_IF||
6200000072|1030001531|1030001531_10_0001|100000002011|1004|20|ZOR|16-08-2025|16-08-2025||120960|0|0|0|0|0|0|0|0|1|10|1|1|86|BY_IF||
6200000072|1030001532|1030001532_10_0001|100000002011|1004|65|ZOR|14-08-2025|14-08-2025||120960|0|0|0|0|0|0|0|0|1|10|1|1|86|BY_IF||
6200000072|1030001533|1030001533_10_0001|100000002011|1004|25|ZOR|18-08-2025|18-08-2025||120960|0|0|0|0|0|0|0|0|1|10|1|1|86|BY_IF||
6200000072|1030001534|1030001534_10_0001|100000002011|1004|25|ZOR|23-07-2025|23-07-2025||120960|0|0|0|0|0|0|0|0|1|10|1|1|86|BY_IF||
6200000072|1030001535|1030001535_10_0001|100000002011|1004|35|ZOR|23-08-2025|23-08-2025||120960|0|0|0|0|0|0|0|0|1|10|1|1|86|BY_IF||
6200000072|1030001536|1030001536_10_0001|100000002011|1004|20|ZOR|14-08-2025|14-08-2025||120960|0|0|0|0|0|0|0|0|1|10|1|1|86|BY_IF||
6200000072|1030001537|1030001537_10_0001|100000002011|1004|35|ZOR|13-08-2025|13-08-2025||120960|0|0|0|0|0|0|0|0|1|10|1|1|86|BY_IF||
6200000072|1030001538|1030001538_10_0001|100000002011|1004|70|ZOR|23-08-2025|23-08-2025||120960|0|0|0|0|0|0|0|0|1|10|1|1|86|BY_IF||
6200000072|1030001539|1030001539_10_0001|100000002011|1004|12|ZOR|20-08-2025|20-08-2025||120960|0|0|0|0|0|0|0|0|1|10|1|1|86|BY_IF||
6200000072|1030001540|1030001540_10_0001|100000002011|1004|25|ZOR|17-08-2025|17-08-2025||120960|0|0|0|0|0|0|0|0|1|10|1|1|86|BY_IF||
6200000072|1030001541|1030001541_10_0001|100000002011|1004|25|ZOR|21-07-2025|21-07-2025||120960|0|0|0|0|0|0|0|0|1|10|1|1|86|BY_IF||
6200000072|1030001600|1030001600_10_0001|100000002013|1006|20|ZOR|14-08-2025|14-08-2025||120960|0|0|0|0|0|0|0|0|1|10|1|1|86|BY_IF||
6200000072|1030001601|1030001601_10_0001|100000002013|1006|25|ZOR|13-08-2025|13-08-2025||120960|0|0|0|0|0|0|0|0|1|10|1|1|86|BY_IF||
6200000072|1030001602|1030001602_10_0001|100000002013|1006|25|ZOR|17-07-2025|24-09-2025||120960|0|0|0|0|0|0|0|0|0|10|1|1|86|BY_IF||
6200000072|1030001603|1030001603_10_0001|100000002013|1006|30|ZOR|23-07-2025|23-07-2025||120960|0|0|0|0|0|0|0|0|1|10|1|1|86|BY_IF||
6200000072|1030001604|1030001604_10_0001|100000002013|1006|20|ZOR|16-08-2025|16-08-2025||120960|0|0|0|0|0|0|0|0|1|10|1|1|86|BY_IF||
6200000072|1030001605|1030001605_10_0001|100000002013|1006|30|ZOR|12-08-2025|12-08-2025||120960|0|0|0|0|0|0|0|0|1|10|1|1|86|BY_IF||
6200000072|1030001606|1030001606_10_0001|100000002013|1006|25|ZOR|11-08-2025|11-08-2025||120960|0|0|0|0|0|0|0|0|1|10|1|1|86|BY_IF||
6200000072|1030001607|1030001607_10_0001|100000002013|1006|25|ZOR|11-08-2025|11-08-2025||120960|0|0|0|0|0|0|0|0|1|10|1|1|86|BY_IF||
6200000072|1030001608|1030001608_10_0001|100000002013|1006|75|ZOR|24-07-2025|24-07-2025||120960|0|0|0|0|0|0|0|0|1|10|1|1|86|BY_IF||
6200000072|1030001609|1030001609_10_0001|100000002013|1006|25|ZOR|12-08-2025|12-08-2025||120960|0|0|0|0|0|0|0|0|1|10|1|1|86|BY_IF||
6200000072|1030001610|1030001610_10_0001|100000002013|1006|50|ZOR|12-08-2025|12-08-2025||120960|0|0|0|0|0|0|0|0|1|10|1|1|86|BY_IF||
6200000072|1030001611|1030001611_10_0001|100000002013|1006|10|ZOR|30-08-2025|30-08-2025||120960|0|0|0|0|0|0|0|0|1|10|1|1|86|BY_IF||
6200000072|1030001612|1030001612_10_0001|100000002013|1006|25|ZOR|27-06-2025|24-09-2025||120960|0|0|0|0|0|0|0|0|0|10|1|1|86|BY_IF||
6200000072|1030001613|1030001613_10_0001|100000002013|1006|25|ZOR|12-08-2025|12-08-2025||120960|0|0|0|0|0|0|0|0|1|10|1|1|86|BY_IF||
6200000072|1030001614|1030001614_10_0001|100000002013|1006|20|ZOR|23-07-2025|23-07-2025||120960|0|0|0|0|0|0|0|0|1|10|1|1|86|BY_IF||
6200000072|1030001615|1030001615_10_0001|100000002013|1006|45|ZOR|17-08-2025|17-08-2025||120960|0|0|0|0|0|0|0|0|1|10|1|1|86|BY_IF||
6200000072|1030001616|1030001616_10_0001|100000002013|1006|70|ZOR|18-08-2025|18-08-2025||120960|0|0|0|0|0|0|0|0|1|10|1|1|86|BY_IF||
6200000072|1030001617|1030001617_10_0001|100000002013|1006|70|ZOR|14-08-2025|14-08-2025||120960|0|0|0|0|0|0|0|0|1|10|1|1|86|BY_IF||
6200000072|1030001618|1030001618_10_0001|100000002013|1006|25|ZOR|11-08-2025|11-08-2025||120960|0|0|0|0|0|0|0|0|1|10|1|1|86|BY_IF||
6200000072|1030001619|1030001619_10_0001|100000002013|1006|50|ZOR|18-08-2025|18-08-2025||120960|0|0|0|0|0|0|0|0|1|10|1|1|86|BY_IF||
6200000072|1030001620|1030001620_10_0001|100000002013|1006|20|ZOR|22-07-2025|22-07-2025||120960|0|0|0|0|0|0|0|0|1|10|1|1|86|BY_IF||
6200000072|1030001621|1030001621_10_0001|100000002013|1006|25|ZOR|23-07-2025|23-07-2025||120960|0|0|0|0|0|0|0|0|1|10|1|1|86|BY_IF||
6200000072|1030001622|1030001622_10_0001|100000002013|1006|45|ZOR|13-08-2025|13-08-2025||120960|0|0|0|0|0|0|0|0|1|10|1|1|86|BY_IF||
6200000072|1030001623|1030001623_10_0001|100000002013|1006|25|ZOR|23-07-2025|23-07-2025||120960|0|0|0|0|0|0|0|0|1|10|1|1|86|BY_IF||
6200000072|1030001624|1030001624_10_0001|100000002013|1006|12|ZOR|09-08-2025|09-08-2025||120960|0|0|0|0|0|0|0|0|1|10|1|1|86|BY_IF||
6200000072|1030001625|1030001625_10_0001|100000002013|1006|20|ZOR|23-07-2025|23-07-2025||120960|0|0|0|0|0|0|0|0|1|10|1|1|86|BY_IF||
6200000072|1030001626|1030001626_10_0001|100000002013|1006|20|ZOR|23-07-2025|23-07-2025||120960|0|0|0|0|0|0|0|0|1|10|1|1|86|BY_IF||
6200000072|1030001627|1030001627_10_0001|100000002013|1006|25|ZOR|18-08-2025|18-08-2025||120960|0|0|0|0|0|0|0|0|1|10|1|1|86|BY_IF||
6200000072|1030001628|1030001628_10_0001|100000002013|1006|25|ZOR|13-08-2025|13-08-2025||120960|0|0|0|0|0|0|0|0|1|10|1|1|86|BY_IF||
6200000072|1030001629|1030001629_10_0001|100000002013|1006|65|ZOR|11-08-2025|11-08-2025||120960|0|0|0|0|0|0|0|0|1|10|1|1|86|BY_IF||
6200000072|1030001630|1030001630_10_0001|100000002013|1006|18|ZOR|12-08-2025|12-08-2025||120960|0|0|0|0|0|0|0|0|1|10|1|1|86|BY_IF||
6200000072|1030001631|1030001631_10_0001|100000002013|1006|20|ZOR|16-08-2025|16-08-2025||120960|0|0|0|0|0|0|0|0|1|10|1|1|86|BY_IF||
6200000072|1030001632|1030001632_10_0001|100000002013|1006|65|ZOR|14-08-2025|14-08-2025||120960|0|0|0|0|0|0|0|0|1|10|1|1|86|BY_IF||
6200000072|1030001633|1030001633_10_0001|100000002013|1006|25|ZOR|18-08-2025|18-08-2025||120960|0|0|0|0|0|0|0|0|1|10|1|1|86|BY_IF||
6200000072|1030001634|1030001634_10_0001|100000002013|1006|25|ZOR|23-07-2025|23-07-2025||120960|0|0|0|0|0|0|0|0|1|10|1|1|86|BY_IF||
6200000072|1030001635|1030001635_10_0001|100000002013|1006|35|ZOR|23-08-2025|23-08-2025||120960|0|0|0|0|0|0|0|0|1|10|1|1|86|BY_IF||
6200000072|1030001636|1030001636_10_0001|100000002013|1006|20|ZOR|14-08-2025|14-08-2025||120960|0|0|0|0|0|0|0|0|1|10|1|1|86|BY_IF||
6200000072|1030001637|1030001637_10_0001|100000002013|1006|35|ZOR|13-08-2025|13-08-2025||120960|0|0|0|0|0|0|0|0|1|10|1|1|86|BY_IF||
6200000072|1030001638|1030001638_10_0001|100000002013|1006|70|ZOR|23-08-2025|23-08-2025||120960|0|0|0|0|0|0|0|0|1|10|1|1|86|BY_IF||
6200000072|1030001639|1030001639_10_0001|100000002013|1006|12|ZOR|20-08-2025|20-08-2025||120960|0|0|0|0|0|0|0|0|1|10|1|1|86|BY_IF||
6200000072|1030001640|1030001640_10_0001|100000002013|1006|25|ZOR|17-08-2025|17-08-2025||120960|0|0|0|0|0|0|0|0|1|10|1|1|86|BY_IF||
6200000072|1030001641|1030001641_10_0001|100000002013|1006|25|ZOR|21-07-2025|21-07-2025||120960|0|0|0|0|0|0|0|0|1|10|1|1|86|BY_IF||
6200000072|1030001700|1030001700_10_0001|100000002012|1017|20|ZOR|14-08-2025|14-08-2025||120960|0|0|0|0|0|0|0|0|1|10|1|1|86|BY_IF||
6200000072|1030001701|1030001701_10_0001|100000002012|1017|25|ZOR|13-08-2025|13-08-2025||120960|0|0|0|0|0|0|0|0|1|10|1|1|86|BY_IF||
6200000072|1030001702|1030001702_10_0001|100000002012|1017|25|ZOR|17-07-2025|24-09-2025||120960|0|0|0|0|0|0|0|0|0|10|1|1|86|BY_IF||
6200000072|1030001703|1030001703_10_0001|100000002012|1017|30|ZOR|23-07-2025|23-07-2025||120960|0|0|0|0|0|0|0|0|1|10|1|1|86|BY_IF||
6200000072|1030001704|1030001704_10_0001|100000002012|1017|20|ZOR|16-08-2025|16-08-2025||120960|0|0|0|0|0|0|0|0|1|10|1|1|86|BY_IF||
6200000072|1030001705|1030001705_10_0001|100000002012|1017|30|ZOR|12-08-2025|12-08-2025||120960|0|0|0|0|0|0|0|0|1|10|1|1|86|BY_IF||
6200000072|1030001706|1030001706_10_0001|100000002012|1017|25|ZOR|11-08-2025|11-08-2025||120960|0|0|0|0|0|0|0|0|1|10|1|1|86|BY_IF||
6200000072|1030001707|1030001707_10_0001|100000002012|1017|25|ZOR|11-08-2025|11-08-2025||120960|0|0|0|0|0|0|0|0|1|10|1|1|86|BY_IF||
6200000072|1030001708|1030001708_10_0001|100000002012|1017|75|ZOR|24-07-2025|24-07-2025||120960|0|0|0|0|0|0|0|0|1|10|1|1|86|BY_IF||
6200000072|1030001709|1030001709_10_0001|100000002012|1017|25|ZOR|12-08-2025|12-08-2025||120960|0|0|0|0|0|0|0|0|1|10|1|1|86|BY_IF||
6200000072|1030001710|1030001710_10_0001|100000002012|1017|50|ZOR|12-08-2025|12-08-2025||120960|0|0|0|0|0|0|0|0|1|10|1|1|86|BY_IF||
6200000072|1030001711|1030001711_10_0001|100000002012|1017|10|ZOR|30-08-2025|30-08-2025||120960|0|0|0|0|0|0|0|0|1|10|1|1|86|BY_IF||
6200000072|1030001712|1030001712_10_0001|100000002012|1017|25|ZOR|27-06-2025|24-09-2025||120960|0|0|0|0|0|0|0|0|0|10|1|1|86|BY_IF||
6200000072|1030001713|1030001713_10_0001|100000002012|1017|25|ZOR|12-08-2025|12-08-2025||120960|0|0|0|0|0|0|0|0|1|10|1|1|86|BY_IF||
6200000072|1030001714|1030001714_10_0001|100000002012|1017|20|ZOR|23-07-2025|23-07-2025||120960|0|0|0|0|0|0|0|0|1|10|1|1|86|BY_IF||
6200000072|1030001715|1030001715_10_0001|100000002012|1017|45|ZOR|17-08-2025|17-08-2025||120960|0|0|0|0|0|0|0|0|1|10|1|1|86|BY_IF||
6200000072|1030001716|1030001716_10_0001|100000002012|1017|70|ZOR|18-08-2025|18-08-2025||120960|0|0|0|0|0|0|0|0|1|10|1|1|86|BY_IF||
6200000072|1030001717|1030001717_10_0001|100000002012|1017|70|ZOR|14-08-2025|14-08-2025||120960|0|0|0|0|0|0|0|0|1|10|1|1|86|BY_IF||
6200000072|1030001718|1030001718_10_0001|100000002012|1017|25|ZOR|11-08-2025|11-08-2025||120960|0|0|0|0|0|0|0|0|1|10|1|1|86|BY_IF||
6200000072|1030001719|1030001719_10_0001|100000002012|1017|50|ZOR|18-08-2025|18-08-2025||120960|0|0|0|0|0|0|0|0|1|10|1|1|86|BY_IF||
6200000072|1030001720|1030001720_10_0001|100000002012|1017|20|ZOR|22-07-2025|22-07-2025||120960|0|0|0|0|0|0|0|0|1|10|1|1|86|BY_IF||
6200000072|1030001721|1030001721_10_0001|100000002012|1017|25|ZOR|23-07-2025|23-07-2025||120960|0|0|0|0|0|0|0|0|1|10|1|1|86|BY_IF||
6200000072|1030001722|1030001722_10_0001|100000002012|1017|45|ZOR|13-08-2025|13-08-2025||120960|0|0|0|0|0|0|0|0|1|10|1|1|86|BY_IF||
6200000072|1030001723|1030001723_10_0001|100000002012|1017|25|ZOR|23-07-2025|23-07-2025||120960|0|0|0|0|0|0|0|0|1|10|1|1|86|BY_IF||
6200000072|1030001724|1030001724_10_0001|100000002012|1017|12|ZOR|09-08-2025|09-08-2025||120960|0|0|0|0|0|0|0|0|1|10|1|1|86|BY_IF||
6200000072|1030001725|1030001725_10_0001|100000002012|1017|20|ZOR|23-07-2025|23-07-2025||120960|0|0|0|0|0|0|0|0|1|10|1|1|86|BY_IF||
6200000072|1030001726|1030001726_10_0001|100000002012|1017|20|ZOR|23-07-2025|23-07-2025||120960|0|0|0|0|0|0|0|0|1|10|1|1|86|BY_IF||
6200000072|1030001727|1030001727_10_0001|100000002012|1017|25|ZOR|18-08-2025|18-08-2025||120960|0|0|0|0|0|0|0|0|1|10|1|1|86|BY_IF||
6200000072|1030001728|1030001728_10_0001|100000002012|1017|25|ZOR|13-08-2025|13-08-2025||120960|0|0|0|0|0|0|0|0|1|10|1|1|86|BY_IF||
6200000072|1030001729|1030001729_10_0001|100000002012|1017|65|ZOR|11-08-2025|11-08-2025||120960|0|0|0|0|0|0|0|0|1|10|1|1|86|BY_IF||
6200000072|1030001730|1030001730_10_0001|100000002012|1017|18|ZOR|12-08-2025|12-08-2025||120960|0|0|0|0|0|0|0|0|1|10|1|1|86|BY_IF||
6200000072|1030001731|1030001731_10_0001|100000002012|1017|20|ZOR|16-08-2025|16-08-2025||120960|0|0|0|0|0|0|0|0|1|10|1|1|86|BY_IF||
6200000072|1030001732|1030001732_10_0001|100000002012|1017|65|ZOR|14-08-2025|14-08-2025||120960|0|0|0|0|0|0|0|0|1|10|1|1|86|BY_IF||
6200000072|1030001733|1030001733_10_0001|100000002012|1017|25|ZOR|18-08-2025|18-08-2025||120960|0|0|0|0|0|0|0|0|1|10|1|1|86|BY_IF||
6200000072|1030001734|1030001734_10_0001|100000002012|1017|25|ZOR|23-07-2025|23-07-2025||120960|0|0|0|0|0|0|0|0|1|10|1|1|86|BY_IF||
6200000072|1030001735|1030001735_10_0001|100000002012|1017|35|ZOR|23-08-2025|23-08-2025||120960|0|0|0|0|0|0|0|0|1|10|1|1|86|BY_IF||
6200000072|1030001736|1030001736_10_0001|100000002012|1017|20|ZOR|14-08-2025|14-08-2025||120960|0|0|0|0|0|0|0|0|1|10|1|1|86|BY_IF||
6200000072|1030001737|1030001737_10_0001|100000002012|1017|35|ZOR|13-08-2025|13-08-2025||120960|0|0|0|0|0|0|0|0|1|10|1|1|86|BY_IF||
6200000072|1030001738|1030001738_10_0001|100000002012|1017|70|ZOR|23-08-2025|23-08-2025||120960|0|0|0|0|0|0|0|0|1|10|1|1|86|BY_IF||
6200000072|1030001739|1030001739_10_0001|100000002012|1017|12|ZOR|20-08-2025|20-08-2025||120960|0|0|0|0|0|0|0|0|1|10|1|1|86|BY_IF||
6200000072|1030001740|1030001740_10_0001|100000002012|1017|25|ZOR|17-08-2025|17-08-2025||120960|0|0|0|0|0|0|0|0|1|10|1|1|86|BY_IF||
6200000072|1030001741|1030001741_10_0001|100000002012|1017|25|ZOR|21-07-2025|21-07-2025||120960|0|0|0|0|0|0|0|0|1|10|1|1|86|BY_IF||
6200000072|1030001800|1030001800_10_0001|100000002014|1006|20|ZOR|14-08-2025|14-08-2025||120960|0|0|0|0|0|0|0|0|1|10|1|1|86|BY_IF||
6200000072|1030001801|1030001801_10_0001|100000002014|1006|25|ZOR|13-08-2025|13-08-2025||120960|0|0|0|0|0|0|0|0|1|10|1|1|86|BY_IF||
6200000072|1030001802|1030001802_10_0001|100000002014|1006|25|ZOR|17-07-2025|24-09-2025||120960|0|0|0|0|0|0|0|0|0|10|1|1|86|BY_IF||
6200000072|1030001803|1030001803_10_0001|100000002014|1006|30|ZOR|23-07-2025|23-07-2025||120960|0|0|0|0|0|0|0|0|1|10|1|1|86|BY_IF||
6200000072|1030001804|1030001804_10_0001|100000002014|1006|20|ZOR|16-08-2025|16-08-2025||120960|0|0|0|0|0|0|0|0|1|10|1|1|86|BY_IF||
6200000072|1030001805|1030001805_10_0001|100000002014|1006|30|ZOR|12-08-2025|12-08-2025||120960|0|0|0|0|0|0|0|0|1|10|1|1|86|BY_IF||
6200000072|1030001806|1030001806_10_0001|100000002014|1006|25|ZOR|11-08-2025|11-08-2025||120960|0|0|0|0|0|0|0|0|1|10|1|1|86|BY_IF||
6200000072|1030001807|1030001807_10_0001|100000002014|1006|25|ZOR|11-08-2025|11-08-2025||120960|0|0|0|0|0|0|0|0|1|10|1|1|86|BY_IF||
6200000072|1030001808|1030001808_10_0001|100000002014|1006|75|ZOR|24-07-2025|24-07-2025||120960|0|0|0|0|0|0|0|0|1|10|1|1|86|BY_IF||
6200000072|1030001809|1030001809_10_0001|100000002014|1006|25|ZOR|12-08-2025|12-08-2025||120960|0|0|0|0|0|0|0|0|1|10|1|1|86|BY_IF||
6200000072|1030001810|1030001810_10_0001|100000002014|1006|50|ZOR|12-08-2025|12-08-2025||120960|0|0|0|0|0|0|0|0|1|10|1|1|86|BY_IF||
6200000072|1030001811|1030001811_10_0001|100000002014|1006|10|ZOR|30-08-2025|30-08-2025||120960|0|0|0|0|0|0|0|0|1|10|1|1|86|BY_IF||
6200000072|1030001812|1030001812_10_0001|100000002014|1006|25|ZOR|27-06-2025|24-09-2025||120960|0|0|0|0|0|0|0|0|0|10|1|1|86|BY_IF||
6200000072|1030001813|1030001813_10_0001|100000002014|1006|25|ZOR|12-08-2025|12-08-2025||120960|0|0|0|0|0|0|0|0|1|10|1|1|86|BY_IF||
6200000072|1030001814|1030001814_10_0001|100000002014|1006|20|ZOR|23-07-2025|23-07-2025||120960|0|0|0|0|0|0|0|0|1|10|1|1|86|BY_IF||
6200000072|1030001815|1030001815_10_0001|100000002014|1006|45|ZOR|17-08-2025|17-08-2025||120960|0|0|0|0|0|0|0|0|1|10|1|1|86|BY_IF||
6200000072|1030001816|1030001816_10_0001|100000002014|1006|70|ZOR|18-08-2025|18-08-2025||120960|0|0|0|0|0|0|0|0|1|10|1|1|86|BY_IF||
6200000072|1030001817|1030001817_10_0001|100000002014|1006|70|ZOR|14-08-2025|14-08-2025||120960|0|0|0|0|0|0|0|0|1|10|1|1|86|BY_IF||
6200000072|1030001818|1030001818_10_0001|100000002014|1006|25|ZOR|11-08-2025|11-08-2025||120960|0|0|0|0|0|0|0|0|1|10|1|1|86|BY_IF||
6200000072|1030001819|1030001819_10_0001|100000002014|1006|50|ZOR|18-08-2025|18-08-2025||120960|0|0|0|0|0|0|0|0|1|10|1|1|86|BY_IF||
6200000072|1030001820|1030001820_10_0001|100000002014|1006|20|ZOR|22-07-2025|22-07-2025||120960|0|0|0|0|0|0|0|0|1|10|1|1|86|BY_IF||
6200000072|1030001821|1030001821_10_0001|100000002014|1006|25|ZOR|23-07-2025|23-07-2025||120960|0|0|0|0|0|0|0|0|1|10|1|1|86|BY_IF||
6200000072|1030001822|1030001822_10_0001|100000002014|1006|45|ZOR|13-08-2025|13-08-2025||120960|0|0|0|0|0|0|0|0|1|10|1|1|86|BY_IF||
6200000072|1030001823|1030001823_10_0001|100000002014|1020|25|ZOR|23-07-2025|23-07-2025||120960|0|0|0|0|0|0|0|0|1|10|1|1|86|BY_IF||
6200000072|1030001824|1030001824_10_0001|100000002014|1020|12|ZOR|09-08-2025|09-08-2025||120960|0|0|0|0|0|0|0|0|1|10|1|1|86|BY_IF||
6200000072|1030001825|1030001825_10_0001|100000002014|1020|20|ZOR|23-07-2025|23-07-2025||120960|0|0|0|0|0|0|0|0|1|10|1|1|86|BY_IF||
6200000072|1030001826|1030001826_10_0001|100000002014|1020|20|ZOR|23-07-2025|23-07-2025||120960|0|0|0|0|0|0|0|0|1|10|1|1|86|BY_IF||
6200000072|1030001827|1030001827_10_0001|100000002014|1020|25|ZOR|18-08-2025|18-08-2025||120960|0|0|0|0|0|0|0|0|1|10|1|1|86|BY_IF||
6200000072|1030001828|1030001828_10_0001|100000002014|1020|25|ZOR|13-08-2025|13-08-2025||120960|0|0|0|0|0|0|0|0|1|10|1|1|86|BY_IF||
6200000072|1030001829|1030001829_10_0001|100000002014|1020|65|ZOR|11-08-2025|11-08-2025||120960|0|0|0|0|0|0|0|0|1|10|1|1|86|BY_IF||
6200000072|1030001830|1030001830_10_0001|100000002014|1020|18|ZOR|12-08-2025|12-08-2025||120960|0|0|0|0|0|0|0|0|1|10|1|1|86|BY_IF||
6200000072|1030001831|1030001831_10_0001|100000002014|1020|20|ZOR|16-08-2025|16-08-2025||120960|0|0|0|0|0|0|0|0|1|10|1|1|86|BY_IF||
6200000072|1030001832|1030001832_10_0001|100000002014|1020|65|ZOR|14-08-2025|14-08-2025||120960|0|0|0|0|0|0|0|0|1|10|1|1|86|BY_IF||
6200000072|1030001833|1030001833_10_0001|100000002014|1020|25|ZOR|18-08-2025|18-08-2025||120960|0|0|0|0|0|0|0|0|1|10|1|1|86|BY_IF||
6200000072|1030001834|1030001834_10_0001|100000002014|1020|25|ZOR|23-07-2025|23-07-2025||120960|0|0|0|0|0|0|0|0|1|10|1|1|86|BY_IF||
6200000072|1030001835|1030001835_10_0001|100000002014|1020|35|ZOR|23-08-2025|23-08-2025||120960|0|0|0|0|0|0|0|0|1|10|1|1|86|BY_IF||
6200000072|1030001836|1030001836_10_0001|100000002014|1020|20|ZOR|14-08-2025|14-08-2025||120960|0|0|0|0|0|0|0|0|1|10|1|1|86|BY_IF||
6200000072|1030001837|1030001837_10_0001|100000002014|1020|35|ZOR|13-08-2025|13-08-2025||120960|0|0|0|0|0|0|0|0|1|10|1|1|86|BY_IF||
6200000072|1030001838|1030001838_10_0001|100000002014|1020|70|ZOR|23-08-2025|23-08-2025||120960|0|0|0|0|0|0|0|0|1|10|1|1|86|BY_IF||
6200000072|1030001839|1030001839_10_0001|100000002014|1020|12|ZOR|20-08-2025|20-08-2025||120960|0|0|0|0|0|0|0|0|1|10|1|1|86|BY_IF||
6200000072|1030001840|1030001840_10_0001|100000002014|1020|25|ZOR|17-08-2025|17-08-2025||120960|0|0|0|0|0|0|0|0|1|10|1|1|86|BY_IF||
6200000072|1030001841|1030001841_10_0001|100000002014|1020|25|ZOR|21-07-2025|21-07-2025||120960|0|0|0|0|0|0|0|0|1|10|1|1|86|BY_IF||
6200000072|1010002210|1010002210_10_001|100000002015|1006|20|ZOR|14-08-2025|14-08-2025||120960|0|0|0|0|0|0|0|0|1|10|1|1|86|BY_IF||
6200000072|1010002211|1010002211_10_001|100000002015|1006|25|ZOR|13-08-2025|13-08-2025||120960|0|0|0|0|0|0|0|0|1|10|1|1|86|BY_IF||
6200000072|1010002212|1010002212_10_001|100000002015|1006|25|ZOR|17-07-2025|24-09-2025||120960|0|0|0|0|0|0|0|0|0|10|1|1|86|BY_IF||
6200000072|1010002213|1010002213_10_001|100000002015|1006|30|ZOR|23-07-2025|23-07-2025||120960|0|0|0|0|0|0|0|0|1|10|1|1|86|BY_IF||
6200000072|1010002214|1010002214_10_001|100000002015|1006|20|ZOR|16-08-2025|16-08-2025||120960|0|0|0|0|0|0|0|0|1|10|1|1|86|BY_IF||
6200000072|1010002215|1010002215_10_001|100000002015|1006|30|ZOR|12-08-2025|12-08-2025||120960|0|0|0|0|0|0|0|0|1|10|1|1|86|BY_IF||
6200000072|1010002216|1010002216_10_001|100000002015|1006|25|ZOR|11-08-2025|11-08-2025||120960|0|0|0|0|0|0|0|0|1|10|1|1|86|BY_IF||
6200000072|1010002217|1010002217_10_001|100000002015|1006|25|ZOR|11-08-2025|11-08-2025||120960|0|0|0|0|0|0|0|0|1|10|1|1|86|BY_IF||
6200000072|1010002218|1010002218_10_001|100000002015|1006|75|ZOR|24-07-2025|24-07-2025||120960|0|0|0|0|0|0|0|0|1|10|1|1|86|BY_IF||
6200000072|1010002219|1010002219_10_001|100000002015|1006|25|ZOR|12-08-2025|12-08-2025||120960|0|0|0|0|0|0|0|0|1|10|1|1|86|BY_IF||
6200000072|1010002220|1010002220_10_001|100000002015|1006|50|ZOR|12-08-2025|12-08-2025||120960|0|0|0|0|0|0|0|0|1|10|1|1|86|BY_IF||
6200000072|1010002221|1010002221_10_001|100000002015|1006|10|ZOR|30-08-2025|30-08-2025||120960|0|0|0|0|0|0|0|0|1|10|1|1|86|BY_IF||
6200000072|1010002222|1010002222_10_001|100000002015|1006|25|ZOR|27-06-2025|24-09-2025||120960|0|0|0|0|0|0|0|0|0|10|1|1|86|BY_IF||
6200000072|1010002223|1010002223_10_001|100000002015|1006|25|ZOR|12-08-2025|12-08-2025||120960|0|0|0|0|0|0|0|0|1|10|1|1|86|BY_IF||
6200000072|1010002224|1010002224_10_001|100000002015|1006|20|ZOR|23-07-2025|23-07-2025||120960|0|0|0|0|0|0|0|0|1|10|1|1|86|BY_IF||
6200000072|1010002225|1010002225_10_001|100000002015|1006|45|ZOR|17-08-2025|17-08-2025||120960|0|0|0|0|0|0|0|0|1|10|1|1|86|BY_IF||
6200000072|1010002226|1010002226_10_001|100000002015|1006|70|ZOR|18-08-2025|18-08-2025||120960|0|0|0|0|0|0|0|0|1|10|1|1|86|BY_IF||
6200000072|1010002227|1010002227_10_001|100000002015|1006|70|ZOR|14-08-2025|14-08-2025||120960|0|0|0|0|0|0|0|0|1|10|1|1|86|BY_IF||
6200000072|1010002228|1010002228_10_001|100000002015|1006|25|ZOR|11-08-2025|11-08-2025||120960|0|0|0|0|0|0|0|0|1|10|1|1|86|BY_IF||
6200000072|1010002229|1010002229_10_001|100000002015|1006|50|ZOR|18-08-2025|18-08-2025||120960|0|0|0|0|0|0|0|0|1|10|1|1|86|BY_IF||
6200000072|1010002230|1010002230_10_001|100000002015|1006|20|ZOR|22-07-2025|22-07-2025||120960|0|0|0|0|0|0|0|0|1|10|1|1|86|BY_IF||
6200000072|1010002231|1010002231_10_001|100000002015|1006|25|ZOR|23-07-2025|23-07-2025||120960|0|0|0|0|0|0|0|0|1|10|1|1|86|BY_IF||
6200000072|1010002232|1010002232_10_001|100000002015|1006|45|ZOR|13-08-2025|13-08-2025||120960|0|0|0|0|0|0|0|0|1|10|1|1|86|BY_IF||
6200000072|1010002233|1010002233_10_001|100000002015|1006|25|ZOR|23-07-2025|23-07-2025||120960|0|0|0|0|0|0|0|0|1|10|1|1|86|BY_IF||
6200000072|1010002234|1010002234_10_001|100000002015|1006|12|ZOR|09-08-2025|09-08-2025||120960|0|0|0|0|0|0|0|0|1|10|1|1|86|BY_IF||
6200000072|1010002235|1010002235_10_001|100000002015|1006|20|ZOR|23-07-2025|23-07-2025||120960|0|0|0|0|0|0|0|0|1|10|1|1|86|BY_IF||
6200000072|1010002236|1010002236_10_001|100000002015|1006|20|ZOR|23-07-2025|23-07-2025||120960|0|0|0|0|0|0|0|0|1|10|1|1|86|BY_IF||
6200000072|1010002237|1010002237_10_001|100000002015|1006|25|ZOR|18-08-2025|18-08-2025||120960|0|0|0|0|0|0|0|0|1|10|1|1|86|BY_IF||
6200000072|1010002238|1010002238_10_001|100000002015|1006|25|ZOR|13-08-2025|13-08-2025||120960|0|0|0|0|0|0|0|0|1|10|1|1|86|BY_IF||
6200000072|1010002239|1010002239_10_001|100000002015|1006|65|ZOR|11-08-2025|11-08-2025||120960|0|0|0|0|0|0|0|0|1|10|1|1|86|BY_IF||
6200000072|1010002240|1010002240_10_001|100000002015|1006|18|ZOR|12-08-2025|12-08-2025||120960|0|0|0|0|0|0|0|0|1|10|1|1|86|BY_IF||
6200000072|1010002241|1010002241_10_001|100000002015|1006|20|ZOR|16-08-2025|16-08-2025||120960|0|0|0|0|0|0|0|0|1|10|1|1|86|BY_IF||
6200000072|1010002242|1010002242_10_001|100000002015|1006|65|ZOR|14-08-2025|14-08-2025||120960|0|0|0|0|0|0|0|0|1|10|1|1|86|BY_IF||
6200000072|1010002243|1010002243_10_001|100000002015|1006|25|ZOR|18-08-2025|18-08-2025||120960|0|0|0|0|0|0|0|0|1|10|1|1|86|BY_IF||
6200000072|1010002244|1010002244_10_001|100000002015|1006|25|ZOR|23-07-2025|23-07-2025||120960|0|0|0|0|0|0|0|0|1|10|1|1|86|BY_IF||
6200000072|1010002245|1010002245_10_001|100000002015|1006|35|ZOR|23-08-2025|23-08-2025||120960|0|0|0|0|0|0|0|0|1|10|1|1|86|BY_IF||
6200000072|1010002246|1010002246_10_001|100000002015|1006|20|ZOR|14-08-2025|14-08-2025||120960|0|0|0|0|0|0|0|0|1|10|1|1|86|BY_IF||
6200000072|1010002247|1010002247_10_001|100000002015|1006|35|ZOR|13-08-2025|13-08-2025||120960|0|0|0|0|0|0|0|0|1|10|1|1|86|BY_IF||
6200000072|1010002248|1010002248_10_001|100000002015|1006|70|ZOR|23-08-2025|23-08-2025||120960|0|0|0|0|0|0|0|0|1|10|1|1|86|BY_IF||
6200000072|1010002249|1010002249_10_001|100000002015|1006|12|ZOR|20-08-2025|20-08-2025||120960|0|0|0|0|0|0|0|0|1|10|1|1|86|BY_IF||
6200000072|1010002250|1010002250_10_001|100000002015|1006|25|ZOR|17-08-2025|17-08-2025||120960|0|0|0|0|0|0|0|0|1|10|1|1|86|BY_IF||
6200000072|1010002251|1010002251_10_001|100000002015|1006|25|ZOR|21-07-2025|21-07-2025||120960|0|0|0|0|0|0|0|0|1|10|1|1|86|BY_IF||
6200000072|1010033210|1010033210_10_001|100000002016|1006|20|ZOR|14-08-2025|14-08-2025||120960|0|0|0|0|0|0|0|0|1|10|1|1|86|BY_IF||
6200000072|1010033211|1010033211_10_001|100000002016|1006|25|ZOR|13-08-2025|13-08-2025||120960|0|0|0|0|0|0|0|0|1|10|1|1|86|BY_IF||
6200000072|1010033212|1010033212_10_001|100000002016|1006|25|ZOR|17-07-2025|24-09-2025||120960|0|0|0|0|0|0|0|0|0|10|1|1|86|BY_IF||
6200000072|1010033213|1010033213_10_001|100000002016|1006|30|ZOR|23-07-2025|23-07-2025||120960|0|0|0|0|0|0|0|0|1|10|1|1|86|BY_IF||
6200000072|1010033214|1010033214_10_001|100000002016|1006|20|ZOR|16-08-2025|16-08-2025||120960|0|0|0|0|0|0|0|0|1|10|1|1|86|BY_IF||
6200000072|1010033215|1010033215_10_001|100000002016|1006|30|ZOR|12-08-2025|12-08-2025||120960|0|0|0|0|0|0|0|0|1|10|1|1|86|BY_IF||
6200000072|1010033216|1010033216_10_001|100000002016|1006|25|ZOR|11-08-2025|11-08-2025||120960|0|0|0|0|0|0|0|0|1|10|1|1|86|BY_IF||
6200000072|1010033217|1010033217_10_001|100000002016|1006|25|ZOR|11-08-2025|11-08-2025||120960|0|0|0|0|0|0|0|0|1|10|1|1|86|BY_IF||
6200000072|1010033218|1010033218_10_001|100000002016|1006|75|ZOR|24-07-2025|24-07-2025||120960|0|0|0|0|0|0|0|0|1|10|1|1|86|BY_IF||
6200000072|1010033219|1010033219_10_001|100000002016|1006|25|ZOR|12-08-2025|12-08-2025||120960|0|0|0|0|0|0|0|0|1|10|1|1|86|BY_IF||
6200000072|1010033220|1010033220_10_001|100000002016|1006|50|ZOR|12-08-2025|12-08-2025||120960|0|0|0|0|0|0|0|0|1|10|1|1|86|BY_IF||
6200000072|1010033221|1010033221_10_001|100000002016|1006|10|ZOR|30-08-2025|30-08-2025||120960|0|0|0|0|0|0|0|0|1|10|1|1|86|BY_IF||
6200000072|1010033222|1010033222_10_001|100000002016|1006|25|ZOR|27-06-2025|24-09-2025||120960|0|0|0|0|0|0|0|0|0|10|1|1|86|BY_IF||
6200000072|1010033223|1010033223_10_001|100000002016|1006|25|ZOR|12-08-2025|12-08-2025||120960|0|0|0|0|0|0|0|0|1|10|1|1|86|BY_IF||
6200000072|1010033224|1010033224_10_001|100000002016|1006|20|ZOR|23-07-2025|23-07-2025||120960|0|0|0|0|0|0|0|0|1|10|1|1|86|BY_IF||
6200000072|1010033225|1010033225_10_001|100000002016|1006|45|ZOR|17-08-2025|17-08-2025||120960|0|0|0|0|0|0|0|0|1|10|1|1|86|BY_IF||
6200000072|1010033226|1010033226_10_001|100000002016|1006|70|ZOR|18-08-2025|18-08-2025||120960|0|0|0|0|0|0|0|0|1|10|1|1|86|BY_IF||
6200000072|1010033227|1010033227_10_001|100000002016|1006|70|ZOR|14-08-2025|14-08-2025||120960|0|0|0|0|0|0|0|0|1|10|1|1|86|BY_IF||
6200000072|1010033228|1010033228_10_001|100000002016|1006|25|ZOR|11-08-2025|11-08-2025||120960|0|0|0|0|0|0|0|0|1|10|1|1|86|BY_IF||
6200000072|1010033229|1010033229_10_001|100000002016|1006|50|ZOR|18-08-2025|18-08-2025||120960|0|0|0|0|0|0|0|0|1|10|1|1|86|BY_IF||
6200000072|1010033230|1010033230_10_001|100000002016|1006|20|ZOR|22-07-2025|22-07-2025||120960|0|0|0|0|0|0|0|0|1|10|1|1|86|BY_IF||
6200000072|1010033231|1010033231_10_001|100000002016|1006|25|ZOR|23-07-2025|23-07-2025||120960|0|0|0|0|0|0|0|0|1|10|1|1|86|BY_IF||
6200000072|1010033232|1010033232_10_001|100000002016|1006|45|ZOR|13-08-2025|13-08-2025||120960|0|0|0|0|0|0|0|0|1|10|1|1|86|BY_IF||
6200000072|1010033233|1010033233_10_001|100000002016|1006|25|ZOR|23-07-2025|23-07-2025||120960|0|0|0|0|0|0|0|0|1|10|1|1|86|BY_IF||
6200000072|1010033234|1010033234_10_001|100000002016|1006|12|ZOR|09-08-2025|09-08-2025||120960|0|0|0|0|0|0|0|0|1|10|1|1|86|BY_IF||
6200000072|1010033235|1010033235_10_001|100000002016|1006|20|ZOR|23-07-2025|23-07-2025||120960|0|0|0|0|0|0|0|0|1|10|1|1|86|BY_IF||
6200000072|1010033236|1010033236_10_001|100000002016|1006|20|ZOR|23-07-2025|23-07-2025||120960|0|0|0|0|0|0|0|0|1|10|1|1|86|BY_IF||
6200000072|1010033237|1010033237_10_001|100000002016|1006|25|ZOR|18-08-2025|18-08-2025||120960|0|0|0|0|0|0|0|0|1|10|1|1|86|BY_IF||
6200000072|1010033238|1010033238_10_001|100000002016|1006|25|ZOR|13-08-2025|13-08-2025||120960|0|0|0|0|0|0|0|0|1|10|1|1|86|BY_IF||
6200000072|1010033239|1010033239_10_001|100000002016|1006|65|ZOR|11-08-2025|11-08-2025||120960|0|0|0|0|0|0|0|0|1|10|1|1|86|BY_IF||
6200000072|1010033240|1010033240_10_001|100000002016|1006|18|ZOR|12-08-2025|12-08-2025||120960|0|0|0|0|0|0|0|0|1|10|1|1|86|BY_IF||
6200000072|1010033241|1010033241_10_001|100000002016|1006|20|ZOR|16-08-2025|16-08-2025||120960|0|0|0|0|0|0|0|0|1|10|1|1|86|BY_IF||
6200000072|1010033242|1010033242_10_001|100000002016|1006|65|ZOR|14-08-2025|14-08-2025||120960|0|0|0|0|0|0|0|0|1|10|1|1|86|BY_IF||
6200000072|1010033243|1010033243_10_001|100000002016|1006|25|ZOR|18-08-2025|18-08-2025||120960|0|0|0|0|0|0|0|0|1|10|1|1|86|BY_IF||
6200000072|1010033244|1010033244_10_001|100000002016|1006|25|ZOR|23-07-2025|23-07-2025||120960|0|0|0|0|0|0|0|0|1|10|1|1|86|BY_IF||
6200000072|1010033245|1010033245_10_001|100000002016|1006|35|ZOR|23-08-2025|23-08-2025||120960|0|0|0|0|0|0|0|0|1|10|1|1|86|BY_IF||
6200000072|1010033246|1010033246_10_001|100000002016|1006|20|ZOR|14-08-2025|14-08-2025||120960|0|0|0|0|0|0|0|0|1|10|1|1|86|BY_IF||
6200000072|1010033247|1010033247_10_001|100000002016|1006|35|ZOR|13-08-2025|13-08-2025||120960|0|0|0|0|0|0|0|0|1|10|1|1|86|BY_IF||
6200000072|1010033248|1010033248_10_001|100000002016|1006|70|ZOR|23-08-2025|23-08-2025||120960|0|0|0|0|0|0|0|0|1|10|1|1|86|BY_IF||
6200000072|1010033249|1010033249_10_001|100000002016|1006|12|ZOR|20-08-2025|20-08-2025||120960|0|0|0|0|0|0|0|0|1|10|1|1|86|BY_IF||
6200000072|1010033250|1010033250_10_001|100000002016|1006|25|ZOR|17-08-2025|17-08-2025||120960|0|0|0|0|0|0|0|0|1|10|1|1|86|BY_IF||
6200000072|1010033251|1010033251_10_001|100000002016|1006|25|ZOR|21-07-2025|21-07-2025||120960|0|0|0|0|0|0|0|0|1|10|1|1|86|BY_IF||
6200000072|1010201210|1010201210_10_001|2001-000-001|1004|20|ZOR|14-08-2025|14-08-2025||120960|0|0|0|0|0|0|0|0|1|10|1|1|86|BY_IF||
6200000072|1010201211|1010201211_10_001|2001-000-001|1004|25|ZOR|13-08-2025|13-08-2025||120960|0|0|0|0|0|0|0|0|1|10|1|1|86|BY_IF||
6200000072|1010201212|1010201212_10_001|2001-000-001|1004|25|ZOR|17-07-2025|24-09-2025||120960|0|0|0|0|0|0|0|0|0|10|1|1|86|BY_IF||
6200000072|1010201213|1010201213_10_001|2001-000-001|1004|30|ZOR|23-07-2025|23-07-2025||120960|0|0|0|0|0|0|0|0|1|10|1|1|86|BY_IF||
6200000072|1010201214|1010201214_10_001|2001-000-001|1004|20|ZOR|16-08-2025|16-08-2025||120960|0|0|0|0|0|0|0|0|1|10|1|1|86|BY_IF||
6200000072|1010201215|1010201215_10_001|2001-000-001|1004|30|ZOR|12-08-2025|12-08-2025||120960|0|0|0|0|0|0|0|0|1|10|1|1|86|BY_IF||
6200000072|1010201216|1010201216_10_001|2001-000-001|1004|25|ZOR|11-08-2025|11-08-2025||120960|0|0|0|0|0|0|0|0|1|10|1|1|86|BY_IF||
6200000072|1010201217|1010201217_10_001|2001-000-001|1004|25|ZOR|11-08-2025|11-08-2025||120960|0|0|0|0|0|0|0|0|1|10|1|1|86|BY_IF||
6200000072|1010201218|1010201218_10_001|2001-000-001|1004|75|ZOR|24-07-2025|24-07-2025||120960|0|0|0|0|0|0|0|0|1|10|1|1|86|BY_IF||
6200000072|1010201219|1010201219_10_001|2001-000-001|1004|25|ZOR|12-08-2025|12-08-2025||120960|0|0|0|0|0|0|0|0|1|10|1|1|86|BY_IF||
6200000072|1010201220|1010201220_10_001|2001-000-001|1004|50|ZOR|12-08-2025|12-08-2025||120960|0|0|0|0|0|0|0|0|1|10|1|1|86|BY_IF||
6200000072|1010201221|1010201221_10_001|2001-000-001|1004|10|ZOR|30-08-2025|30-08-2025||120960|0|0|0|0|0|0|0|0|1|10|1|1|86|BY_IF||
6200000072|1010201222|1010201222_10_001|2001-000-001|1004|25|ZOR|27-06-2025|24-09-2025||120960|0|0|0|0|0|0|0|0|0|10|1|1|86|BY_IF||
6200000072|1010201223|1010201223_10_001|2001-000-001|1004|25|ZOR|12-08-2025|12-08-2025||120960|0|0|0|0|0|0|0|0|1|10|1|1|86|BY_IF||
6200000072|1010201224|1010201224_10_001|2001-000-001|1004|20|ZOR|23-07-2025|23-07-2025||120960|0|0|0|0|0|0|0|0|1|10|1|1|86|BY_IF||
6200000072|1010201225|1010201225_10_001|2001-000-001|1004|45|ZOR|17-08-2025|17-08-2025||120960|0|0|0|0|0|0|0|0|1|10|1|1|86|BY_IF||
6200000072|1010201226|1010201226_10_001|2001-000-001|1004|70|ZOR|18-08-2025|18-08-2025||120960|0|0|0|0|0|0|0|0|1|10|1|1|86|BY_IF||
6200000072|1010201227|1010201227_10_001|2001-000-001|1004|70|ZOR|14-08-2025|14-08-2025||120960|0|0|0|0|0|0|0|0|1|10|1|1|86|BY_IF||
6200000072|1010201228|1010201228_10_001|2001-000-001|1004|25|ZOR|11-08-2025|11-08-2025||120960|0|0|0|0|0|0|0|0|1|10|1|1|86|BY_IF||
6200000072|1010201229|1010201229_10_001|2001-000-001|1004|50|ZOR|18-08-2025|18-08-2025||120960|0|0|0|0|0|0|0|0|1|10|1|1|86|BY_IF||
6200000072|1010201230|1010201230_10_001|2001-000-001|1004|20|ZOR|22-07-2025|22-07-2025||120960|0|0|0|0|0|0|0|0|1|10|1|1|86|BY_IF||
6200000072|1010201231|1010201231_10_001|2001-000-001|1004|25|ZOR|23-07-2025|23-07-2025||120960|0|0|0|0|0|0|0|0|1|10|1|1|86|BY_IF||
6200000072|1010201232|1010201232_10_001|2001-000-001|1004|45|ZOR|13-08-2025|13-08-2025||120960|0|0|0|0|0|0|0|0|1|10|1|1|86|BY_IF||
6200000072|1010201233|1010201233_10_001|2001-000-001|1004|25|ZOR|23-07-2025|23-07-2025||120960|0|0|0|0|0|0|0|0|1|10|1|1|86|BY_IF||
6200000072|1010201234|1010201234_10_001|2001-000-001|1004|12|ZOR|09-08-2025|09-08-2025||120960|0|0|0|0|0|0|0|0|1|10|1|1|86|BY_IF||
6200000072|1010201235|1010201235_10_001|2001-000-001|1004|20|ZOR|23-07-2025|23-07-2025||120960|0|0|0|0|0|0|0|0|1|10|1|1|86|BY_IF||
6200000072|1010201236|1010201236_10_001|2001-000-001|1004|20|ZOR|23-07-2025|23-07-2025||120960|0|0|0|0|0|0|0|0|1|10|1|1|86|BY_IF||
6200000072|1010201237|1010201237_10_001|2001-000-001|1004|25|ZOR|18-08-2025|18-08-2025||120960|0|0|0|0|0|0|0|0|1|10|1|1|86|BY_IF||
6200000072|1010201238|1010201238_10_001|2001-000-001|1004|25|ZOR|13-08-2025|13-08-2025||120960|0|0|0|0|0|0|0|0|1|10|1|1|86|BY_IF||
6200000072|1010201239|1010201239_10_001|2001-000-001|1004|65|ZOR|11-08-2025|11-08-2025||120960|0|0|0|0|0|0|0|0|1|10|1|1|86|BY_IF||
6200000072|1010201240|1010201240_10_001|2001-000-001|1004|18|ZOR|12-08-2025|12-08-2025||120960|0|0|0|0|0|0|0|0|1|10|1|1|86|BY_IF||
6200000072|1010201241|1010201241_10_001|2001-000-001|1004|20|ZOR|16-08-2025|16-08-2025||120960|0|0|0|0|0|0|0|0|1|10|1|1|86|BY_IF||
6200000072|1010201242|1010201242_10_001|2001-000-001|1004|65|ZOR|14-08-2025|14-08-2025||120960|0|0|0|0|0|0|0|0|1|10|1|1|86|BY_IF||
6200000072|1010201243|1010201243_10_001|2001-000-001|1004|25|ZOR|18-08-2025|18-08-2025||120960|0|0|0|0|0|0|0|0|1|10|1|1|86|BY_IF||
6200000072|1010201244|1010201244_10_001|2001-000-001|1004|25|ZOR|23-07-2025|23-07-2025||120960|0|0|0|0|0|0|0|0|1|10|1|1|86|BY_IF||
6200000072|1010201245|1010201245_10_001|2001-000-001|1004|35|ZOR|23-08-2025|23-08-2025||120960|0|0|0|0|0|0|0|0|1|10|1|1|86|BY_IF||
6200000072|1010201246|1010201246_10_001|2001-000-001|1004|20|ZOR|14-08-2025|14-08-2025||120960|0|0|0|0|0|0|0|0|1|10|1|1|86|BY_IF||
6200000072|1010201247|1010201247_10_001|2001-000-001|1004|35|ZOR|13-08-2025|13-08-2025||120960|0|0|0|0|0|0|0|0|1|10|1|1|86|BY_IF||
6200000072|1010201248|1010201248_10_001|2001-000-001|1004|70|ZOR|23-08-2025|23-08-2025||120960|0|0|0|0|0|0|0|0|1|10|1|1|86|BY_IF||
6200000072|1010201249|1010201249_10_001|2001-000-001|1004|12|ZOR|20-08-2025|20-08-2025||120960|0|0|0|0|0|0|0|0|1|10|1|1|86|BY_IF||
6200000072|1010201250|1010201250_10_001|2001-000-001|1004|25|ZOR|17-08-2025|17-08-2025||120960|0|0|0|0|0|0|0|0|1|10|1|1|86|BY_IF||
6200000072|1010201251|1010201251_10_001|2001-000-001|1004|25|ZOR|21-07-2025|21-07-2025||120960|0|0|0|0|0|0|0|0|1|10|1|1|86|BY_IF||
6200000072|1033500001|1033500001_10_002|100000000004|1004|75|ZOR|28-07-2025|28-07-2025||120960|0|0|0|0|0|0|0|0|1|10|1|1|86|BY_IF||
6200000072|1033500001|1033500001_10_002-1|100000000004|1004|25|ZOR|28-07-2025|28-07-2025||120960|0|0|0|0|0|0|0|0|1|10|1|3|86|BY_IF||28-07-2025
6200000072|1033500001|1033500001_10_002-2|100000000004|1004|25|ZOR|28-07-2025|28-07-2025||120960|0|0|0|0|0|0|0|0|1|10|1|3|86|BY_IF||29-07-2025
6200000072|1033500002|1033500002_10_002|100000000008|1003|75|ZOR|28-07-2025|28-07-2025||120960|0|0|0|0|0|0|0|0|1|10|1|1|86|BY_IF||
6200000072|1033500002|1033500002_10_002-1|100000000008|1003|25|ZOR|28-07-2025|28-07-2025||120960|0|0|0|0|0|0|0|0|1|10|1|3|86|BY_IF||28-07-2025
6200000072|1033500003|1033500003_10_002|2001-001-001|1004|80|ZOR|28-07-2025|28-07-2025||120960|0|0|0|0|0|0|0|0|1|10|1|1|86|BY_IF||
6200000072|1033500003|1033500003_10_002-1|2001-001-001|1004|20|ZOR|28-07-2025|28-07-2025||120960|0|0|0|0|0|0|0|0|1|10|1|3|86|BY_IF||28-07-2025
6200000072|1033500004|1033500004_10_002|2000-285-610|1006|75|ZOR|28-07-2025|28-07-2025||120960|0|0|0|0|0|0|0|0|1|10|1|1|86|BY_IF||
6200000072|1033500004|1033500004_10_002-1|2000-285-610|1006|25|ZOR|28-07-2025|28-07-2025||120960|0|0|0|0|0|0|0|0|1|10|1|3|86|BY_IF||28-07-2025
6200000072|1033500005|1033500005_10_002|100000000005|1004|75|ZOR|28-07-2025|28-07-2025||120960|0|0|0|0|0|0|0|0|1|10|1|1|86|BY_IF||
6200000072|1033500005|1033500005_10_002-1|100000000005|1004|25|ZOR|28-07-2025|28-07-2025||120960|0|0|0|0|0|0|0|0|1|10|1|3|86|BY_IF||28-07-2025
6200000072|1033500006|1033500006_10_002|100000000009|1003|65|ZOR|28-07-2025|28-07-2025||120960|0|0|0|0|0|0|0|0|1|10|1|1|86|BY_IF||
6200000072|1033500006|1033500006_10_002-1|100000000009|1003|35|ZOR|28-07-2025|28-07-2025||120960|0|0|0|0|0|0|0|0|1|10|1|3|86|BY_IF||28-07-2025
6200000072|1033500007|1033500007_10_002|2000-280-868|1003|75|ZOR|28-07-2025|28-07-2025||120960|0|0|0|0|0|0|0|0|1|10|1|1|86|BY_IF||
6200000072|1033500007|1033500007_10_002-1|2000-280-868|1003|25|ZOR|28-07-2025|28-07-2025||120960|0|0|0|0|0|0|0|0|1|10|1|3|86|BY_IF||28-07-2025
6200000072|1033500008|1033500008_10_002|100000000110|1006|75|ZOR|28-07-2025|28-07-2025||120960|0|0|0|0|0|0|0|0|1|10|1|1|86|BY_IF||
6200000072|1033500008|1033500008_10_002-1|100000000110|1006|25|ZOR|28-07-2025|28-07-2025||120960|0|0|0|0|0|0|0|0|1|10|1|3|86|BY_IF||28-07-2025
6200000072|1033500009|1033500009_10_002|100000000111|1006|80|ZOR|28-07-2025|28-07-2025||120960|0|0|0|0|0|0|0|0|1|10|1|1|86|BY_IF||
6200000072|1033500009|1033500009_10_002-1|100000000111|1006|20|ZOR|28-07-2025|28-07-2025||120960|0|0|0|0|0|0|0|0|1|10|1|3|86|BY_IF||28-07-2025
6200000072|1033500010|1033500010_10_002|100000000112|1006|20|ZOR|28-07-2025|28-07-2025||120960|0|0|0|0|0|0|0|0|1|10|1|1|86|BY_IF||
6200000072|1033500010|1033500010_10_002-1|100000000112|1006|80|ZOR|28-07-2025|28-07-2025||120960|0|0|0|0|0|0|0|0|1|10|1|3|86|BY_IF||29-07-2025
6200000072|1033500011|1033500011_10_002-1|100000000113|1006|100|ZOR|28-07-2025|28-07-2025||120960|0|0|0|0|0|0|0|0|1|10|1|3|86|BY_IF||28-07-2025
6200000072|1033500012|1033500012_10_002|100000002011|1004|80|ZOR|28-07-2025|28-07-2025||120960|0|0|0|0|0|0|0|0|1|10|1|1|86|BY_IF||
6200000072|1033500012|1033500012_10_002-1|100000002011|1004|20|ZOR|28-07-2025|28-07-2025||120960|0|0|0|0|0|0|0|0|1|10|1|3|86|BY_IF||28-07-2025
6200000072|1033500013|1033500013_10_002|100000002013|1006|60|ZOR|28-07-2025|28-07-2025||120960|0|0|0|0|0|0|0|0|1|10|1|1|86|BY_IF||
6200000072|1033500013|1033500013_10_002-1|100000002013|1006|40|ZOR|28-07-2025|28-07-2025||120960|0|0|0|0|0|0|0|0|1|10|1|3|86|BY_IF||28-07-2025
6200000072|1033500014|1033500014_10_002|100000002012|1017|75|ZOR|28-07-2025|28-07-2025||120960|0|0|0|0|0|0|0|0|1|10|1|1|86|BY_IF||
6200000072|1033500014|1033500014_10_002-1|100000002012|1017|25|ZOR|28-07-2025|28-07-2025||120960|0|0|0|0|0|0|0|0|1|10|1|3|86|BY_IF||28-07-2025
6200000072|1033500015|1033500015_10_002|100000002014|1006|90|ZOR|28-07-2025|28-07-2025||120960|0|0|0|0|0|0|0|0|1|10|1|1|86|BY_IF||
6200000072|1033500015|1033500015_10_002-1|100000002014|1006|10|ZOR|28-07-2025|28-07-2025||120960|0|0|0|0|0|0|0|0|1|10|1|3|86|BY_IF||28-07-2025
6200000072|1033500016|1033500016_10_002|100000002015|1006|90|ZOR|28-07-2025|28-07-2025||120960|0|0|0|0|0|0|0|0|1|10|1|1|86|BY_IF||
6200000072|1033500016|1033500016_10_002-1|100000002015|1006|10|ZOR|28-07-2025|28-07-2025||120960|0|0|0|0|0|0|0|0|1|10|1|3|86|BY_IF||29-07-2025
6200000072|1033500017|1033500017_10_002|100000002016|1006|90|ZOR|28-07-2025|28-07-2025||120960|0|0|0|0|0|0|0|0|1|10|1|1|86|BY_IF||
6200000072|1033500017|1033500017_10_002-1|100000002016|1006|10|ZOR|28-07-2025|28-07-2025||120960|0|0|0|0|0|0|0|0|1|10|1|3|86|BY_IF||28-07-2025
6200000072|1033500018|1033500018_10_002|2001-000-001|1004|70|ZOR|28-07-2025|28-07-2025||120960|0|0|0|0|0|0|0|0|1|10|1|1|86|BY_IF||
6200000072|1033500018|1033500018_10_002-1|2001-000-001|1004|30|ZOR|28-07-2025|28-07-2025||120960|0|0|0|0|0|0|0|0|1|10|1|3|86|BY_IF||28-07-2025
